function,category,original_line,current_line,cpp_locations
function_401000,unchanged_decompiled_body,8585,7639,
function_401010,unchanged_decompiled_body,8595,7649,
function_401040,modified_nonempty_body,8611,7665,
function_4011b0,modified_nonempty_body,8679,7733,
function_4013d0,modified_nonempty_body,8788,7861,
function_4014d0,unchanged_decompiled_body,8847,7920,
function_401600,modified_nonempty_body,8880,7953,
function_401660,modified_nonempty_body,8905,7981,
function_4016e0,modified_nonempty_body,8956,8021,
function_401740,unchanged_decompiled_body,8992,8057,
function_401760,modified_nonempty_body,9002,8067,
function_401790,modified_nonempty_body,9015,8094,
function_4017b0,modified_nonempty_body,9022,8106,
function_401820,modified_nonempty_body,9057,8138,
function_401850,unchanged_decompiled_body,9065,8160,
function_401a30,unchanged_decompiled_body,9175,8270,
function_401ae0,modified_nonempty_body,9190,8285,
function_401ba0,unchanged_decompiled_body,9208,8331,
function_401da0,unchanged_decompiled_body,9360,8483,
function_401dc0,modified_nonempty_body,9367,8490,
function_401e60,unchanged_decompiled_body,9400,8523,
function_401ee0,unchanged_decompiled_body,9412,8535,
function_401f80,modified_nonempty_body,9551,8674,
function_4021e0,modified_nonempty_body,9923,9046,
function_402230,unchanged_decompiled_body,9960,9083,
function_402290,unchanged_decompiled_body,9994,9117,
function_4022f0,unchanged_decompiled_body,10013,9136,
function_402310,unchanged_decompiled_body,10034,9157,
function_402360,unchanged_decompiled_body,10086,9209,
function_402430,unchanged_decompiled_body,10157,9280,
function_402610,unchanged_decompiled_body,10410,9533,
function_402670,unchanged_decompiled_body,10441,9564,
function_4026e0,modified_nonempty_body,10480,9603,
function_402770,modified_nonempty_body,10505,9625,
function_4028d0,modified_nonempty_body,10673,9729,
function_402930,unchanged_decompiled_body,10721,9759,
function_402970,modified_nonempty_body,10730,9768,
function_4029b0,cpp_address_replacement,10755,,src/squirrel/squirrel_game_objects.cpp:66
function_4029d0,unchanged_decompiled_body,10763,9790,
function_4029f0,unchanged_decompiled_body,10780,9807,
function_402a10,unchanged_decompiled_body,10791,9818,
function_402a20,unchanged_decompiled_body,10800,9827,
function_402a50,cpp_address_replacement,10812,,src/squirrel/squirrel_game_objects.cpp:72
function_402aa0,modified_nonempty_body,10824,9842,
function_402ac0,unchanged_decompiled_body,10831,9860,
function_402ad0,original_short_body,10838,9867,
function_402af0,modified_nonempty_body,10844,9873,
function_402b90,modified_nonempty_body,10855,9884,
function_4a96d0,modified_nonempty_body,10875,9904,src/squirrel/squirrel_host_compat.cpp:163
function_402d30,original_short_body,10952,9987,
function_402d40,modified_nonempty_body,10958,10028,
function_403000,modified_nonempty_body,10989,10143,
function_4a9a30,cpp_address_replacement,10995,,src/squirrel/squirrel_host_compat.cpp:229
function_40bf10,modified_nonempty_body,11021,21427,
function_40c560,modified_nonempty_body,11376,21773,
function_403790,unchanged_decompiled_body,11798,10150,
function_4037e0,unchanged_decompiled_body,11808,10160,
function_403820,unchanged_decompiled_body,11817,10169,
function_403830,unchanged_decompiled_body,11824,10176,
function_4038c0,modified_nonempty_body,11908,10391,
function_4039e0,modified_nonempty_body,11998,10433,
function_403a90,unchanged_decompiled_body,12053,10475,
function_403ad0,pr4_disconnected_removal,12063,,
function_403b90,unchanged_decompiled_body,12092,10490,
function_403bf0,modified_nonempty_body,12119,10517,
function_403ce0,modified_nonempty_body,12198,10367,
function_403db6,unchanged_decompiled_body,12237,10625,
function_403dbc,modified_nonempty_body,12244,10633,
function_403e50,replacement_mapping_unresolved,12269,,
function_403e80,unchanged_decompiled_body,12284,10650,
function_403f00,unchanged_decompiled_body,12300,10666,
function_403f20,unchanged_decompiled_body,12310,10676,
function_403fc0,unchanged_decompiled_body,12400,10766,
function_403fe0,unchanged_decompiled_body,12409,10775,
function_404040,unchanged_decompiled_body,12447,10813,
function_404090,unchanged_decompiled_body,12460,10826,
function_4040d0,modified_nonempty_body,12471,10837,
function_404130,modified_nonempty_body,12479,10843,
function_404180,unchanged_decompiled_body,12487,10849,
function_404230,unchanged_decompiled_body,12533,10895,
function_404270,unchanged_decompiled_body,12556,10918,
function_404390,modified_nonempty_body,12618,10980,
function_477160,pr4_disconnected_removal,12622,,
function_404430,modified_nonempty_body,12644,11001,
function_474000,pr4_disconnected_removal,12648,,
function_4044d0,pr4_disconnected_removal,12670,,
function_4045c0,modified_nonempty_body,12761,11025,
function_404610,unchanged_decompiled_body,12800,11035,
function_404640,unchanged_decompiled_body,12809,11044,
function_404770,unchanged_decompiled_body,12927,11162,
function_4049c0,unchanged_decompiled_body,13167,11402,
function_404bc0,unchanged_decompiled_body,13379,11614,
function_404e10,unchanged_decompiled_body,13619,11854,
function_404eb0,unchanged_decompiled_body,13638,11873,
function_404ee0,unchanged_decompiled_body,13645,11880,
function_405040,unchanged_decompiled_body,13795,12030,
function_405060,unchanged_decompiled_body,13804,12039,
function_405080,unchanged_decompiled_body,13813,12048,
function_405140,unchanged_decompiled_body,13841,12076,
function_405180,unchanged_decompiled_body,13856,12091,
function_4051e0,unchanged_decompiled_body,13871,12106,
function_405220,unchanged_decompiled_body,13886,12121,
function_405280,unchanged_decompiled_body,13901,12136,
function_4052c0,unchanged_decompiled_body,13916,12151,
function_405320,unchanged_decompiled_body,13931,12166,
function_405720,unchanged_decompiled_body,14432,12667,
function_405800,pr4_disconnected_removal,14458,,
function_405900,unchanged_decompiled_body,14489,12858,
function_405980,modified_nonempty_body,14566,12935,
function_405990,unchanged_decompiled_body,14574,12943,
function_4059c0,unchanged_decompiled_body,14582,12951,
function_405a50,unchanged_decompiled_body,14600,12969,
function_405aa0,unchanged_decompiled_body,14616,12985,
function_405b30,modified_nonempty_body,14637,13006,
function_405bd0,modified_nonempty_body,14670,13039,
function_405c90,unchanged_decompiled_body,14680,13049,
function_405d60,modified_nonempty_body,14689,13140,
function_405e30,modified_nonempty_body,14765,13149,
function_405ea0,modified_nonempty_body,14785,13185,
function_405f80,modified_nonempty_body,14808,13208,
function_406180,modified_nonempty_body,14894,13294,
function_4062d0,modified_nonempty_body,14971,13371,
function_406350,unchanged_decompiled_body,15007,13407,
function_406360,unchanged_decompiled_body,15014,13414,
function_406370,modified_nonempty_body,15022,13422,
function_4065a0,unchanged_decompiled_body,15091,13491,
function_4065d0,unchanged_decompiled_body,15104,13504,
function_406600,modified_nonempty_body,15117,13517,
function_406670,unchanged_decompiled_body,15149,13549,
function_406690,unchanged_decompiled_body,15159,13559,
function_4067f0,modified_nonempty_body,15270,13592,
function_406880,unchanged_decompiled_body,15309,13631,
function_4068f0,unchanged_decompiled_body,15401,13723,
function_406a50,unchanged_decompiled_body,15437,13759,
function_406ac0,unchanged_decompiled_body,15459,13781,
function_406cc0,modified_nonempty_body,15579,13901,
function_406db0,unchanged_decompiled_body,15662,13984,
function_406df0,unchanged_decompiled_body,15694,14016,
function_406ee0,unchanged_decompiled_body,15742,14064,
function_406fc0,unchanged_decompiled_body,15999,14321,
function_407000,unchanged_decompiled_body,16041,14363,
function_407070,unchanged_decompiled_body,16089,14411,
function_407130,unchanged_decompiled_body,16131,14453,
function_407190,unchanged_decompiled_body,16158,14480,
function_407210,unchanged_decompiled_body,16197,14519,
function_407250,unchanged_decompiled_body,16222,14544,
function_407270,unchanged_decompiled_body,16239,14561,
function_4072b0,modified_nonempty_body,16257,14579,
function_4072d0,modified_nonempty_body,16266,14588,
function_407300,modified_nonempty_body,16276,14605,
function_407310,unchanged_decompiled_body,16285,14619,
function_407340,unchanged_decompiled_body,16303,14637,
function_407350,unchanged_decompiled_body,16311,14645,
function_407360,modified_nonempty_body,16319,14653,
function_407370,modified_nonempty_body,16325,10063,src/reconstructed/act_document.cpp:477
function_407450,unchanged_decompiled_body,16412,14819,
function_407480,unchanged_decompiled_body,16422,14829,
function_4074b0,unchanged_decompiled_body,16435,14842,
function_4074c0,unchanged_decompiled_body,16443,14850,
function_407500,modified_nonempty_body,16461,15031,
function_4077c0,modified_nonempty_body,16754,15324,
function_4082b0,unchanged_decompiled_body,18542,17112,
function_4082d0,unchanged_decompiled_body,18552,17122,
function_408320,modified_nonempty_body,18572,17142,
function_4083e0,modified_nonempty_body,18656,17225,
function_408430,modified_nonempty_body,18689,17259,
function_408530,unchanged_decompiled_body,18787,17357,
function_408550,unchanged_decompiled_body,18796,17366,
function_408590,unchanged_decompiled_body,18816,17386,
function_408600,unchanged_decompiled_body,18846,17416,
function_408650,modified_nonempty_body,18866,17436,
function_4086e0,modified_nonempty_body,18884,17467,
function_4087b0,modified_nonempty_body,18903,17498,
function_4087e0,modified_nonempty_body,18917,17512,
function_408800,modified_nonempty_body,18928,17534,
function_408830,modified_nonempty_body,18944,17550,
function_408850,modified_nonempty_body,18953,17559,
function_408860,modified_nonempty_body,18960,17566,
function_408870,unchanged_decompiled_body,18967,17573,
function_408930,modified_nonempty_body,19002,17608,
function_4089c0,modified_nonempty_body,19026,17633,
function_408b10,unchanged_decompiled_body,19131,17667,
function_408b30,modified_nonempty_body,19138,17674,
function_408bf0,modified_nonempty_body,19164,17720,
function_408c80,modified_nonempty_body,19183,17731,
function_408d00,modified_nonempty_body,19256,17768,
function_408e60,modified_nonempty_body,19285,17811,
function_408e80,modified_nonempty_body,19292,17816,
function_408eb0,modified_nonempty_body,19309,17822,
function_409030,original_short_body,19376,17828,
function_4090a0,unchanged_decompiled_body,19382,17834,
function_4090d0,unchanged_decompiled_body,19398,17850,
function_409130,unchanged_decompiled_body,19416,17868,
function_4093b0,unchanged_decompiled_body,19518,17970,
function_4093f0,unchanged_decompiled_body,19531,17983,
function_409450,unchanged_decompiled_body,19555,18007,
function_409480,unchanged_decompiled_body,19576,18028,
function_4094b0,unchanged_decompiled_body,19608,18060,
function_4094e0,unchanged_decompiled_body,19642,18094,
function_409540,unchanged_decompiled_body,19667,18119,
function_409620,unchanged_decompiled_body,19735,18187,
function_4096d0,pr4_disconnected_removal,19765,,
function_409840,pr4_disconnected_removal,19868,,
function_4098a0,unchanged_decompiled_body,19898,18223,
function_409930,unchanged_decompiled_body,19954,18279,
function_4099c0,pr4_disconnected_removal,19996,,
function_409da0,pr4_disconnected_removal,20216,,
function_40a0f0,modified_nonempty_body,20528,20051,
function_40a3d0,modified_nonempty_body,20713,20061,
function_40a460,modified_nonempty_body,20733,20116,
function_40a5d0,unchanged_decompiled_body,20886,20151,
function_40a5f0,modified_nonempty_body,20893,20158,
function_40a6c0,pr4_disconnected_removal,20957,,
function_40a7f0,modified_nonempty_body,21009,20225,
function_40a890,pr4_disconnected_removal,21049,,
function_40a8d0,modified_nonempty_body,21064,20268,
function_40a950,modified_nonempty_body,21099,20303,
function_40a9a0,modified_nonempty_body,21118,20322,
function_40a9f0,modified_nonempty_body,21137,20341,
function_40aaa0,modified_nonempty_body,21198,20352,
function_40aac0,modified_nonempty_body,21210,20367,
function_40aae0,modified_nonempty_body,21221,20392,
function_40adb0,modified_nonempty_body,21545,20404,
function_40ae70,modified_nonempty_body,21592,20451,
function_40af70,unchanged_decompiled_body,21712,20571,
function_40af80,unchanged_decompiled_body,21722,20581,
function_40afb0,unchanged_decompiled_body,21735,20594,
function_40afe0,modified_nonempty_body,21750,20609,
function_40b160,modified_nonempty_body,21859,20718,
function_40b210,modified_nonempty_body,21921,20780,
function_40b2c0,unchanged_decompiled_body,21964,20823,
function_40b2d0,unchanged_decompiled_body,21976,20835,
function_40b3a0,modified_nonempty_body,21997,20856,
function_40b520,modified_nonempty_body,22123,20864,
function_40b6f0,unchanged_decompiled_body,22303,20869,
function_40b760,pr4_disconnected_removal,22387,,
function_411b90,pr4_disconnected_removal,22403,,
function_40b840,unchanged_decompiled_body,22435,20956,
function_40b8a0,modified_nonempty_body,22460,20981,
function_40b9a0,unchanged_decompiled_body,22589,20987,
function_40ba20,modified_nonempty_body,22638,21036,
function_40bb70,modified_nonempty_body,22715,21113,
function_40bbf0,unchanged_decompiled_body,22749,21147,
function_40bc00,modified_nonempty_body,22759,21157,
function_40bd10,modified_nonempty_body,22835,21233,
function_40bd90,unchanged_decompiled_body,22869,21267,
function_40bda0,unchanged_decompiled_body,22877,21275,
function_40bdf0,unchanged_decompiled_body,22919,21317,
function_40be40,unchanged_decompiled_body,22963,21361,
function_40be70,unchanged_decompiled_body,22976,21374,
function_40bea0,unchanged_decompiled_body,22991,21389,
function_40bed0,unchanged_decompiled_body,23004,21402,
function_40bf00,unchanged_decompiled_body,23017,21415,
function_40c010,unchanged_decompiled_body,23075,21473,
function_40c2e0,unchanged_decompiled_body,23283,21681,
function_4429b0,original_short_body,23286,21684,
function_40c370,unchanged_decompiled_body,23296,21694,
function_40c410,modified_nonempty_body,23326,21724,
function_40c4b0,unchanged_decompiled_body,23347,21745,
function_40c5f0,unchanged_decompiled_body,23412,21810,
function_40c670,original_short_body,23452,21850,
function_40c6d0,unchanged_decompiled_body,23460,21858,
function_40c790,unchanged_decompiled_body,23528,21926,
function_40c870,unchanged_decompiled_body,23610,22008,
function_40c8a0,unchanged_decompiled_body,23623,22021,
function_40c900,unchanged_decompiled_body,23647,22045,
function_40ca50,unchanged_decompiled_body,23754,22152,
function_40cba0,modified_nonempty_body,23861,22259,
function_40cc80,unchanged_decompiled_body,23942,22340,
function_40ccc0,unchanged_decompiled_body,23957,22355,
function_40cdd0,original_short_body,24010,22408,
function_40ce60,unchanged_decompiled_body,24016,22414,
function_40d0a0,unchanged_decompiled_body,24142,22540,
function_40d1e0,unchanged_decompiled_body,24256,22654,
function_40d240,unchanged_decompiled_body,24290,22688,
function_40d2f0,unchanged_decompiled_body,24341,22739,
function_40d330,unchanged_decompiled_body,24372,22770,
function_40d400,unchanged_decompiled_body,24411,22809,
function_40d500,unchanged_decompiled_body,24536,22934,
function_40d520,unchanged_decompiled_body,24553,22951,
function_40d560,unchanged_decompiled_body,24571,22969,
function_40d590,unchanged_decompiled_body,24581,22979,
function_40d5b0,unchanged_decompiled_body,24590,22988,
function_40d5e0,modified_nonempty_body,24608,23006,
function_40d790,modified_nonempty_body,24690,23088,
function_40d940,modified_nonempty_body,24824,23263,
function_40da60,modified_nonempty_body,24892,23364,
function_40db30,modified_nonempty_body,24943,23427,
function_40dbe0,modified_nonempty_body,25084,23466,
function_40df60,modified_nonempty_body,25365,23471,
function_40e130,modified_nonempty_body,25645,23923,
function_40e220,modified_nonempty_body,25749,23965,
function_40e2b0,modified_nonempty_body,25789,23996,
function_40e2d0,modified_nonempty_body,25801,24011,
function_40e2f0,unchanged_decompiled_body,25813,24026,
function_40e320,modified_nonempty_body,25825,24038,
function_40e3f0,unchanged_decompiled_body,26032,24093,
function_40e460,modified_nonempty_body,26068,24129,
function_40e540,modified_nonempty_body,26128,24191,
function_40e590,modified_nonempty_body,26150,24204,
function_40e5d0,modified_nonempty_body,26161,24215,
function_40e630,modified_nonempty_body,26181,24236,
function_40e850,modified_nonempty_body,26313,24385,
function_40eae0,modified_nonempty_body,26434,24508,
function_40ebf0,unchanged_decompiled_body,26479,24553,
function_40ec30,unchanged_decompiled_body,26494,24568,
function_40ec70,unchanged_decompiled_body,26511,24585,
function_40ed40,unchanged_decompiled_body,26563,24637,
function_40ee30,unchanged_decompiled_body,26674,24748,
function_40efd0,unchanged_decompiled_body,26806,24880,
function_40f130,unchanged_decompiled_body,26867,24941,
function_40f1c0,modified_nonempty_body,26936,25010,
function_40f2e0,unchanged_decompiled_body,27015,25089,
function_40f370,modified_nonempty_body,27095,25169,
function_40f5e0,modified_nonempty_body,27154,25228,
function_40f790,modified_nonempty_body,27182,25256,
function_40fe30,unchanged_decompiled_body,27508,25582,
function_40ffb0,unchanged_decompiled_body,27648,25722,
function_4100c0,unchanged_decompiled_body,27879,25953,
function_4100f0,modified_nonempty_body,27900,25974,
function_410110,unchanged_decompiled_body,27919,25993,
function_410160,unchanged_decompiled_body,27941,26015,
function_410190,unchanged_decompiled_body,27949,26023,
function_4101a0,unchanged_decompiled_body,27956,26030,
function_4101e0,pr4_disconnected_removal,27967,,
function_410230,unchanged_decompiled_body,27985,26044,
function_410260,unchanged_decompiled_body,28006,26065,
function_410270,modified_nonempty_body,28015,26074,
function_4103b0,modified_nonempty_body,28061,26120,
function_410480,unchanged_decompiled_body,28084,26143,
function_410500,modified_nonempty_body,28104,26261,
function_410750,modified_nonempty_body,28212,26352,
function_4109a0,unchanged_decompiled_body,28308,26385,
function_4109d0,modified_nonempty_body,28327,26405,
function_410b90,modified_nonempty_body,28460,26448,
function_410c00,modified_nonempty_body,28498,26490,
function_410c80,unchanged_decompiled_body,28530,26529,
function_410cb0,unchanged_decompiled_body,28547,26546,
function_410d90,unchanged_decompiled_body,28620,26619,
function_410e00,unchanged_decompiled_body,28654,26653,
function_410e80,unchanged_decompiled_body,28684,26683,
function_410ef0,unchanged_decompiled_body,28756,26755,
function_411000,unchanged_decompiled_body,28800,26799,
function_411040,unchanged_decompiled_body,28842,26841,
function_411100,modified_nonempty_body,28987,26986,
function_411390,unchanged_decompiled_body,29379,27378,
function_4113f0,unchanged_decompiled_body,29413,27412,
function_411450,unchanged_decompiled_body,29432,27431,
function_411520,unchanged_decompiled_body,29513,27512,
function_411720,pr4_disconnected_removal,29793,,
function_411870,unchanged_decompiled_body,29934,27795,
function_411930,pr4_disconnected_removal,30059,,
function_411980,unchanged_decompiled_body,30076,27925,
function_4119a0,unchanged_decompiled_body,30088,27937,
function_4119e0,unchanged_decompiled_body,30108,27957,
function_411a10,unchanged_decompiled_body,30125,27974,
function_411ff0,original_short_body,30128,27977,
function_411aa0,pr4_disconnected_removal,30138,,
function_411d10,unchanged_decompiled_body,30322,27993,
function_411d30,unchanged_decompiled_body,30335,28006,
function_411d80,modified_nonempty_body,30349,28020,
function_411f90,unchanged_decompiled_body,30423,28148,
function_412060,unchanged_decompiled_body,30461,28186,
function_4120c0,unchanged_decompiled_body,30474,28199,
function_4120d0,pr4_disconnected_removal,30481,,
function_412210,original_short_body,30560,28209,
function_412240,pr4_disconnected_removal,30566,,
function_412350,unchanged_decompiled_body,30729,28218,
function_4123a0,unchanged_decompiled_body,30739,28228,
function_4123c0,original_short_body,30746,28235,
function_4123e0,modified_nonempty_body,30752,28241,
function_4125d0,original_short_body,30782,28273,
function_4125e0,modified_nonempty_body,30788,28279,
function_412610,unchanged_decompiled_body,30799,28290,
function_412660,unchanged_decompiled_body,30829,28320,
function_412680,unchanged_decompiled_body,30842,28333,
function_412720,unchanged_decompiled_body,30879,28370,
function_4127b0,unchanged_decompiled_body,30911,28402,
function_412890,modified_nonempty_body,30934,28425,
function_412ad0,modified_nonempty_body,31094,28622,
function_412b80,modified_nonempty_body,31216,28791,
function_412c10,modified_nonempty_body,31247,28835,
function_412ca0,modified_nonempty_body,31290,28867,
function_412d30,unchanged_decompiled_body,31302,28885,
function_412da0,unchanged_decompiled_body,31316,28899,
function_412ef0,unchanged_decompiled_body,31374,28957,
function_413000,unchanged_decompiled_body,31433,29016,
function_4130a0,unchanged_decompiled_body,31508,29091,
function_4131b0,unchanged_decompiled_body,31580,29163,
function_4131e0,unchanged_decompiled_body,31598,23928,
function_413470,unchanged_decompiled_body,31761,29344,
function_4134e0,unchanged_decompiled_body,31785,29368,
function_413500,modified_nonempty_body,31799,29382,
function_413f18,pr4_disconnected_removal,32552,,
function_414010,modified_nonempty_body,32582,30142,
function_4141e0,unchanged_decompiled_body,32620,30209,
function_4145b0,modified_nonempty_body,33409,30998,
function_4146a0,modified_nonempty_body,33438,31029,
function_414850,modified_nonempty_body,33464,31057,
function_414930,modified_nonempty_body,33479,31074,
function_414a30,unchanged_decompiled_body,33494,31091,
function_414ad0,unchanged_decompiled_body,33527,31124,
function_414b80,unchanged_decompiled_body,33572,31169,
function_414c10,unchanged_decompiled_body,33621,31218,
function_414c70,unchanged_decompiled_body,33661,31258,
function_414cb0,unchanged_decompiled_body,33676,31273,
function_414d60,original_short_body,33712,31309,
function_414d80,unchanged_decompiled_body,33720,31317,
function_414db0,original_short_body,33751,31348,
function_414dd0,unchanged_decompiled_body,33759,31356,
function_414e00,unchanged_decompiled_body,33790,31387,
function_414e10,unchanged_decompiled_body,33799,31396,
function_414e40,unchanged_decompiled_body,33808,31405,
function_414e50,unchanged_decompiled_body,33817,31414,
function_414e80,unchanged_decompiled_body,33826,31423,
function_414ed0,unchanged_decompiled_body,33852,31449,
function_414fa0,unchanged_decompiled_body,33927,31524,
function_414fe0,unchanged_decompiled_body,33946,31543,
function_415070,unchanged_decompiled_body,33986,31583,
function_4150a0,original_short_body,33999,31596,
function_4150b0,unchanged_decompiled_body,34007,31604,
function_4150e0,unchanged_decompiled_body,34022,31619,
function_415110,unchanged_decompiled_body,34034,31631,
function_415130,unchanged_decompiled_body,34048,31645,
function_415190,unchanged_decompiled_body,34065,31662,
function_4151a0,unchanged_decompiled_body,34073,31670,
function_4151d0,unchanged_decompiled_body,34088,31685,
function_4151e0,unchanged_decompiled_body,34094,31691,
function_4151f0,unchanged_decompiled_body,34102,31699,
function_415220,unchanged_decompiled_body,34118,31715,
function_415230,unchanged_decompiled_body,34126,31723,
function_4152a0,unchanged_decompiled_body,34143,31740,
function_415350,modified_nonempty_body,34176,31773,
function_48a6f0,unchanged_decompiled_body,34180,31777,src/squirrel/squirrel_legacy_api.cpp:104
function_4153e0,unchanged_decompiled_body,34206,31803,
function_415420,unchanged_decompiled_body,34220,31817,
function_415480,unchanged_decompiled_body,34247,31844,
function_415550,unchanged_decompiled_body,34281,31878,src/squirrel/act_binding.cpp:494;src/squirrel/sqrat_object_bridge.cpp:239
function_4155d0,unchanged_decompiled_body,34298,31903,
function_4156d0,unchanged_decompiled_body,34332,31937,
function_415750,unchanged_decompiled_body,34353,31958,
function_415790,unchanged_decompiled_body,34370,31975,
function_415810,cpp_address_replacement,34395,,src/squirrel/sqrat_object_bridge.cpp:259
function_415870,unchanged_decompiled_body,34406,32005,
function_4158e0,unchanged_decompiled_body,34420,32019,
function_4159a0,unchanged_decompiled_body,34459,32058,
function_4159d0,unchanged_decompiled_body,34479,32078,
function_4159f0,unchanged_decompiled_body,34494,32093,
function_415b00,unchanged_decompiled_body,34533,32132,
function_48afc0,original_short_body,34540,32139,src/squirrel/squirrel_legacy_api.cpp:208
function_415b50,original_short_body,34550,32149,
function_415b80,unchanged_decompiled_body,34558,32157,
function_415c50,unchanged_decompiled_body,34592,32191,
function_415e20,modified_nonempty_body,34945,32544,
function_415ea0,modified_nonempty_body,34955,32554,
function_415f60,modified_nonempty_body,34982,32581,
function_415fd0,unchanged_decompiled_body,35004,32603,
function_416427,original_short_body,35253,32852,
function_41642d,original_short_body,35259,32858,
function_416440,unchanged_decompiled_body,35267,32866,
function_416510,unchanged_decompiled_body,35328,32927,
function_416700,unchanged_decompiled_body,35451,33050,
function_416790,modified_nonempty_body,35489,33088,
function_416b8d,original_short_body,35596,33197,
function_416b93,unchanged_decompiled_body,35602,33203,
function_416b98,original_short_body,35609,33210,
function_416ba0,unchanged_decompiled_body,35615,33216,
function_416bd0,unchanged_decompiled_body,35626,33227,
function_416bf0,unchanged_decompiled_body,35642,33243,
function_416c50,unchanged_decompiled_body,35666,33267,
function_416c60,unchanged_decompiled_body,35675,33276,
function_416ce0,unchanged_decompiled_body,35715,33316,
function_416d60,original_short_body,35755,33356,
function_416d70,original_short_body,35761,33362,
function_416d80,original_short_body,35767,33368,
function_416d90,original_short_body,35773,33374,
function_416da0,original_short_body,35779,33380,
function_416db0,unchanged_decompiled_body,35785,33386,
function_416de0,pr4_disconnected_removal,35801,,
function_416ec0,pr4_disconnected_removal,35903,,
function_416fa0,unchanged_decompiled_body,36019,33408,
function_416fd0,unchanged_decompiled_body,36030,33419,
function_417000,unchanged_decompiled_body,36041,33430,
function_417010,unchanged_decompiled_body,36048,33437,
function_417100,unchanged_decompiled_body,36097,33486,
function_4173c0,original_short_body,36227,33616,
function_4173d0,modified_nonempty_body,36233,33622,
function_417420,original_short_body,36250,33639,
function_417430,unchanged_decompiled_body,36256,33645,
function_4174f0,unchanged_decompiled_body,36279,33668,
function_4175f0,unchanged_decompiled_body,36304,33693,
function_417a00,unchanged_decompiled_body,36675,34064,
function_417a30,modified_nonempty_body,36688,34077,
function_417c90,unchanged_decompiled_body,37011,34400,
function_417d00,unchanged_decompiled_body,37045,34434,
function_417d30,unchanged_decompiled_body,37062,34451,
function_417d70,unchanged_decompiled_body,37080,34469,
function_417da0,unchanged_decompiled_body,37093,34482,
function_417dd0,unchanged_decompiled_body,37107,34496,
function_417e30,unchanged_decompiled_body,37136,34525,
function_417e50,unchanged_decompiled_body,37147,34536,
function_417ee0,unchanged_decompiled_body,37198,34587,
function_4180a0,unchanged_decompiled_body,37327,34716,
function_4180c0,unchanged_decompiled_body,37339,34728,
function_4180e0,modified_nonempty_body,37351,34740,
function_418370,unchanged_decompiled_body,37745,35134,
function_418400,unchanged_decompiled_body,37809,35198,
function_418410,unchanged_decompiled_body,37816,35205,
function_418430,unchanged_decompiled_body,37825,35214,
function_418480,unchanged_decompiled_body,37859,35248,
function_4184d0,unchanged_decompiled_body,37878,35267,
function_4184e0,unchanged_decompiled_body,37885,35274,
function_4184f0,unchanged_decompiled_body,37892,35281,
function_418500,modified_nonempty_body,37899,35288,
function_4185b0,unchanged_decompiled_body,37967,35356,
function_418660,unchanged_decompiled_body,38001,35390,
function_418750,unchanged_decompiled_body,38047,35436,
function_418820,unchanged_decompiled_body,38193,35582,
function_418880,unchanged_decompiled_body,38227,35616,
function_4188e0,unchanged_decompiled_body,38246,35635,
function_418980,unchanged_decompiled_body,38382,35771,
function_4189d0,unchanged_decompiled_body,38434,35823,
function_4189f0,unchanged_decompiled_body,38441,35830,
function_418a10,unchanged_decompiled_body,38450,35839,
function_418a20,unchanged_decompiled_body,38459,35848,
function_418a30,modified_nonempty_body,38468,35857,
function_418a80,modified_nonempty_body,38488,35877,
function_418ad0,modified_nonempty_body,38508,35897,
function_418b20,unchanged_decompiled_body,38528,35917,
function_418b70,unchanged_decompiled_body,38546,35935,
function_418bd0,unchanged_decompiled_body,38584,35973,
function_418bf0,unchanged_decompiled_body,38591,35980,
function_418c10,unchanged_decompiled_body,38599,35988,
function_418cc0,unchanged_decompiled_body,38634,36023,
function_418d20,unchanged_decompiled_body,38705,36094,
function_418e60,unchanged_decompiled_body,38814,36203,
function_418fa0,unchanged_decompiled_body,38860,36249,
function_4190e0,unchanged_decompiled_body,38906,36295,
function_419150,unchanged_decompiled_body,38920,36309,
function_419290,unchanged_decompiled_body,39029,36418,
function_4192d0,unchanged_decompiled_body,39041,36430,
function_4192e0,unchanged_decompiled_body,39049,36438,
function_419450,unchanged_decompiled_body,39169,36558,
function_419510,unchanged_decompiled_body,39243,36632,
function_4195d0,original_short_body,39279,36668,
function_4195f0,unchanged_decompiled_body,39285,36674,
function_419740,unchanged_decompiled_body,39445,36834,
function_419970,unchanged_decompiled_body,39710,37099,
function_419a8f,unchanged_decompiled_body,39775,37164,
function_419aa0,unchanged_decompiled_body,39782,37171,
function_419b00,unchanged_decompiled_body,39813,37202,
function_419c50,unchanged_decompiled_body,39869,37258,
function_419ce0,unchanged_decompiled_body,39890,37279,
function_419d10,unchanged_decompiled_body,39898,37287,
function_419d30,original_short_body,39907,37296,
function_419d40,unchanged_decompiled_body,39913,37302,
function_419dd0,unchanged_decompiled_body,39934,37323,
function_419e49,unchanged_decompiled_body,39957,37346,
function_419f50,unchanged_decompiled_body,39986,37375,
function_41a010,unchanged_decompiled_body,40007,37396,
function_41a1c0,original_short_body,40048,37437,
function_41a1d0,unchanged_decompiled_body,40054,37443,
function_41a310,unchanged_decompiled_body,40108,37497,
function_41a350,modified_nonempty_body,40121,37510,
function_41a3f0,modified_nonempty_body,40143,37532,
function_41a420,unchanged_decompiled_body,40157,37546,
function_41a480,unchanged_decompiled_body,40175,37564,
function_41a4d0,unchanged_decompiled_body,40190,37579,
function_41a680,unchanged_decompiled_body,40261,37650,
function_41a77e,unchanged_decompiled_body,40330,37719,
function_41a7bd,unchanged_decompiled_body,40348,37737,
function_41a820,unchanged_decompiled_body,40374,37763,
function_41a850,unchanged_decompiled_body,40385,37774,
function_41a890,unchanged_decompiled_body,40397,37786,
function_41a910,unchanged_decompiled_body,40419,37808,
function_41a950,modified_nonempty_body,40440,37829,
function_41db20,unchanged_decompiled_body,40547,37940,
function_41abc0,unchanged_decompiled_body,40568,37961,
function_41ad10,unchanged_decompiled_body,40646,38039,
function_41ae60,unchanged_decompiled_body,40724,38117,
function_41af90,unchanged_decompiled_body,40770,38163,
function_41b0c0,unchanged_decompiled_body,40814,38207,
function_41b220,unchanged_decompiled_body,40886,38279,
function_41b380,unchanged_decompiled_body,40958,38351,
function_41b460,modified_nonempty_body,40991,38384,
function_41b550,unchanged_decompiled_body,41023,38417,
function_41b640,unchanged_decompiled_body,41052,38446,
function_41b790,unchanged_decompiled_body,41130,38524,
function_41b7c0,unchanged_decompiled_body,41143,38537,
function_41d520,unchanged_decompiled_body,41506,38900,
function_41bc30,unchanged_decompiled_body,41760,39154,
function_41c7b0,modified_nonempty_body,43628,41022,
function_41c870,unchanged_decompiled_body,43677,41071,
function_41d570,unchanged_decompiled_body,45751,43145,
function_41d5c0,modified_nonempty_body,45788,43182,
function_41d610,unchanged_decompiled_body,45804,43198,
function_41d630,unchanged_decompiled_body,45812,43206,
function_41d770,unchanged_decompiled_body,45921,43315,
function_41d9b0,unchanged_decompiled_body,46170,43564,
function_41da60,unchanged_decompiled_body,46187,43581,
function_41dbc0,unchanged_decompiled_body,46338,43732,
function_41dc80,modified_nonempty_body,46351,43745,
function_41de70,modified_nonempty_body,46475,43869,
function_41df30,original_short_body,46542,43936,
function_41df40,original_short_body,46550,43944,
function_41df50,original_short_body,46558,43952,
function_41df60,original_short_body,46564,43958,
function_41df70,modified_nonempty_body,46570,43964,
function_41e0c0,modified_nonempty_body,46708,44102,
function_41e190,unchanged_decompiled_body,46735,44129,
function_41e1e0,unchanged_decompiled_body,46755,44149,
function_41e200,unchanged_decompiled_body,46772,44166,
function_41e260,cpp_address_replacement,46791,,src/squirrel/squirrel_native_calls.cpp:107
function_48ce00,modified_nonempty_body,46794,134192,src/squirrel/squirrel_legacy_api.cpp:344
function_41e2c0,cpp_address_replacement,46805,,src/squirrel/squirrel_native_calls.cpp:108
function_41e320,unchanged_decompiled_body,46820,44191,
function_41e390,modified_nonempty_body,46838,44209,
function_41e790,modified_nonempty_body,47036,44407,
function_41ea50,unchanged_decompiled_body,47087,44458,
function_41eca0,unchanged_decompiled_body,47275,44646,
function_41eed0,unchanged_decompiled_body,47373,44744,
function_41ef20,unchanged_decompiled_body,47398,44769,
function_41ef50,unchanged_decompiled_body,47414,44785,
function_41efb0,modified_nonempty_body,47477,44848,
function_41eff0,unchanged_decompiled_body,47493,44877,
function_41f580,unchanged_decompiled_body,47636,45020,
function_41f800,unchanged_decompiled_body,47765,45149,
function_41f990,unchanged_decompiled_body,47908,45292,
function_41fbd0,unchanged_decompiled_body,48183,45567,
function_41fe90,original_short_body,48313,45697,
function_41fea0,modified_nonempty_body,48319,45703,
function_41fef0,original_short_body,48336,45720,
function_41ff00,original_short_body,48342,45726,
function_41ff10,unchanged_decompiled_body,48348,45732,
function_41ffe0,unchanged_decompiled_body,48371,45755,
function_4200e0,unchanged_decompiled_body,48398,45782,
function_4204f0,unchanged_decompiled_body,48769,46153,
function_420530,unchanged_decompiled_body,48787,46171,
function_4205b0,unchanged_decompiled_body,48817,46201,
function_4206d0,unchanged_decompiled_body,48876,46260,
function_420740,unchanged_decompiled_body,48908,46292,
function_4207c0,unchanged_decompiled_body,48924,46308,
function_4207e0,original_short_body,48932,46316,
function_4207f0,unchanged_decompiled_body,48940,46324,
function_420830,unchanged_decompiled_body,48960,46344,
function_420900,unchanged_decompiled_body,49004,46388,
function_420980,unchanged_decompiled_body,49039,46423,
function_4209b0,unchanged_decompiled_body,49053,46437,
function_420a10,unchanged_decompiled_body,49081,46465,
function_420a30,unchanged_decompiled_body,49092,46476,
function_420a80,unchanged_decompiled_body,49117,46501,
function_420a90,unchanged_decompiled_body,49126,46510,
function_420b20,unchanged_decompiled_body,49150,46534,
function_420b90,unchanged_decompiled_body,49172,46556,
function_420dc0,unchanged_decompiled_body,49321,46705,
function_420e40,unchanged_decompiled_body,49332,46716,
function_420ec0,unchanged_decompiled_body,49343,46727,
function_420f40,unchanged_decompiled_body,49354,46738,
function_420fc0,unchanged_decompiled_body,49365,46749,
function_4211d0,unchanged_decompiled_body,49638,47022,
function_4213d0,unchanged_decompiled_body,49791,47175,
function_421440,unchanged_decompiled_body,49800,47184,
function_421495,original_short_body,49819,47203,
function_4214a0,unchanged_decompiled_body,49825,47209,
function_4215af,unchanged_decompiled_body,49887,47271,
function_4216a0,unchanged_decompiled_body,50048,47432,
function_421860,modified_nonempty_body,50084,47468,
function_421dc0,unchanged_decompiled_body,50478,47862,
function_421e40,unchanged_decompiled_body,50529,47913,
function_4220c0,unchanged_decompiled_body,50718,48102,
function_422130,unchanged_decompiled_body,50807,48191,
function_422190,modified_nonempty_body,50892,48276,
function_422410,unchanged_decompiled_body,51231,48615,
function_4224b0,unchanged_decompiled_body,51290,48674,
function_422500,unchanged_decompiled_body,51324,48708,
function_422550,unchanged_decompiled_body,51343,48727,
function_422690,unchanged_decompiled_body,51389,48773,
function_4227d0,unchanged_decompiled_body,51435,48819,
function_422910,unchanged_decompiled_body,51481,48865,
function_422a60,unchanged_decompiled_body,51527,48911,
function_422b40,unchanged_decompiled_body,51547,48931,
function_422c20,unchanged_decompiled_body,51567,48951,
function_422d00,unchanged_decompiled_body,51587,48971,
function_422de0,unchanged_decompiled_body,51607,48991,
function_422ec0,unchanged_decompiled_body,51627,49011,
function_422fc0,unchanged_decompiled_body,51647,49031,
function_4230a0,unchanged_decompiled_body,51681,49065,
function_4231e0,unchanged_decompiled_body,51790,49174,
function_423350,unchanged_decompiled_body,51935,49319,
function_423430,unchanged_decompiled_body,52010,49394,
function_423560,unchanged_decompiled_body,52092,49476,
function_423620,unchanged_decompiled_body,52132,49516,
function_423640,modified_nonempty_body,52142,49526,
function_4236d4,original_short_body,52163,49547,
function_4236dc,unchanged_decompiled_body,52169,49553,
function_423700,unchanged_decompiled_body,52179,49563,
function_423757,unchanged_decompiled_body,52190,49574,
function_42376a,unchanged_decompiled_body,52199,49583,
function_423790,unchanged_decompiled_body,52209,49593,
function_4237b0,unchanged_decompiled_body,52216,49600,
function_423990,unchanged_decompiled_body,52478,49862,
function_423be0,unchanged_decompiled_body,52748,50132,
function_423cf0,unchanged_decompiled_body,52796,50180,
function_423d60,unchanged_decompiled_body,52813,50197,
function_423dd0,unchanged_decompiled_body,52829,50213,
function_423e70,unchanged_decompiled_body,52846,50230,
function_423f00,unchanged_decompiled_body,52867,50251,
function_423f50,unchanged_decompiled_body,52881,50265,
function_423f90,original_short_body,52889,50273,
function_423fd0,unchanged_decompiled_body,52895,50279,
function_424060,unchanged_decompiled_body,52916,50300,
function_4240f0,unchanged_decompiled_body,52937,50321,
function_424180,unchanged_decompiled_body,52958,50342,
function_4241f9,unchanged_decompiled_body,52979,50363,
function_424280,unchanged_decompiled_body,52996,50380,
function_424320,unchanged_decompiled_body,53015,50399,
function_424350,unchanged_decompiled_body,53047,50431,
function_424430,unchanged_decompiled_body,53076,50460,
function_4247f0,unchanged_decompiled_body,53085,50469,
function_424f60,unchanged_decompiled_body,53103,50487,
function_424640,unchanged_decompiled_body,53138,50522,
function_4248e0,unchanged_decompiled_body,53145,50529,
function_424720,unchanged_decompiled_body,53158,50542,
function_4249d0,unchanged_decompiled_body,53301,50685,
function_424bb0,unchanged_decompiled_body,53383,50767,
function_424d60,unchanged_decompiled_body,53454,50838,
function_424da0,unchanged_decompiled_body,53474,50858,
function_425030,unchanged_decompiled_body,53631,51015,
function_4250e0,unchanged_decompiled_body,53663,51047,
function_4252d0,original_short_body,53734,51118,
function_4252e0,unchanged_decompiled_body,53740,51124,
function_4252f0,original_short_body,53747,51131,
function_425300,unchanged_decompiled_body,53755,51139,
function_425320,unchanged_decompiled_body,53770,51154,
function_425350,modified_nonempty_body,53789,51173,
function_4253d0,unchanged_decompiled_body,53801,51185,
function_425420,unchanged_decompiled_body,53827,51211,
function_425510,unchanged_decompiled_body,53915,51299,
function_4255e0,unchanged_decompiled_body,53988,51372,
function_4258a0,original_short_body,54118,51502,
function_4258b0,modified_nonempty_body,54124,51508,
function_425900,original_short_body,54141,51525,
function_425910,unchanged_decompiled_body,54147,51531,
function_4259e0,unchanged_decompiled_body,54176,51560,
function_425ae0,unchanged_decompiled_body,54201,51585,
function_425ef0,unchanged_decompiled_body,54572,51956,
function_426090,unchanged_decompiled_body,54608,51992,
function_425fd0,unchanged_decompiled_body,54617,52001,
function_426030,unchanged_decompiled_body,54667,52051,
function_426060,unchanged_decompiled_body,54679,52063,
function_4260d0,unchanged_decompiled_body,54713,52097,
function_426120,unchanged_decompiled_body,54740,52124,
function_4261f0,unchanged_decompiled_body,54781,52165,
function_426250,unchanged_decompiled_body,54805,52189,
function_426390,unchanged_decompiled_body,54851,52235,
function_4263c0,original_short_body,54875,52259,
function_4263e0,unchanged_decompiled_body,54881,52265,
function_426470,unchanged_decompiled_body,54902,52286,
function_426500,unchanged_decompiled_body,54923,52307,
function_426530,original_short_body,54959,52343,
function_426540,unchanged_decompiled_body,54967,52351,
function_426560,unchanged_decompiled_body,54981,52365,
function_4265e0,unchanged_decompiled_body,55013,52397,
function_426650,unchanged_decompiled_body,55042,52426,
function_426740,unchanged_decompiled_body,55078,52462,
function_426840,modified_nonempty_body,55139,52523,
function_4269f0,unchanged_decompiled_body,55204,52588,
function_426b30,original_short_body,55280,52664,
function_426b40,modified_nonempty_body,55286,52670,
function_426b90,original_short_body,55303,52687,
function_426ba0,unchanged_decompiled_body,55309,52693,
function_426c70,unchanged_decompiled_body,55337,52721,
function_426d70,unchanged_decompiled_body,55362,52746,
function_4271b0,unchanged_decompiled_body,55733,53117,
function_4272f0,original_short_body,55778,53162,
function_427310,unchanged_decompiled_body,55784,53168,
function_4273a0,unchanged_decompiled_body,55805,53189,
function_427520,original_short_body,55873,53257,
function_427530,modified_nonempty_body,55881,53284,
function_427610,unchanged_decompiled_body,55919,53323,
function_427750,modified_nonempty_body,55995,53399,
function_427950,replacement_mapping_unresolved,56034,,
function_428000,modified_nonempty_body,56668,53534,
function_428150,unchanged_decompiled_body,56690,53567,
function_428720,unchanged_decompiled_body,57160,54037,
function_4289c0,modified_nonempty_body,57460,54337,
function_428af0,unchanged_decompiled_body,57612,54489,
function_428bd0,unchanged_decompiled_body,57746,54623,
function_428cc0,unchanged_decompiled_body,57882,54759,
function_428f80,original_short_body,58012,54889,
function_428f90,modified_nonempty_body,58018,54895,
function_428fe0,original_short_body,58035,54912,
function_428ff0,modified_nonempty_body,58041,54918,
function_4290c0,unchanged_decompiled_body,58064,54941,
function_4291c0,unchanged_decompiled_body,58091,54968,
function_4295d0,unchanged_decompiled_body,58461,55338,
function_429630,unchanged_decompiled_body,58511,55388,
function_4296a0,unchanged_decompiled_body,58544,55421,
function_429720,unchanged_decompiled_body,58583,55460,
function_429780,unchanged_decompiled_body,58613,55490,
function_4297e0,unchanged_decompiled_body,58640,55517,
function_429840,unchanged_decompiled_body,58669,55546,
function_4298a0,unchanged_decompiled_body,58696,55573,
function_4298d0,unchanged_decompiled_body,58708,55585,
function_429910,unchanged_decompiled_body,58737,55614,
function_429920,unchanged_decompiled_body,58744,55621,
function_4299c0,modified_nonempty_body,58883,55760,
function_429c20,unchanged_decompiled_body,59255,56132,
function_429c70,modified_nonempty_body,59292,56169,
function_429cb0,unchanged_decompiled_body,59323,56174,
function_429d10,unchanged_decompiled_body,59357,56208,
function_429d70,unchanged_decompiled_body,59376,56227,
function_429d90,unchanged_decompiled_body,59397,56248,
function_429de0,unchanged_decompiled_body,59449,56300,
function_429e00,unchanged_decompiled_body,59470,56321,
function_429f40,unchanged_decompiled_body,59516,56367,
function_42a080,unchanged_decompiled_body,59562,56413,
function_42a1d0,unchanged_decompiled_body,59608,56459,
function_42a310,unchanged_decompiled_body,59654,56505,
function_42a3e0,unchanged_decompiled_body,59729,56580,
function_42a510,unchanged_decompiled_body,59814,56665,
function_42a530,original_short_body,59823,56674,
function_42a570,original_short_body,59829,56680,
function_42a5a0,original_short_body,59835,56686,
function_42a5c0,unchanged_decompiled_body,59841,56692,
function_42a7a0,unchanged_decompiled_body,60094,56945,
function_42a800,unchanged_decompiled_body,60123,56974,
function_42a900,unchanged_decompiled_body,60175,57026,
function_42a9a0,unchanged_decompiled_body,60216,57067,
function_42aa30,unchanged_decompiled_body,60237,57088,
function_42aac0,unchanged_decompiled_body,60258,57109,
function_42ab50,unchanged_decompiled_body,60279,57130,
function_42abe0,unchanged_decompiled_body,60302,57153,
function_42ac10,original_short_body,60315,57166,
function_42ac20,unchanged_decompiled_body,60321,57172,
function_42b280,replacement_mapping_unresolved,60545,,
function_42b2a0,replacement_mapping_unresolved,60558,,
function_42b2d0,replacement_mapping_unresolved,60572,,
function_42b3a0,unchanged_decompiled_body,60586,57396,
function_42b3f0,unchanged_decompiled_body,60594,57404,
function_42b470,original_short_body,60611,57421,
function_42b480,unchanged_decompiled_body,60619,57429,
function_42b4a0,unchanged_decompiled_body,60634,57444,
function_42b550,unchanged_decompiled_body,60664,57474,
function_42b560,unchanged_decompiled_body,60674,57484,
function_42b580,unchanged_decompiled_body,60685,57495,
function_42b5c0,unchanged_decompiled_body,60702,57512,
function_42b6d0,unchanged_decompiled_body,60731,57541,
function_42ba50,unchanged_decompiled_body,60827,57637,
function_42bcc0,replacement_mapping_unresolved,60908,,
function_42bd00,modified_nonempty_body,60926,57741,
function_42c030,unchanged_decompiled_body,60983,57798,
function_42c0a0,unchanged_decompiled_body,61013,57828,
function_42c100,replacement_mapping_unresolved,61040,,
function_42c300,replacement_mapping_unresolved,61128,,
function_42c470,unchanged_decompiled_body,61161,57948,
function_42c510,unchanged_decompiled_body,61196,57983,
function_42c520,unchanged_decompiled_body,61203,57990,
function_42c550,unchanged_decompiled_body,61212,57999,
function_42c560,unchanged_decompiled_body,61219,58006,
function_42c590,unchanged_decompiled_body,61228,58015,
function_42c5a0,unchanged_decompiled_body,61235,58022,
function_42c5d0,unchanged_decompiled_body,61246,58033,
function_42c890,original_short_body,61376,58163,
function_42c8a0,modified_nonempty_body,61382,58169,
function_42c8f0,original_short_body,61399,58186,
function_42c900,unchanged_decompiled_body,61405,58192,
function_42c9c0,unchanged_decompiled_body,61428,58215,
function_42cac0,unchanged_decompiled_body,61455,58242,
function_42ced0,unchanged_decompiled_body,61828,58615,
function_42cf50,unchanged_decompiled_body,61858,58645,
function_42d060,unchanged_decompiled_body,61921,58708,
function_42d0d0,unchanged_decompiled_body,61955,58742,
function_42d160,unchanged_decompiled_body,61979,58766,
function_42d180,original_short_body,61987,58774,
function_42d190,unchanged_decompiled_body,61993,58780,
function_42d1c0,unchanged_decompiled_body,62005,58792,
function_42d230,unchanged_decompiled_body,62033,58820,
function_42d240,unchanged_decompiled_body,62040,58827,
function_42d400,unchanged_decompiled_body,62076,58863,
function_42d4d0,modified_nonempty_body,62220,59007,
function_42d750,unchanged_decompiled_body,62559,59346,
function_42d7a0,unchanged_decompiled_body,62593,59380,
function_42d7f0,unchanged_decompiled_body,62612,59399,
function_42d850,unchanged_decompiled_body,62646,59433,
function_42d930,unchanged_decompiled_body,62666,59453,
function_42da10,unchanged_decompiled_body,62686,59473,
function_42da80,unchanged_decompiled_body,62713,59500,
function_42db20,unchanged_decompiled_body,62730,59517,
function_42dc70,unchanged_decompiled_body,62776,59563,
function_42ddb0,unchanged_decompiled_body,62822,59609,
function_42de90,unchanged_decompiled_body,62897,59684,
function_42dfc0,unchanged_decompiled_body,62979,59766,
function_42e030,unchanged_decompiled_body,62995,59782,
function_42e050,original_short_body,63004,59791,
function_42e070,unchanged_decompiled_body,63010,59797,
function_42e2c0,unchanged_decompiled_body,63280,60067,
function_42e3d0,unchanged_decompiled_body,63326,60113,
function_42e430,unchanged_decompiled_body,63338,60125,
function_42e4c0,unchanged_decompiled_body,63355,60142,
function_42e539,unchanged_decompiled_body,63376,60163,
function_42e5b0,unchanged_decompiled_body,63392,60179,
function_42e640,unchanged_decompiled_body,63413,60200,
function_42e6b9,unchanged_decompiled_body,63434,60221,
function_42e6e0,original_short_body,63444,60231,
function_42e6f0,original_short_body,63452,60239,
function_42e700,unchanged_decompiled_body,63460,60247,
function_42e7d0,unchanged_decompiled_body,63497,60284,
function_42e940,modified_nonempty_body,63720,60507,
function_42ea80,unchanged_decompiled_body,63740,60529,
function_42ed30,modified_nonempty_body,63915,60704,
function_42ef00,modified_nonempty_body,63970,60759,
function_42f120,modified_nonempty_body,64060,60849,
function_42f1b0,unchanged_decompiled_body,64088,60877,
function_42f2a0,modified_nonempty_body,64153,60942,
function_42f350,unchanged_decompiled_body,64168,60957,
function_42f6c0,unchanged_decompiled_body,64283,61072,
function_42f800,unchanged_decompiled_body,64371,61160,
function_42f910,unchanged_decompiled_body,64419,61208,
function_42f970,unchanged_decompiled_body,64445,61234,
function_42f9d0,unchanged_decompiled_body,64472,61261,
function_42fa50,unchanged_decompiled_body,64493,61282,
function_42fae0,modified_nonempty_body,64526,61315,
function_42fe10,unchanged_decompiled_body,64690,61479,
function_42fe80,unchanged_decompiled_body,64748,61537,
function_42fee0,unchanged_decompiled_body,64783,61572,
function_42ff70,unchanged_decompiled_body,64816,61605,
function_42ffb0,unchanged_decompiled_body,64836,61625,
function_430080,unchanged_decompiled_body,64887,61676,
function_4300d0,unchanged_decompiled_body,64924,61713,
function_430140,unchanged_decompiled_body,64958,61747,
function_430180,unchanged_decompiled_body,64975,61764,
function_430280,unchanged_decompiled_body,65034,61823,
function_430540,original_short_body,65164,61953,
function_430550,modified_nonempty_body,65170,61959,
function_4305a0,original_short_body,65187,61976,
function_4305b0,unchanged_decompiled_body,65193,61982,
function_430670,unchanged_decompiled_body,65216,62005,
function_430770,unchanged_decompiled_body,65243,62032,
function_430bd0,unchanged_decompiled_body,65616,62405,
function_430c50,unchanged_decompiled_body,65646,62435,
function_430d70,unchanged_decompiled_body,65705,62494,
function_430de0,unchanged_decompiled_body,65737,62526,
function_430e00,original_short_body,65745,62534,
function_430e10,unchanged_decompiled_body,65753,62542,
function_430ea0,unchanged_decompiled_body,65777,62566,
function_430ec0,original_short_body,65785,62574,
function_430ed0,unchanged_decompiled_body,65791,62580,
function_430f00,unchanged_decompiled_body,65803,62592,
function_430f40,unchanged_decompiled_body,65834,62623,
function_430f50,unchanged_decompiled_body,65841,62630,
function_430fc0,unchanged_decompiled_body,65870,62659,
function_430fd0,unchanged_decompiled_body,65879,62668,
function_431060,unchanged_decompiled_body,65903,62692,
function_431220,unchanged_decompiled_body,65939,62728,
function_4312c0,unchanged_decompiled_body,66078,62867,
function_4313a2,unchanged_decompiled_body,66123,62912,
function_431490,unchanged_decompiled_body,66281,63070,
function_431650,cpp_address_replacement,66317,,src/squirrel/squirrel_native_calls.cpp:109
function_431670,modified_nonempty_body,66324,63109,
function_4318d0,unchanged_decompiled_body,66696,63481,
function_431920,modified_nonempty_body,66748,63533,
function_431ba0,unchanged_decompiled_body,67087,63872,
function_431c00,unchanged_decompiled_body,67121,63906,
function_431c60,unchanged_decompiled_body,67140,63925,
function_431c80,unchanged_decompiled_body,67161,63946,
function_431cd0,unchanged_decompiled_body,67195,63980,
function_431d20,unchanged_decompiled_body,67214,63999,
function_431d80,modified_nonempty_body,67233,64018,
function_431e40,unchanged_decompiled_body,67283,64068,
function_431ee0,unchanged_decompiled_body,67299,64084,
function_432020,unchanged_decompiled_body,67345,64130,
function_432160,unchanged_decompiled_body,67391,64176,
function_432240,unchanged_decompiled_body,67411,64196,
function_432320,unchanged_decompiled_body,67431,64216,
function_432400,unchanged_decompiled_body,67451,64236,
function_4324e0,unchanged_decompiled_body,67471,64256,
function_4325c0,unchanged_decompiled_body,67491,64276,
function_432660,unchanged_decompiled_body,67508,64293,
function_4326a0,unchanged_decompiled_body,67547,64332,
function_432770,unchanged_decompiled_body,67618,64403,
function_432850,unchanged_decompiled_body,67693,64478,
function_432980,unchanged_decompiled_body,67777,64562,
function_4329a0,original_short_body,67786,64571,
function_4329c0,unchanged_decompiled_body,67792,64577,
function_432ba0,unchanged_decompiled_body,68045,64830,
function_432df0,unchanged_decompiled_body,68313,65098,
function_432e50,unchanged_decompiled_body,68342,65127,
function_432f70,unchanged_decompiled_body,68424,65209,
function_433080,unchanged_decompiled_body,68470,65255,
function_4330e0,unchanged_decompiled_body,68482,65267,
function_433160,unchanged_decompiled_body,68494,65279,
function_4331d0,unchanged_decompiled_body,68506,65291,
function_433260,unchanged_decompiled_body,68523,65308,
function_4332df,unchanged_decompiled_body,68544,65329,
function_433300,unchanged_decompiled_body,68552,65337,
function_433390,unchanged_decompiled_body,68573,65358,
function_4333d0,unchanged_decompiled_body,68618,65403,
function_4333f0,unchanged_decompiled_body,68634,65419,
function_433480,unchanged_decompiled_body,68655,65440,
function_4334f9,unchanged_decompiled_body,68676,65461,
function_4335a0,unchanged_decompiled_body,68697,65482,
function_433630,unchanged_decompiled_body,68713,65498,
function_4336e0,unchanged_decompiled_body,68773,65558,
function_433710,original_short_body,68789,65574,
function_433720,original_short_body,68797,65582,
function_433730,unchanged_decompiled_body,68803,65588,
function_433740,unchanged_decompiled_body,68810,65595,
function_433760,unchanged_decompiled_body,68820,65605,
function_433770,unchanged_decompiled_body,68827,65612,
function_433780,unchanged_decompiled_body,68837,65622,
function_4338d0,unchanged_decompiled_body,68896,65681,
function_433aa0,unchanged_decompiled_body,69027,65812,
function_433ae0,unchanged_decompiled_body,69045,65830,
function_433c90,unchanged_decompiled_body,69081,65866,
function_4341f0,unchanged_decompiled_body,69228,66013,
function_434380,unchanged_decompiled_body,69297,66082,
function_434760,modified_nonempty_body,69669,66454,
function_434920,unchanged_decompiled_body,69702,66487,
function_434a50,unchanged_decompiled_body,69780,66565,
function_434b40,replacement_mapping_unresolved,69862,,
function_434b60,replacement_mapping_unresolved,69871,,
function_434f40,replacement_mapping_unresolved,70193,,
function_435220,unchanged_decompiled_body,70352,66645,
function_4355f0,unchanged_decompiled_body,70794,67087,
function_435720,unchanged_decompiled_body,70888,67181,
function_435860,unchanged_decompiled_body,70996,67289,
function_435af0,unchanged_decompiled_body,71204,67497,
function_435b20,unchanged_decompiled_body,71218,67511,
function_435d00,unchanged_decompiled_body,71424,67717,
function_435e80,unchanged_decompiled_body,71504,67797,
function_435ee0,unchanged_decompiled_body,71526,67819,
function_435f00,unchanged_decompiled_body,71539,67832,
function_435fc0,unchanged_decompiled_body,71625,67918,
function_435fd0,unchanged_decompiled_body,71633,67926,
function_4360c0,unchanged_decompiled_body,71679,67972,
function_436110,unchanged_decompiled_body,71700,67993,
function_436140,unchanged_decompiled_body,71718,68011,
function_436180,unchanged_decompiled_body,71737,68030,
function_4361c0,unchanged_decompiled_body,71755,68048,
function_436290,unchanged_decompiled_body,71784,68077,
function_4362f0,unchanged_decompiled_body,71831,68124,
function_436350,unchanged_decompiled_body,71885,68178,
function_4363b0,unchanged_decompiled_body,71933,68226,
function_436450,unchanged_decompiled_body,71973,68266,
function_436710,original_short_body,72103,68396,
function_436720,modified_nonempty_body,72109,68402,
function_436770,original_short_body,72126,68419,
function_436780,unchanged_decompiled_body,72132,68425,
function_436840,unchanged_decompiled_body,72155,68448,
function_436940,unchanged_decompiled_body,72180,68473,
function_436d50,unchanged_decompiled_body,72551,68844,
function_437e10,unchanged_decompiled_body,72592,68885,
function_436e60,unchanged_decompiled_body,72601,68894,
function_436ec0,unchanged_decompiled_body,72650,68943,
function_436fe0,unchanged_decompiled_body,72707,69000,
function_437f40,unchanged_decompiled_body,72747,69040,
function_437170,unchanged_decompiled_body,72778,69071,
function_437220,unchanged_decompiled_body,72810,69103,
function_437260,unchanged_decompiled_body,72825,69118,
function_437290,unchanged_decompiled_body,72841,69134,
function_438080,unchanged_decompiled_body,72886,69179,
function_4373b0,unchanged_decompiled_body,72895,69188,
function_437440,unchanged_decompiled_body,72946,69239,
function_437470,unchanged_decompiled_body,72960,69253,
function_438190,unchanged_decompiled_body,73006,69299,
function_4375c0,unchanged_decompiled_body,73015,69308,
function_437690,unchanged_decompiled_body,73064,69357,
function_438270,unchanged_decompiled_body,73111,69404,
function_4377f0,unchanged_decompiled_body,73120,69413,
function_4378c0,unchanged_decompiled_body,73160,69453,
function_4379e0,unchanged_decompiled_body,73219,69512,
function_437a60,unchanged_decompiled_body,73249,69542,
function_437b70,unchanged_decompiled_body,73312,69605,
function_437be0,unchanged_decompiled_body,73346,69639,
function_437c70,unchanged_decompiled_body,73372,69665,
function_437c90,original_short_body,73382,69675,
function_437ca0,unchanged_decompiled_body,73390,69683,
function_437d30,unchanged_decompiled_body,73416,69709,
function_437d50,original_short_body,73426,69719,
function_437d60,unchanged_decompiled_body,73432,69725,
function_437d90,unchanged_decompiled_body,73444,69737,
function_437df0,unchanged_decompiled_body,73473,69766,
function_437e50,unchanged_decompiled_body,73513,69806,
function_437ea0,unchanged_decompiled_body,73540,69833,
function_437ee0,unchanged_decompiled_body,73567,69860,
function_437f90,unchanged_decompiled_body,73625,69918,
function_437fb0,unchanged_decompiled_body,73650,69943,
function_438030,unchanged_decompiled_body,73680,69973,
function_4380c0,unchanged_decompiled_body,73748,70041,
function_438140,unchanged_decompiled_body,73778,70071,
function_4381d0,unchanged_decompiled_body,73837,70130,
function_4381f0,unchanged_decompiled_body,73855,70148,
function_4382b0,unchanged_decompiled_body,73910,70203,
function_438330,unchanged_decompiled_body,73939,70232,
function_438370,unchanged_decompiled_body,73966,70259,
function_438380,unchanged_decompiled_body,73973,70266,
function_438540,unchanged_decompiled_body,74009,70302,
function_438700,unchanged_decompiled_body,74045,70338,
function_4387d0,unchanged_decompiled_body,74087,70380,
function_438820,unchanged_decompiled_body,74111,70404,
function_438940,unchanged_decompiled_body,74154,70447,
function_4389a0,unchanged_decompiled_body,74178,70471,
function_438a90,unchanged_decompiled_body,74226,70519,
function_438af0,unchanged_decompiled_body,74248,70541,
function_438bf0,unchanged_decompiled_body,74292,70585,
function_438c50,unchanged_decompiled_body,74316,70609,
function_438d40,unchanged_decompiled_body,74359,70652,
function_438da0,unchanged_decompiled_body,74383,70676,
function_438e70,unchanged_decompiled_body,74527,70820,
function_438f00,modified_nonempty_body,74591,70884,
function_439180,unchanged_decompiled_body,74930,71223,
function_4391d0,unchanged_decompiled_body,74964,71257,
function_439220,unchanged_decompiled_body,74983,71276,
function_439300,unchanged_decompiled_body,75003,71296,
function_4393e0,unchanged_decompiled_body,75023,71316,
function_439460,unchanged_decompiled_body,75039,71332,
function_439540,unchanged_decompiled_body,75059,71352,
function_439620,unchanged_decompiled_body,75079,71372,
function_439700,unchanged_decompiled_body,75099,71392,
function_4397e0,unchanged_decompiled_body,75119,71412,
function_439840,unchanged_decompiled_body,75146,71439,
function_4398e0,unchanged_decompiled_body,75163,71456,
function_439940,unchanged_decompiled_body,75240,71533,
function_439a80,unchanged_decompiled_body,75286,71579,
function_439bd0,unchanged_decompiled_body,75332,71625,
function_439c20,unchanged_decompiled_body,75347,71640,
function_439c50,unchanged_decompiled_body,75375,71668,
function_439c80,unchanged_decompiled_body,75382,71675,
function_439cb0,unchanged_decompiled_body,75406,71699,
function_439ce0,unchanged_decompiled_body,75434,71727,
function_439e10,unchanged_decompiled_body,75517,71810,
function_439ef0,unchanged_decompiled_body,75592,71885,
function_43a020,modified_nonempty_body,75676,71969,
function_43a0ae,original_short_body,75694,71987,
function_43a0b6,unchanged_decompiled_body,75700,71993,
function_43a0e0,original_short_body,75708,72001,
function_43a100,unchanged_decompiled_body,75714,72007,
function_43a350,unchanged_decompiled_body,75982,72275,
function_43a3b0,unchanged_decompiled_body,76013,72306,
function_43a4c0,unchanged_decompiled_body,76060,72353,
function_43a550,unchanged_decompiled_body,76077,72370,
function_43a620,unchanged_decompiled_body,76199,72492,
function_43a720,unchanged_decompiled_body,76338,72631,
function_43a7b0,unchanged_decompiled_body,76359,72652,
function_43a860,unchanged_decompiled_body,76425,72718,
function_43a900,unchanged_decompiled_body,76488,72781,
function_43a9f0,unchanged_decompiled_body,76565,72858,
function_43aa40,unchanged_decompiled_body,76606,72899,
function_43ab00,unchanged_decompiled_body,76675,72968,
function_43ab60,unchanged_decompiled_body,76686,72979,
function_43abc0,unchanged_decompiled_body,76698,72991,
function_43adc0,unchanged_decompiled_body,76820,73113,
function_43ade0,unchanged_decompiled_body,76841,73134,
function_43ae60,unchanged_decompiled_body,76856,73149,
function_43af30,unchanged_decompiled_body,76877,73170,
function_43afd0,unchanged_decompiled_body,76894,73187,
function_43b060,unchanged_decompiled_body,76910,73203,
function_43b0e0,unchanged_decompiled_body,76925,73218,
function_43b150,unchanged_decompiled_body,76938,73231,
function_43b1b0,unchanged_decompiled_body,76950,73243,
function_43b2f0,unchanged_decompiled_body,77173,73466,
function_43b380,unchanged_decompiled_body,77194,73487,
function_43b410,unchanged_decompiled_body,77215,73508,
function_43b6c0,unchanged_decompiled_body,77500,73793,
function_43b6f0,unchanged_decompiled_body,77532,73825,
function_43b790,unchanged_decompiled_body,77590,73883,
function_43b7d0,unchanged_decompiled_body,77626,73919,
function_43b800,unchanged_decompiled_body,77658,73951,
function_43b840,unchanged_decompiled_body,77690,73983,
function_43b900,unchanged_decompiled_body,77754,74047,
function_43b980,unchanged_decompiled_body,77772,74065,
function_43bab0,unchanged_decompiled_body,77878,74171,
function_43bb50,unchanged_decompiled_body,78054,74347,
function_43bba0,unchanged_decompiled_body,78085,74378,
function_43bc20,unchanged_decompiled_body,78209,74502,
function_43bcc0,unchanged_decompiled_body,78231,74524,
function_43bdc0,unchanged_decompiled_body,78347,74640,
function_43be50,unchanged_decompiled_body,78388,74681,
function_43bf40,unchanged_decompiled_body,78471,74764,
function_43bfc0,unchanged_decompiled_body,78548,74841,
function_43c070,unchanged_decompiled_body,78569,74862,
function_43c140,unchanged_decompiled_body,78647,74940,
function_43c1b0,original_short_body,78696,74989,
function_43c1c0,original_short_body,78704,74997,
function_43c1d0,original_short_body,78712,75005,
function_43c1e0,unchanged_decompiled_body,78720,75013,
function_43c210,unchanged_decompiled_body,78740,75033,
function_43c220,unchanged_decompiled_body,78750,75043,
function_43c2b0,unchanged_decompiled_body,78794,75087,
function_43c530,unchanged_decompiled_body,78874,75167,
function_43c690,unchanged_decompiled_body,78940,75233,
function_43c6b0,modified_nonempty_body,78953,75246,
function_43c860,explicit_receiver_in_c,78986,,
function_43c8c0,unchanged_decompiled_body,79012,75304,
function_43c920,unchanged_decompiled_body,79039,75331,
function_43ca40,unchanged_decompiled_body,79089,75381,
function_43cc00,unchanged_decompiled_body,79121,75413,
function_43cec0,original_short_body,79251,75543,
function_43ced0,modified_nonempty_body,79257,75549,
function_43cf20,cpp_address_replacement,79274,,src/reconstructed/legacy_copy_entries.cpp:11
function_43cf30,unchanged_decompiled_body,79280,75569,
function_43d010,unchanged_decompiled_body,79314,75603,
function_43d110,cpp_address_replacement,79341,,src/reconstructed/legacy_copy_entries.cpp:8
function_43d520,unchanged_decompiled_body,79714,76006,
function_43d5a0,unchanged_decompiled_body,79744,76036,
function_43d6b0,unchanged_decompiled_body,79807,76099,
function_43d720,unchanged_decompiled_body,79841,76133,
function_43d7b0,unchanged_decompiled_body,79865,76157,
function_43d7d0,original_short_body,79873,76165,
function_43d7e0,unchanged_decompiled_body,79879,76171,
function_43d810,unchanged_decompiled_body,79893,76185,
function_43d870,unchanged_decompiled_body,79920,76212,
function_43d880,unchanged_decompiled_body,79927,76219,
function_43da40,unchanged_decompiled_body,79963,76255,
function_43db10,modified_nonempty_body,80107,76399,
function_43dd90,unchanged_decompiled_body,80446,76738,
function_43dde0,unchanged_decompiled_body,80480,76772,
function_43de30,unchanged_decompiled_body,80499,76791,
function_43df10,unchanged_decompiled_body,80519,76811,
function_43dfb0,unchanged_decompiled_body,80536,76828,
function_43e100,unchanged_decompiled_body,80584,76876,
function_43e110,unchanged_decompiled_body,80591,76883,
function_43e1f0,unchanged_decompiled_body,80666,76958,
function_43e320,original_short_body,80748,77040,
function_43e340,unchanged_decompiled_body,80754,77046,
function_43e590,unchanged_decompiled_body,81024,77316,
function_43e6a0,unchanged_decompiled_body,81070,77362,
function_43e730,unchanged_decompiled_body,81087,77379,
function_43e7aa,unchanged_decompiled_body,81108,77400,
function_43e7c0,unchanged_decompiled_body,81117,77409,
function_43e83a,unchanged_decompiled_body,81138,77430,
function_43e850,unchanged_decompiled_body,81149,77441,
function_43e860,cpp_address_replacement,81156,,src/reconstructed/legacy_copy_entries.cpp:16
function_43e870,original_short_body,81162,77451,
function_43e880,unchanged_decompiled_body,81170,77459,
function_43e890,modified_nonempty_body,81178,77467,
function_43eb80,unchanged_decompiled_body,81295,77584,
function_43ec30,unchanged_decompiled_body,81322,77611,
function_43eda0,unchanged_decompiled_body,81358,77647,
function_43f5a0,unchanged_decompiled_body,81620,77909,
function_43f750,unchanged_decompiled_body,81687,77976,
function_43f770,modified_nonempty_body,81700,77989,
function_43fb00,modified_nonempty_body,81764,78053,
function_43fbe0,unchanged_decompiled_body,81800,78089,
function_43fc40,modified_nonempty_body,81825,78114,
function_440180,pr4_disconnected_removal,82295,,
function_440350,modified_nonempty_body,82357,78587,
function_440390,unchanged_decompiled_body,82374,78597,
function_440560,unchanged_decompiled_body,82495,78718,
function_440710,modified_nonempty_body,82597,78820,
function_440770,unchanged_decompiled_body,82612,78835,
function_4407a0,unchanged_decompiled_body,82627,78850,
function_440900,unchanged_decompiled_body,82839,79062,
function_440910,modified_nonempty_body,82847,79070,
function_440ca0,unchanged_decompiled_body,82978,79193,
function_440de0,unchanged_decompiled_body,83008,79223,
function_440df0,modified_nonempty_body,83022,79237,
function_440e20,unchanged_decompiled_body,83035,79250,
function_440e30,unchanged_decompiled_body,83042,79257,
function_440e60,unchanged_decompiled_body,83062,79277,
function_440e70,unchanged_decompiled_body,83069,79284,
function_440e90,unchanged_decompiled_body,83077,79292,
function_440ea0,unchanged_decompiled_body,83084,79299,
function_440ed0,unchanged_decompiled_body,83093,79308,
function_440ee0,unchanged_decompiled_body,83100,79315,
function_440f10,unchanged_decompiled_body,83109,79324,
function_440f20,unchanged_decompiled_body,83116,79331,
function_440f50,unchanged_decompiled_body,83125,79340,
function_440f60,unchanged_decompiled_body,83132,79347,
function_440f90,unchanged_decompiled_body,83141,79356,
function_440fa0,unchanged_decompiled_body,83148,79363,
function_440fd0,unchanged_decompiled_body,83157,79372,
function_440fe0,unchanged_decompiled_body,83164,79379,
function_441010,unchanged_decompiled_body,83173,79388,
function_441020,unchanged_decompiled_body,83180,79395,
function_441040,unchanged_decompiled_body,83188,79403,
function_441050,unchanged_decompiled_body,83195,79410,
function_441070,unchanged_decompiled_body,83203,79418,
function_441080,unchanged_decompiled_body,83210,79425,
function_441090,unchanged_decompiled_body,83218,79433,
function_4410a0,unchanged_decompiled_body,83225,79440,
function_4410b0,unchanged_decompiled_body,83232,79447,
function_4410c0,modified_nonempty_body,83239,79454,
function_441250,unchanged_decompiled_body,83395,79610,
function_4413a0,unchanged_decompiled_body,83551,79766,
function_441660,original_short_body,83681,79896,
function_441670,modified_nonempty_body,83687,79902,
function_4416c0,original_short_body,83704,79919,
function_4416d0,unchanged_decompiled_body,83710,79925,
function_4417a0,unchanged_decompiled_body,83733,79948,
function_4418a0,unchanged_decompiled_body,83758,79973,
function_441cb0,unchanged_decompiled_body,84131,80346,
function_441df0,unchanged_decompiled_body,84441,80656,
function_441e80,unchanged_decompiled_body,84563,80778,
function_441ed0,unchanged_decompiled_body,84602,80817,
function_442040,unchanged_decompiled_body,84673,80888,
function_4420f0,unchanged_decompiled_body,84706,80921,
function_442110,unchanged_decompiled_body,84716,80931,
function_4422e0,unchanged_decompiled_body,84787,81002,
function_442300,unchanged_decompiled_body,84798,81013,
function_442430,unchanged_decompiled_body,84956,81171,
function_442480,unchanged_decompiled_body,84978,81193,
function_4424b0,unchanged_decompiled_body,85003,81218,
function_4424f0,unchanged_decompiled_body,85030,81245,
function_442570,unchanged_decompiled_body,85060,81275,
function_442680,unchanged_decompiled_body,85123,81338,
function_4426f0,unchanged_decompiled_body,85157,81372,
function_442780,unchanged_decompiled_body,85183,81398,
function_4427a0,original_short_body,85193,81408,
function_4427b0,unchanged_decompiled_body,85199,81414,
function_4427e0,unchanged_decompiled_body,85211,81426,
function_442840,unchanged_decompiled_body,85237,81452,
function_4428b0,unchanged_decompiled_body,85266,81481,
function_442900,unchanged_decompiled_body,85291,81506,
function_442930,unchanged_decompiled_body,85311,81526,
function_4429d0,unchanged_decompiled_body,85351,81566,
function_442bd0,unchanged_decompiled_body,85498,81713,
function_442d20,unchanged_decompiled_body,85605,81820,
function_442da0,unchanged_decompiled_body,85687,81902,
function_442db0,unchanged_decompiled_body,85694,81909,
function_442f70,unchanged_decompiled_body,85730,81945,
function_442fb0,modified_nonempty_body,85751,81966,
function_442fe0,unchanged_decompiled_body,85761,81976,
function_4430e0,unchanged_decompiled_body,85811,82026,
function_443140,unchanged_decompiled_body,85835,82050,
function_443170,unchanged_decompiled_body,85851,82066,
function_443240,modified_nonempty_body,85995,82210,
function_4434c0,unchanged_decompiled_body,86334,82549,
function_443510,unchanged_decompiled_body,86368,82583,
function_443560,unchanged_decompiled_body,86387,82602,
function_443580,unchanged_decompiled_body,86408,82623,
function_443660,unchanged_decompiled_body,86428,82643,
function_443740,unchanged_decompiled_body,86448,82663,
function_443820,unchanged_decompiled_body,86468,82683,
function_4438a0,unchanged_decompiled_body,86485,82700,
function_443920,unchanged_decompiled_body,86502,82717,
function_4439a0,unchanged_decompiled_body,86516,82731,
function_443a40,unchanged_decompiled_body,86533,82748,
function_443b80,unchanged_decompiled_body,86579,82794,
function_443cc0,unchanged_decompiled_body,86625,82840,
function_443e00,unchanged_decompiled_body,86671,82886,
function_443f50,unchanged_decompiled_body,86717,82932,
function_444000,original_short_body,86779,82994,
function_444090,unchanged_decompiled_body,86785,83000,
function_444120,unchanged_decompiled_body,86793,83008,
function_4441b0,unchanged_decompiled_body,86813,83028,
function_444290,unchanged_decompiled_body,86888,83103,
function_4443c0,unchanged_decompiled_body,86970,83185,
function_444430,unchanged_decompiled_body,86985,83200,
function_444487,unchanged_decompiled_body,86994,83209,
function_44449a,unchanged_decompiled_body,87003,83218,
function_4444c0,unchanged_decompiled_body,87013,83228,
function_44451b,unchanged_decompiled_body,87023,83238,
function_44452e,unchanged_decompiled_body,87032,83247,
function_444550,unchanged_decompiled_body,87042,83257,
function_444570,modified_nonempty_body,87052,83267,
function_4445fe,original_short_body,87070,83285,
function_444606,unchanged_decompiled_body,87076,83291,
function_444630,original_short_body,87086,83301,
function_444650,unchanged_decompiled_body,87094,83309,
function_4446a7,unchanged_decompiled_body,87103,83318,
function_4446ba,unchanged_decompiled_body,87112,83327,
function_4446e0,unchanged_decompiled_body,87120,83335,
function_444930,unchanged_decompiled_body,87388,83603,
function_4449c0,unchanged_decompiled_body,87405,83620,
function_444a50,unchanged_decompiled_body,87426,83641,
function_444ad0,unchanged_decompiled_body,87476,83691,
function_444bf0,unchanged_decompiled_body,87530,83745,
function_444e30,unchanged_decompiled_body,87656,83871,
function_444f00,unchanged_decompiled_body,87687,83902,
function_444fb0,unchanged_decompiled_body,87726,83941,
function_4450f0,unchanged_decompiled_body,87751,83966,
function_445220,original_short_body,87877,84092,
function_445230,unchanged_decompiled_body,87883,84098,
function_445350,unchanged_decompiled_body,87924,84139,
function_445410,unchanged_decompiled_body,87998,84213,
function_445530,modified_nonempty_body,88090,84305,
function_445580,unchanged_decompiled_body,88101,84323,
function_4455e0,unchanged_decompiled_body,88112,84334,
function_445650,unchanged_decompiled_body,88125,84347,
function_4456c0,unchanged_decompiled_body,88139,84361,
function_445730,cpp_address_replacement,88153,,src/squirrel/squirrel_native_calls.cpp:115
function_445790,unchanged_decompiled_body,88165,84378,
function_4457f0,unchanged_decompiled_body,88177,84390,
function_445880,unchanged_decompiled_body,88198,84411,
function_445910,unchanged_decompiled_body,88219,84432,
function_4459a0,unchanged_decompiled_body,88240,84453,
function_445a30,unchanged_decompiled_body,88261,84474,
function_445b40,unchanged_decompiled_body,88355,84568,
function_445ba0,unchanged_decompiled_body,88389,84602,
function_445c50,unchanged_decompiled_body,88440,84653,
function_445d40,unchanged_decompiled_body,88504,84717,
function_445e90,unchanged_decompiled_body,88538,84751,
function_445f50,unchanged_decompiled_body,88574,84787,
function_445fb0,unchanged_decompiled_body,88597,84810,
function_4460d0,unchanged_decompiled_body,88691,84904,
function_4461b0,original_short_body,88724,84937,
function_4461c0,original_short_body,88732,84945,
function_4461d0,unchanged_decompiled_body,88740,84953,
function_446210,unchanged_decompiled_body,88764,84977,
function_446220,modified_nonempty_body,88774,84987,
function_4462c0,unchanged_decompiled_body,88806,85019,
function_446370,modified_nonempty_body,88864,85077,
function_446520,unchanged_decompiled_body,88897,85110,
function_4467e0,unchanged_decompiled_body,88988,85201,
function_446920,unchanged_decompiled_body,89075,85288,
function_446a30,unchanged_decompiled_body,89123,85336,
function_446a90,unchanged_decompiled_body,89153,85366,
function_446af0,unchanged_decompiled_body,89180,85393,
function_446b70,unchanged_decompiled_body,89203,85416,
function_446bd0,modified_nonempty_body,89214,85427,
function_447050,unchanged_decompiled_body,89535,85748,
function_447080,unchanged_decompiled_body,89556,85769,
function_447340,original_short_body,89686,85899,
function_447350,modified_nonempty_body,89692,85905,
function_4473a0,original_short_body,89709,85922,
function_4473b0,unchanged_decompiled_body,89715,85928,
function_447470,unchanged_decompiled_body,89738,85951,
function_447570,unchanged_decompiled_body,89763,85976,
function_447980,unchanged_decompiled_body,90136,86349,
function_447a00,unchanged_decompiled_body,90166,86379,
function_447b20,unchanged_decompiled_body,90225,86438,
function_447b90,unchanged_decompiled_body,90259,86472,
function_447bb0,original_short_body,90269,86482,
function_447bc0,unchanged_decompiled_body,90275,86488,
function_447bf0,unchanged_decompiled_body,90287,86500,
function_447c50,unchanged_decompiled_body,90299,86512,
function_447c60,unchanged_decompiled_body,90308,86521,
function_447cf0,unchanged_decompiled_body,90332,86545,
function_447dc0,unchanged_decompiled_body,90476,86689,
function_447f80,modified_nonempty_body,90512,86725,
function_448200,unchanged_decompiled_body,90851,87064,
function_448250,unchanged_decompiled_body,90885,87098,
function_4482a0,unchanged_decompiled_body,90904,87117,
function_4483e0,unchanged_decompiled_body,90950,87163,
function_448520,unchanged_decompiled_body,90996,87209,
function_448670,unchanged_decompiled_body,91042,87255,
function_448750,unchanged_decompiled_body,91062,87275,
function_448830,unchanged_decompiled_body,91082,87295,
function_448910,unchanged_decompiled_body,91102,87315,
function_4489b0,unchanged_decompiled_body,91119,87332,
function_448a90,unchanged_decompiled_body,91194,87407,
function_448bc0,modified_nonempty_body,91278,87491,
function_448c7b,original_short_body,91301,87514,
function_448c83,unchanged_decompiled_body,91307,87520,
function_448cb0,unchanged_decompiled_body,91315,87528,
function_448f00,unchanged_decompiled_body,91585,87798,
function_449040,unchanged_decompiled_body,91639,87852,
function_4490d0,unchanged_decompiled_body,91660,87873,
function_449160,unchanged_decompiled_body,91681,87894,
function_4491f0,unchanged_decompiled_body,91702,87915,
function_449269,unchanged_decompiled_body,91723,87936,
function_449300,original_short_body,91743,87956,
function_449310,original_short_body,91751,87964,
function_449320,unchanged_decompiled_body,91759,87972,
function_449360,unchanged_decompiled_body,91776,87989,
function_4493f0,modified_nonempty_body,91802,88015,
function_4495a0,unchanged_decompiled_body,91835,88048,
function_449860,unchanged_decompiled_body,91926,88139,
function_4499a0,unchanged_decompiled_body,92014,88227,
function_449ab0,unchanged_decompiled_body,92062,88275,
function_449b10,unchanged_decompiled_body,92092,88305,
function_449b70,unchanged_decompiled_body,92119,88332,
function_449c10,unchanged_decompiled_body,92148,88361,
function_449c50,unchanged_decompiled_body,92166,88379,
function_449f10,original_short_body,92296,88509,
function_449f20,modified_nonempty_body,92302,88515,
function_449f70,original_short_body,92319,88532,
function_449f80,unchanged_decompiled_body,92325,88538,
function_44a070,unchanged_decompiled_body,92358,88571,
function_44a170,unchanged_decompiled_body,92385,88598,
function_44a580,unchanged_decompiled_body,92758,88971,
function_44a600,unchanged_decompiled_body,92788,89001,
function_44a720,unchanged_decompiled_body,92847,89060,
function_44a790,unchanged_decompiled_body,92879,89092,
function_44a7b0,original_short_body,92887,89100,
function_44a7c0,unchanged_decompiled_body,92893,89106,
function_44a7f0,unchanged_decompiled_body,92905,89118,
function_44a800,unchanged_decompiled_body,92914,89127,
function_44a890,unchanged_decompiled_body,92938,89151,
function_44a960,unchanged_decompiled_body,93082,89295,
function_44ab20,modified_nonempty_body,93118,89331,
function_44ada0,unchanged_decompiled_body,93457,89670,
function_44ae00,unchanged_decompiled_body,93516,89729,
function_44ae50,unchanged_decompiled_body,93550,89763,
function_44aea0,unchanged_decompiled_body,93569,89782,
function_44afe0,unchanged_decompiled_body,93614,89827,
function_44b120,unchanged_decompiled_body,93660,89873,
function_44b270,unchanged_decompiled_body,93706,89919,
function_44b350,unchanged_decompiled_body,93726,89939,
function_44b430,unchanged_decompiled_body,93746,89959,
function_44b510,unchanged_decompiled_body,93766,89979,
function_44b5b0,unchanged_decompiled_body,93783,89996,
function_44b690,unchanged_decompiled_body,93858,90071,
function_44b7c0,unchanged_decompiled_body,93942,90155,
function_44b7e0,original_short_body,93951,90164,
function_44b800,original_short_body,93957,90170,
function_44b820,original_short_body,93963,90176,
function_44b840,unchanged_decompiled_body,93969,90182,
function_44ba90,unchanged_decompiled_body,94237,90450,
function_44bb10,unchanged_decompiled_body,94248,90461,
function_44bbc0,unchanged_decompiled_body,94268,90481,
function_44bc50,unchanged_decompiled_body,94285,90498,
function_44bce0,unchanged_decompiled_body,94306,90519,
function_44be20,unchanged_decompiled_body,94360,90573,
function_44beb0,unchanged_decompiled_body,94381,90594,
function_44bf29,unchanged_decompiled_body,94402,90615,
function_44bf50,unchanged_decompiled_body,94414,90627,
function_44c050,modified_nonempty_body,94465,90678,
function_44c140,unchanged_decompiled_body,94507,90720,
function_44c1c0,unchanged_decompiled_body,94566,90779,
function_44c2a0,modified_nonempty_body,94618,90831,
function_44c350,unchanged_decompiled_body,94631,90844,
function_44c5c0,unchanged_decompiled_body,94711,90924,
function_44c700,unchanged_decompiled_body,94797,91010,
function_44c810,unchanged_decompiled_body,94843,91056,
function_44c870,unchanged_decompiled_body,94867,91080,
function_44c8d0,unchanged_decompiled_body,94892,91105,
function_44c990,modified_nonempty_body,94917,91130,
function_44ca60,unchanged_decompiled_body,94951,91164,
function_44cad0,modified_nonempty_body,94989,91202,
function_44cbb0,unchanged_decompiled_body,95061,91274,
function_44ce70,original_short_body,95191,91404,
function_44ce80,modified_nonempty_body,95197,91410,
function_44ced0,original_short_body,95214,91427,
function_44cee0,unchanged_decompiled_body,95220,91433,
function_44cfb0,unchanged_decompiled_body,95243,91456,
function_44d0b0,unchanged_decompiled_body,95268,91481,
function_44d4c0,unchanged_decompiled_body,95639,91852,
function_44d550,unchanged_decompiled_body,95761,91974,
function_44d5a0,unchanged_decompiled_body,95771,91984,
function_44d670,unchanged_decompiled_body,95861,92074,
function_44d730,unchanged_decompiled_body,95921,92134,
function_44d7b0,unchanged_decompiled_body,95951,92164,
function_44d8d0,unchanged_decompiled_body,96010,92223,
function_44d940,unchanged_decompiled_body,96044,92257,
function_44d960,original_short_body,96054,92267,
function_44d970,unchanged_decompiled_body,96060,92273,
function_44d9a0,modified_nonempty_body,96074,92287,
function_44daa0,unchanged_decompiled_body,96124,92337,
function_44dab0,unchanged_decompiled_body,96133,92346,
function_44db40,unchanged_decompiled_body,96157,92370,
function_44dc10,unchanged_decompiled_body,96186,92399,
function_44dda0,unchanged_decompiled_body,96363,92576,
function_44df60,unchanged_decompiled_body,96399,92612,
function_44dfc0,unchanged_decompiled_body,96451,92664,
function_44e080,unchanged_decompiled_body,96596,92809,
function_44e170,modified_nonempty_body,96692,92905,
function_44e3f0,modified_nonempty_body,97031,93244,
function_44e6e0,unchanged_decompiled_body,97435,93648,
function_44e730,unchanged_decompiled_body,97469,93682,
function_44e780,cpp_address_replacement,97488,,src/reconstructed/act_containers.cpp:261
function_44e9d0,unchanged_decompiled_body,97607,93820,
function_44eb10,unchanged_decompiled_body,97653,93866,
function_44ec50,unchanged_decompiled_body,97699,93912,
function_44ed30,unchanged_decompiled_body,97719,93932,
function_44ee10,unchanged_decompiled_body,97739,93952,
function_44eeb0,unchanged_decompiled_body,97756,93969,
function_44ef90,unchanged_decompiled_body,97831,94044,
function_44f0c0,original_short_body,97913,94126,
function_44f0e0,unchanged_decompiled_body,97919,94132,
function_44f140,unchanged_decompiled_body,97933,94146,
function_44f390,unchanged_decompiled_body,98201,94414,
function_44f420,unchanged_decompiled_body,98218,94431,
function_44f4b0,unchanged_decompiled_body,98239,94452,
function_44f6f0,unchanged_decompiled_body,98336,94549,
function_44f720,unchanged_decompiled_body,98365,94578,
function_44f7ab,unchanged_decompiled_body,98386,94599,
function_44f7b0,unchanged_decompiled_body,98393,94606,
function_44f829,unchanged_decompiled_body,98414,94627,
function_44f8d0,unchanged_decompiled_body,98436,94649,
function_44f960,unchanged_decompiled_body,98455,94668,
function_44f9c0,unchanged_decompiled_body,98468,94681,
function_44fa90,unchanged_decompiled_body,98505,94718,
function_44fb50,unchanged_decompiled_body,98650,94863,
function_44fbe0,unchanged_decompiled_body,98700,94913,
function_44fc83,original_short_body,98718,94931,
function_44fca0,unchanged_decompiled_body,98724,94937,
function_44fcc0,unchanged_decompiled_body,98745,94958,
function_44fd10,original_short_body,98799,95012,
function_44fd20,unchanged_decompiled_body,98805,95018,
function_44fd30,unchanged_decompiled_body,98814,95027,
function_44fd60,unchanged_decompiled_body,98827,95040,
function_44fdd0,modified_nonempty_body,98842,95055,
function_44fde0,modified_nonempty_body,98851,95064,
function_44ff90,unchanged_decompiled_body,98931,95144,
function_450020,modified_nonempty_body,98965,95178,
function_450350,pr4_disconnected_removal,99310,,
function_450950,replacement_mapping_unresolved,99454,,
function_450d80,modified_nonempty_body,99719,95200,
function_450e30,replacement_mapping_unresolved,99756,,
function_450f30,pr4_disconnected_removal,99784,,
function_451270,unchanged_decompiled_body,99940,95447,
function_4513f0,unchanged_decompiled_body,100020,95527,
function_4514a0,replacement_mapping_unresolved,100049,,
function_451590,modified_nonempty_body,100098,95711,
function_4515a0,modified_nonempty_body,100105,95716,
function_4515c0,modified_nonempty_body,100113,95721,
function_4515f0,modified_nonempty_body,100121,95726,
function_451610,modified_nonempty_body,100136,95731,
function_451620,modified_nonempty_body,100144,95736,
function_451630,modified_nonempty_body,100153,95741,
function_451640,modified_nonempty_body,100162,95746,
function_4517c0,modified_nonempty_body,100297,95870,
function_4558b0,unchanged_decompiled_body,100324,95897,
function_455ee0,unchanged_decompiled_body,100361,95934,
function_451b70,modified_nonempty_body,100447,96020,
function_451f30,unchanged_decompiled_body,100598,96171,
function_451f80,modified_nonempty_body,100632,96205,
function_452010,unchanged_decompiled_body,100651,96224,
function_452020,modified_nonempty_body,100659,96232,
function_452040,modified_nonempty_body,100672,96247,
function_452150,modified_nonempty_body,100720,96332,
function_452220,modified_nonempty_body,100742,96354,
function_452270,unchanged_decompiled_body,100757,96369,
function_4522c0,unchanged_decompiled_body,100773,96385,
function_4522f0,modified_nonempty_body,100788,96745,
function_4525d0,modified_nonempty_body,101041,97360,
function_452ac0,unchanged_decompiled_body,101595,97545,
function_452ad0,unchanged_decompiled_body,101607,97557,
function_452ba0,unchanged_decompiled_body,101649,97599,
function_452be0,unchanged_decompiled_body,101664,97614,
function_452c20,modified_nonempty_body,101698,97651,
function_452cf0,unchanged_decompiled_body,101750,97703,
function_452d40,modified_nonempty_body,101783,97736,
function_453030,unchanged_decompiled_body,102147,98100,
function_4530a0,unchanged_decompiled_body,102183,98136,
function_453120,unchanged_decompiled_body,102213,98166,
function_453240,unchanged_decompiled_body,102272,98225,
function_4532b0,unchanged_decompiled_body,102304,98257,
function_4532d0,original_short_body,102312,98265,
function_4532e0,unchanged_decompiled_body,102318,98271,
function_453360,unchanged_decompiled_body,102347,98300,
function_4533e0,unchanged_decompiled_body,102377,98330,
function_453440,unchanged_decompiled_body,102411,98364,
function_4534a0,unchanged_decompiled_body,102430,98383,
function_4534c0,unchanged_decompiled_body,102451,98404,
function_4534e0,unchanged_decompiled_body,102472,98425,
function_4534f0,unchanged_decompiled_body,102481,98434,
function_453580,unchanged_decompiled_body,102507,98460,
function_4535c0,unchanged_decompiled_body,102525,98478,
function_4536b0,unchanged_decompiled_body,102568,98521,
function_4537b0,unchanged_decompiled_body,102615,98568,
function_4537d0,unchanged_decompiled_body,102633,98586,
function_453880,unchanged_decompiled_body,102772,98725,
function_4538e0,unchanged_decompiled_body,102824,98777,
function_4539b0,unchanged_decompiled_body,102968,98921,
function_453b70,unchanged_decompiled_body,103004,98957,
function_453bd0,unchanged_decompiled_body,103028,98981,
function_453c30,unchanged_decompiled_body,103052,99005,
function_453c80,modified_nonempty_body,103089,99042,
function_453f00,unchanged_decompiled_body,103428,99381,
function_453f40,unchanged_decompiled_body,103459,99412,
function_453f90,unchanged_decompiled_body,103493,99446,
function_453fe0,unchanged_decompiled_body,103512,99465,
function_454030,unchanged_decompiled_body,103564,99517,
function_454110,unchanged_decompiled_body,103584,99537,
function_4541f0,unchanged_decompiled_body,103604,99557,
function_4542d0,unchanged_decompiled_body,103624,99577,
function_4543b0,unchanged_decompiled_body,103644,99597,
function_454490,unchanged_decompiled_body,103664,99617,
function_454560,unchanged_decompiled_body,103739,99692,
function_454640,unchanged_decompiled_body,103814,99767,
function_454770,unchanged_decompiled_body,103896,99849,
function_454950,unchanged_decompiled_body,104117,100070,
function_454ba0,unchanged_decompiled_body,104385,100338,
function_454c20,unchanged_decompiled_body,104414,100367,
function_454c80,unchanged_decompiled_body,104425,100378,
function_454cf0,unchanged_decompiled_body,104442,100395,
function_454d60,unchanged_decompiled_body,104458,100411,
function_454dd0,unchanged_decompiled_body,104474,100427,
function_454e40,unchanged_decompiled_body,104492,100445,
function_454ed0,unchanged_decompiled_body,104509,100462,
function_454f80,unchanged_decompiled_body,104535,100488,
function_455010,unchanged_decompiled_body,104554,100507,
function_455090,unchanged_decompiled_body,104588,100541,
function_4550d0,unchanged_decompiled_body,104622,100575,
function_455180,unchanged_decompiled_body,104696,100649,
function_455230,unchanged_decompiled_body,104735,100688,
function_4552e0,cpp_address_replacement,104787,,src/squirrel/squirrel_native_calls.cpp:125
function_455330,modified_nonempty_body,104797,100743,
function_455390,unchanged_decompiled_body,104810,100794,
function_4554b0,unchanged_decompiled_body,104839,100823,
function_455520,unchanged_decompiled_body,104852,100836,
function_4555a0,cpp_address_replacement,104867,,src/squirrel/squirrel_native_calls.cpp:137
function_4556c0,unchanged_decompiled_body,104896,100854,
function_455730,unchanged_decompiled_body,104909,100867,
function_4557a0,unchanged_decompiled_body,104922,100880,
function_4557d0,unchanged_decompiled_body,104954,100912,
function_455880,modified_nonempty_body,105016,100974,
function_455890,modified_nonempty_body,105024,100984,
function_455990,unchanged_decompiled_body,105108,101078,
function_455a20,unchanged_decompiled_body,105166,101136,
function_455c40,unchanged_decompiled_body,105437,101407,
function_455ce0,unchanged_decompiled_body,105514,101484,
function_455d30,modified_nonempty_body,105534,101504,
function_455dc0,unchanged_decompiled_body,105621,101592,
function_455e40,modified_nonempty_body,105652,101699,
function_455ec0,modified_nonempty_body,105669,101713,
function_455f50,unchanged_decompiled_body,105710,101754,
function_455fd0,unchanged_decompiled_body,105751,101795,
function_456210,unchanged_decompiled_body,105973,102017,
function_456260,unchanged_decompiled_body,105995,102039,
function_456290,unchanged_decompiled_body,106014,102058,
function_456310,unchanged_decompiled_body,106030,102074,
function_456360,unchanged_decompiled_body,106060,102104,
function_4563b0,unchanged_decompiled_body,106086,102130,
function_456690,unchanged_decompiled_body,106283,102327,
function_4567d0,unchanged_decompiled_body,106316,102360,
function_456870,unchanged_decompiled_body,106445,102489,
function_4569f0,unchanged_decompiled_body,106576,102620,
function_456a00,unchanged_decompiled_body,106587,102631,
function_456b30,unchanged_decompiled_body,106627,102671,
function_456b60,unchanged_decompiled_body,106647,102691,
function_456ca0,unchanged_decompiled_body,106754,102798,
function_456d00,unchanged_decompiled_body,106782,102826,
function_456f00,unchanged_decompiled_body,107046,103090,
function_456f60,unchanged_decompiled_body,107075,103119,
function_457110,unchanged_decompiled_body,107165,103209,
function_457170,modified_nonempty_body,107187,103231,
function_457260,unchanged_decompiled_body,107282,103326,
function_457270,unchanged_decompiled_body,107289,103333,
function_457280,unchanged_decompiled_body,107296,103340,
function_457310,unchanged_decompiled_body,107346,103390,
function_457500,unchanged_decompiled_body,107553,103597,
function_457660,unchanged_decompiled_body,107671,103715,
function_4576e0,unchanged_decompiled_body,107708,103752,
function_457810,modified_nonempty_body,107907,103951,
function_457a10,replacement_mapping_unresolved,108073,,
function_457a80,unchanged_decompiled_body,108140,104178,
function_457ac0,unchanged_decompiled_body,108166,104204,
function_457b40,unchanged_decompiled_body,108202,104240,
function_457c40,unchanged_decompiled_body,108253,104291,
function_457ca0,unchanged_decompiled_body,108280,104318,
function_457cf0,unchanged_decompiled_body,108307,104345,
function_457e30,unchanged_decompiled_body,108408,104446,
function_457f00,unchanged_decompiled_body,108455,104493,
function_457f60,unchanged_decompiled_body,108477,104515,
function_457fc0,modified_nonempty_body,108505,104543,
function_458090,cpp_address_replacement,108564,,src/reconstructed/act_containers.cpp:269
function_458200,cpp_address_replacement,108717,,src/reconstructed/act_containers.cpp:387
function_4582c0,unchanged_decompiled_body,108789,104826,
function_458330,unchanged_decompiled_body,108818,104855,
function_4583a0,cpp_address_replacement,108832,,src/reconstructed/act_containers.cpp:431
function_4583f0,unchanged_decompiled_body,108864,104901,
function_458410,unchanged_decompiled_body,108897,104934,
function_458440,unchanged_decompiled_body,108925,104962,
function_458570,original_short_body,108988,105025,
function_458580,original_short_body,108994,105031,
function_458590,unchanged_decompiled_body,109002,105039,
function_4585c0,modified_nonempty_body,109020,105057,
function_458710,unchanged_decompiled_body,109199,105238,
function_4587d0,unchanged_decompiled_body,109236,105275,
function_4588a0,unchanged_decompiled_body,109279,105318,
function_458a20,unchanged_decompiled_body,109376,105415,
function_459150,unchanged_decompiled_body,109824,105863,
function_459360,unchanged_decompiled_body,109974,106013,
function_459420,unchanged_decompiled_body,110008,106047,
function_4594a0,unchanged_decompiled_body,110036,106075,
function_4594d0,unchanged_decompiled_body,110053,106092,
function_4594f0,modified_nonempty_body,110066,106105,
function_4595e0,unchanged_decompiled_body,110089,106130,
function_459690,original_short_body,110113,106154,
function_4596a0,original_short_body,110121,106162,
function_4596b0,unchanged_decompiled_body,110127,106168,
function_459780,unchanged_decompiled_body,110165,106206,
function_459800,unchanged_decompiled_body,110208,106249,
function_459840,unchanged_decompiled_body,110237,106278,
function_4598a0,unchanged_decompiled_body,110264,106305,
function_459920,unchanged_decompiled_body,110299,106340,
function_459980,unchanged_decompiled_body,110323,106364,
function_4599e0,unchanged_decompiled_body,110388,106429,
function_459a40,unchanged_decompiled_body,110453,106494,
function_459b40,original_short_body,110547,106588,
function_459b50,unchanged_decompiled_body,110555,106596,
function_459bc0,unchanged_decompiled_body,110589,106630,
function_459d00,unchanged_decompiled_body,110689,106730,
function_459e90,unchanged_decompiled_body,110819,106860,
function_459ec0,unchanged_decompiled_body,110850,106891,
function_459f00,unchanged_decompiled_body,110872,106913,
function_459fa0,unchanged_decompiled_body,110889,106930,
function_459fe0,unchanged_decompiled_body,110909,106950,
function_45a080,unchanged_decompiled_body,110928,106969,
function_45a0a0,unchanged_decompiled_body,110941,106982,
function_45a150,unchanged_decompiled_body,110958,106999,
function_45a190,unchanged_decompiled_body,110978,107019,
function_45a230,unchanged_decompiled_body,110997,107038,
function_45a250,unchanged_decompiled_body,111012,107053,
function_45a2f0,unchanged_decompiled_body,111029,107070,
function_45a320,unchanged_decompiled_body,111047,107088,
function_45a3c0,unchanged_decompiled_body,111066,107107,
function_45a3e0,unchanged_decompiled_body,111079,107120,
function_45a490,unchanged_decompiled_body,111096,107137,
function_45a4c0,unchanged_decompiled_body,111113,107154,
function_45a560,unchanged_decompiled_body,111132,107173,
function_45a590,unchanged_decompiled_body,111153,107194,
function_45a630,unchanged_decompiled_body,111170,107211,
function_45a650,unchanged_decompiled_body,111181,107222,
function_45a700,unchanged_decompiled_body,111200,107241,
function_45a740,unchanged_decompiled_body,111229,107270,
function_45a770,unchanged_decompiled_body,111245,107286,
function_45a780,unchanged_decompiled_body,111254,107295,
function_45a7b0,unchanged_decompiled_body,111272,107313,
function_45a810,unchanged_decompiled_body,111298,107339,
function_45a870,unchanged_decompiled_body,111327,107368,
function_45a8d0,unchanged_decompiled_body,111355,107396,
function_45a940,unchanged_decompiled_body,111387,107428,
function_45a9a0,unchanged_decompiled_body,111416,107457,
function_45aa00,unchanged_decompiled_body,111445,107486,
function_45aa60,unchanged_decompiled_body,111474,107515,
function_45aac0,unchanged_decompiled_body,111503,107544,
function_45ab20,unchanged_decompiled_body,111530,107571,
function_45ab70,unchanged_decompiled_body,111546,107587,
function_45bb10,unchanged_decompiled_body,111571,107612,
function_45ac00,unchanged_decompiled_body,111581,107622,
function_45ac90,modified_nonempty_body,111624,107665,
function_45ade0,modified_nonempty_body,111701,107742,
function_45ae60,unchanged_decompiled_body,111735,107776,
function_45ae70,unchanged_decompiled_body,111745,107786,
function_45aea0,unchanged_decompiled_body,111758,107799,
function_45aed0,unchanged_decompiled_body,111771,107812,
function_45af50,unchanged_decompiled_body,111806,107847,
function_45b0b0,unchanged_decompiled_body,111842,107883,
function_45b140,modified_nonempty_body,111856,107897,
function_45b1d0,unchanged_decompiled_body,111932,107973,
function_45b220,unchanged_decompiled_body,111981,108022,
function_45b2e0,modified_nonempty_body,112024,108065,
function_45b460,unchanged_decompiled_body,112111,108152,
function_45b560,unchanged_decompiled_body,112201,108242,
function_45b5b0,unchanged_decompiled_body,112217,108258,
function_45b640,unchanged_decompiled_body,112253,108294,
function_45b6d0,modified_nonempty_body,112296,108337,
function_45b820,modified_nonempty_body,112373,108414,
function_45b8a0,unchanged_decompiled_body,112407,108448,
function_45b8b0,modified_nonempty_body,112415,108456,
function_45bb60,unchanged_decompiled_body,112539,108580,
function_45bb90,unchanged_decompiled_body,112552,108593,
function_45bbc0,unchanged_decompiled_body,112565,108606,
function_45bc30,unchanged_decompiled_body,112597,108638,
function_45bc40,unchanged_decompiled_body,112610,108651,
function_45bd00,modified_nonempty_body,112635,108676,
function_45bd80,modified_nonempty_body,112679,108720,
function_45be30,unchanged_decompiled_body,112724,108765,
function_45bee0,unchanged_decompiled_body,112805,108846,
function_45c030,unchanged_decompiled_body,112912,108953,
function_45c070,unchanged_decompiled_body,112935,108976,
function_45c090,unchanged_decompiled_body,112952,108993,
function_45c0f0,unchanged_decompiled_body,112984,109025,
function_45c200,unchanged_decompiled_body,113096,109137,
function_45c260,unchanged_decompiled_body,113111,109152,
function_45c300,unchanged_decompiled_body,113174,109215,
function_45c340,unchanged_decompiled_body,113188,109229,
function_45c360,unchanged_decompiled_body,113201,109242,
function_45c390,unchanged_decompiled_body,113220,109261,
function_45c4e0,unchanged_decompiled_body,113333,109374,
function_45c500,unchanged_decompiled_body,113348,109389,
function_45c560,original_short_body,113384,109425,
function_45c590,unchanged_decompiled_body,113392,109433,
function_45c620,unchanged_decompiled_body,113408,109449,
function_45c680,unchanged_decompiled_body,113417,109458,
function_45c6e0,unchanged_decompiled_body,113429,109470,
function_45c770,unchanged_decompiled_body,113441,109482,
function_45c780,unchanged_decompiled_body,113452,109493,
function_45c7a0,unchanged_decompiled_body,113469,109510,
function_45c830,original_short_body,113479,109520,
function_45c8b0,unchanged_decompiled_body,113487,109528,
function_45c8d0,unchanged_decompiled_body,113503,109544,
function_45c920,unchanged_decompiled_body,113533,109574,
function_45c930,unchanged_decompiled_body,113542,109583,
function_45ca20,unchanged_decompiled_body,113601,109642,
function_45ca30,unchanged_decompiled_body,113610,109651,
function_45cac0,unchanged_decompiled_body,113652,109693,
function_45cb20,unchanged_decompiled_body,113682,109723,
function_45cc60,modified_nonempty_body,113759,109800,
function_45cd50,unchanged_decompiled_body,113782,109825,
function_45ce00,unchanged_decompiled_body,113806,109849,
function_45d120,original_short_body,113907,109950,
function_45d240,unchanged_decompiled_body,113915,109958,
function_45d2f0,modified_nonempty_body,113979,110022,
function_45d530,unchanged_decompiled_body,114077,110120,
function_45d5a0,unchanged_decompiled_body,114096,110139,
function_45d5f0,modified_nonempty_body,114114,110157,
function_45d740,modified_nonempty_body,114191,110234,
function_45d7c0,unchanged_decompiled_body,114225,110268,
function_45d7d0,unchanged_decompiled_body,114233,110276,
function_45d800,unchanged_decompiled_body,114246,110289,
function_45d830,unchanged_decompiled_body,114259,110302,
function_45d890,unchanged_decompiled_body,114295,110338,
function_45d8e0,unchanged_decompiled_body,114327,110370,
function_45d960,modified_nonempty_body,114362,110405,
function_45d970,modified_nonempty_body,114369,110423,
function_45d9a0,unchanged_decompiled_body,114382,110428,
function_45d9c0,unchanged_decompiled_body,114393,110439,
function_45d9f0,modified_nonempty_body,114406,110452,
function_45da00,modified_nonempty_body,114416,110467,
function_45da40,original_short_body,114428,110483,
function_45da50,modified_nonempty_body,114436,110491,
function_45dac0,modified_nonempty_body,114450,110506,
function_45db10,unchanged_decompiled_body,114473,110541,
function_45db30,replacement_mapping_unresolved,114495,,
function_45db90,unchanged_decompiled_body,114505,110564,
function_45dbc0,replacement_mapping_unresolved,114515,,
function_45dbd0,explicit_receiver_in_c,114524,,
function_45de70,modified_nonempty_body,114842,110576,
function_45de90,unchanged_decompiled_body,114850,110581,
function_45df10,modified_nonempty_body,114905,110657,
function_45dfb0,modified_nonempty_body,114922,110673,
function_45e020,cpp_address_replacement,114950,,src/squirrel/squirrel_game_objects.cpp:187
function_45e0e0,unchanged_decompiled_body,114984,110679,
function_45e120,pr4_disconnected_removal,115014,,
function_45e270,modified_nonempty_body,115083,110712,
function_45e300,cpp_address_replacement,115106,,src/squirrel/actor_lifecycle.cpp:113
function_45e410,modified_nonempty_body,115146,110747,
function_45e460,cpp_address_replacement,115163,,src/squirrel/actor_lifecycle.cpp:154;src/squirrel/actor_lifecycle.cpp:214
function_45e5e0,explicit_receiver_in_c,115244,,
function_45eb00,explicit_receiver_in_c,115421,,
function_45ec60,modified_nonempty_body,115468,113096,
function_45f0c0,cpp_address_replacement,115869,,src/squirrel/actor_lifecycle.cpp:217
function_45f0f0,unchanged_decompiled_body,115882,111006,
function_45f350,unchanged_decompiled_body,116027,111151,
function_45f3b0,unchanged_decompiled_body,116075,111199,
function_45f3e0,modified_nonempty_body,116082,111206,src/squirrel/squirrel_class_binding.cpp:161
function_45f4f0,cpp_address_replacement,116121,,src/squirrel/squirrel_class_binding.cpp:97
function_45f560,cpp_address_replacement,116137,,src/squirrel/squirrel_method_dispatch.cpp:42
function_48a7d0,cpp_address_replacement,116140,,src/squirrel/act_binding.cpp:958;src/squirrel/act_binding.cpp:986;src/squirrel/squirrel_legacy_api.cpp:116
function_45f5a0,cpp_address_replacement,116149,,src/squirrel/squirrel_method_dispatch.cpp:51
function_48a830,cpp_address_replacement,116152,,src/squirrel/squirrel_legacy_api.cpp:120
function_45f5e0,cpp_address_replacement,116161,,src/squirrel/squirrel_method_dispatch.cpp:58;src/squirrel/squirrel_method_dispatch.cpp:61
function_45f640,cpp_address_replacement,116181,,src/squirrel/squirrel_class_binding.cpp:109
function_45f760,replacement_mapping_unresolved,116238,,
function_45f780,replacement_mapping_unresolved,116247,,
function_45f7a0,replacement_mapping_unresolved,116255,,
function_45f7e0,replacement_mapping_unresolved,116264,,
function_45f800,replacement_mapping_unresolved,116272,,
function_45f810,replacement_mapping_unresolved,116279,,
function_45f820,replacement_mapping_unresolved,116286,,
function_45f850,cpp_address_replacement,116293,,src/squirrel/squirrel_method_dispatch.cpp:64
function_45f8c0,cpp_address_replacement,116320,,src/squirrel/squirrel_method_dispatch.cpp:72
function_45f9d0,cpp_address_replacement,116344,,src/squirrel/squirrel_method_dispatch.cpp:87
function_45fab0,cpp_address_replacement,116402,,src/squirrel/squirrel_class_binding.cpp:140
function_4aa080,cpp_address_replacement,116437,,src/squirrel/squirrel_host_compat.cpp:362
function_45fb90,replacement_mapping_unresolved,116446,,
function_45fcd0,replacement_mapping_unresolved,116478,,
function_45fd80,replacement_mapping_unresolved,116498,,
function_45fe80,replacement_mapping_unresolved,116529,,
function_45ff80,unchanged_decompiled_body,116572,111274,
function_45ff90,original_short_body,116579,111281,
function_45ffa0,unchanged_decompiled_body,116585,111287,
function_45ffb0,original_short_body,116594,111296,
function_45ffc0,unchanged_decompiled_body,116600,111302,
function_45ffd0,original_short_body,116607,111309,
function_45ffe0,unchanged_decompiled_body,116613,111315,
function_460540,cpp_address_replacement,116795,,src/squirrel/squirrel_method_dispatch.cpp:98;src/squirrel/squirrel_method_dispatch.cpp:137
function_4606d0,cpp_address_replacement,116864,,src/squirrel/actor_lifecycle.cpp:177;src/squirrel/actor_lifecycle.cpp:222
function_4607e0,cpp_address_replacement,116926,,src/squirrel/squirrel_class_binding.cpp:199
function_460900,original_short_body,116967,111512,
function_460920,cpp_address_replacement,116973,,src/squirrel/squirrel_class_binding.cpp:186
function_4609c0,cpp_address_replacement,116995,,src/squirrel/squirrel_class_binding.cpp:190
function_460a60,cpp_address_replacement,117017,,src/squirrel/squirrel_class_binding.cpp:194
function_460b00,cpp_address_replacement,117039,,src/squirrel/squirrel_method_dispatch.cpp:141
function_460b50,cpp_address_replacement,117052,,src/squirrel/squirrel_method_dispatch.cpp:147
function_460bc0,cpp_address_replacement,117067,,src/squirrel/squirrel_method_dispatch.cpp:159
function_460c10,cpp_address_replacement,117081,,src/squirrel/squirrel_method_dispatch.cpp:164
function_460c70,cpp_address_replacement,117095,,src/squirrel/squirrel_method_dispatch.cpp:170
function_460cc0,cpp_address_replacement,117109,,src/squirrel/squirrel_method_dispatch.cpp:175
function_460d10,cpp_address_replacement,117123,,src/squirrel/squirrel_class_binding.cpp:215;src/squirrel/squirrel_class_binding.cpp:232
function_460de0,original_short_body,117164,111548,
function_460e00,modified_nonempty_body,117170,111554,src/squirrel/squirrel_class_binding.cpp:242
function_462250,unchanged_decompiled_body,117918,112248,
function_462280,explicit_receiver_in_c,117934,,
function_462480,unchanged_decompiled_body,118101,112269,
function_4624a0,unchanged_decompiled_body,118115,112283,
function_4624c0,unchanged_decompiled_body,118133,112301,
function_4624e0,unchanged_decompiled_body,118151,112319,
function_462530,unchanged_decompiled_body,118203,112371,
function_462550,unchanged_decompiled_body,118221,112389,
function_4625a0,unchanged_decompiled_body,118273,112441,
function_462600,unchanged_decompiled_body,118300,112468,
function_4627c0,explicit_receiver_in_c,118453,,
function_462810,unchanged_decompiled_body,118500,113755,
function_462870,unchanged_decompiled_body,118538,113793,
function_4628b0,unchanged_decompiled_body,118551,113806,
function_462910,unchanged_decompiled_body,118573,113828,
function_462970,unchanged_decompiled_body,118611,113866,
function_4629d0,unchanged_decompiled_body,118649,113904,
function_4629f0,unchanged_decompiled_body,118668,113923,
function_462a20,unchanged_decompiled_body,118689,113944,
function_462b10,unchanged_decompiled_body,118765,114020,
function_462bf0,unchanged_decompiled_body,118840,114095,
function_462ce0,modified_nonempty_body,118915,114189,
function_462e3e,replacement_mapping_unresolved,118973,,
function_462e80,modified_nonempty_body,118987,114212,
function_462f30,modified_nonempty_body,119094,114242,
function_462f80,unchanged_decompiled_body,119138,114247,
function_462fe0,unchanged_decompiled_body,119176,114285,
function_463210,unchanged_decompiled_body,119439,114548,
function_463280,modified_nonempty_body,119474,114618,
function_4634d0,modified_nonempty_body,119761,114905,
function_463510,unchanged_decompiled_body,119792,114910,
function_463580,unchanged_decompiled_body,119806,114924,
function_4635e0,unchanged_decompiled_body,119878,114996,
function_463610,unchanged_decompiled_body,119906,115024,
function_463690,modified_nonempty_body,119959,115278,
function_4636e0,unchanged_decompiled_body,120004,115323,
function_463730,modified_nonempty_body,120049,115368,
function_463800,explicit_receiver_in_c,120233,,
function_463820,unchanged_decompiled_body,120243,115419,
function_4638b0,unchanged_decompiled_body,120268,115444,
function_4638f0,unchanged_decompiled_body,120277,115453,
function_4639f0,unchanged_decompiled_body,120344,115520,
function_463af0,explicit_receiver_in_c,120410,,
function_463b40,explicit_receiver_in_c,120429,,
function_463cf0,modified_nonempty_body,120505,115707,
function_463d40,modified_nonempty_body,120520,115713,
function_463e60,modified_nonempty_body,120667,115860,
function_4641d0,modified_nonempty_body,121106,115907,
function_4645b0,unchanged_decompiled_body,121378,115917,
function_4645f0,unchanged_decompiled_body,121416,115955,
function_4646f0,unchanged_decompiled_body,121479,116018,
function_464790,unchanged_decompiled_body,121516,116055,
function_464870,unchanged_decompiled_body,121565,116104,
function_4648b0,unchanged_decompiled_body,121586,116125,
function_464c90,unchanged_decompiled_body,121729,116268,
function_464d90,modified_nonempty_body,121767,116306,
function_464e20,modified_nonempty_body,121775,116311,
function_464f80,modified_nonempty_body,121924,116979,
function_465f70,modified_nonempty_body,123295,116989,
function_466050,modified_nonempty_body,123444,116994,
function_466090,modified_nonempty_body,123465,117046,
function_4660c0,modified_nonempty_body,123484,117080,
function_466100,modified_nonempty_body,123512,117122,
function_466270,modified_nonempty_body,123600,117221,
function_466320,unchanged_decompiled_body,123626,117257,
function_4663c0,replacement_mapping_unresolved,123669,,
function_466470,replacement_mapping_unresolved,123689,,
function_466490,replacement_mapping_unresolved,123702,,
function_4664a0,unchanged_decompiled_body,123709,117304,
function_466540,original_short_body,123744,117339,
function_466560,replacement_mapping_unresolved,123750,,
function_4665d0,original_short_body,123763,117348,
function_4665e0,explicit_receiver_in_c,123769,,
function_466770,modified_nonempty_body,123838,117448,
function_466890,modified_nonempty_body,123879,117490,
function_466900,modified_nonempty_body,123894,117530,
function_4669d0,modified_nonempty_body,123935,117538,
function_466e20,unchanged_decompiled_body,124101,117716,
function_4674b0,unchanged_decompiled_body,124120,117735,
function_4677c0,unchanged_decompiled_body,124240,117855,
function_467cd0,unchanged_decompiled_body,124526,118141,
function_4681e0,explicit_receiver_in_c,124804,,
function_4682a0,modified_nonempty_body,124915,118483,
function_4683c0,unchanged_decompiled_body,125155,118490,
function_468440,unchanged_decompiled_body,125228,118563,
function_4684a0,unchanged_decompiled_body,125250,118585,
function_468540,unchanged_decompiled_body,125359,118694,
function_468580,unchanged_decompiled_body,125403,118738,
function_468620,modified_nonempty_body,125532,118867,
function_468790,unchanged_decompiled_body,125695,118967,
function_4687d0,unchanged_decompiled_body,125728,119000,
function_46889b,unchanged_decompiled_body,125779,119051,
function_468950,unchanged_decompiled_body,125838,119110,
function_4689d0,pr4_disconnected_removal,125869,,
function_4693a0,modified_nonempty_body,126983,119195,
function_469620,explicit_receiver_in_c,127182,,
function_469640,modified_nonempty_body,127189,119286,
function_469680,modified_nonempty_body,127200,119322,
function_4696b0,modified_nonempty_body,127210,119334,
function_469700,modified_nonempty_body,127219,119350,
function_469710,modified_nonempty_body,127225,119358,
function_469740,original_short_body,127231,119366,
function_469750,pr4_disconnected_removal,127237,,
function_469780,modified_nonempty_body,127243,119375,
function_4697a0,original_short_body,127249,119384,
function_4697c0,modified_nonempty_body,127255,119390,
function_4697e0,modified_nonempty_body,127261,119395,
function_469820,original_short_body,127267,119402,
function_469840,modified_nonempty_body,127273,119408,
function_469860,modified_nonempty_body,127279,119425,
function_469870,modified_nonempty_body,127285,119432,
function_469880,original_short_body,127291,119440,
function_4698a0,original_short_body,127297,119446,
function_4698c0,unchanged_decompiled_body,127303,119452,
function_4698d0,unchanged_decompiled_body,127311,119460,
function_469900,modified_nonempty_body,127324,119473,
function_4699bf,replacement_mapping_unresolved,127360,,
function_469a03,unchanged_decompiled_body,127376,119541,
function_469a20,modified_nonempty_body,127382,119550,
function_469b30,unchanged_decompiled_body,127414,119603,
function_469b40,modified_nonempty_body,127423,119612,
function_469d10,modified_nonempty_body,127460,119660,
function_469dd0,modified_nonempty_body,127481,119681,
function_469ed0,unchanged_decompiled_body,127502,119694,
function_469ef0,modified_nonempty_body,127522,119714,
function_46a140,modified_nonempty_body,127809,120001,
function_46a1d0,modified_nonempty_body,127844,120056,
function_46a210,modified_nonempty_body,127870,120074,
function_46a260,unchanged_decompiled_body,127886,120104,
function_46a2d0,explicit_receiver_in_c,127980,,
function_46a380,unchanged_decompiled_body,128015,120371,
function_46a390,modified_nonempty_body,128025,120381,
function_46a450,unchanged_decompiled_body,128060,120416,
function_46a550,unchanged_decompiled_body,128172,120528,
function_46a580,unchanged_decompiled_body,128185,120541,
function_46a5b0,unchanged_decompiled_body,128210,120566,
function_46a650,unchanged_decompiled_body,128349,120705,
function_46a6f0,explicit_receiver_in_c,128490,,
function_46a7a0,unchanged_decompiled_body,128540,120879,
function_46a7e0,unchanged_decompiled_body,128552,120891,
function_46a830,modified_nonempty_body,128568,120934,
function_46a9c0,unchanged_decompiled_body,128764,121139,
function_46aa60,explicit_receiver_in_c,128812,,
function_46aae0,unchanged_decompiled_body,128839,121230,
function_46ab10,explicit_receiver_in_c,128854,,
function_46acb0,unchanged_decompiled_body,128965,121332,
function_46acf0,unchanged_decompiled_body,129010,121377,
function_46ad50,unchanged_decompiled_body,129023,121390,
function_46afa0,unchanged_decompiled_body,129133,121404,
function_46b080,unchanged_decompiled_body,129202,121473,
function_46b420,unchanged_decompiled_body,129494,121765,
function_46b450,replacement_mapping_unresolved,129506,,
function_48a8d0,cpp_address_replacement,129509,,src/squirrel/squirrel_legacy_api.cpp:128
function_46b490,cpp_address_replacement,129518,,src/squirrel/squirrel_native_calls.cpp:157
function_46b500,cpp_address_replacement,129545,,src/squirrel/squirrel_native_calls.cpp:165
function_46b610,cpp_address_replacement,129633,,src/squirrel/squirrel_native_calls.cpp:184
function_46b6f0,cpp_address_replacement,129694,,src/squirrel/squirrel_native_calls.cpp:187
function_46b7c0,modified_nonempty_body,129757,121793,
function_46b880,modified_nonempty_body,129790,121818,
function_46b9a0,modified_nonempty_body,129843,121864,
function_46bbe0,modified_nonempty_body,129875,121948,
function_46bc90,modified_nonempty_body,129908,121981,
function_46be40,modified_nonempty_body,130032,122020,
function_46bea0,unchanged_decompiled_body,130054,122042,
function_46bf00,unchanged_decompiled_body,130076,122064,
function_46bf60,unchanged_decompiled_body,130104,122092,
function_46bfc0,unchanged_decompiled_body,130135,122123,
function_46bff0,unchanged_decompiled_body,130159,122147,
function_46c040,unchanged_decompiled_body,130193,122181,
function_46c0f0,unchanged_decompiled_body,130219,122207,
function_46c1a0,unchanged_decompiled_body,130298,122286,
function_46c220,unchanged_decompiled_body,130343,122331,
function_46c3d0,unchanged_decompiled_body,130496,122484,
function_46c400,unchanged_decompiled_body,130510,122498,
function_46c4e0,unchanged_decompiled_body,130550,122538,
function_46c570,unchanged_decompiled_body,130557,122545,
function_46c600,replacement_mapping_unresolved,130579,,
function_46c840,unchanged_decompiled_body,130762,122568,
function_46c8b0,unchanged_decompiled_body,130796,122602,
function_46c9e0,modified_nonempty_body,130972,122778,
function_46cbb0,unchanged_decompiled_body,131122,122930,
function_46cd90,unchanged_decompiled_body,131252,123060,
function_46ce40,original_short_body,131312,123120,
function_46ce70,cpp_address_replacement,131318,,src/squirrel/squirrel_native_calls.cpp:196
function_46cec0,cpp_address_replacement,131330,,src/squirrel/squirrel_native_calls.cpp:197
function_46cf10,cpp_address_replacement,131342,,src/squirrel/squirrel_native_calls.cpp:198
function_46cf60,cpp_address_replacement,131354,,src/squirrel/squirrel_native_calls.cpp:199
function_46cfb0,explicit_receiver_in_c,131366,,
function_46d080,unchanged_decompiled_body,131397,123143,
function_46d130,unchanged_decompiled_body,131448,123194,
function_46d190,unchanged_decompiled_body,131481,123227,
function_46d2a0,unchanged_decompiled_body,131534,123280,
function_46d400,unchanged_decompiled_body,131651,123397,
function_46d460,replacement_mapping_unresolved,131683,,
function_46d6d0,unchanged_decompiled_body,131854,123430,
function_46d750,unchanged_decompiled_body,131884,123460,
function_46d8b0,replacement_mapping_unresolved,131937,,
function_46d950,modified_nonempty_body,131956,123516,
function_46e480,unchanged_decompiled_body,132377,123949,
function_46e530,replacement_mapping_unresolved,132392,,
function_46e6f0,modified_nonempty_body,132484,124032,
function_46ed80,original_short_body,132809,124038,
function_46eda0,original_short_body,132817,124046,
function_46edb0,historical_removal_manifest,132823,,
function_46edc0,modified_nonempty_body,132829,124080,
function_46ee20,modified_nonempty_body,132853,124107,
function_46eed0,replacement_mapping_unresolved,132887,,
function_46ef40,modified_nonempty_body,132898,124164,
function_46efd0,unchanged_decompiled_body,132928,124170,
function_46f020,unchanged_decompiled_body,132962,124204,
function_46f0b0,modified_nonempty_body,132978,124220,
function_46f0d0,unchanged_decompiled_body,132991,124255,
function_46f100,unchanged_decompiled_body,132997,124261,
function_46f140,modified_nonempty_body,133015,124279,
function_46f200,modified_nonempty_body,133077,124285,
function_46f320,unchanged_decompiled_body,133118,124327,
function_46f450,unchanged_decompiled_body,133180,124389,
function_46f620,modified_nonempty_body,133285,124426,
function_46f6d0,modified_nonempty_body,133353,124644,
function_46f9f0,explicit_receiver_in_c,133608,,
function_46fac0,modified_nonempty_body,133647,124674,
function_46fd70,modified_nonempty_body,133748,124781,
function_46ff60,unchanged_decompiled_body,133923,124822,
function_470030,modified_nonempty_body,133987,124886,
function_4700b0,unchanged_decompiled_body,134015,124894,
function_470100,modified_nonempty_body,134030,124909,
function_4701b0,original_short_body,134071,124950,
function_4701d0,original_short_body,134079,124958,
function_4701e0,modified_nonempty_body,134085,124964,
function_470220,modified_nonempty_body,134094,124975,
function_470290,modified_nonempty_body,134123,124991,
function_470300,modified_nonempty_body,134152,125006,
function_470320,modified_nonempty_body,134163,125014,
function_470360,modified_nonempty_body,134174,125025,
function_470390,unchanged_decompiled_body,134187,125035,
function_4703b0,modified_nonempty_body,134205,125059,
function_4705e0,modified_nonempty_body,134466,125320,
function_4706c0,modified_nonempty_body,134570,125460,
function_470730,modified_nonempty_body,134604,125465,
function_470890,modified_nonempty_body,134689,125550,
function_470980,modified_nonempty_body,134852,125555,
function_4709c0,modified_nonempty_body,134869,125610,
function_470a30,modified_nonempty_body,134899,125640,
function_470ab0,modified_nonempty_body,134941,125795,
function_470d00,modified_nonempty_body,135215,125802,
function_4aa1a0,modified_nonempty_body,135220,125812,src/squirrel/squirrel_host_compat.cpp:404
function_470df0,cpp_address_replacement,135239,,src/squirrel/squirrel_native_calls.cpp:248
function_48a890,cpp_address_replacement,135276,,src/squirrel/squirrel_legacy_api.cpp:124
function_470ee0,cpp_address_replacement,135313,,src/squirrel/squirrel_native_calls.cpp:273
function_470f10,unchanged_decompiled_body,135321,125850,
function_470f30,modified_nonempty_body,135329,125858,
function_470f60,original_short_body,135339,125868,
function_470f80,unchanged_decompiled_body,135345,125874,
function_470f90,original_short_body,135352,125881,
function_470fa0,modified_nonempty_body,135358,125887,
function_471060,original_short_body,135379,113131,
function_471070,original_short_body,135385,125918,
function_471080,original_short_body,135391,125924,
function_4710a0,unchanged_decompiled_body,135397,125930,
function_471100,unchanged_decompiled_body,135421,125954,
function_471160,cpp_address_replacement,135444,,src/squirrel/squirrel_native_calls.cpp:279
function_471240,unchanged_decompiled_body,135477,125980,
function_471330,cpp_address_replacement,135508,,src/squirrel/squirrel_native_calls.cpp:302
function_4713b0,historical_removal_manifest,135539,,
function_471510,unchanged_decompiled_body,135578,126015,
function_4715e0,unchanged_decompiled_body,135607,126044,
function_4716b0,cpp_address_replacement,135665,,src/squirrel/squirrel_native_calls.cpp:200
function_471720,cpp_address_replacement,135692,,src/squirrel/squirrel_native_calls.cpp:216
function_471810,unchanged_decompiled_body,135723,126112,
function_471880,cpp_address_replacement,135750,,src/squirrel/squirrel_native_calls.cpp:313
function_471960,cpp_address_replacement,135765,,src/squirrel/squirrel_native_calls.cpp:334
function_471a60,cpp_address_replacement,135790,,src/squirrel/squirrel_native_calls.cpp:206
function_471b30,modified_nonempty_body,135844,126155,
function_471bc0,cpp_address_replacement,135862,,src/squirrel/squirrel_native_calls.cpp:357
function_471c10,cpp_address_replacement,135876,,src/squirrel/squirrel_native_calls.cpp:358
function_48a920,cpp_address_replacement,135886,,src/squirrel/squirrel_legacy_api.cpp:132
function_471c70,modified_nonempty_body,135902,126204,
function_471d30,cpp_address_replacement,135926,,src/squirrel/squirrel_native_calls.cpp:224
function_471d90,cpp_address_replacement,135952,,src/squirrel/squirrel_native_calls.cpp:362
function_471df0,modified_nonempty_body,135978,126231,
function_471e50,cpp_address_replacement,136004,,src/squirrel/squirrel_native_calls.cpp:231
function_471eb0,cpp_address_replacement,136030,,src/squirrel/squirrel_native_calls.cpp:366
function_471f10,cpp_address_replacement,136056,,src/squirrel/squirrel_native_calls.cpp:382
function_471f70,cpp_address_replacement,136082,,src/squirrel/squirrel_native_calls.cpp:240
function_471fd0,cpp_address_replacement,136108,,src/squirrel/squirrel_native_calls.cpp:386
function_472030,cpp_address_replacement,136134,,src/squirrel/squirrel_native_calls.cpp:241
function_472080,cpp_address_replacement,136156,,src/squirrel/squirrel_native_calls.cpp:402
function_4720e0,cpp_address_replacement,136182,,src/squirrel/squirrel_native_calls.cpp:406
function_472140,cpp_address_replacement,136208,,src/squirrel/squirrel_native_calls.cpp:410
function_4721a0,modified_nonempty_body,136234,126296,
function_472240,modified_nonempty_body,136256,126324,
function_4722e0,modified_nonempty_body,136278,126429,
function_472820,modified_nonempty_body,136620,126551,
function_4a9c60,modified_nonempty_body,136652,126573,src/squirrel/squirrel_host_compat.cpp:270
function_472e50,modified_nonempty_body,137084,126715,
function_473010,modified_nonempty_body,137124,126776,
function_473af0,modified_nonempty_body,137714,127402,
function_473b20,unchanged_decompiled_body,137722,127411,
function_473dd8,pr4_disconnected_removal,137792,,
function_473dde,pr4_disconnected_removal,137798,,
function_473ebb,original_short_body,137804,127519,
function_473ed0,pr4_disconnected_removal,137810,,
function_473f30,pr4_disconnected_removal,137844,,
function_474020,pr4_disconnected_removal,137904,,
function_474110,pr4_disconnected_removal,137958,,
function_475710,pr4_disconnected_removal,141613,,
function_475760,pr4_disconnected_removal,141630,,
function_475790,unchanged_decompiled_body,141645,127546,
function_4757e0,pr4_disconnected_removal,141680,,
function_475fc0,pr4_disconnected_removal,142428,,
function_4760a0,pr4_disconnected_removal,142497,,
function_476130,pr4_disconnected_removal,142526,,
function_4762b0,pr4_disconnected_removal,142798,,
function_476380,unchanged_decompiled_body,142877,127596,
function_4764d0,unchanged_decompiled_body,143048,127767,
function_4766b0,pr4_disconnected_removal,143208,,
function_476a20,pr4_disconnected_removal,143493,,
function_476eb0,pr4_disconnected_removal,143866,,
function_476f40,pr4_disconnected_removal,143913,,
function_477190,pr4_disconnected_removal,144023,,
function_4771a0,unchanged_decompiled_body,144034,127955,
function_477440,unchanged_decompiled_body,144231,128152,
function_477460,pr4_disconnected_removal,144241,,
function_477480,pr4_disconnected_removal,144247,,
function_477490,pr4_disconnected_removal,144254,,
function_477950,pr4_disconnected_removal,144822,,
function_477e40,unchanged_decompiled_body,145308,128174,
function_4780c0,unchanged_decompiled_body,145571,128437,
function_478130,unchanged_decompiled_body,145611,128477,
function_478200,unchanged_decompiled_body,145704,128570,
function_478420,unchanged_decompiled_body,146025,128891,
function_478510,unchanged_decompiled_body,146154,129020,
function_478a20,unchanged_decompiled_body,146492,129358,
function_478c80,unchanged_decompiled_body,146641,129507,
function_479090,unchanged_decompiled_body,146842,129708,
function_479160,pr4_disconnected_removal,146916,,
function_4791e0,unchanged_decompiled_body,146947,129785,
function_479260,unchanged_decompiled_body,146983,129821,
function_4792f0,pr4_disconnected_removal,147031,,
function_479360,unchanged_decompiled_body,147046,129872,
function_4793f0,unchanged_decompiled_body,147088,129914,
function_4795f0,unchanged_decompiled_body,147278,130104,
function_4796c0,unchanged_decompiled_body,147327,130153,
function_479760,pr4_disconnected_removal,147357,,
function_479950,unchanged_decompiled_body,147451,130186,
function_47aa44,pr4_disconnected_removal,147565,,
function_47aa49,pr4_disconnected_removal,147572,,
function_47aa54,pr4_disconnected_removal,147579,,
function_47aa59,pr4_disconnected_removal,147586,,
function_47aac4,pr4_disconnected_removal,147593,,
function_47aac9,pr4_disconnected_removal,147600,,
function_47aad4,pr4_disconnected_removal,147607,,
function_47aad9,pr4_disconnected_removal,147614,,
function_47acb4,pr4_disconnected_removal,147621,,
function_47acb9,pr4_disconnected_removal,147627,,
function_47acc4,pr4_disconnected_removal,147633,,
function_47acd4,pr4_disconnected_removal,147639,,
function_47aed0,unchanged_decompiled_body,147781,130336,
function_47afd0,pr4_disconnected_removal,147884,,
function_47b020,pr4_disconnected_removal,147896,,
function_47b140,pr4_disconnected_removal,147943,,
function_47b290,pr4_disconnected_removal,147951,,
function_47b350,pr4_disconnected_removal,148134,,
function_47b3c0,pr4_disconnected_removal,148160,,
function_47b410,pr4_disconnected_removal,148186,,
function_4c4c20,modified_nonempty_body,148201,137544,
function_47b670,pr4_disconnected_removal,148203,,
function_47b510,pr4_disconnected_removal,148222,,
function_47b630,pr4_disconnected_removal,148386,,
function_47b890,pr4_disconnected_removal,148683,,
function_4c4b40,modified_nonempty_body,148870,137532,
function_47bb70,pr4_disconnected_removal,148969,,
function_47bba0,pr4_disconnected_removal,148978,,
function_47bc10,pr4_disconnected_removal,149020,,
function_47bca0,pr4_disconnected_removal,149098,,
function_47bfc0,pr4_disconnected_removal,149399,,
function_47c5b0,pr4_disconnected_removal,150024,,
function_47c8b0,pr4_disconnected_removal,150325,,
function_47e130,pr4_disconnected_removal,150348,,
function_47c930,pr4_disconnected_removal,150363,,
function_47e840,pr4_disconnected_removal,150411,,
function_47cc00,pr4_disconnected_removal,150671,,
function_47cd00,pr4_disconnected_removal,150808,,
function_47cdf0,pr4_disconnected_removal,150947,,
function_47ce30,pr4_disconnected_removal,150972,,
function_47d190,pr4_disconnected_removal,151407,,
function_47d1a0,pr4_disconnected_removal,151413,,
function_47d1c0,unchanged_decompiled_body,151423,130514,
function_47d230,pr4_disconnected_removal,151487,,
function_47d250,pr4_disconnected_removal,151498,,
function_47d280,unchanged_decompiled_body,151507,130584,
function_47d3f0,pr4_disconnected_removal,151675,,
function_47d4f0,pr4_disconnected_removal,151742,,
function_47d520,pr4_disconnected_removal,151773,,
function_4c5840,modified_nonempty_body,151811,138405,
function_47d600,pr4_disconnected_removal,151821,,
function_47d6e0,pr4_disconnected_removal,151897,,
function_481cb0,pr4_disconnected_removal,151924,,
function_47d960,pr4_disconnected_removal,152176,,
function_47d9b0,pr4_disconnected_removal,152193,,
function_47da20,unchanged_decompiled_body,152225,130773,
function_47da90,unchanged_decompiled_body,152278,130826,
function_47daf0,pr4_disconnected_removal,152305,,
function_47de90,unchanged_decompiled_body,152568,130856,
function_47e0c0,pr4_disconnected_removal,152807,,
function_47e160,pr4_disconnected_removal,152847,,
function_47e7b0,pr4_disconnected_removal,153387,,
function_47e810,pr4_disconnected_removal,153439,,
function_47e990,pr4_disconnected_removal,153534,,
function_47ea70,pr4_disconnected_removal,153579,,
function_47eaf0,unchanged_decompiled_body,153613,131119,
function_47eb10,unchanged_decompiled_body,153626,131132,
function_47eb50,pr4_disconnected_removal,153639,,
function_47f0a0,pr4_disconnected_removal,154698,,
function_47f820,pr4_disconnected_removal,154984,,
function_47f850,pr4_disconnected_removal,155024,,
function_47f880,pr4_disconnected_removal,155064,,
function_47f8a0,unchanged_decompiled_body,155094,131160,
function_47f960,pr4_disconnected_removal,155166,,
function_47f9c0,pr4_disconnected_removal,155202,,
function_47fab0,pr4_disconnected_removal,155303,,
function_480080,pr4_disconnected_removal,156193,,
function_480120,pr4_disconnected_removal,156267,,
function_480200,pr4_disconnected_removal,156459,,
function_4802d0,pr4_disconnected_removal,156558,,
function_480410,pr4_disconnected_removal,156768,,
function_480570,pr4_disconnected_removal,156959,,
function_480600,pr4_disconnected_removal,157043,,
function_480750,pr4_disconnected_removal,157237,,
function_480820,pr4_disconnected_removal,157244,,
function_4808b0,pr4_disconnected_removal,157286,,
function_480a10,pr4_disconnected_removal,157552,,
function_480a60,pr4_disconnected_removal,157564,,
function_480b30,pr4_disconnected_removal,157693,,
function_480d80,pr4_disconnected_removal,157949,,
function_480da0,pr4_disconnected_removal,157955,,
function_481190,pr4_disconnected_removal,158389,,
function_481260,pr4_disconnected_removal,158483,,
function_4812d0,pr4_disconnected_removal,158496,,
function_4812e0,pr4_disconnected_removal,158516,,
function_481330,pr4_disconnected_removal,158524,,
function_4814b0,pr4_disconnected_removal,158768,,
function_481520,pr4_disconnected_removal,158819,,
function_481710,unchanged_decompiled_body,159142,131307,
function_4817e0,unchanged_decompiled_body,159189,131354,
function_481800,unchanged_decompiled_body,159202,131367,
function_481860,pr4_disconnected_removal,159239,,
function_4818c0,pr4_disconnected_removal,159253,,
function_481c90,pr4_disconnected_removal,159764,,
function_481ef0,pr4_disconnected_removal,160011,,
function_481f30,pr4_disconnected_removal,160020,,
function_482060,pr4_disconnected_removal,160153,,
function_4820c0,pr4_disconnected_removal,160161,,
function_4822c0,pr4_disconnected_removal,160418,,
function_482650,pr4_disconnected_removal,160944,,
function_4827d0,pr4_disconnected_removal,161133,,
function_482990,unchanged_decompiled_body,161367,131437,
function_482a70,pr4_disconnected_removal,161458,,
function_482a90,unchanged_decompiled_body,161464,131531,
function_482af0,pr4_disconnected_removal,161495,,
function_482b20,pr4_disconnected_removal,161507,,
function_482cb6,pr4_disconnected_removal,161784,,
function_482cbe,pr4_disconnected_removal,161793,,
function_482cd0,pr4_disconnected_removal,161806,,
function_482e90,pr4_disconnected_removal,162151,,
function_483300,pr4_disconnected_removal,162871,,
function_483eb0,pr4_disconnected_removal,166186,,
function_483ef0,pr4_disconnected_removal,166198,,
function_483f10,pr4_disconnected_removal,166209,,
function_4840a0,unchanged_decompiled_body,166647,131592,
function_4840e0,pr4_disconnected_removal,166674,,
function_4842c0,unchanged_decompiled_body,166832,131622,
function_484300,pr4_disconnected_removal,166861,,
function_484810,pr4_disconnected_removal,167884,,
function_484d10,pr4_disconnected_removal,168083,,
function_484da0,pr4_disconnected_removal,168109,,
function_484ec0,pr4_disconnected_removal,168409,,
function_485340,pr4_disconnected_removal,169318,,
function_485350,pr4_disconnected_removal,169324,,
function_485480,pr4_disconnected_removal,169394,,
function_4854a0,pr4_disconnected_removal,169407,,
function_4855f0,pr4_disconnected_removal,169554,,
function_485610,pr4_disconnected_removal,169580,,
function_4857e0,pr4_disconnected_removal,169745,,
function_486160,pr4_disconnected_removal,171048,,
function_486190,pr4_disconnected_removal,171054,,
function_486500,pr4_disconnected_removal,171522,,
function_486520,pr4_disconnected_removal,171535,,
function_4865a0,pr4_disconnected_removal,171596,,
function_486690,pr4_disconnected_removal,171712,,
function_4866b0,pr4_disconnected_removal,171732,,
function_4867f0,pr4_disconnected_removal,171856,,
function_4869d0,pr4_disconnected_removal,172074,,
function_486a30,pr4_disconnected_removal,172118,,
function_486c50,pr4_disconnected_removal,172799,,
function_486d70,pr4_disconnected_removal,173013,,
function_486dd0,pr4_disconnected_removal,173054,,
function_486f90,pr4_disconnected_removal,173312,,
function_487200,pr4_disconnected_removal,174085,,
function_487260,pr4_disconnected_removal,174129,,
function_487490,pr4_disconnected_removal,174929,,
function_4874f0,pr4_disconnected_removal,174973,,
function_487530,pr4_disconnected_removal,174999,,
function_4876d0,pr4_disconnected_removal,175215,,
function_487830,pr4_disconnected_removal,175392,,
function_4879d0,pr4_disconnected_removal,175792,,
function_4879f0,pr4_disconnected_removal,175805,,
function_487a10,pr4_disconnected_removal,175818,,
function_487bd0,pr4_disconnected_removal,176043,,
function_487e00,pr4_disconnected_removal,176347,,
function_488020,pr4_disconnected_removal,176593,,
function_488040,pr4_disconnected_removal,176599,,
function_488500,pr4_disconnected_removal,177152,,
function_488550,pr4_disconnected_removal,177166,,
function_488740,pr4_disconnected_removal,177361,,
function_488770,pr4_disconnected_removal,177372,,
function_488980,pr4_disconnected_removal,177551,,
function_488bb0,pr4_disconnected_removal,177779,,
function_488be0,pr4_disconnected_removal,177793,,
function_488c90,pr4_disconnected_removal,177844,,
function_489280,pr4_disconnected_removal,178668,,
function_489310,pr4_disconnected_removal,178703,,
function_489600,pr4_disconnected_removal,178982,,
function_489710,pr4_disconnected_removal,179083,,
function_4897d0,pr4_disconnected_removal,179121,,
function_4897f0,pr4_disconnected_removal,179134,,
function_489850,pr4_disconnected_removal,179173,,
function_489910,pr4_disconnected_removal,179229,,
function_489940,pr4_disconnected_removal,179240,,
function_489a80,pr4_disconnected_removal,179423,,
function_489b00,pr4_disconnected_removal,179441,,
function_489c60,pr4_disconnected_removal,179601,,
function_489de0,pr4_disconnected_removal,179931,,
function_489e30,pr4_disconnected_removal,179941,,
function_489e80,pr4_disconnected_removal,179951,,
function_489e90,pr4_disconnected_removal,179957,,
function_489ef0,replacement_mapping_unresolved,179976,,
function_489f20,replacement_mapping_unresolved,179989,,
function_489f30,cpp_address_replacement,179998,,src/squirrel/squirrel_legacy_api.cpp:448
function_489f50,cpp_address_replacement,180020,,src/squirrel/squirrel_legacy_api.cpp:452
function_489fa0,replacement_mapping_unresolved,180042,,
function_48a0a0,replacement_mapping_unresolved,180065,,
function_48a170,modified_nonempty_body,180101,132364,
function_492890,replacement_mapping_unresolved,180139,,
function_48a230,cpp_address_replacement,180152,,src/squirrel/squirrel_legacy_api.cpp:36
function_48a2d0,cpp_address_replacement,180194,,src/squirrel/squirrel_legacy_api.cpp:40
function_48a300,cpp_address_replacement,180205,,src/squirrel/squirrel_legacy_api.cpp:44
function_48a370,cpp_address_replacement,180243,,src/squirrel/squirrel_legacy_api.cpp:48
function_48a3e0,cpp_address_replacement,180281,,src/squirrel/squirrel_legacy_api.cpp:52
function_48a400,cpp_address_replacement,180289,,src/squirrel/squirrel_legacy_api.cpp:56
function_48a430,cpp_address_replacement,180301,,src/squirrel/squirrel_legacy_api.cpp:60
function_48a460,cpp_address_replacement,180312,,src/squirrel/squirrel_legacy_api.cpp:64
function_48a480,cpp_address_replacement,180318,,src/squirrel/squirrel_legacy_api.cpp:68
function_48a4f0,cpp_address_replacement,180343,,src/squirrel/squirrel_legacy_api.cpp:72
function_48a530,cpp_address_replacement,180363,,src/squirrel/squirrel_legacy_api.cpp:76
function_48a580,cpp_address_replacement,180384,,src/squirrel/squirrel_legacy_api.cpp:80
function_48a5c0,cpp_address_replacement,180404,,src/squirrel/squirrel_legacy_api.cpp:84
function_48a600,cpp_address_replacement,180424,,src/squirrel/squirrel_legacy_api.cpp:88
function_48a670,cpp_address_replacement,180457,,src/squirrel/squirrel_legacy_api.cpp:92
function_48a690,cpp_address_replacement,180463,,src/squirrel/squirrel_legacy_api.cpp:96
function_48a6b0,cpp_address_replacement,180469,,src/squirrel/squirrel_legacy_api.cpp:100
function_48a720,cpp_address_replacement,180489,,src/squirrel/squirrel_legacy_api.cpp:108
function_48a790,cpp_address_replacement,180517,,src/squirrel/squirrel_legacy_api.cpp:112
function_48a980,cpp_address_replacement,180632,,src/squirrel/squirrel_legacy_api.cpp:136
function_48a9e0,cpp_address_replacement,180656,,src/squirrel/squirrel_legacy_api.cpp:140
function_48aa20,cpp_address_replacement,180668,,src/squirrel/act_binding.cpp:321;src/squirrel/act_binding.cpp:405;src/squirrel/act_binding.cpp:479;src/squirrel/squirrel_legacy_api.cpp:144
function_48aa30,cpp_address_replacement,180674,,src/squirrel/squirrel_legacy_api.cpp:148
function_48aa50,cpp_address_replacement,180680,,src/squirrel/squirrel_legacy_api.cpp:152
function_48aa60,cpp_address_replacement,180686,,src/squirrel/squirrel_legacy_api.cpp:156
function_48aa80,cpp_address_replacement,180692,,src/squirrel/squirrel_legacy_api.cpp:160
function_48ab40,cpp_address_replacement,180734,,src/squirrel/squirrel_legacy_api.cpp:164
function_48ab90,cpp_address_replacement,180749,,src/squirrel/squirrel_legacy_api.cpp:168
function_48abe0,cpp_address_replacement,180773,,src/squirrel/squirrel_legacy_api.cpp:172
function_48ac00,cpp_address_replacement,180781,,src/squirrel/squirrel_legacy_api.cpp:176
function_48ac70,cpp_address_replacement,180803,,src/squirrel/squirrel_legacy_api.cpp:180
function_48acc0,cpp_address_replacement,180834,,src/squirrel/squirrel_legacy_api.cpp:184
function_48ace0,cpp_address_replacement,180840,,src/squirrel/squirrel_legacy_api.cpp:188
function_48ada0,cpp_address_replacement,180881,,src/squirrel/squirrel_legacy_api.cpp:192
function_48adb0,cpp_address_replacement,180887,,src/squirrel/squirrel_legacy_api.cpp:196
function_48af30,cpp_address_replacement,180980,,src/squirrel/squirrel_legacy_api.cpp:200
function_48afa0,cpp_address_replacement,181019,,src/squirrel/squirrel_legacy_api.cpp:204
function_48b050,cpp_address_replacement,181042,,src/squirrel/squirrel_legacy_api.cpp:212
function_48b160,cpp_address_replacement,181048,,src/squirrel/squirrel_legacy_api.cpp:216
function_48b180,cpp_address_replacement,181054,,src/squirrel/squirrel_legacy_api.cpp:220
function_48b1a0,cpp_address_replacement,181060,,src/squirrel/squirrel_legacy_api.cpp:224
function_498a30,replacement_mapping_unresolved,181072,,
function_48b320,cpp_address_replacement,181131,,src/squirrel/squirrel_legacy_api.cpp:228
function_48b410,cpp_address_replacement,181191,,src/squirrel/squirrel_legacy_api.cpp:232
function_48b490,cpp_address_replacement,181213,,src/squirrel/act_binding.cpp:699;src/squirrel/squirrel_legacy_api.cpp:236
function_48b510,cpp_address_replacement,181235,,src/squirrel/squirrel_legacy_api.cpp:240
function_48b5a0,cpp_address_replacement,181265,,src/squirrel/squirrel_legacy_api.cpp:244
function_48b630,cpp_address_replacement,181299,,src/squirrel/squirrel_legacy_api.cpp:248
function_48b840,replacement_mapping_unresolved,181403,,
function_48b870,cpp_address_replacement,181417,,src/squirrel/squirrel_legacy_api.cpp:252
function_48b8b0,cpp_address_replacement,181427,,src/squirrel/squirrel_legacy_api.cpp:256
function_48b8d0,cpp_address_replacement,181434,,src/squirrel/squirrel_legacy_api.cpp:260
function_48b8f0,cpp_address_replacement,181440,,src/squirrel/squirrel_legacy_api.cpp:264
function_48b900,replacement_mapping_unresolved,181446,,
function_48b910,replacement_mapping_unresolved,181452,,
function_48b920,replacement_mapping_unresolved,181458,,
function_48b980,replacement_mapping_unresolved,181520,,
function_48b9f0,replacement_mapping_unresolved,181544,,
function_48ba10,replacement_mapping_unresolved,181556,,
function_48ba20,replacement_mapping_unresolved,181564,,
function_48bb10,replacement_mapping_unresolved,181608,,
function_48bb30,cpp_address_replacement,181615,,src/squirrel/squirrel_legacy_api.cpp:380
function_48bba0,replacement_mapping_unresolved,181629,,
function_48bc70,replacement_mapping_unresolved,181660,,
function_48bca0,replacement_mapping_unresolved,181673,,
function_48bd40,replacement_mapping_unresolved,181700,,
function_48bd60,replacement_mapping_unresolved,181707,,
function_48be40,replacement_mapping_unresolved,181740,,
function_48be70,cpp_address_replacement,181755,,src/squirrel/squirrel_legacy_api.cpp:532
function_48be80,replacement_mapping_unresolved,181763,,
function_48bec0,cpp_address_replacement,181770,,src/squirrel/squirrel_legacy_api.cpp:384
function_48bf50,cpp_address_replacement,181797,,src/squirrel/squirrel_legacy_api.cpp:536
function_48bfe0,replacement_mapping_unresolved,181821,,
function_48c080,replacement_mapping_unresolved,181873,,
function_48c170,replacement_mapping_unresolved,181944,,
function_48c1c0,cpp_address_replacement,181953,,src/squirrel/squirrel_legacy_api.cpp:268
function_48c1f0,cpp_address_replacement,181960,,src/squirrel/squirrel_legacy_api.cpp:272
function_48c2f0,cpp_address_replacement,182007,,src/squirrel/squirrel_legacy_api.cpp:276
function_48c350,cpp_address_replacement,182022,,src/squirrel/squirrel_legacy_api.cpp:280
function_48c400,cpp_address_replacement,182071,,src/squirrel/squirrel_legacy_api.cpp:284
function_48c580,cpp_address_replacement,182219,,src/squirrel/squirrel_legacy_api.cpp:288
function_48c620,cpp_address_replacement,182255,,src/squirrel/squirrel_legacy_api.cpp:292
function_48c690,cpp_address_replacement,182291,,src/squirrel/squirrel_legacy_api.cpp:296
function_48c700,cpp_address_replacement,182315,,src/squirrel/squirrel_legacy_api.cpp:300
function_48c780,cpp_address_replacement,182351,,src/squirrel/squirrel_legacy_api.cpp:304
function_48c7f0,cpp_address_replacement,182379,,src/squirrel/squirrel_legacy_api.cpp:308
function_48c840,cpp_address_replacement,182398,,src/squirrel/act_binding.cpp:719;src/squirrel/squirrel_legacy_api.cpp:312
function_48c890,cpp_address_replacement,182418,,src/squirrel/act_binding.cpp:357;src/squirrel/squirrel_legacy_api.cpp:316
function_48c910,cpp_address_replacement,182452,,src/squirrel/squirrel_legacy_api.cpp:320
function_48c950,cpp_address_replacement,182480,,src/squirrel/squirrel_legacy_api.cpp:324
function_48ca10,cpp_address_replacement,182513,,src/squirrel/squirrel_legacy_api.cpp:328
function_493cd0,replacement_mapping_unresolved,182534,,
function_48cb10,cpp_address_replacement,182570,,src/squirrel/squirrel_legacy_api.cpp:332
function_491880,cpp_address_replacement,182580,,src/squirrel/squirrel_legacy_api.cpp:425
function_48cc70,cpp_address_replacement,182659,,src/squirrel/squirrel_legacy_api.cpp:336
function_48e520,cpp_address_replacement,182714,,src/squirrel/squirrel_legacy_api.cpp:412
function_48cd50,cpp_address_replacement,182724,,src/squirrel/squirrel_legacy_api.cpp:340
function_48ce70,cpp_address_replacement,182791,,src/squirrel/squirrel_legacy_api.cpp:348
function_48cfa0,cpp_address_replacement,182879,,src/squirrel/squirrel_legacy_api.cpp:352
function_48d0b0,cpp_address_replacement,182942,,src/squirrel/squirrel_legacy_api.cpp:356
function_48d0f0,replacement_mapping_unresolved,182948,,
function_48d1b0,replacement_mapping_unresolved,183064,,
function_48d220,replacement_mapping_unresolved,183099,,
function_48d310,replacement_mapping_unresolved,183188,,
function_48d390,replacement_mapping_unresolved,183234,,
function_48d430,replacement_mapping_unresolved,183257,,
function_48d450,replacement_mapping_unresolved,183266,,
function_48d4e0,replacement_mapping_unresolved,183290,,
function_48d550,replacement_mapping_unresolved,183306,,
function_48d5a0,replacement_mapping_unresolved,183316,,
function_48d620,replacement_mapping_unresolved,183345,,
function_48d6d0,replacement_mapping_unresolved,183381,,
function_48d720,replacement_mapping_unresolved,183402,,
function_48d770,cpp_address_replacement,183412,,src/squirrel/squirrel_legacy_api.cpp:360
function_48d7e0,cpp_address_replacement,183445,,src/squirrel/squirrel_legacy_api.cpp:364
function_48d850,cpp_address_replacement,183466,,src/squirrel/squirrel_legacy_api.cpp:368
function_48d940,replacement_mapping_unresolved,183598,,
function_48d9f0,replacement_mapping_unresolved,183663,,
function_48da60,replacement_mapping_unresolved,183710,,
function_48dac0,replacement_mapping_unresolved,183728,,
function_48db40,replacement_mapping_unresolved,183763,,
function_48dc10,replacement_mapping_unresolved,183801,,
function_48dd10,cpp_address_replacement,183853,,src/squirrel/squirrel_legacy_api.cpp:372
function_48dda0,cpp_address_replacement,183883,,src/squirrel/squirrel_legacy_api.cpp:376
function_49ab80,replacement_mapping_unresolved,183897,,
function_48de90,replacement_mapping_unresolved,183914,,
function_48e030,replacement_mapping_unresolved,184015,,
function_48e0e0,cpp_address_replacement,184052,,src/squirrel/squirrel_legacy_api.cpp:456
function_48e120,cpp_address_replacement,184067,,src/squirrel/squirrel_legacy_api.cpp:460
function_48e160,replacement_mapping_unresolved,184087,,
function_48e180,replacement_mapping_unresolved,184109,,
function_48e260,replacement_mapping_unresolved,184155,,
function_48e2e0,replacement_mapping_unresolved,184195,,
function_48e460,replacement_mapping_unresolved,184304,,
function_48e480,replacement_mapping_unresolved,184310,,
function_48e4a0,replacement_mapping_unresolved,184319,,
function_48e4b0,replacement_mapping_unresolved,184326,,
function_48e4d0,cpp_address_replacement,184339,,src/squirrel/squirrel_legacy_api.cpp:464
function_48e4f0,replacement_mapping_unresolved,184357,,
function_48e580,replacement_mapping_unresolved,184416,,
function_48e600,replacement_mapping_unresolved,184447,,
function_48e640,replacement_mapping_unresolved,184481,,
function_48e680,replacement_mapping_unresolved,184491,,
function_48e6c0,replacement_mapping_unresolved,184507,,
function_48e6e0,replacement_mapping_unresolved,184514,,
function_48e730,replacement_mapping_unresolved,184532,,
function_48e800,replacement_mapping_unresolved,184586,,
function_48e9d0,replacement_mapping_unresolved,184663,,
function_48ee90,replacement_mapping_unresolved,185106,,
function_48ef10,replacement_mapping_unresolved,185142,,
function_48ef70,replacement_mapping_unresolved,185168,,
function_48eff0,replacement_mapping_unresolved,185234,,
function_48f040,replacement_mapping_unresolved,185260,,
function_48f050,replacement_mapping_unresolved,185269,,
function_48f1c0,replacement_mapping_unresolved,185470,,
function_48f240,replacement_mapping_unresolved,185501,,
function_48f280,replacement_mapping_unresolved,185513,,
function_48f300,replacement_mapping_unresolved,185580,,
function_48f380,replacement_mapping_unresolved,185601,,
function_48fac0,replacement_mapping_unresolved,186312,,
function_48fba0,replacement_mapping_unresolved,186384,,
function_48fc00,replacement_mapping_unresolved,186429,,
function_48fd00,replacement_mapping_unresolved,186522,,
function_48fd70,replacement_mapping_unresolved,186569,,
function_48fdf0,replacement_mapping_unresolved,186632,,
function_48fe70,replacement_mapping_unresolved,186685,,
function_48fed0,replacement_mapping_unresolved,186729,,
function_48ffd0,replacement_mapping_unresolved,186877,,
function_490040,replacement_mapping_unresolved,186907,,
function_4900d0,replacement_mapping_unresolved,186926,,
function_490280,replacement_mapping_unresolved,187063,,
function_490320,replacement_mapping_unresolved,187088,,
function_490370,replacement_mapping_unresolved,187115,,
function_490630,replacement_mapping_unresolved,187359,,
function_4908d0,replacement_mapping_unresolved,187633,,
function_4909e0,replacement_mapping_unresolved,187727,,
function_490b20,replacement_mapping_unresolved,187798,,
function_490b50,replacement_mapping_unresolved,187821,,
function_490b60,replacement_mapping_unresolved,187830,,
function_490c40,replacement_mapping_unresolved,187916,,
function_490c80,replacement_mapping_unresolved,187933,,
function_490d50,replacement_mapping_unresolved,187995,,
function_490d90,replacement_mapping_unresolved,188027,,
function_490fa0,replacement_mapping_unresolved,188208,,
function_490fc0,replacement_mapping_unresolved,188222,,
function_4910c0,replacement_mapping_unresolved,188272,,
function_4910e0,replacement_mapping_unresolved,188279,,
function_491150,replacement_mapping_unresolved,188293,,
function_491230,replacement_mapping_unresolved,188329,,
function_491260,replacement_mapping_unresolved,188342,,
function_4912e0,replacement_mapping_unresolved,188387,,
function_491340,replacement_mapping_unresolved,188423,,
function_491400,replacement_mapping_unresolved,188468,,
function_4914a0,replacement_mapping_unresolved,188493,,
function_491500,replacement_mapping_unresolved,188550,,
function_4915b0,replacement_mapping_unresolved,188585,,
function_4916a0,replacement_mapping_unresolved,188643,,
function_491760,cpp_address_replacement,188748,,src/squirrel/squirrel_legacy_api.cpp:443
function_4917b0,replacement_mapping_unresolved,188785,,
function_491820,cpp_address_replacement,188869,,src/squirrel/squirrel_legacy_api.cpp:416
function_491870,replacement_mapping_unresolved,188904,,
function_4918a0,cpp_address_replacement,188920,,src/squirrel/squirrel_legacy_api.cpp:429
function_4918b0,replacement_mapping_unresolved,188927,,
function_491910,replacement_mapping_unresolved,188993,,
function_4919b0,replacement_mapping_unresolved,189033,,
function_491a50,replacement_mapping_unresolved,189072,,
function_491bf0,replacement_mapping_unresolved,189164,,
function_491c10,replacement_mapping_unresolved,189173,,
function_491de0,replacement_mapping_unresolved,189325,,
function_491f30,replacement_mapping_unresolved,189377,,
function_491fe0,replacement_mapping_unresolved,189396,,
function_4920a0,replacement_mapping_unresolved,189455,,
function_497850,replacement_mapping_unresolved,189664,,
function_492370,historical_removal_manifest,189712,,
function_492440,replacement_mapping_unresolved,189761,,
function_492640,replacement_mapping_unresolved,189932,,
function_4927b0,replacement_mapping_unresolved,190001,,
function_492a80,replacement_mapping_unresolved,190155,,
function_492c90,replacement_mapping_unresolved,190271,,
function_492d00,replacement_mapping_unresolved,190296,,
function_492dc0,replacement_mapping_unresolved,190330,,
function_492ed0,replacement_mapping_unresolved,190383,,
function_493310,replacement_mapping_unresolved,190657,,
function_493710,replacement_mapping_unresolved,190899,,
function_493a40,replacement_mapping_unresolved,191129,,
function_493e70,replacement_mapping_unresolved,191387,,
function_4940f0,replacement_mapping_unresolved,191544,,
function_494120,replacement_mapping_unresolved,191557,,
function_4944b0,replacement_mapping_unresolved,191807,,
function_494710,replacement_mapping_unresolved,192064,,
function_494770,replacement_mapping_unresolved,192100,,
function_4948a0,replacement_mapping_unresolved,192168,,
function_494990,replacement_mapping_unresolved,192252,,
function_494bf0,replacement_mapping_unresolved,192418,,
function_494da0,replacement_mapping_unresolved,192533,,
function_4950c0,replacement_mapping_unresolved,192747,,
function_495360,replacement_mapping_unresolved,192990,,
function_497680,replacement_mapping_unresolved,195860,,
function_497940,replacement_mapping_unresolved,195989,,
function_497990,replacement_mapping_unresolved,196018,,
function_497a00,cpp_address_replacement,196074,,src/squirrel/squirrel_legacy_api.cpp:433
function_497b10,replacement_mapping_unresolved,196207,,
function_497d30,replacement_mapping_unresolved,196482,,
function_497e30,replacement_mapping_unresolved,196551,,
function_497f10,replacement_mapping_unresolved,196679,,
function_497fd0,replacement_mapping_unresolved,196780,,
function_497ff0,replacement_mapping_unresolved,196789,,
function_498080,replacement_mapping_unresolved,196822,,
function_4980a0,replacement_mapping_unresolved,196829,,
function_4981e0,replacement_mapping_unresolved,196961,,
function_498200,replacement_mapping_unresolved,196970,,
function_4982f0,replacement_mapping_unresolved,197033,,
function_498320,replacement_mapping_unresolved,197046,,
function_498440,replacement_mapping_unresolved,197182,,
function_498580,replacement_mapping_unresolved,197256,,
function_498590,modified_nonempty_body,197262,133349,
function_4985b0,pr4_disconnected_removal,197268,,
function_4985d0,replacement_mapping_unresolved,197275,,
function_498690,replacement_mapping_unresolved,197317,,
function_4986b0,replacement_mapping_unresolved,197342,,
function_498730,replacement_mapping_unresolved,197384,,
function_498770,replacement_mapping_unresolved,197400,,
function_4987a0,replacement_mapping_unresolved,197425,,
function_4988e0,replacement_mapping_unresolved,197469,,
function_498b60,replacement_mapping_unresolved,197603,,
function_498c20,replacement_mapping_unresolved,197676,,
function_498c60,replacement_mapping_unresolved,197691,,
function_498d30,replacement_mapping_unresolved,197759,,
function_498da0,replacement_mapping_unresolved,197855,,
function_498e30,replacement_mapping_unresolved,197881,,
function_498e90,replacement_mapping_unresolved,197919,,
function_498f50,replacement_mapping_unresolved,197996,,
function_499080,replacement_mapping_unresolved,198122,,
function_499130,replacement_mapping_unresolved,198152,,
function_4992c0,replacement_mapping_unresolved,198217,,
function_499380,replacement_mapping_unresolved,198246,,
function_4993b0,replacement_mapping_unresolved,198253,,
function_49a000,replacement_mapping_unresolved,198307,,
function_499610,replacement_mapping_unresolved,198364,,
function_4996c0,replacement_mapping_unresolved,198401,,
function_4996f0,replacement_mapping_unresolved,198414,,
function_499800,replacement_mapping_unresolved,198469,,
function_499940,replacement_mapping_unresolved,198549,,
function_499970,cpp_address_replacement,198562,,src/squirrel/squirrel_legacy_api.cpp:439
function_499a20,cpp_address_replacement,198612,,src/squirrel/squirrel_legacy_api.cpp:477
function_499b00,cpp_address_replacement,198658,,src/squirrel/squirrel_legacy_api.cpp:470
function_499b50,replacement_mapping_unresolved,198692,,
function_499ca0,replacement_mapping_unresolved,198738,,
function_499d30,replacement_mapping_unresolved,198759,,
function_499df0,replacement_mapping_unresolved,198790,,
function_499f80,replacement_mapping_unresolved,198976,,
function_499fd0,replacement_mapping_unresolved,199004,,
function_49a0c0,replacement_mapping_unresolved,199046,,
function_49a140,replacement_mapping_unresolved,199116,,
function_49a170,replacement_mapping_unresolved,199132,,
function_49a1b0,replacement_mapping_unresolved,199156,,
function_49a220,replacement_mapping_unresolved,199185,,
function_49a280,replacement_mapping_unresolved,199265,,
function_49a2a0,replacement_mapping_unresolved,199272,,
function_49a2e0,replacement_mapping_unresolved,199314,,
function_49a360,replacement_mapping_unresolved,199345,,
function_49a3e0,replacement_mapping_unresolved,199391,,
function_49a400,replacement_mapping_unresolved,199400,,
function_49a430,replacement_mapping_unresolved,199411,,
function_49a4b0,replacement_mapping_unresolved,199475,,
function_49a520,cpp_address_replacement,199523,,src/squirrel/squirrel_legacy_api.cpp:496
function_49a670,replacement_mapping_unresolved,199576,,
function_49a680,replacement_mapping_unresolved,199584,,
function_49a790,replacement_mapping_unresolved,199713,,
function_49a8c0,replacement_mapping_unresolved,199837,,
function_49a8e0,replacement_mapping_unresolved,199846,,
function_49aa40,replacement_mapping_unresolved,200063,,
function_49aaa0,replacement_mapping_unresolved,200090,,
function_49ad60,replacement_mapping_unresolved,200313,,
function_49af80,replacement_mapping_unresolved,200458,,
function_49c350,cpp_address_replacement,201361,,src/squirrel/squirrel_legacy_api.cpp:408
function_49c9e0,historical_removal_manifest,201757,,
function_49ca00,historical_removal_manifest,201768,,
function_49cb20,historical_removal_manifest,201831,,
function_49cb60,historical_removal_manifest,201837,,
function_49cbb0,historical_removal_manifest,201878,,
function_49cc80,historical_removal_manifest,201952,,
function_49cce0,historical_removal_manifest,201962,,
function_49cdf0,historical_removal_manifest,201982,,
function_49ce50,historical_removal_manifest,201994,,
function_49cf80,historical_removal_manifest,202202,,
function_49d110,historical_removal_manifest,202298,,
function_49d190,historical_removal_manifest,202354,,
function_49d230,historical_removal_manifest,202391,,
function_49d450,historical_removal_manifest,202613,,
function_49d600,historical_removal_manifest,202680,,
function_49d680,historical_removal_manifest,202696,,
function_49d6c0,historical_removal_manifest,202736,,
function_49d700,replacement_mapping_unresolved,202776,,
function_49d790,historical_removal_manifest,202806,,
function_49d8a0,historical_removal_manifest,202844,,
function_49d970,historical_removal_manifest,202896,,
function_49da60,historical_removal_manifest,202928,,
function_49ddd0,historical_removal_manifest,203253,,
function_49e080,historical_removal_manifest,203271,,
function_49e290,historical_removal_manifest,203376,,
function_49e300,historical_removal_manifest,203389,,
function_49e3f0,historical_removal_manifest,203457,,
function_4a4b30,replacement_mapping_unresolved,203820,,
function_4a46d0,replacement_mapping_unresolved,203858,,
function_49ec10,historical_removal_manifest,203974,,
function_49ef30,historical_removal_manifest,204249,,
function_49f060,historical_removal_manifest,204348,,
function_49f0e0,historical_removal_manifest,204384,,
function_49f200,historical_removal_manifest,204464,,
function_49f4f0,historical_removal_manifest,204601,,
function_49f560,historical_removal_manifest,204642,,
function_49f5d0,historical_removal_manifest,204683,,
function_49f640,historical_removal_manifest,204724,,
function_49f7e0,historical_removal_manifest,204833,,
function_49f8d0,historical_removal_manifest,204881,,
function_49fbb0,historical_removal_manifest,205087,,
function_49fc80,historical_removal_manifest,205167,,
function_49ffe0,historical_removal_manifest,205348,,
function_4a0030,historical_removal_manifest,205374,,
function_4a01f0,historical_removal_manifest,205562,,
function_4a0410,historical_removal_manifest,205703,,
function_4a0620,historical_removal_manifest,205841,,
function_4a0a00,historical_removal_manifest,206172,,
function_4a0c80,historical_removal_manifest,206388,,
function_4a1230,historical_removal_manifest,206722,,
function_4a15b0,replacement_mapping_unresolved,206910,,
function_4a16a0,replacement_mapping_unresolved,206933,,
function_4a1760,replacement_mapping_unresolved,206995,,
function_4a1770,replacement_mapping_unresolved,207001,,
function_4a1790,replacement_mapping_unresolved,207009,,
function_4a17b0,replacement_mapping_unresolved,207016,,
function_4a17d0,replacement_mapping_unresolved,207023,,
function_4a1810,replacement_mapping_unresolved,207035,,
function_4a1850,replacement_mapping_unresolved,207047,,
function_4a1870,replacement_mapping_unresolved,207054,,
function_4a1890,replacement_mapping_unresolved,207061,,
function_4a18c0,replacement_mapping_unresolved,207068,,
function_4a1a00,replacement_mapping_unresolved,207157,,
function_4a1a40,replacement_mapping_unresolved,207168,,
function_4a1b40,replacement_mapping_unresolved,207236,,
function_4a1b90,replacement_mapping_unresolved,207244,,
function_4a1c10,replacement_mapping_unresolved,207261,,
function_4a1c60,replacement_mapping_unresolved,207270,,
function_4a1c70,replacement_mapping_unresolved,207276,,
function_4a1d20,replacement_mapping_unresolved,207295,,
function_4a1e20,replacement_mapping_unresolved,207414,,
function_4a1eb0,replacement_mapping_unresolved,207430,,
function_4a2120,replacement_mapping_unresolved,207531,,
function_4a2360,replacement_mapping_unresolved,207643,,
function_4a2380,replacement_mapping_unresolved,207650,,
function_4a23a0,replacement_mapping_unresolved,207657,,
function_4a23c0,replacement_mapping_unresolved,207663,,
function_4a2480,replacement_mapping_unresolved,207694,,
function_4a24a0,replacement_mapping_unresolved,207700,,
function_4a24e0,replacement_mapping_unresolved,207713,,
function_4a2500,replacement_mapping_unresolved,207719,,
function_4a2520,replacement_mapping_unresolved,207725,,
function_4a2540,replacement_mapping_unresolved,207731,,
function_4a2580,replacement_mapping_unresolved,207740,,
function_4a25a0,replacement_mapping_unresolved,207746,,
function_4a25c0,replacement_mapping_unresolved,207752,,
function_4a2670,replacement_mapping_unresolved,207778,,
function_4a27d0,replacement_mapping_unresolved,207822,,
function_4a2890,replacement_mapping_unresolved,207851,,
function_4a2990,replacement_mapping_unresolved,207901,,
function_4a2a90,replacement_mapping_unresolved,207951,,
function_4a2ac0,replacement_mapping_unresolved,207958,,
function_4a2af0,replacement_mapping_unresolved,207965,,
function_4a2b10,replacement_mapping_unresolved,207971,,
function_4a2c80,replacement_mapping_unresolved,208025,,
function_4a2df0,replacement_mapping_unresolved,208115,,
function_4a2fa0,replacement_mapping_unresolved,208198,,
function_4a3030,replacement_mapping_unresolved,208224,,
function_4a3050,replacement_mapping_unresolved,208230,,
function_4a3070,replacement_mapping_unresolved,208236,,
function_4a3090,replacement_mapping_unresolved,208242,,
function_4a30b0,replacement_mapping_unresolved,208248,,
function_4a30d0,replacement_mapping_unresolved,208254,,
function_4a3120,replacement_mapping_unresolved,208267,,
function_4a3530,replacement_mapping_unresolved,208676,,
function_4a35a0,replacement_mapping_unresolved,208694,,
function_4a3610,replacement_mapping_unresolved,208731,,
function_4a3630,replacement_mapping_unresolved,208737,,
function_4a3650,replacement_mapping_unresolved,208743,,
function_4a36d0,replacement_mapping_unresolved,208769,,
function_4a3840,replacement_mapping_unresolved,208851,,
function_4a3a50,replacement_mapping_unresolved,208986,,
function_4a41a0,replacement_mapping_unresolved,209448,,
function_4a4300,replacement_mapping_unresolved,209526,,
function_4a4450,replacement_mapping_unresolved,209603,,
function_4a4520,replacement_mapping_unresolved,209645,,
function_4a4540,replacement_mapping_unresolved,209652,,
function_4a47e0,replacement_mapping_unresolved,209772,,
function_4a48c0,replacement_mapping_unresolved,209799,,
function_4a49c0,replacement_mapping_unresolved,209840,,
function_4a49e0,replacement_mapping_unresolved,209852,,
function_4a4a40,replacement_mapping_unresolved,209862,,
function_4a4a80,replacement_mapping_unresolved,209875,,
function_4a4af0,replacement_mapping_unresolved,209911,,
function_4a4b00,replacement_mapping_unresolved,209919,,
function_4a4b80,replacement_mapping_unresolved,209969,,
function_4a4bc0,replacement_mapping_unresolved,209996,,
function_4a5030,replacement_mapping_unresolved,210369,,
function_4a5070,replacement_mapping_unresolved,210380,,
function_4a50d0,replacement_mapping_unresolved,210446,,
function_4a51b0,replacement_mapping_unresolved,210490,,
function_4a5270,replacement_mapping_unresolved,210567,,
function_4a5320,replacement_mapping_unresolved,210598,,
function_4a5390,replacement_mapping_unresolved,210626,,
function_4a55f0,replacement_mapping_unresolved,210751,,
function_4a5680,replacement_mapping_unresolved,210781,,
function_4a56d0,replacement_mapping_unresolved,210797,,
function_4a57b0,replacement_mapping_unresolved,210833,,
function_4a58b0,replacement_mapping_unresolved,210966,,
function_4a5960,replacement_mapping_unresolved,210996,,
function_4a5ba0,replacement_mapping_unresolved,211157,,
function_4a5c30,replacement_mapping_unresolved,211188,,
function_4a5eb0,replacement_mapping_unresolved,211468,,
function_4a5fa0,replacement_mapping_unresolved,211518,,
function_4a6200,replacement_mapping_unresolved,211624,,
function_4a6270,replacement_mapping_unresolved,211655,,
function_4a6290,replacement_mapping_unresolved,211662,,
function_4a62d0,replacement_mapping_unresolved,211677,,
function_4a6470,replacement_mapping_unresolved,211758,,
function_4a64e0,replacement_mapping_unresolved,211816,,
function_4a65e0,replacement_mapping_unresolved,211849,,
function_4a6650,replacement_mapping_unresolved,211919,,
function_4a6680,replacement_mapping_unresolved,211951,,
function_4a66a0,replacement_mapping_unresolved,211957,,
function_4a66e0,replacement_mapping_unresolved,212005,,
function_4a6700,replacement_mapping_unresolved,212011,,
function_4a6720,replacement_mapping_unresolved,212023,,
function_4a6730,replacement_mapping_unresolved,212033,,
function_4a67a0,replacement_mapping_unresolved,212048,,
function_4a7b10,replacement_mapping_unresolved,212955,,
function_4a7b70,replacement_mapping_unresolved,212982,,
function_4a8060,replacement_mapping_unresolved,213372,,
function_4a8470,replacement_mapping_unresolved,213805,,
function_4a8540,replacement_mapping_unresolved,213882,,
function_4a8c50,cpp_address_replacement,214329,,src/squirrel/squirrel_vm_bootstrap.cpp:29
function_4a8c90,cpp_address_replacement,214348,,src/squirrel/squirrel_vm_bootstrap.cpp:39
function_4a8cc0,cpp_address_replacement,214356,,src/squirrel/squirrel_vm_bootstrap.cpp:47
function_4a8d60,replacement_mapping_unresolved,214382,,
function_4a8db0,cpp_address_replacement,214404,,src/squirrel/squirrel_vm_bootstrap.cpp:59
function_4a8ea0,replacement_mapping_unresolved,214476,,
function_4a8f90,replacement_mapping_unresolved,214515,,
function_4a90c0,cpp_address_replacement,214561,,src/squirrel/squirrel_host_compat.cpp:438;src/squirrel/squirrel_vm_bootstrap.cpp:90
function_4a91c0,cpp_address_replacement,214597,,src/squirrel/squirrel_host_compat.cpp:146
function_4a9250,cpp_address_replacement,214609,,src/squirrel/squirrel_class_binding.cpp:38
function_4a92e0,cpp_address_replacement,214621,,src/squirrel/squirrel_host_compat.cpp:153
function_4a9370,cpp_address_replacement,214633,,src/squirrel/squirrel_class_binding.cpp:48
function_4a9490,cpp_address_replacement,214721,,src/squirrel/squirrel_class_binding.cpp:70
function_4a9500,cpp_address_replacement,214745,,src/squirrel/squirrel_host_compat.cpp:75
function_4a9540,cpp_address_replacement,214759,,src/squirrel/squirrel_host_compat.cpp:86
function_4a9570,cpp_address_replacement,214771,,src/squirrel/squirrel_host_compat.cpp:104
function_4a95c0,unchanged_decompiled_body,214795,134050,src/squirrel/squirrel_host_compat.cpp:118
function_4a9600,cpp_address_replacement,214807,,src/squirrel/squirrel_host_compat.cpp:138
function_4a9660,modified_nonempty_body,214825,134065,src/squirrel/squirrel_host_compat.cpp:132
function_4a96c0,cpp_address_replacement,214838,,src/squirrel/squirrel_host_compat.cpp:160
function_4a9730,cpp_address_replacement,214871,,src/squirrel/squirrel_host_compat.cpp:169
function_4a97b0,cpp_address_replacement,214884,,src/squirrel/squirrel_host_compat.cpp:192
function_4a9840,cpp_address_replacement,214900,,src/squirrel/squirrel_host_compat.cpp:201
function_4a98d0,replacement_mapping_unresolved,214915,,
function_4a9950,cpp_address_replacement,214928,,src/squirrel/squirrel_host_compat.cpp:209
function_4a99f0,cpp_address_replacement,214945,,src/squirrel/squirrel_host_compat.cpp:166
function_4a9a40,cpp_address_replacement,214965,,src/squirrel/squirrel_host_compat.cpp:232
function_4a9ac0,cpp_address_replacement,214983,,src/squirrel/squirrel_host_compat.cpp:235
function_4a9b40,cpp_address_replacement,215001,,src/squirrel/squirrel_host_compat.cpp:241
function_4a9bb0,cpp_address_replacement,215018,,src/squirrel/squirrel_host_compat.cpp:253
function_4a9c10,cpp_address_replacement,215033,,src/squirrel/squirrel_host_compat.cpp:261
function_4a9d30,cpp_address_replacement,215078,,src/squirrel/squirrel_host_compat.cpp:279
function_4a9d50,cpp_address_replacement,215085,,src/squirrel/squirrel_host_compat.cpp:278
function_4a9d70,cpp_address_replacement,215093,,src/squirrel/squirrel_host_compat.cpp:302
function_4a9dc0,replacement_mapping_unresolved,215118,,
function_4a9e30,cpp_address_replacement,215133,,src/squirrel/squirrel_host_compat.cpp:305
function_4a9f60,cpp_address_replacement,215186,,src/squirrel/squirrel_host_compat.cpp:345
function_4aa000,cpp_address_replacement,215211,,src/squirrel/squirrel_host_compat.cpp:238
function_4aa110,replacement_mapping_unresolved,215248,,
function_4aa210,modified_nonempty_body,215288,134170,src/squirrel/squirrel_host_compat.cpp:412
function_4aa2d0,replacement_mapping_unresolved,215315,,
function_4aa3a0,modified_nonempty_body,215341,134183,src/squirrel/squirrel_host_compat.cpp:425
function_4aa470,unchanged_decompiled_body,215366,134208,
function_4aa490,modified_nonempty_body,215374,134216,
function_4aa4b0,unchanged_decompiled_body,215382,134228,
function_4aa4d0,unchanged_decompiled_body,215390,134236,
function_4aa4f0,unchanged_decompiled_body,215398,134244,
function_4aa540,modified_nonempty_body,215429,132307,src/squirrel/squirrel_class_binding.cpp:79;src/squirrel/squirrel_class_binding.cpp:205
function_4aa5e0,cpp_address_replacement,215457,,src/squirrel/squirrel_native_variables.cpp:49
function_4aa750,historical_removal_manifest,215525,,
function_4aa970,replacement_mapping_unresolved,215625,,
function_4ab170,modified_nonempty_body,215747,134366,
function_4aab60,cpp_address_replacement,215822,,src/squirrel/squirrel_native_variables.cpp:187
function_4aabd0,cpp_address_replacement,215839,,src/squirrel/squirrel_native_variables.cpp:188
function_4aac40,replacement_mapping_unresolved,215856,,
function_4aaf30,cpp_address_replacement,216142,,src/squirrel/squirrel_native_variables.cpp:189
function_4aafa0,cpp_address_replacement,216159,,src/squirrel/squirrel_native_variables.cpp:190
function_4ab010,original_short_body,216180,134323,
function_4ab020,replacement_mapping_unresolved,216186,,
function_4ab302,unchanged_decompiled_body,216311,134380,
function_4ab330,unchanged_decompiled_body,216318,134387,
function_4ab3e4,unchanged_decompiled_body,216325,134394,
function_4ab4a9,unchanged_decompiled_body,216341,134410,
function_4ab701,original_short_body,216355,134424,
function_4ab704,unchanged_decompiled_body,216361,134430,
function_4ab92d,unchanged_decompiled_body,216380,134449,
function_4ab9d0,unchanged_decompiled_body,216435,134504,
function_4ab9d9,unchanged_decompiled_body,216442,134511,
function_4abc67,original_short_body,216449,134518,
function_4abca1,unchanged_decompiled_body,216457,134526,
function_4ac8b2,unchanged_decompiled_body,216476,134545,
function_4ac9e3,original_short_body,216483,134552,
function_4ac9e5,unchanged_decompiled_body,216489,134558,
function_4aca13,unchanged_decompiled_body,216499,134568,
function_4aca90,original_short_body,216514,134583,
function_4aca9a,original_short_body,216520,134589,
function_4ad000,unchanged_decompiled_body,216561,134630,
function_4ad02e,original_short_body,216577,134646,
function_4ad16b,unchanged_decompiled_body,216583,134652,
function_4ad2c0,unchanged_decompiled_body,216590,134659,
function_4ad562,original_short_body,216597,134666,
function_4ad624,unchanged_decompiled_body,216603,134672,
function_4ad7f2,unchanged_decompiled_body,216730,134799,
function_4ad8af,unchanged_decompiled_body,216746,134815,
function_4ade56,unchanged_decompiled_body,216795,134864,
function_4adf39,unchanged_decompiled_body,216802,134871,
function_4ae181,unchanged_decompiled_body,216809,134878,
function_4ae2a4,unchanged_decompiled_body,216816,134885,
function_4ae55b,unchanged_decompiled_body,216823,134892,
function_4ae565,unchanged_decompiled_body,216830,134899,
function_4ae567,unchanged_decompiled_body,216837,134906,
function_4aecbb,unchanged_decompiled_body,216856,134925,
function_4aecca,original_short_body,216869,134938,
function_4aece1,unchanged_decompiled_body,216875,134944,
function_4aecf7,unchanged_decompiled_body,216882,134951,
function_4aed07,unchanged_decompiled_body,216896,134965,
function_4aed16,unchanged_decompiled_body,216910,134979,
function_4aee9f,unchanged_decompiled_body,216917,134986,
function_4aef60,original_short_body,216991,135060,
function_4aef74,unchanged_decompiled_body,216997,135066,
function_4af0cd,unchanged_decompiled_body,217010,135079,
function_4af0e0,unchanged_decompiled_body,217017,135086,
function_4af520,unchanged_decompiled_body,217060,135129,
function_4afd36,unchanged_decompiled_body,217155,135224,
function_4aff32,unchanged_decompiled_body,217162,135231,
function_4aff46,unchanged_decompiled_body,217170,135239,
function_4b005d,original_short_body,217179,135248,
function_4b0548,original_short_body,217192,135261,
function_4b07d6,unchanged_decompiled_body,217212,135281,
function_4b0978,unchanged_decompiled_body,217220,135289,
function_4b0a1a,unchanged_decompiled_body,217234,135303,
function_4b0b09,unchanged_decompiled_body,217241,135310,
function_4b0bba,original_short_body,217249,135318,
function_4b0bc3,unchanged_decompiled_body,217255,135324,
function_4b0c29,unchanged_decompiled_body,217299,135368,
function_4b0c45,unchanged_decompiled_body,217309,135378,
function_4b0c50,unchanged_decompiled_body,217318,135387,
function_4b0eca,original_short_body,217345,135414,
function_4b15e9,original_short_body,217363,135432,
function_4b15f2,original_short_body,217369,135438,
function_4b17a8,original_short_body,217375,135444,
function_4b17b4,original_short_body,217381,135450,
function_4b26a3,original_short_body,217387,135456,
function_4b26ad,original_short_body,217393,135462,
function_4b26b4,unchanged_decompiled_body,217399,135468,
function_4b26bb,unchanged_decompiled_body,217406,135475,
function_4b26c2,unchanged_decompiled_body,217413,135482,
function_4b26ed,unchanged_decompiled_body,217428,135497,
function_4b2717,unchanged_decompiled_body,217437,135506,
function_4b2756,unchanged_decompiled_body,217454,135523,
function_4b2758,unchanged_decompiled_body,217461,135530,
function_4b275d,unchanged_decompiled_body,217468,135537,
function_4b2769,unchanged_decompiled_body,217475,135544,
function_4b2773,unchanged_decompiled_body,217483,135552,
function_4b28b5,unchanged_decompiled_body,217497,135566,
function_4b41ca,modified_nonempty_body,217511,135580,
function_4b4aa0,unchanged_decompiled_body,217518,135587,
function_4b4aa9,unchanged_decompiled_body,217525,135594,
function_4b4ab2,original_short_body,217532,135601,
function_4b4acb,unchanged_decompiled_body,217538,135607,
function_4b4adc,unchanged_decompiled_body,217547,135616,
function_4b4b0c,unchanged_decompiled_body,217562,135631,
function_4b4b15,unchanged_decompiled_body,217569,135638,
function_4b4b31,original_short_body,217576,135645,
function_4b4b38,unchanged_decompiled_body,217582,135651,
function_4b4c0c,unchanged_decompiled_body,217589,135658,
function_4b4c13,unchanged_decompiled_body,217598,135667,
function_4b5d4f,original_short_body,217796,135865,
function_4b611e,original_short_body,217802,135871,
function_4b6127,unchanged_decompiled_body,217808,135877,
function_4b64a2,original_short_body,217815,135884,
function_4b71fc,original_short_body,217821,135890,
function_4b7208,original_short_body,217827,135896,
function_4b7dea,original_short_body,217833,135902,
function_4b7df6,original_short_body,217839,135908,
function_4b7dff,unchanged_decompiled_body,217845,135914,
function_4b7e01,unchanged_decompiled_body,217852,135921,
function_4b7e27,unchanged_decompiled_body,217860,135929,
function_4b8c20,unchanged_decompiled_body,218552,136621,
function_4b8db1,original_short_body,218561,136630,
function_4b8c88,unchanged_decompiled_body,218570,136639,
function_4b8c9a,unchanged_decompiled_body,218578,136647,
function_4b8cb4,unchanged_decompiled_body,218587,136656,
function_4b8cc4,unchanged_decompiled_body,218595,136664,
function_4b8d20,unchanged_decompiled_body,218607,136676,
function_4b8d4f,unchanged_decompiled_body,218623,136692,
function_4b8d61,unchanged_decompiled_body,218631,136700,
function_4b8d6e,unchanged_decompiled_body,218638,136707,
function_4b8de5,unchanged_decompiled_body,218689,136758,
function_4b923b,original_short_body,218835,136904,
function_4b9403,unchanged_decompiled_body,218841,136910,
function_4b9589,unchanged_decompiled_body,218848,136917,
function_4b9714,unchanged_decompiled_body,218855,136924,
function_4b9743,original_short_body,218863,136932,
function_4b9795,unchanged_decompiled_body,218869,136938,
function_4b9f6f,unchanged_decompiled_body,218882,136951,
function_4ba421,original_short_body,218901,136970,
function_4ba523,original_short_body,218907,136976,
function_4ba52c,unchanged_decompiled_body,218913,136982,
function_4ba5e1,original_short_body,218925,136994,
function_4badb3,unchanged_decompiled_body,218931,137000,
function_4bb17c,original_short_body,218938,137007,
function_4bb266,unchanged_decompiled_body,218944,137013,
function_4bb518,original_short_body,218951,137020,
function_4bb71d,unchanged_decompiled_body,218963,137032,
function_4bb72c,unchanged_decompiled_body,218976,137045,
function_4bb730,unchanged_decompiled_body,218983,137052,
function_4bbf40,unchanged_decompiled_body,219241,137310,
function_4bbf75,unchanged_decompiled_body,219255,137324,
function_4bbf90,unchanged_decompiled_body,219263,137332,
function_4bc177,unchanged_decompiled_body,219271,137340,
function_4bcadf,unchanged_decompiled_body,219286,137355,
function_4bcae6,unchanged_decompiled_body,219293,137362,
function_4bcd8c,unchanged_decompiled_body,219300,137369,
function_4c1f83,original_short_body,219313,137382,
function_4c205d,unchanged_decompiled_body,219319,137388,
function_4c2086,original_short_body,219326,137395,
function_4c29d8,unchanged_decompiled_body,219332,137401,
function_4c3cd4,unchanged_decompiled_body,219359,137428,
function_4c3d09,unchanged_decompiled_body,219368,137437,
function_4c3d28,unchanged_decompiled_body,219385,137454,
function_4c3d2c,unchanged_decompiled_body,219394,137463,
function_4c3d30,original_short_body,219401,137470,
function_4c3ee0,original_short_body,219407,137476,
function_4c427a,unchanged_decompiled_body,219413,137482,
function_4c4283,unchanged_decompiled_body,219420,137489,
function_4c47f4,original_short_body,219427,137496,
function_4c4a04,original_short_body,219433,137502,
function_4c4b00,original_short_body,219439,137508,
function_4c4b10,original_short_body,219445,137514,
function_4c4b20,original_short_body,219451,137520,
function_4c4b30,original_short_body,219457,137526,
function_4c4c50,unchanged_decompiled_body,219485,137554,
function_4c4c80,unchanged_decompiled_body,219495,137564,
function_4c4cf0,unchanged_decompiled_body,219513,137582,
function_4c4d40,unchanged_decompiled_body,219542,137611,
function_4c4df0,unchanged_decompiled_body,219602,137671,
function_4c4e20,unchanged_decompiled_body,219618,137687,
function_4c4e70,unchanged_decompiled_body,219636,137705,
function_4c4e90,unchanged_decompiled_body,219646,137715,
function_4c4ec0,unchanged_decompiled_body,219663,137732,
function_4c4f40,unchanged_decompiled_body,219700,137769,
function_4c4f60,unchanged_decompiled_body,219713,137782,
function_4c50b0,unchanged_decompiled_body,219813,137882,
function_4c53a0,unchanged_decompiled_body,220025,138094,
function_4c53c0,unchanged_decompiled_body,220036,138105,
function_4c5410,unchanged_decompiled_body,220055,138124,
function_4c5430,original_short_body,220063,138132,
function_4c5450,unchanged_decompiled_body,220069,138138,
function_4c5580,original_short_body,220155,138224,
function_4c55a0,unchanged_decompiled_body,220161,138230,
function_4c55e0,unchanged_decompiled_body,220183,138252,
function_4c56e0,unchanged_decompiled_body,220243,138312,
function_4c5700,unchanged_decompiled_body,220255,138324,
function_4c5730,unchanged_decompiled_body,220267,138336,
function_4c5760,unchanged_decompiled_body,220280,138349,
function_4c5810,unchanged_decompiled_body,220321,138390,
function_4c5910,unchanged_decompiled_body,220398,138467,
function_4c5930,replacement_mapping_unresolved,220404,,
function_4c5bc0,replacement_mapping_unresolved,220721,,
function_4c5c40,replacement_mapping_unresolved,220739,,
function_4c5c80,cpp_address_replacement,220745,,src/squirrel/squirrel_legacy_api.cpp:404
function_4c5cb0,replacement_mapping_unresolved,220753,,
function_4c5e30,replacement_mapping_unresolved,220884,,
function_4c60fc,replacement_mapping_unresolved,221026,,
function_4c6160,replacement_mapping_unresolved,221081,,
function_4c6190,replacement_mapping_unresolved,221121,,
function_4c61f0,replacement_mapping_unresolved,221134,,
function_4c6230,replacement_mapping_unresolved,221144,,
function_4c6280,replacement_mapping_unresolved,221157,,
function_4c6340,replacement_mapping_unresolved,221205,,
function_4c6360,replacement_mapping_unresolved,221212,,
function_4c63d0,replacement_mapping_unresolved,221229,,
function_4c6430,replacement_mapping_unresolved,221242,,
function_4c64d0,replacement_mapping_unresolved,221267,,
function_4c65b0,replacement_mapping_unresolved,221328,,
function_4c65f0,replacement_mapping_unresolved,221336,,
function_4c6650,replacement_mapping_unresolved,221353,,
function_4c6670,cpp_address_replacement,221360,,src/squirrel/squirrel_legacy_api.cpp:400
function_4c6780,replacement_mapping_unresolved,221495,,
function_4c67d0,replacement_mapping_unresolved,221508,,
function_4c67f0,replacement_mapping_unresolved,221515,,
function_4c6820,replacement_mapping_unresolved,221525,,
function_4c6860,replacement_mapping_unresolved,221536,,
function_4c68a0,replacement_mapping_unresolved,221545,,
function_4c68e0,replacement_mapping_unresolved,221556,,
function_4c6920,replacement_mapping_unresolved,221567,,
function_4c6960,replacement_mapping_unresolved,221578,,
function_4c69a0,replacement_mapping_unresolved,221589,,
function_4c69e0,replacement_mapping_unresolved,221600,,
function_4c6a20,replacement_mapping_unresolved,221611,,
function_4c6a60,replacement_mapping_unresolved,221622,,
function_4c6aa0,replacement_mapping_unresolved,221633,,
function_4c6af0,replacement_mapping_unresolved,221646,,
function_4c6b40,replacement_mapping_unresolved,221659,,
function_4c6b90,replacement_mapping_unresolved,221668,,
function_4c6be0,replacement_mapping_unresolved,221677,,
function_4c6c20,cpp_address_replacement,221688,,src/squirrel/squirrel_legacy_api.cpp:396
function_4c6d00,replacement_mapping_unresolved,221791,,
function_4c6d80,replacement_mapping_unresolved,221825,,
function_4c6df0,replacement_mapping_unresolved,221843,,
function_4c6e20,replacement_mapping_unresolved,221853,,
function_4c6e40,replacement_mapping_unresolved,221863,,
function_4c6ec0,replacement_mapping_unresolved,221894,,
function_4c6f40,replacement_mapping_unresolved,221925,,
function_4c6fe0,replacement_mapping_unresolved,221947,,
function_4c7070,replacement_mapping_unresolved,221966,,
function_4c7130,replacement_mapping_unresolved,221996,,
function_4c7150,replacement_mapping_unresolved,222003,,
function_4c7180,replacement_mapping_unresolved,222013,,
function_4c71b0,replacement_mapping_unresolved,222022,,
function_4c71f0,replacement_mapping_unresolved,222033,,
function_4c7230,replacement_mapping_unresolved,222043,,
function_4c7270,replacement_mapping_unresolved,222054,,
function_4c72b0,replacement_mapping_unresolved,222067,,
function_4c72f0,replacement_mapping_unresolved,222079,,
function_4c73a0,cpp_address_replacement,222104,,src/squirrel/squirrel_legacy_api.cpp:392
function_4c73d0,replacement_mapping_unresolved,222112,,
function_4c7430,replacement_mapping_unresolved,222151,,
function_4c7440,replacement_mapping_unresolved,222160,,
function_4c7450,replacement_mapping_unresolved,222170,,
function_4c7490,replacement_mapping_unresolved,222186,,
function_4c74f0,replacement_mapping_unresolved,222222,,
function_4c7540,replacement_mapping_unresolved,222246,,
function_4c7620,replacement_mapping_unresolved,222301,,
function_4c7630,replacement_mapping_unresolved,222307,,
function_4c7640,replacement_mapping_unresolved,222313,,
function_4c7650,replacement_mapping_unresolved,222319,,
function_4c76b0,replacement_mapping_unresolved,222339,,
function_4c76c0,replacement_mapping_unresolved,222345,,
function_4c76d0,replacement_mapping_unresolved,222351,,
function_4c76e0,replacement_mapping_unresolved,222357,,
function_4c7700,replacement_mapping_unresolved,222364,,
function_4c7720,replacement_mapping_unresolved,222370,,
function_4c77c0,replacement_mapping_unresolved,222402,,
function_4c77f0,replacement_mapping_unresolved,222414,,
function_4c7880,replacement_mapping_unresolved,222467,,
function_4c78b0,replacement_mapping_unresolved,222480,,
function_4c78f0,replacement_mapping_unresolved,222492,,
function_4c7920,replacement_mapping_unresolved,222498,,
function_4c7940,replacement_mapping_unresolved,222504,,
function_4c7aa0,replacement_mapping_unresolved,222576,,
function_4c7b10,replacement_mapping_unresolved,222596,,
function_4c7b80,replacement_mapping_unresolved,222608,,
function_4c7be0,replacement_mapping_unresolved,222622,,
function_4c7c20,replacement_mapping_unresolved,222631,,
function_4c7c90,cpp_address_replacement,222646,,src/squirrel/squirrel_legacy_api.cpp:388
function_4c7d50,replacement_mapping_unresolved,222668,,
function_4c7d70,replacement_mapping_unresolved,222677,,
function_4c7d90,replacement_mapping_unresolved,222686,,
function_4c7da0,replacement_mapping_unresolved,222695,,
function_4c7db0,replacement_mapping_unresolved,222704,,
function_4c7df0,replacement_mapping_unresolved,222713,,
function_4c7e10,replacement_mapping_unresolved,222722,,
function_4c7e20,replacement_mapping_unresolved,222731,,
function_4c7e40,replacement_mapping_unresolved,222740,,
function_4c7e90,replacement_mapping_unresolved,222764,,
function_4c7fc0,replacement_mapping_unresolved,222847,,
function_4c8030,replacement_mapping_unresolved,222880,,
function_4c8070,replacement_mapping_unresolved,222924,,
function_4c8110,replacement_mapping_unresolved,222957,,
function_4c8140,replacement_mapping_unresolved,222965,,
function_4c82a0,replacement_mapping_unresolved,222997,,
function_4c83f0,replacement_mapping_unresolved,223024,,
function_4c8460,replacement_mapping_unresolved,223076,,
function_4c8720,replacement_mapping_unresolved,223258,,
function_4c87b0,replacement_mapping_unresolved,223293,,
function_4c8980,replacement_mapping_unresolved,223384,,
function_4c89e0,replacement_mapping_unresolved,223471,,
function_4c8e00,replacement_mapping_unresolved,223837,,
function_4c8e60,replacement_mapping_unresolved,223868,,
function_4c8eb0,replacement_mapping_unresolved,223892,,
function_4c8f40,replacement_mapping_unresolved,224013,,
function_4c8f80,replacement_mapping_unresolved,224024,,
function_4c8f90,replacement_mapping_unresolved,224030,,
function_4c8fd0,replacement_mapping_unresolved,224042,,
function_4c90c0,replacement_mapping_unresolved,224087,,
function_4c91b0,replacement_mapping_unresolved,224120,,
function_4c9400,replacement_mapping_unresolved,224139,,
function_4c94f0,replacement_mapping_unresolved,224192,,
function_4c9684,replacement_mapping_unresolved,224218,,
function_4c9780,replacement_mapping_unresolved,224266,,
function_4c9800,replacement_mapping_unresolved,224283,,
function_4c9880,replacement_mapping_unresolved,224300,,
function_4c9920,replacement_mapping_unresolved,224323,,
function_4c99c0,replacement_mapping_unresolved,224346,,
function_4c9ae0,replacement_mapping_unresolved,224445,,
function_4c9c8c,original_short_body,224669,138893,
function_4c9d80,unchanged_decompiled_body,224675,138899,
function_4c9eef,unchanged_decompiled_body,224687,138911,
function_4ca03f,unchanged_decompiled_body,224756,138980,
function_4ca0a6,original_short_body,224781,139005,
function_4ca0ab,unchanged_decompiled_body,224787,139011,
function_4ca147,original_short_body,224797,139021,
function_4ca151,original_short_body,224803,139027,
function_4ca1ef,unchanged_decompiled_body,224809,139033,
function_4cb70b,unchanged_decompiled_body,225635,139859,
function_4cb740,historical_removal_manifest,225642,,
function_4cb770,historical_removal_manifest,225648,,
function_4cb77b,historical_removal_manifest,225654,,
function_4cb786,historical_removal_manifest,225660,,
function_4cb7b0,historical_removal_manifest,225666,,
function_4cb7e0,replacement_mapping_unresolved,225672,,
function_4cb830,original_short_body,225678,139867,
function_4cb83b,original_short_body,225684,139873,
function_4cb846,historical_removal_manifest,225690,,
function_4cb851,historical_removal_manifest,225696,,
function_4cb85c,historical_removal_manifest,225702,,
function_4cb867,historical_removal_manifest,225708,,
function_4cb872,replacement_mapping_unresolved,225714,,
function_4cb87d,historical_removal_manifest,225720,,
function_4cb8b0,original_short_body,225726,139880,
function_4cb8bb,original_short_body,225732,139886,
function_4cb8c6,historical_removal_manifest,225738,,
function_4cb8d1,historical_removal_manifest,225744,,
function_4cb8dc,historical_removal_manifest,225750,,
function_4cb8e7,replacement_mapping_unresolved,225756,,
function_4cb8f2,replacement_mapping_unresolved,225762,,
function_4cb8fd,historical_removal_manifest,225768,,
function_4cb908,historical_removal_manifest,225774,,
function_4cb930,historical_removal_manifest,225780,,
function_4cb938,historical_removal_manifest,225786,,
function_4cb940,historical_removal_manifest,225792,,
function_4cb948,original_short_body,225798,139893,
function_4cb950,replacement_mapping_unresolved,225804,,
function_4cb958,historical_removal_manifest,225810,,
function_4cb960,historical_removal_manifest,225816,,
function_4cb968,historical_removal_manifest,225822,,
function_4cb970,replacement_mapping_unresolved,225828,,
function_4cb978,historical_removal_manifest,225834,,
function_4cb9a0,historical_removal_manifest,225840,,
function_4cb9d0,original_short_body,225846,139900,
function_4cb9d8,historical_removal_manifest,225852,,
function_4cba00,historical_removal_manifest,225858,,
function_4cba08,historical_removal_manifest,225864,,
function_4cba10,historical_removal_manifest,225870,,
function_4cba40,historical_removal_manifest,225876,,
function_4cba48,historical_removal_manifest,225882,,
function_4cba50,historical_removal_manifest,225888,,
function_4cba58,historical_removal_manifest,225894,,
function_4cba60,historical_removal_manifest,225900,,
function_4cba90,replacement_mapping_unresolved,225906,,
function_4cba98,historical_removal_manifest,225912,,
function_4cbaa0,replacement_mapping_unresolved,225918,,
function_4cbaa8,historical_removal_manifest,225924,,
function_4cbab0,historical_removal_manifest,225930,,
function_4cbae0,historical_removal_manifest,225936,,
function_4cbae8,historical_removal_manifest,225942,,
function_4cbaf0,replacement_mapping_unresolved,225948,,
function_4cbaf8,historical_removal_manifest,225954,,
function_4cbb20,historical_removal_manifest,225960,,
function_4cbb28,historical_removal_manifest,225966,,
function_4cbb30,replacement_mapping_unresolved,225972,,
function_4cbb38,historical_removal_manifest,225978,,
function_4cbb40,replacement_mapping_unresolved,225984,,
function_4cbb48,historical_removal_manifest,225990,,
function_4cbb70,historical_removal_manifest,225996,,
function_4cbba0,historical_removal_manifest,226002,,
function_4cbba8,historical_removal_manifest,226008,,
function_4cbbd0,replacement_mapping_unresolved,226014,,
function_4cbbd8,historical_removal_manifest,226020,,
function_4cbbe0,historical_removal_manifest,226026,,
function_4cbbe8,historical_removal_manifest,226032,,
function_4cbbf0,historical_removal_manifest,226038,,
function_4cbbf8,historical_removal_manifest,226044,,
function_4cbc20,replacement_mapping_unresolved,226050,,
function_4cbc28,replacement_mapping_unresolved,226056,,
function_4cbc50,historical_removal_manifest,226062,,
function_4cbc58,historical_removal_manifest,226068,,
function_4cbc60,historical_removal_manifest,226074,,
function_4cbc90,historical_removal_manifest,226080,,
function_4cbc98,historical_removal_manifest,226086,,
function_4cbca3,historical_removal_manifest,226092,,
function_4cbcae,historical_removal_manifest,226098,,
function_4cbcb9,unchanged_decompiled_body,226104,139907,
function_4cbcf0,original_short_body,226112,139915,
function_4cbd60,original_short_body,226118,139921,
function_4cbd6b,original_short_body,226124,139927,
function_4cbd76,unchanged_decompiled_body,226130,139933,
function_4cbda0,original_short_body,226138,139941,
function_4cbdd0,original_short_body,226144,139947,
function_4cbddb,original_short_body,226150,139953,
function_4cbde6,original_short_body,226156,139959,
function_4cbdf1,original_short_body,226162,139965,
function_4cbdfc,original_short_body,226168,139971,
function_4cbe07,original_short_body,226174,139977,
function_4cbe12,original_short_body,226180,139983,
function_4cbe1d,unchanged_decompiled_body,226186,139989,
function_4cbe50,original_short_body,226194,139997,
function_4cbe80,unchanged_decompiled_body,226200,140003,
function_4cbe8b,unchanged_decompiled_body,226207,140010,
function_4cbec0,historical_removal_manifest,226214,,
function_4cbef0,historical_removal_manifest,226220,,
function_4cbefb,historical_removal_manifest,226226,,
function_4cbf30,historical_removal_manifest,226232,,
function_4cbf38,historical_removal_manifest,226238,,
function_4cbf60,historical_removal_manifest,226244,,
function_4cbf6b,historical_removal_manifest,226250,,
function_4cbf76,replacement_mapping_unresolved,226256,,
function_4cbf7e,historical_removal_manifest,226262,,
function_4cbfb0,historical_removal_manifest,226268,,
function_4cbfb8,replacement_mapping_unresolved,226274,,
function_4cbfc0,historical_removal_manifest,226280,,
function_4cbfc8,historical_removal_manifest,226286,,
function_4cbff0,original_short_body,226292,140018,
function_4cc040,original_short_body,226298,140024,
function_4cc048,original_short_body,226304,140030,
function_4cc070,historical_removal_manifest,226310,,
function_4cc0a0,replacement_mapping_unresolved,226316,,
function_4cc0d0,historical_removal_manifest,226322,,
function_4cc0d8,historical_removal_manifest,226328,,
function_4cc0e0,historical_removal_manifest,226334,,
function_4cc0e8,replacement_mapping_unresolved,226340,,
function_4cc0f0,historical_removal_manifest,226346,,
function_4cc0f8,replacement_mapping_unresolved,226352,,
function_4cc100,historical_removal_manifest,226358,,
function_4cc130,historical_removal_manifest,226364,,
function_4cc138,historical_removal_manifest,226370,,
function_4cc140,historical_removal_manifest,226376,,
function_4cc148,historical_removal_manifest,226382,,
function_4cc180,historical_removal_manifest,226397,,
function_4cc1b0,historical_removal_manifest,226403,,
function_4cc1b8,historical_removal_manifest,226409,,
function_4cc1c0,historical_removal_manifest,226415,,
function_4cc1f0,original_short_body,226421,140037,
function_4cc1f8,original_short_body,226427,140043,
function_4cc203,original_short_body,226433,140049,
function_4cc20e,original_short_body,226439,140055,
function_4cc240,original_short_body,226445,140061,
function_4cc248,original_short_body,226451,140067,
function_4cc253,original_short_body,226457,140073,
function_4cc25e,original_short_body,226463,140079,
function_4cc269,original_short_body,226469,140085,
function_4cc290,original_short_body,226475,140091,
function_4cc2c0,original_short_body,226481,140097,
function_4cc2c8,unchanged_decompiled_body,226487,140103,
function_4cc2d3,original_short_body,226494,140110,
function_4cc300,original_short_body,226500,140116,
function_4cc330,historical_removal_manifest,226506,,
function_4cc338,original_short_body,226512,140123,
function_4cc343,original_short_body,226518,140129,
function_4cc351,original_short_body,226524,140135,
function_4cc359,original_short_body,226530,140141,
function_4cc390,historical_removal_manifest,226536,,
function_4cc398,original_short_body,226542,140148,
function_4cc3a3,original_short_body,226548,140154,
function_4cc3d0,original_short_body,226554,140160,
function_4cc3db,original_short_body,226560,140166,
function_4cc3e6,original_short_body,226566,140172,
function_4cc410,original_short_body,226572,140178,
function_4cc41b,unchanged_decompiled_body,226578,140184,
function_4cc426,original_short_body,226585,140191,
function_4cc42e,original_short_body,226591,140197,
function_4cc439,original_short_body,226597,140203,
function_4cc444,original_short_body,226603,140209,
function_4cc44f,original_short_body,226609,140215,
function_4cc45a,original_short_body,226615,140221,
function_4cc465,original_short_body,226621,140227,
function_4cc490,original_short_body,226627,140233,
function_4cc498,original_short_body,226633,140239,
function_4cc4a3,original_short_body,226639,140245,
function_4cc4ae,original_short_body,226645,140251,
function_4cc4b9,original_short_body,226651,140257,
function_4cc4c1,original_short_body,226657,140263,
function_4cc4c9,original_short_body,226663,140269,
function_4cc4f0,historical_removal_manifest,226669,,
function_4cc4fa,historical_removal_manifest,226675,,
function_4cc520,historical_removal_manifest,226681,,
function_4cc550,original_short_body,226687,140276,
function_4cc5b0,historical_removal_manifest,226693,,
function_4cc630,historical_removal_manifest,226708,,
function_4cc638,replacement_mapping_unresolved,226714,,
function_4cc640,historical_removal_manifest,226720,,
function_4cc648,historical_removal_manifest,226726,,
function_4cc650,historical_removal_manifest,226732,,
function_4cc680,historical_removal_manifest,226738,,
function_4cc68b,unchanged_decompiled_body,226744,140283,
function_4cc6c0,historical_removal_manifest,226752,,
function_4cc6c8,original_short_body,226758,140292,
function_4cc6f0,historical_removal_manifest,226764,,
function_4cc720,unchanged_decompiled_body,226770,140299,
function_4cc72b,unchanged_decompiled_body,226777,140306,
function_4cc736,historical_removal_manifest,226784,,
function_4cc73e,historical_removal_manifest,226790,,
function_4cc746,historical_removal_manifest,226796,,
function_4cc74e,historical_removal_manifest,226802,,
function_4cc756,historical_removal_manifest,226808,,
function_4cc780,replacement_mapping_unresolved,226814,,
function_4cc788,historical_removal_manifest,226820,,
function_4cc790,historical_removal_manifest,226826,,
function_4cc798,historical_removal_manifest,226832,,
function_4cc7c0,historical_removal_manifest,226838,,
function_4cc7c8,historical_removal_manifest,226844,,
function_4cc7d0,historical_removal_manifest,226850,,
function_4cc7d8,replacement_mapping_unresolved,226856,,
function_4cc7e0,historical_removal_manifest,226862,,
function_4cc830,unchanged_decompiled_body,226868,140314,
function_4cc838,original_short_body,226875,140321,
function_4cc840,unchanged_decompiled_body,226881,140327,
function_4cc870,original_short_body,226889,140335,
function_4cc8a0,historical_removal_manifest,226895,,
function_4cc8a8,historical_removal_manifest,226901,,
function_4cc8d0,historical_removal_manifest,226907,,
function_4cc8d8,historical_removal_manifest,226913,,
function_4cc8e0,unchanged_decompiled_body,226919,140342,
function_4cc910,historical_removal_manifest,226927,,
function_4cc940,historical_removal_manifest,226933,,
function_4cc948,historical_removal_manifest,226939,,
function_4cc970,historical_removal_manifest,226945,,
function_4cc978,historical_removal_manifest,226951,,
function_4cc980,historical_removal_manifest,226957,,
function_4cc9b0,original_short_body,226963,140351,
function_4cc9b8,historical_removal_manifest,226969,,
function_4cc9e0,historical_removal_manifest,226975,,
function_4cca10,historical_removal_manifest,226981,,
function_4cca18,original_short_body,226987,140358,
function_4cca20,historical_removal_manifest,226993,,
function_4cca28,original_short_body,226999,140365,
function_4cca30,historical_removal_manifest,227005,,
function_4cca38,historical_removal_manifest,227011,,
function_4cca43,historical_removal_manifest,227017,,
function_4cca4e,historical_removal_manifest,227023,,
function_4cca56,historical_removal_manifest,227029,,
function_4cca61,historical_removal_manifest,227035,,
function_4cca6c,historical_removal_manifest,227041,,
function_4cca74,unchanged_decompiled_body,227047,140372,
function_4ccaa0,historical_removal_manifest,227055,,
function_4ccaa8,historical_removal_manifest,227061,,
function_4ccab0,historical_removal_manifest,227067,,
function_4ccab8,historical_removal_manifest,227073,,
function_4ccac0,original_short_body,227079,140381,
function_4ccaf0,historical_removal_manifest,227085,,
function_4ccaf8,original_short_body,227091,140388,
function_4ccb03,original_short_body,227097,140394,
function_4ccb0e,unchanged_decompiled_body,227103,140400,
function_4ccb40,historical_removal_manifest,227111,,
function_4ccb48,original_short_body,227117,140409,
function_4ccb53,original_short_body,227123,140415,
function_4ccb5e,unchanged_decompiled_body,227129,140421,
function_4ccb90,original_short_body,227137,140429,
function_4ccb98,historical_removal_manifest,227143,,
function_4ccba0,historical_removal_manifest,227149,,
function_4ccba8,historical_removal_manifest,227155,,
function_4ccbb0,historical_removal_manifest,227161,,
function_4ccbb8,historical_removal_manifest,227167,,
function_4ccbc0,historical_removal_manifest,227173,,
function_4ccbc8,historical_removal_manifest,227179,,
function_4ccbd0,historical_removal_manifest,227185,,
function_4ccc00,simplified_fragment_candidate,227191,140436,
function_4ccc08,historical_removal_manifest,227197,,
function_4ccc13,historical_removal_manifest,227203,,
function_4ccc1e,simplified_fragment_candidate,227209,140443,
function_4ccc29,simplified_fragment_candidate,227215,140449,
function_4ccc34,historical_removal_manifest,227221,,
function_4ccc60,simplified_fragment_candidate,227227,140456,
function_4ccc68,historical_removal_manifest,227233,,
function_4ccc73,historical_removal_manifest,227239,,
function_4ccc7e,simplified_fragment_candidate,227245,140463,
function_4ccc89,simplified_fragment_candidate,227251,140469,
function_4cccb0,simplified_fragment_candidate,227257,140475,
function_4cccb8,simplified_fragment_candidate,227263,140481,
function_4cccc3,simplified_fragment_candidate,227269,140487,
function_4cccce,historical_removal_manifest,227275,,
function_4cccd9,historical_removal_manifest,227281,,
function_4ccd00,original_short_body,227287,140494,
function_4ccd11,simplified_fragment_candidate,227293,140500,
function_4ccd40,simplified_fragment_candidate,227299,140506,
function_4ccd70,simplified_fragment_candidate,227305,140512,
function_4ccd78,simplified_fragment_candidate,227311,140518,
function_4ccd83,historical_removal_manifest,227317,,
function_4ccdb0,simplified_fragment_candidate,227323,140525,
function_4ccdb8,simplified_fragment_candidate,227329,140531,
function_4ccde0,original_short_body,227335,140537,
function_4cce10,historical_removal_manifest,227341,,
function_4cce40,historical_removal_manifest,227347,,
function_4cce70,historical_removal_manifest,227353,,
function_4ccea0,historical_removal_manifest,227359,,
function_4ccea8,historical_removal_manifest,227365,,
function_4cceb0,historical_removal_manifest,227371,,
function_4cceb8,historical_removal_manifest,227377,,
function_4ccec0,historical_removal_manifest,227383,,
function_4ccec8,simplified_fragment_candidate,227389,140544,
function_4cced0,historical_removal_manifest,227395,,
function_4cced8,historical_removal_manifest,227401,,
function_4ccf00,simplified_fragment_candidate,227407,140551,
function_4ccf30,historical_removal_manifest,227413,,
function_4ccf60,simplified_fragment_candidate,227419,140558,
function_4ccf68,historical_removal_manifest,227425,,
function_4ccf90,historical_removal_manifest,227431,,
function_4ccfc0,historical_removal_manifest,227437,,
function_4ccff0,historical_removal_manifest,227443,,
function_4cd009,historical_removal_manifest,227458,,
function_4cd022,historical_removal_manifest,227473,,
function_4cd03b,historical_removal_manifest,227488,,
function_4cd070,simplified_fragment_candidate,227503,140565,
function_4cd078,historical_removal_manifest,227509,,
function_4cd083,simplified_fragment_candidate,227515,140572,
function_4cd08e,simplified_fragment_candidate,227521,140578,
function_4cd099,simplified_fragment_candidate,227527,140584,
function_4cd0a4,simplified_fragment_candidate,227533,140590,
function_4cd0af,historical_removal_manifest,227539,,
function_4cd0e0,simplified_fragment_candidate,227545,140597,
function_4cd0e8,historical_removal_manifest,227551,,
function_4cd0f3,simplified_fragment_candidate,227557,140604,
function_4cd0fe,simplified_fragment_candidate,227563,140610,
function_4cd109,simplified_fragment_candidate,227569,140616,
function_4cd114,simplified_fragment_candidate,227575,140622,
function_4cd140,original_short_body,227581,140628,
function_4cd170,simplified_fragment_candidate,227587,140634,
function_4cd1a0,simplified_fragment_candidate,227593,140640,
function_4cd1a8,simplified_fragment_candidate,227599,140646,
function_4cd1b3,simplified_fragment_candidate,227605,140652,
function_4cd1be,historical_removal_manifest,227611,,
function_4cd1c9,historical_removal_manifest,227617,,
function_4cd1d4,historical_removal_manifest,227623,,
function_4cd1df,historical_removal_manifest,227629,,
function_4cd1ea,historical_removal_manifest,227635,,
function_4cd1f5,simplified_fragment_candidate,227641,140659,
function_4cd200,simplified_fragment_candidate,227647,140665,
function_4cd230,historical_removal_manifest,227653,,
function_4cd238,historical_removal_manifest,227659,,
function_4cd240,historical_removal_manifest,227665,,
function_4cd270,historical_removal_manifest,227671,,
function_4cd278,simplified_fragment_candidate,227677,140672,
function_4cd280,original_short_body,227683,140678,
function_4cd291,historical_removal_manifest,227689,,
function_4cd2c0,historical_removal_manifest,227695,,
function_4cd2c8,original_short_body,227701,140685,
function_4cd2d9,historical_removal_manifest,227707,,
function_4cd2e1,historical_removal_manifest,227713,,
function_4cd310,historical_removal_manifest,227719,,
function_4cd318,simplified_fragment_candidate,227725,140692,
function_4cd320,historical_removal_manifest,227731,,
function_4cd350,historical_removal_manifest,227737,,
function_4cd358,historical_removal_manifest,227743,,
function_4cd360,historical_removal_manifest,227749,,
function_4cd390,historical_removal_manifest,227755,,
function_4cd398,historical_removal_manifest,227761,,
function_4cd3a0,historical_removal_manifest,227767,,
function_4cd3d0,simplified_fragment_candidate,227773,140699,
function_4cd3d8,historical_removal_manifest,227779,,
function_4cd3e0,historical_removal_manifest,227785,,
function_4cd410,historical_removal_manifest,227791,,
function_4cd418,historical_removal_manifest,227797,,
function_4cd420,historical_removal_manifest,227803,,
function_4cd428,historical_removal_manifest,227809,,
function_4cd430,original_short_body,227815,140706,
function_4cd441,historical_removal_manifest,227821,,
function_4cd470,historical_removal_manifest,227827,,
function_4cd478,historical_removal_manifest,227833,,
function_4cd480,historical_removal_manifest,227839,,
function_4cd4b0,historical_removal_manifest,227845,,
function_4cd4e0,original_short_body,227851,140713,
function_4cd4f1,historical_removal_manifest,227857,,
function_4cd520,simplified_fragment_candidate,227863,140720,
function_4cd528,historical_removal_manifest,227869,,
function_4cd530,historical_removal_manifest,227875,,
function_4cd538,historical_removal_manifest,227881,,
function_4cd540,original_short_body,227887,140727,
function_4cd551,historical_removal_manifest,227893,,
function_4cd55c,original_short_body,227899,140734,
function_4cd56d,historical_removal_manifest,227905,,
function_4cd578,historical_removal_manifest,227911,,
function_4cd580,historical_removal_manifest,227917,,
function_4cd588,historical_removal_manifest,227923,,
function_4cd590,historical_removal_manifest,227929,,
function_4cd598,historical_removal_manifest,227935,,
function_4cd5a0,historical_removal_manifest,227941,,
function_4cd5a8,historical_removal_manifest,227947,,
function_4cd5b0,historical_removal_manifest,227953,,
function_4cd5b8,historical_removal_manifest,227959,,
function_4cd5e0,historical_removal_manifest,227965,,
function_4cd5e8,historical_removal_manifest,227971,,
function_4cd610,simplified_fragment_candidate,227977,140741,
function_4cd640,historical_removal_manifest,227983,,
function_4cd670,simplified_fragment_candidate,227989,140748,
function_4cd678,historical_removal_manifest,227995,,
function_4cd6a0,original_short_body,228001,140755,
function_4cd6b1,historical_removal_manifest,228007,,
function_4cd6b9,historical_removal_manifest,228013,,
function_4cd6c1,historical_removal_manifest,228019,,
function_4cd6f0,historical_removal_manifest,228025,,
function_4cd6f8,historical_removal_manifest,228031,,
function_4cd720,historical_removal_manifest,228037,,
function_4cd750,historical_removal_manifest,228043,,
function_4cd780,simplified_fragment_candidate,228049,140762,
function_4cd788,unchanged_decompiled_body,228055,140768,
function_4cd7c0,simplified_fragment_candidate,228063,140776,
function_4cd7c8,unchanged_decompiled_body,228069,140782,
function_4cd800,simplified_fragment_candidate,228077,140790,
function_4cd808,unchanged_decompiled_body,228083,140796,
function_4cd840,original_short_body,228091,140804,
function_4cd85c,historical_removal_manifest,228097,,
function_4cd880,simplified_fragment_candidate,228103,140811,
function_4cd888,historical_removal_manifest,228109,,
function_4cd890,simplified_fragment_candidate,228115,140818,
function_4cd898,historical_removal_manifest,228121,,
function_4cd8a0,historical_removal_manifest,228127,,
function_4cd8d0,simplified_fragment_candidate,228133,140825,
function_4cd8d8,simplified_fragment_candidate,228139,140831,
function_4cd8e3,simplified_fragment_candidate,228145,140837,
function_4cd8ee,simplified_fragment_candidate,228151,140843,
function_4cd8f9,historical_removal_manifest,228157,,
function_4cd920,historical_removal_manifest,228163,,
function_4cd928,simplified_fragment_candidate,228169,140850,
function_4cd930,historical_removal_manifest,228175,,
function_4cd938,simplified_fragment_candidate,228181,140857,
function_4cd940,historical_removal_manifest,228187,,
function_4cd970,original_short_body,228193,140864,
function_4cd9a0,simplified_fragment_candidate,228199,140870,
function_4cd9a8,historical_removal_manifest,228205,,
function_4cd9b0,original_short_body,228211,140877,
function_4cd9f0,simplified_fragment_candidate,228217,140883,
function_4cd9f8,simplified_fragment_candidate,228223,140889,
function_4cda03,simplified_fragment_candidate,228229,140895,
function_4cda0e,simplified_fragment_candidate,228235,140901,
function_4cda19,historical_removal_manifest,228241,,
function_4cda24,historical_removal_manifest,228247,,
function_4cda2c,original_short_body,228253,140908,
function_4cda60,historical_removal_manifest,228259,,
function_4cda90,historical_removal_manifest,228265,,
function_4cda98,historical_removal_manifest,228271,,
function_4cdaa0,historical_removal_manifest,228277,,
function_4cdad0,historical_removal_manifest,228283,,
function_4cdb00,original_short_body,228289,140915,
function_4cdb11,historical_removal_manifest,228295,,
function_4cdb19,historical_removal_manifest,228301,,
function_4cdb21,historical_removal_manifest,228307,,
function_4cdb50,original_short_body,228313,140922,
function_4cdb64,original_short_body,228319,140928,
function_4cdb75,historical_removal_manifest,228325,,
function_4cdb7d,historical_removal_manifest,228331,,
function_4cdb85,historical_removal_manifest,228337,,
function_4cdb8d,historical_removal_manifest,228343,,
function_4cdb95,historical_removal_manifest,228349,,
function_4cdb9d,historical_removal_manifest,228355,,
function_4cdba5,historical_removal_manifest,228361,,
function_4cdbad,historical_removal_manifest,228367,,
function_4cdbb5,historical_removal_manifest,228373,,
function_4cdbbd,historical_removal_manifest,228379,,
function_4cdbc5,historical_removal_manifest,228385,,
function_4cdbcd,historical_removal_manifest,228391,,
function_4cdbd5,historical_removal_manifest,228397,,
function_4cdbdd,historical_removal_manifest,228403,,
function_4cdbe5,historical_removal_manifest,228409,,
function_4cdbed,historical_removal_manifest,228415,,
function_4cdbf5,historical_removal_manifest,228421,,
function_4cdbfd,historical_removal_manifest,228427,,
function_4cdc05,historical_removal_manifest,228433,,
function_4cdc0d,historical_removal_manifest,228439,,
function_4cdc15,historical_removal_manifest,228445,,
function_4cdc1d,historical_removal_manifest,228451,,
function_4cdc25,historical_removal_manifest,228457,,
function_4cdc2d,historical_removal_manifest,228463,,
function_4cdc35,historical_removal_manifest,228469,,
function_4cdc3d,historical_removal_manifest,228475,,
function_4cdc45,historical_removal_manifest,228481,,
function_4cdc4d,historical_removal_manifest,228487,,
function_4cdc55,historical_removal_manifest,228493,,
function_4cdc5d,historical_removal_manifest,228499,,
function_4cdc65,historical_removal_manifest,228505,,
function_4cdc6d,historical_removal_manifest,228511,,
function_4cdc75,historical_removal_manifest,228517,,
function_4cdc7d,historical_removal_manifest,228523,,
function_4cdc85,historical_removal_manifest,228529,,
function_4cdc8d,historical_removal_manifest,228535,,
function_4cdc95,historical_removal_manifest,228541,,
function_4cdc9d,historical_removal_manifest,228547,,
function_4cdca5,historical_removal_manifest,228553,,
function_4cdcad,historical_removal_manifest,228559,,
function_4cdcb5,historical_removal_manifest,228565,,
function_4cdcbd,historical_removal_manifest,228571,,
function_4cdcc5,historical_removal_manifest,228577,,
function_4cdccd,historical_removal_manifest,228583,,
function_4cdcd5,historical_removal_manifest,228589,,
function_4cdcdd,historical_removal_manifest,228595,,
function_4cdce5,historical_removal_manifest,228601,,
function_4cdced,historical_removal_manifest,228607,,
function_4cdcf5,historical_removal_manifest,228613,,
function_4cdcfd,historical_removal_manifest,228619,,
function_4cdd05,historical_removal_manifest,228625,,
function_4cdd0d,historical_removal_manifest,228631,,
function_4cdd15,historical_removal_manifest,228637,,
function_4cdd1d,original_short_body,228643,140935,
function_4cdd2e,historical_removal_manifest,228649,,
function_4cdd36,original_short_body,228655,140942,
function_4cdd47,historical_removal_manifest,228661,,
function_4cdd4f,historical_removal_manifest,228667,,
function_4cdd57,historical_removal_manifest,228673,,
function_4cdd5f,historical_removal_manifest,228679,,
function_4cdd67,historical_removal_manifest,228685,,
function_4cdd6f,historical_removal_manifest,228691,,
function_4cdd77,historical_removal_manifest,228697,,
function_4cdd7f,historical_removal_manifest,228703,,
function_4cdd87,historical_removal_manifest,228709,,
function_4cdd8f,historical_removal_manifest,228715,,
function_4cdd97,historical_removal_manifest,228721,,
function_4cddc0,historical_removal_manifest,228727,,
function_4cddcb,simplified_fragment_candidate,228733,140949,
function_4cddd6,historical_removal_manifest,228739,,
function_4cdde1,historical_removal_manifest,228745,,
function_4cddec,historical_removal_manifest,228751,,
function_4cddf7,historical_removal_manifest,228757,,
function_4cde02,historical_removal_manifest,228763,,
function_4cde0d,historical_removal_manifest,228769,,
function_4cde18,historical_removal_manifest,228775,,
function_4cde23,historical_removal_manifest,228781,,
function_4cde2e,historical_removal_manifest,228787,,
function_4cde39,historical_removal_manifest,228793,,
function_4cde44,historical_removal_manifest,228799,,
function_4cde52,historical_removal_manifest,228805,,
function_4cde60,historical_removal_manifest,228811,,
function_4cde6e,historical_removal_manifest,228817,,
function_4cdea0,historical_removal_manifest,228823,,
function_4cdea8,historical_removal_manifest,228829,,
function_4cdeb0,historical_removal_manifest,228835,,
function_4cdee0,historical_removal_manifest,228841,,
function_4cdee8,historical_removal_manifest,228847,,
function_4cdef0,historical_removal_manifest,228853,,
function_4cdef8,historical_removal_manifest,228859,,
function_4cdf00,historical_removal_manifest,228865,,
function_4cdf30,historical_removal_manifest,228871,,
function_4cdf3b,simplified_fragment_candidate,228877,140956,
function_4cdf70,historical_removal_manifest,228883,,
function_4cdf7b,simplified_fragment_candidate,228889,140963,
function_4cdf86,simplified_fragment_candidate,228895,140969,
function_4cdf91,historical_removal_manifest,228901,,
function_4cdfc0,historical_removal_manifest,228907,,
function_4cdff0,historical_removal_manifest,228913,,
function_4cdff8,historical_removal_manifest,228919,,
function_4ce020,simplified_fragment_candidate,228925,140976,
function_4ce050,historical_removal_manifest,228931,,
function_4ce058,historical_removal_manifest,228937,,
function_4ce080,simplified_fragment_candidate,228943,140983,
function_4ce08b,historical_removal_manifest,228949,,
function_4ce093,historical_removal_manifest,228955,,
function_4ce09b,historical_removal_manifest,228961,,
function_4ce0a3,unchanged_decompiled_body,228967,140990,
function_4ce0d0,simplified_fragment_candidate,228974,140997,
function_4ce0db,historical_removal_manifest,228980,,
function_4ce0e6,simplified_fragment_candidate,228986,141004,
function_4ce0f1,unchanged_decompiled_body,228992,141010,
function_4ce120,historical_removal_manifest,229000,,
function_4ce128,historical_removal_manifest,229006,,
function_4ce130,historical_removal_manifest,229012,,
function_4ce138,historical_removal_manifest,229018,,
function_4ce160,historical_removal_manifest,229024,,
function_4ce168,historical_removal_manifest,229030,,
function_4ce190,historical_removal_manifest,229036,,
function_4ce1c0,historical_removal_manifest,229042,,
function_4ce1c8,historical_removal_manifest,229048,,
function_4ce1d0,historical_removal_manifest,229054,,
function_4ce200,historical_removal_manifest,229060,,
function_4ce208,historical_removal_manifest,229066,,
function_4ce230,historical_removal_manifest,229072,,
function_4ce238,historical_removal_manifest,229078,,
function_4ce240,historical_removal_manifest,229084,,
function_4ce270,original_short_body,229090,141019,
function_4ce281,original_short_body,229096,141025,
function_4ce292,historical_removal_manifest,229102,,
function_4ce29a,historical_removal_manifest,229108,,
function_4ce2a2,historical_removal_manifest,229114,,
function_4ce2aa,historical_removal_manifest,229120,,
function_4ce2b2,historical_removal_manifest,229126,,
function_4ce2ba,historical_removal_manifest,229132,,
function_4ce2c2,historical_removal_manifest,229138,,
function_4ce2ca,historical_removal_manifest,229144,,
function_4ce2d2,historical_removal_manifest,229150,,
function_4ce2da,historical_removal_manifest,229156,,
function_4ce2e2,historical_removal_manifest,229162,,
function_4ce2ea,historical_removal_manifest,229168,,
function_4ce2f2,historical_removal_manifest,229174,,
function_4ce2fa,historical_removal_manifest,229180,,
function_4ce302,historical_removal_manifest,229186,,
function_4ce30a,historical_removal_manifest,229192,,
function_4ce312,original_short_body,229198,141032,
function_4ce323,historical_removal_manifest,229204,,
function_4ce32b,historical_removal_manifest,229210,,
function_4ce333,historical_removal_manifest,229216,,
function_4ce360,original_short_body,229222,141039,
function_4ce371,original_short_body,229228,141045,
function_4ce382,historical_removal_manifest,229234,,
function_4ce3b0,historical_removal_manifest,229240,,
function_4ce3bb,historical_removal_manifest,229246,,
function_4ce3f0,historical_removal_manifest,229252,,
function_4ce3f8,historical_removal_manifest,229258,,
function_4ce400,historical_removal_manifest,229264,,
function_4ce430,historical_removal_manifest,229270,,
function_4ce438,historical_removal_manifest,229276,,
function_4ce460,historical_removal_manifest,229282,,
function_4ce468,historical_removal_manifest,229288,,
function_4ce490,original_short_body,229294,141052,
function_4ce4a1,historical_removal_manifest,229300,,
function_4ce4a9,historical_removal_manifest,229306,,
function_4ce4d0,historical_removal_manifest,229312,,
function_4ce4d8,historical_removal_manifest,229318,,
function_4ce4e0,historical_removal_manifest,229324,,
function_4ce510,original_short_body,229330,141059,
function_4ce521,historical_removal_manifest,229336,,
function_4ce550,original_short_body,229342,141066,
function_4ce580,simplified_fragment_candidate,229348,141072,
function_4ce58b,simplified_fragment_candidate,229354,141078,
function_4ce596,simplified_fragment_candidate,229360,141084,
function_4ce5a1,simplified_fragment_candidate,229366,141090,
function_4ce5ac,simplified_fragment_candidate,229372,141096,
function_4ce5b7,simplified_fragment_candidate,229378,141102,
function_4ce5c2,simplified_fragment_candidate,229384,141108,
function_4ce5cd,simplified_fragment_candidate,229390,141114,
function_4ce5d8,simplified_fragment_candidate,229396,141120,
function_4ce5e3,historical_removal_manifest,229402,,
function_4ce5ee,historical_removal_manifest,229408,,
function_4ce5fc,historical_removal_manifest,229414,,
function_4ce60a,historical_removal_manifest,229420,,
function_4ce618,simplified_fragment_candidate,229426,141127,
function_4ce626,simplified_fragment_candidate,229432,141133,
function_4ce634,simplified_fragment_candidate,229438,141139,
function_4ce642,simplified_fragment_candidate,229444,141145,
function_4ce650,simplified_fragment_candidate,229450,141151,
function_4ce65e,original_short_body,229456,141157,
function_4ce66f,historical_removal_manifest,229462,,
function_4ce677,original_short_body,229468,141164,
function_4ce688,historical_removal_manifest,229474,,
function_4ce6b0,historical_removal_manifest,229480,,
function_4ce6e0,historical_removal_manifest,229486,,
function_4ce6e8,historical_removal_manifest,229492,,
function_4ce710,historical_removal_manifest,229498,,
function_4ce718,historical_removal_manifest,229504,,
function_4ce740,historical_removal_manifest,229510,,
function_4ce770,historical_removal_manifest,229516,,
function_4ce778,historical_removal_manifest,229522,,
function_4ce780,simplified_fragment_candidate,229528,141171,
function_4ce788,historical_removal_manifest,229534,,
function_4ce790,historical_removal_manifest,229540,,
function_4ce798,simplified_fragment_candidate,229546,141178,
function_4ce7a0,historical_removal_manifest,229552,,
function_4ce7a8,historical_removal_manifest,229558,,
function_4ce7b0,simplified_fragment_candidate,229564,141185,
function_4ce7b8,historical_removal_manifest,229570,,
function_4ce7e0,simplified_fragment_candidate,229576,141192,
function_4ce7eb,simplified_fragment_candidate,229582,141198,
function_4ce7f6,simplified_fragment_candidate,229588,141204,
function_4ce801,simplified_fragment_candidate,229594,141210,
function_4ce80c,simplified_fragment_candidate,229600,141216,
function_4ce817,simplified_fragment_candidate,229606,141222,
function_4ce822,simplified_fragment_candidate,229612,141228,
function_4ce82d,simplified_fragment_candidate,229618,141234,
function_4ce838,simplified_fragment_candidate,229624,141240,
function_4ce843,historical_removal_manifest,229630,,
function_4ce84e,historical_removal_manifest,229636,,
function_4ce85c,historical_removal_manifest,229642,,
function_4ce86a,historical_removal_manifest,229648,,
function_4ce878,simplified_fragment_candidate,229654,141247,
function_4ce886,simplified_fragment_candidate,229660,141253,
function_4ce894,simplified_fragment_candidate,229666,141259,
function_4ce8a2,simplified_fragment_candidate,229672,141265,
function_4ce8b0,simplified_fragment_candidate,229678,141271,
function_4ce8e0,historical_removal_manifest,229684,,
function_4ce8e8,historical_removal_manifest,229690,,
function_4ce8f0,historical_removal_manifest,229696,,
function_4ce920,simplified_fragment_candidate,229702,141278,
function_4ce950,original_short_body,229708,141284,
function_4ce961,historical_removal_manifest,229714,,
function_4ce969,historical_removal_manifest,229720,,
function_4ce971,historical_removal_manifest,229726,,
function_4ce979,historical_removal_manifest,229732,,
function_4ce981,historical_removal_manifest,229738,,
function_4ce989,historical_removal_manifest,229744,,
function_4ce991,historical_removal_manifest,229750,,
function_4ce999,historical_removal_manifest,229756,,
function_4ce9a1,historical_removal_manifest,229762,,
function_4ce9a9,historical_removal_manifest,229768,,
function_4ce9b1,historical_removal_manifest,229774,,
function_4ce9b9,historical_removal_manifest,229780,,
function_4ce9c1,historical_removal_manifest,229786,,
function_4ce9c9,historical_removal_manifest,229792,,
function_4ce9d1,historical_removal_manifest,229798,,
function_4ce9d9,historical_removal_manifest,229804,,
function_4ce9e1,historical_removal_manifest,229810,,
function_4ce9e9,historical_removal_manifest,229816,,
function_4ce9f1,historical_removal_manifest,229822,,
function_4ce9f9,historical_removal_manifest,229828,,
function_4cea01,historical_removal_manifest,229834,,
function_4cea09,historical_removal_manifest,229840,,
function_4cea11,historical_removal_manifest,229846,,
function_4cea19,historical_removal_manifest,229852,,
function_4cea21,historical_removal_manifest,229858,,
function_4cea29,historical_removal_manifest,229864,,
function_4cea31,historical_removal_manifest,229870,,
function_4cea39,historical_removal_manifest,229876,,
function_4cea41,historical_removal_manifest,229882,,
function_4cea49,historical_removal_manifest,229888,,
function_4cea51,historical_removal_manifest,229894,,
function_4cea59,historical_removal_manifest,229900,,
function_4cea61,historical_removal_manifest,229906,,
function_4cea69,historical_removal_manifest,229912,,
function_4cea71,historical_removal_manifest,229918,,
function_4cea79,historical_removal_manifest,229924,,
function_4cea81,historical_removal_manifest,229930,,
function_4cea89,historical_removal_manifest,229936,,
function_4cea91,historical_removal_manifest,229942,,
function_4cea99,historical_removal_manifest,229948,,
function_4ceaa1,historical_removal_manifest,229954,,
function_4ceaa9,historical_removal_manifest,229960,,
function_4ceab1,historical_removal_manifest,229966,,
function_4ceab9,historical_removal_manifest,229972,,
function_4ceac1,historical_removal_manifest,229978,,
function_4ceac9,historical_removal_manifest,229984,,
function_4cead1,historical_removal_manifest,229990,,
function_4cead9,historical_removal_manifest,229996,,
function_4ceae1,historical_removal_manifest,230002,,
function_4ceae9,historical_removal_manifest,230008,,
function_4ceaf1,historical_removal_manifest,230014,,
function_4ceaf9,historical_removal_manifest,230020,,
function_4ceb01,historical_removal_manifest,230026,,
function_4ceb09,historical_removal_manifest,230032,,
function_4ceb11,historical_removal_manifest,230038,,
function_4ceb19,historical_removal_manifest,230044,,
function_4ceb21,historical_removal_manifest,230050,,
function_4ceb29,historical_removal_manifest,230056,,
function_4ceb31,historical_removal_manifest,230062,,
function_4ceb39,historical_removal_manifest,230068,,
function_4ceb41,historical_removal_manifest,230074,,
function_4ceb49,historical_removal_manifest,230080,,
function_4ceb51,historical_removal_manifest,230086,,
function_4ceb59,historical_removal_manifest,230092,,
function_4ceb61,historical_removal_manifest,230098,,
function_4ceb69,historical_removal_manifest,230104,,
function_4ceb71,historical_removal_manifest,230110,,
function_4ceb79,historical_removal_manifest,230116,,
function_4ceb81,historical_removal_manifest,230122,,
function_4ceb89,historical_removal_manifest,230128,,
function_4ceb91,historical_removal_manifest,230134,,
function_4ceb99,historical_removal_manifest,230140,,
function_4ceba1,historical_removal_manifest,230146,,
function_4ceba9,historical_removal_manifest,230152,,
function_4cebb1,historical_removal_manifest,230158,,
function_4cebb9,historical_removal_manifest,230164,,
function_4cebe0,unchanged_decompiled_body,230170,141291,
function_4cec10,historical_removal_manifest,230177,,
function_4cec50,historical_removal_manifest,230192,,
function_4cec90,historical_removal_manifest,230207,,
function_4cecd0,historical_removal_manifest,230222,,
function_4ced10,historical_removal_manifest,230237,,
function_4ced40,historical_removal_manifest,230243,,
function_4ced4b,unchanged_decompiled_body,230249,141299,
function_4ced80,historical_removal_manifest,230257,,
function_4ced8b,historical_removal_manifest,230263,,
function_4ced96,unchanged_decompiled_body,230269,141308,
function_4cedc0,historical_removal_manifest,230277,,
function_4cedc8,historical_removal_manifest,230283,,
function_4cedd0,historical_removal_manifest,230289,,
function_4cee00,historical_removal_manifest,230295,,
function_4cee3e,original_short_body,230301,141317,
function_4cee61,original_short_body,230307,141323,
function_4cee69,original_short_body,230313,141329,
function_4cee90,original_short_body,230319,141335,
function_4cee98,original_short_body,230325,141341,
function_4ceea3,original_short_body,230331,141347,
function_4ceeae,original_short_body,230337,141353,
function_4ceeb9,original_short_body,230343,141359,
function_4ceee0,original_short_body,230349,141365,
function_4ceee8,unchanged_decompiled_body,230355,141371,
function_4cf550,original_short_body,230362,141378,
function_4cf558,original_short_body,230368,141384,
function_4cf563,original_short_body,230374,141390,
function_4cf56e,original_short_body,230380,141396,
function_4cf579,original_short_body,230386,141402,
function_4cf5a0,original_short_body,230392,141408,
function_4cf5a8,original_short_body,230398,141414,
function_4cf5d0,original_short_body,230404,141420,
function_4cf600,original_short_body,230410,141426,
function_4cf60b,original_short_body,230416,141432,
function_4cf616,original_short_body,230422,141438,
function_4cf621,original_short_body,230428,141444,
function_4cf650,original_short_body,230434,141450,
function_4cf680,unchanged_decompiled_body,230440,141456,
function_4cf6a0,original_short_body,230447,141463,
function_4cf6ab,original_short_body,230453,141469,
function_4cf6b9,original_short_body,230459,141475,
function_4cf6f0,original_short_body,230465,141481,
function_4cf720,original_short_body,230471,141487,
function_4cf750,original_short_body,230477,141493,
function_4cf758,original_short_body,230483,141499,
function_4cf790,original_short_body,230489,141505,
function_4cf7c0,original_short_body,230495,141511,
function_4cf7c8,original_short_body,230501,141517,
function_4cf7d3,original_short_body,230507,141523,
function_4cf7de,original_short_body,230513,141529,
function_4cf810,original_short_body,230519,141535,
function_4cf81b,original_short_body,230525,141541,
function_4cf826,original_short_body,230531,141547,
function_4cf831,original_short_body,230537,141553,
function_4cf83c,original_short_body,230543,141559,
function_4cf870,original_short_body,230549,141565,
function_4cf878,original_short_body,230555,141571,
function_4cf883,original_short_body,230561,141577,
function_4cf88e,original_short_body,230567,141583,
function_4cf8c0,original_short_body,230573,141589,
function_4cf8f0,original_short_body,230579,141595,
function_4cf8f8,original_short_body,230585,141601,
function_4cf903,original_short_body,230591,141607,
function_4cf90e,original_short_body,230597,141613,
function_4cf940,original_short_body,230603,141619,
function_4cf948,original_short_body,230609,141625,
function_4cf980,original_short_body,230615,141631,
function_4cf9d0,original_short_body,230621,141637,
function_4cfa20,original_short_body,230627,141643,
function_4cfa50,original_short_body,230633,141649,
function_4cfa80,unchanged_decompiled_body,230639,141655,
function_4cfa8b,original_short_body,230646,141662,
function_4cfac0,original_short_body,230652,141668,
function_4cfacb,original_short_body,230658,141674,
function_4cfb00,original_short_body,230664,141680,
function_4cfb08,original_short_body,230670,141686,
function_4cfb50,original_short_body,230676,141692,
function_4cfb80,original_short_body,230682,141698,
function_4cfbf0,unchanged_decompiled_body,230688,141704,
function_4cfc20,original_short_body,230695,141711,
function_4cfc50,original_short_body,230701,141717,
function_4cfc80,unchanged_decompiled_body,230707,141723,
function_4cfc8b,unchanged_decompiled_body,230714,141730,
function_4cfca5,original_short_body,230730,141746,
function_4cfcd0,original_short_body,230736,141752,
function_4cfd00,original_short_body,230742,141758,
function_4cfd30,original_short_body,230748,141764,
function_4cfd3b,original_short_body,230754,141770,
function_4cfd46,original_short_body,230760,141776,
function_4cfd51,original_short_body,230766,141782,
function_4cfd5c,original_short_body,230772,141788,
function_4cfd90,original_short_body,230778,141794,
function_4cfd9b,original_short_body,230784,141800,
function_4cfda6,original_short_body,230790,141806,
function_4cfdb1,original_short_body,230796,141812,
function_4cfdbc,original_short_body,230802,141818,
function_4cfdf0,original_short_body,230808,141824,
function_4cfdf8,original_short_body,230814,141830,
function_4cfe20,original_short_body,230820,141836,
function_4cfe50,original_short_body,230826,141842,
function_4cfe58,unchanged_decompiled_body,230832,141848,
function_4cfe80,original_short_body,230839,141855,
function_4cfe88,original_short_body,230845,141861,
function_4cfe93,original_short_body,230851,141867,
function_4cfe9e,original_short_body,230857,141873,
function_4cfed0,original_short_body,230863,141879,
function_4cfed8,original_short_body,230869,141885,
function_4cfee3,original_short_body,230875,141891,
function_4cfeee,original_short_body,230881,141897,
function_4cff20,original_short_body,230887,141903,
function_4cff28,original_short_body,230893,141909,
function_4cff33,unchanged_decompiled_body,230899,141915,
function_4cff4b,unchanged_decompiled_body,230907,141923,
function_4cff63,unchanged_decompiled_body,230915,141931,
function_4cff72,unchanged_decompiled_body,230922,141938,
function_4cffa0,original_short_body,230929,141945,
function_4cffa8,original_short_body,230935,141951,
function_4cffb3,unchanged_decompiled_body,230941,141957,
function_4cfff0,original_short_body,230949,141965,
function_4cfff8,original_short_body,230955,141971,
function_4d0003,original_short_body,230961,141977,
function_4d0030,original_short_body,230967,141983,
function_4d0038,original_short_body,230973,141989,
function_4d0043,original_short_body,230979,141995,
function_4d0070,original_short_body,230985,142001,
function_4d0078,original_short_body,230991,142007,
function_4d0083,original_short_body,230997,142013,
function_4d008e,original_short_body,231003,142019,
function_4d00e0,unchanged_decompiled_body,231009,142025,
function_4d0110,original_short_body,231016,142032,
function_4d0140,unchanged_decompiled_body,231022,142038,
function_4d014d,original_short_body,231029,142045,
function_4d0170,original_short_body,231035,142051,
function_4d0178,unchanged_decompiled_body,231041,142057,
function_4d01a0,modified_nonempty_body,231048,142064,
function_4d01a8,original_short_body,231055,142071,
function_4d01b0,original_short_body,231061,142077,
function_4d01e0,modified_nonempty_body,231067,142083,
function_4d0210,original_short_body,231074,142090,
function_4d0218,original_short_body,231080,142096,
function_4d0220,original_short_body,231086,142102,
function_4d0250,unchanged_decompiled_body,231092,142108,
function_4d025d,original_short_body,231099,142115,
function_4d0280,original_short_body,231105,142121,
function_4d02b0,unchanged_decompiled_body,231111,142127,
function_4d02bd,original_short_body,231118,142134,
function_4d02e0,original_short_body,231124,142140,
function_4d0310,original_short_body,231130,142146,
function_4d0340,original_short_body,231136,142152,
function_4d03b0,original_short_body,231142,142158,
function_4d03b8,original_short_body,231148,142164,
function_4d03e0,unchanged_decompiled_body,231154,142170,
function_4d03ea,original_short_body,231161,142177,
function_4d03f5,original_short_body,231167,142183,
function_4d0440,original_short_body,231173,142189,
function_4d0470,original_short_body,231179,142195,
function_4d04c0,original_short_body,231185,142201,
function_4d04c8,original_short_body,231191,142207,
function_4d0500,original_short_body,231197,142213,
function_4d0508,original_short_body,231203,142219,
function_4d0510,unchanged_decompiled_body,231209,142225,
function_4d0540,original_short_body,231217,142233,
function_4d054b,original_short_body,231223,142239,
function_4d0556,original_short_body,231229,142245,
function_4d0564,original_short_body,231235,142251,
function_4d0572,original_short_body,231241,142257,
function_4d0580,original_short_body,231247,142263,
function_4d058d,original_short_body,231253,142269,
function_4d05c0,original_short_body,231259,142275,
function_4d05c8,original_short_body,231265,142281,
function_4d05f0,original_short_body,231271,142287,
function_4d0620,original_short_body,231277,142293,
function_4d0650,original_short_body,231283,142299,
function_4d0680,unchanged_decompiled_body,231289,142305,
function_4d06b0,unchanged_decompiled_body,231296,142312,
function_4d06e0,original_short_body,231303,142319,
function_4d06eb,original_short_body,231309,142325,
function_4d06f6,unchanged_decompiled_body,231315,142331,
function_4d0704,unchanged_decompiled_body,231322,142338,
function_4d0730,original_short_body,231330,142346,
function_4d0738,original_short_body,231336,142352,
function_4d0760,original_short_body,231342,142358,
function_4d0790,original_short_body,231348,142364,
function_4d0798,original_short_body,231354,142370,
function_4d07a3,original_short_body,231360,142376,
function_4d07ae,original_short_body,231366,142382,
function_4d07b9,original_short_body,231372,142388,
function_4d07e0,original_short_body,231378,142394,
function_4d07e8,original_short_body,231384,142400,
function_4d07f3,original_short_body,231390,142406,
function_4d0820,original_short_body,231396,142412,
function_4d0828,original_short_body,231402,142418,
function_4d0833,original_short_body,231408,142424,
function_4d083e,original_short_body,231414,142430,
function_4d0849,original_short_body,231420,142436,
function_4d0857,original_short_body,231426,142442,
function_4d0880,original_short_body,231432,142448,
function_4d0888,original_short_body,231438,142454,
function_4d0890,historical_removal_manifest,231444,,
function_4d0898,historical_removal_manifest,231450,,
function_4d08c0,historical_removal_manifest,231456,,
function_4d08cb,historical_removal_manifest,231462,,
function_4d08d6,historical_removal_manifest,231468,,
function_4d08e1,unchanged_decompiled_body,231474,142461,
function_4d0910,original_short_body,231482,142469,
function_4d0940,unchanged_decompiled_body,231488,142475,
function_4d094d,original_short_body,231495,142482,
function_4d0955,original_short_body,231501,142488,
function_4d0980,original_short_body,231507,142494,
function_4d09b0,original_short_body,231513,142500,
function_4d09e0,unchanged_decompiled_body,231519,142506,
function_4d09e8,original_short_body,231526,142513,
function_4d09f6,original_short_body,231532,142519,
function_4d0a04,original_short_body,231538,142525,
function_4d0a12,original_short_body,231544,142531,
function_4d0a20,original_short_body,231550,142537,
function_4d0a50,original_short_body,231556,142543,
function_4d0a80,original_short_body,231562,142549,
function_4d0a8b,original_short_body,231568,142555,
function_4d0a96,original_short_body,231574,142561,
function_4d0aa1,original_short_body,231580,142567,
function_4d0aac,unchanged_decompiled_body,231586,142573,
function_4d0ab9,original_short_body,231593,142580,
function_4d0ac7,original_short_body,231599,142586,
function_4d0acf,original_short_body,231605,142592,
function_4d0b00,original_short_body,231611,142598,
function_4d0b0b,original_short_body,231617,142604,
function_4d0b16,original_short_body,231623,142610,
function_4d0b21,original_short_body,231629,142616,
function_4d0b50,original_short_body,231635,142622,
function_4d0b58,original_short_body,231641,142628,
function_4d0b63,original_short_body,231647,142634,
function_4d0b6e,original_short_body,231653,142640,
function_4d0b79,unchanged_decompiled_body,231659,142646,
function_4d0b88,original_short_body,231666,142653,
function_4d0bb0,original_short_body,231672,142659,
function_4d0be0,original_short_body,231678,142665,
function_4d0be8,unchanged_decompiled_body,231684,142671,
function_4d0c30,original_short_body,231691,142678,
function_4d0c60,original_short_body,231697,142684,
function_4d0c90,original_short_body,231703,142690,
function_4d0c9b,original_short_body,231709,142696,
function_4d0ca3,original_short_body,231715,142702,
function_4d0ce0,original_short_body,231721,142708,
function_4d0d30,original_short_body,231727,142714,
function_4d0d60,original_short_body,231733,142720,
function_4d0d90,original_short_body,231739,142726,
function_4d0d98,original_short_body,231745,142732,
function_4d0da0,original_short_body,231751,142738,
function_4d0dd0,original_short_body,231757,142744,
function_4d0dd8,original_short_body,231763,142750,
function_4d0de0,original_short_body,231769,142756,
function_4d0e10,original_short_body,231775,142762,
function_4d0e18,original_short_body,231781,142768,
function_4d0e50,original_short_body,231787,142774,
function_4d0e58,unchanged_decompiled_body,231793,142780,
function_4d0e80,original_short_body,231801,142788,
function_4d0e88,unchanged_decompiled_body,231807,142794,
function_4d0eb0,original_short_body,231815,142802,
function_4d0eb8,unchanged_decompiled_body,231821,142808,
function_4d0ee0,original_short_body,231829,142816,
function_4d0f10,original_short_body,231835,142822,
function_4d0f40,original_short_body,231841,142828,
function_4d0f70,original_short_body,231847,142834,
function_4d0fa0,original_short_body,231853,142840,
function_4d0fd0,original_short_body,231859,142846,
function_4d1000,original_short_body,231865,142852,
function_4d100b,unchanged_decompiled_body,231871,142858,
function_4d1040,original_short_body,231879,142866,
function_4d104b,unchanged_decompiled_body,231885,142872,
function_4d1080,original_short_body,231893,142880,
function_4d108b,unchanged_decompiled_body,231899,142886,
function_4d10c0,original_short_body,231907,142894,
function_4d10f0,original_short_body,231913,142900,
function_4d1120,original_short_body,231919,142906,
function_4d1150,original_short_body,231925,142912,
function_4d1158,unchanged_decompiled_body,231931,142918,
function_4d1180,original_short_body,231939,142926,
function_4d1188,original_short_body,231945,142932,
function_4d11c0,original_short_body,231951,142938,
function_4d11f0,original_short_body,231957,142944,
function_4d11f8,unchanged_decompiled_body,231963,142950,
function_4d1220,unchanged_decompiled_body,231971,142958,
function_4d122b,unchanged_decompiled_body,231978,142965,
function_4d1280,modified_nonempty_body,231993,142980,
function_4d1288,original_short_body,232000,142987,
function_4d1290,original_short_body,232006,142993,
function_4d12e0,original_short_body,232012,142999,
function_4d1310,original_short_body,232018,143005,
function_4d1318,original_short_body,232024,143011,
function_4d1329,unchanged_decompiled_body,232030,143017,
function_4d1333,original_short_body,232037,143024,
function_4d13a0,original_short_body,232043,143030,
function_4d13ab,original_short_body,232049,143036,
function_4d13b3,original_short_body,232055,143042,
function_4d13be,original_short_body,232061,143048,
function_4d13c9,original_short_body,232067,143054,
function_4d13f0,original_short_body,232073,143060,
function_4d13f8,original_short_body,232079,143066,
function_4d1420,original_short_body,232085,143072,
function_4d1470,original_short_body,232091,143078,
function_4d147b,original_short_body,232097,143084,
function_4d1492,unchanged_decompiled_body,232103,143090,
function_4d14c0,original_short_body,232111,143098,
function_4d14cb,original_short_body,232117,143104,
function_4d14d6,original_short_body,232123,143110,
function_4d14e1,unchanged_decompiled_body,232129,143116,
function_4d14f0,original_short_body,232136,143123,
function_4d1520,unchanged_decompiled_body,232142,143129,
function_4d152e,original_short_body,232149,143136,
function_4d1536,original_short_body,232155,143142,
function_4d153e,original_short_body,232161,143148,
function_4d1590,unchanged_decompiled_body,232167,143154,
function_4d159e,original_short_body,232174,143161,
function_4d15a6,original_short_body,232180,143167,
function_4d15ae,original_short_body,232186,143173,
function_4d15b6,original_short_body,232192,143179,
function_4d15be,original_short_body,232198,143185,
function_4d15f0,original_short_body,232204,143191,
function_4d15fb,original_short_body,232210,143197,
function_4d1609,original_short_body,232216,143203,
function_4d1617,original_short_body,232222,143209,
function_4d1640,unchanged_decompiled_body,232228,143215,
function_4d164e,original_short_body,232235,143222,
function_4d1656,original_short_body,232241,143228,
function_4d165e,original_short_body,232247,143234,
function_4d1690,original_short_body,232253,143240,
function_4d169b,original_short_body,232259,143246,
function_4d16a6,original_short_body,232265,143252,
function_4d16b1,original_short_body,232271,143258,
function_4d16bf,original_short_body,232277,143264,
function_4d1710,original_short_body,232283,143270,
function_4d1740,original_short_body,232289,143276,
function_4d174b,original_short_body,232295,143282,
function_4d1756,original_short_body,232301,143288,
function_4d1764,original_short_body,232307,143294,
function_4d1772,original_short_body,232313,143300,
function_4d1780,original_short_body,232319,143306,
function_4d178d,original_short_body,232325,143312,
function_4d17c0,original_short_body,232331,143318,
function_4d17c8,original_short_body,232337,143324,
function_4d17d0,original_short_body,232343,143330,
function_4d17d8,original_short_body,232349,143336,
function_4d17e0,original_short_body,232355,143342,
function_4d1810,original_short_body,232361,143348,
function_4d1840,original_short_body,232367,143354,
function_4d1870,original_short_body,232373,143360,
function_4d1878,unchanged_decompiled_body,232379,143366,
function_4d18a0,unchanged_decompiled_body,232387,143374,
function_4d18d0,original_short_body,232394,143381,
function_4d1930,unchanged_decompiled_body,232400,143387,
function_4d1970,original_short_body,232415,143402,
function_4d19a0,original_short_body,232421,143408,
function_4d19a8,original_short_body,232427,143414,
function_4d19e0,original_short_body,232433,143420,
function_4d19e8,modified_nonempty_body,232439,143426,
function_4d19f0,unchanged_decompiled_body,232446,143433,
function_4d19fb,original_short_body,232453,143440,
function_4d1a03,original_short_body,232459,143446,
function_4d1a0b,unchanged_decompiled_body,232465,143452,
function_4d1a16,original_short_body,232472,143459,
function_4d1a1e,unchanged_decompiled_body,232478,143465,
function_4d1a40,original_short_body,232485,143472,
function_4d1a48,modified_nonempty_body,232491,143478,
function_4d1a50,unchanged_decompiled_body,232498,143485,
function_4d1a5b,original_short_body,232505,143492,
function_4d1a63,original_short_body,232511,143498,
function_4d1a6b,original_short_body,232517,143504,
function_4d1a73,unchanged_decompiled_body,232523,143510,
function_4d1a90,modified_nonempty_body,232530,143517,
function_4d1ac0,original_short_body,232537,143524,
function_4d1af0,unchanged_decompiled_body,232543,143530,
function_4d1b20,original_short_body,232550,143537,
function_4d1b50,unchanged_decompiled_body,232556,143543,
function_4d1b80,unchanged_decompiled_body,232563,143550,
function_4d1bb0,original_short_body,232570,143557,
function_4d1c00,unchanged_decompiled_body,232576,143563,
function_4d1c30,original_short_body,232583,143570,
function_4d1c38,original_short_body,232589,143576,
function_4d1c40,original_short_body,232595,143582,
function_4d1c48,unchanged_decompiled_body,232601,143588,
function_4d1c70,original_short_body,232609,143596,
function_4d1c78,original_short_body,232615,143602,
function_4d1c80,original_short_body,232621,143608,
function_4d1c88,original_short_body,232627,143614,
function_4d1c90,unchanged_decompiled_body,232633,143620,
function_4d1cc0,original_short_body,232641,143628,
function_4d1d10,original_short_body,232647,143634,
function_4d1d60,original_short_body,232653,143640,
function_4d1d90,unchanged_decompiled_body,232659,143646,
function_4d1dc0,original_short_body,232666,143653,
function_4d1dcb,unchanged_decompiled_body,232672,143659,
function_4d1dd9,original_short_body,232679,143666,
function_4d1de1,original_short_body,232685,143672,
function_4d1e10,original_short_body,232691,143678,
function_4d1e21,original_short_body,232697,143684,
function_4d1e50,original_short_body,232703,143690,
function_4d1e58,unchanged_decompiled_body,232709,143696,
function_4d1e80,original_short_body,232717,143704,
function_4d1eb0,original_short_body,232723,143710,
function_4d1eb8,original_short_body,232729,143716,
function_4d1ec0,unchanged_decompiled_body,232735,143722,
function_4d1ee0,original_short_body,232742,143729,
function_4d1f10,unchanged_decompiled_body,232748,143735,
function_4d1f40,unchanged_decompiled_body,232755,143742,
function_4d1f4a,original_short_body,232762,143749,
function_4d1f52,unchanged_decompiled_body,232768,143755,
function_4d1f5c,unchanged_decompiled_body,232775,143762,
function_4d1f6a,original_short_body,232782,143769,
function_4d1f72,original_short_body,232788,143775,
function_4d1f7a,original_short_body,232794,143781,
function_4d1f82,original_short_body,232800,143787,
function_4d1f8a,original_short_body,232806,143793,
function_4d1f92,original_short_body,232812,143799,
function_4d1f9a,original_short_body,232818,143805,
function_4d1fa2,original_short_body,232824,143811,
function_4d1faa,unchanged_decompiled_body,232830,143817,
function_4d1fd0,original_short_body,232837,143824,
function_4d2000,original_short_body,232843,143830,
function_4d2008,original_short_body,232849,143836,
function_4d2010,original_short_body,232855,143842,
function_4d2040,original_short_body,232861,143848,
function_4d2048,unchanged_decompiled_body,232867,143854,
function_4d2052,original_short_body,232874,143861,
function_4d205a,original_short_body,232880,143867,
function_4d2080,original_short_body,232886,143873,
function_4d2088,original_short_body,232892,143879,
function_4d2090,original_short_body,232898,143885,
function_4d20c0,original_short_body,232904,143891,
function_4d20c8,original_short_body,232910,143897,
function_4d20d0,original_short_body,232916,143903,
function_4d2100,unchanged_decompiled_body,232922,143909,
function_4d2130,original_short_body,232929,143916,
function_4d2138,original_short_body,232935,143922,
function_4d2140,original_short_body,232941,143928,
function_4d2148,original_short_body,232947,143934,
function_4d2150,unchanged_decompiled_body,232953,143940,
function_4d2180,original_short_body,232961,143948,
function_4d21b0,unchanged_decompiled_body,232967,143954,
function_4d21e0,original_short_body,232974,143961,
function_4d21e8,original_short_body,232980,143967,
function_4d2220,original_short_body,232986,143973,
function_4d2228,original_short_body,232992,143979,
function_4d2250,original_short_body,232998,143985,
function_4d2258,original_short_body,233004,143991,
function_4d2260,original_short_body,233010,143997,
function_4d2290,original_short_body,233016,144003,
function_4d2298,unchanged_decompiled_body,233022,144009,
function_4d22c0,unchanged_decompiled_body,233030,144017,
function_4d2300,original_short_body,233045,144032,
function_4d2330,original_short_body,233051,144038,
function_4d2338,unchanged_decompiled_body,233057,144044,
function_4d2360,original_short_body,233065,144052,
function_4d2390,original_short_body,233071,144058,
function_4d23e0,original_short_body,233077,144064,
function_4d23f1,original_short_body,233083,144070,
function_4d2420,original_short_body,233089,144076,
function_4d242b,unchanged_decompiled_body,233095,144082,
function_4d2460,original_short_body,233103,144090,
function_4d2468,original_short_body,233109,144096,
function_4d2473,unchanged_decompiled_body,233115,144102,
function_4d2480,original_short_body,233122,144109,
function_4d24b0,original_short_body,233128,144115,
function_4d24bb,original_short_body,233134,144121,
function_4d24c3,original_short_body,233140,144127,
function_4d24ce,unchanged_decompiled_body,233146,144133,
function_4d2500,unchanged_decompiled_body,233154,144141,
function_4d2540,original_short_body,233169,144156,
function_4d2590,original_short_body,233175,144162,
function_4d25c0,original_short_body,233181,144168,
function_4d25f0,original_short_body,233187,144174,
function_4d25f8,original_short_body,233193,144180,
function_4d2630,original_short_body,233199,144186,
function_4d2638,unchanged_decompiled_body,233205,144192,
function_4d2660,historical_removal_manifest,233212,,
function_4d2668,unchanged_decompiled_body,233218,144200,
function_4d2673,unchanged_decompiled_body,233225,144207,
function_4d2680,original_short_body,233232,144214,
function_4d268b,historical_removal_manifest,233238,,
function_4d2696,original_short_body,233244,144221,
function_4d26a1,historical_removal_manifest,233250,,
function_4d26ac,historical_removal_manifest,233256,,
function_4d26b7,historical_removal_manifest,233262,,
function_4d26c2,historical_removal_manifest,233268,,
function_4d26cd,historical_removal_manifest,233274,,
function_4d26d8,historical_removal_manifest,233280,,
function_4d26e3,original_short_body,233286,144228,
function_4d26ee,unchanged_decompiled_body,233292,144234,
function_4d2720,original_short_body,233300,144242,
function_4d2728,original_short_body,233306,144248,
function_4d2730,original_short_body,233312,144254,
function_4d2738,original_short_body,233318,144260,
function_4d2740,original_short_body,233324,144266,
function_4d2748,original_short_body,233330,144272,
function_4d2750,original_short_body,233336,144278,
function_4d2780,original_short_body,233342,144284,
function_4d2788,original_short_body,233348,144290,
function_4d27c0,original_short_body,233354,144296,
function_4d27c8,original_short_body,233360,144302,
function_4d27d0,original_short_body,233366,144308,
function_4d27d8,original_short_body,233372,144314,
function_4d2810,original_short_body,233378,144320,
function_4d2818,unchanged_decompiled_body,233384,144326,
function_4d2840,original_short_body,233392,144334,
function_4d284b,unchanged_decompiled_body,233398,144340,
function_4d2859,original_short_body,233405,144347,
function_4d2890,unchanged_decompiled_body,233411,144353,
function_4d289e,original_short_body,233418,144360,
function_4d28a6,original_short_body,233424,144366,
function_4d28ae,original_short_body,233430,144372,
function_4d28b6,unchanged_decompiled_body,233436,144378,
function_4d28e0,original_short_body,233443,144385,
function_4d2910,original_short_body,233449,144391,
function_4d2940,unchanged_decompiled_body,233455,144397,
function_4d2970,unchanged_decompiled_body,233462,144404,
function_4d297e,original_short_body,233469,144411,
function_4d2986,original_short_body,233475,144417,
function_4d298e,original_short_body,233481,144423,
function_4d2996,unchanged_decompiled_body,233487,144429,
function_4d29c0,original_short_body,233494,144436,
function_4d29c8,original_short_body,233500,144442,
function_4d29d0,unchanged_decompiled_body,233506,144448,
function_4d2a00,unchanged_decompiled_body,233514,144456,
function_4d2a0e,original_short_body,233521,144463,
function_4d2a16,original_short_body,233527,144469,
function_4d2a1e,original_short_body,233533,144475,
function_4d2a26,unchanged_decompiled_body,233539,144481,
function_4d2a90,original_short_body,233546,144488,
function_4d2ac0,original_short_body,233552,144494,
function_4d2af0,unchanged_decompiled_body,233558,144500,
function_4d2afe,original_short_body,233565,144507,
function_4d2b06,original_short_body,233571,144513,
function_4d2b0e,original_short_body,233577,144519,
function_4d2b40,original_short_body,233583,144525,
function_4d2b4b,original_short_body,233589,144531,
function_4d2b56,original_short_body,233595,144537,
function_4d2b61,unchanged_decompiled_body,233601,144543,
function_4d2b70,original_short_body,233608,144550,
function_4d2ba0,original_short_body,233614,144556,
function_4d2bb1,original_short_body,233620,144562,
function_4d2be0,original_short_body,233626,144568,
function_4d2be8,unchanged_decompiled_body,233632,144574,
function_4d2c01,unchanged_decompiled_body,233647,144589,
function_4d2c1a,unchanged_decompiled_body,233662,144604,
function_4d2c25,original_short_body,233669,144611,
function_4d2c2d,original_short_body,233675,144617,
function_4d2c35,unchanged_decompiled_body,233681,144623,
function_4d2c60,unchanged_decompiled_body,233689,144631,
function_4d2c6e,original_short_body,233696,144638,
function_4d2c76,original_short_body,233702,144644,
function_4d2c7e,original_short_body,233708,144650,
function_4d2c86,original_short_body,233714,144656,
function_4d2c8e,original_short_body,233720,144662,
function_4d2c96,unchanged_decompiled_body,233726,144668,
function_4d2cc0,original_short_body,233733,144675,
function_4d2cc8,original_short_body,233739,144681,
function_4d2cd0,original_short_body,233745,144687,
function_4d2cd8,original_short_body,233751,144693,
function_4d2ce0,original_short_body,233757,144699,
function_4d2ce8,original_short_body,233763,144705,
function_4d2cf0,original_short_body,233769,144711,
function_4d2cf8,unchanged_decompiled_body,233775,144717,
function_4d2d20,unchanged_decompiled_body,233783,144725,
function_4d2d2b,unchanged_decompiled_body,233790,144732,
function_4d2d35,unchanged_decompiled_body,233797,144739,
function_4d2d3f,original_short_body,233804,144746,
function_4d2d47,original_short_body,233810,144752,
function_4d2d4f,original_short_body,233816,144758,
function_4d2d57,unchanged_decompiled_body,233822,144764,
function_4d2d90,original_short_body,233830,144772,
function_4d2d9b,unchanged_decompiled_body,233836,144778,
function_4d2da9,original_short_body,233843,144785,
function_4d2de0,unchanged_decompiled_body,233849,144791,
function_4d2e20,original_short_body,233864,144806,
function_4d2e28,unchanged_decompiled_body,233870,144812,
function_4d2e50,original_short_body,233877,144819,
function_4d2e80,original_short_body,233883,144825,
function_4d2e88,original_short_body,233889,144831,
function_4d2e90,unchanged_decompiled_body,233895,144837,
function_4d2eb0,original_short_body,233902,144844,
function_4d2eb8,original_short_body,233908,144850,
function_4d2ec0,unchanged_decompiled_body,233914,144856,
function_4d2ed9,original_short_body,233929,144871,
function_4d2f10,original_short_body,233935,144877,
function_4d2f18,original_short_body,233941,144883,
function_4d2f20,unchanged_decompiled_body,233947,144889,
function_4d2f60,original_short_body,233954,144896,
function_4d2f90,unchanged_decompiled_body,233960,144902,
function_4d2f9e,original_short_body,233967,144909,
function_4d2fa6,original_short_body,233973,144915,
function_4d2fae,original_short_body,233979,144921,
function_4d2fe0,unchanged_decompiled_body,233985,144927,
function_4d2feb,original_short_body,233992,144934,
function_4d3020,original_short_body,233998,144940,
function_4d3028,original_short_body,234004,144946,
function_4d3030,original_short_body,234010,144952,
function_4d3038,original_short_body,234016,144958,
function_4d3040,original_short_body,234022,144964,
function_4d3048,original_short_body,234028,144970,
function_4d3050,original_short_body,234034,144976,
function_4d3058,original_short_body,234040,144982,
function_4d3060,unchanged_decompiled_body,234046,144988,
function_4d3090,original_short_body,234054,144996,
function_4d3098,original_short_body,234060,145002,
function_4d30d0,original_short_body,234066,145008,
function_4d30d8,original_short_body,234072,145014,
function_4d30e0,original_short_body,234078,145020,
function_4d30e8,original_short_body,234084,145026,
function_4d3120,modified_nonempty_body,234090,145032,
function_4d3128,original_short_body,234097,145039,
function_4d3130,unchanged_decompiled_body,234103,145045,
function_4d3150,unchanged_decompiled_body,234110,145052,
function_4d315e,original_short_body,234117,145059,
function_4d3166,original_short_body,234123,145065,
function_4d316e,original_short_body,234129,145071,
function_4d31a0,original_short_body,234135,145077,
function_4d31a8,unchanged_decompiled_body,234141,145083,
function_4d31ca,unchanged_decompiled_body,234156,145098,
function_4d31e9,original_short_body,234171,145113,
function_4d31f1,original_short_body,234177,145119,
function_4d31f9,original_short_body,234183,145125,
function_4d3204,original_short_body,234189,145131,
function_4d320c,original_short_body,234195,145137,
function_4d3217,original_short_body,234201,145143,
function_4d321f,original_short_body,234207,145149,
function_4d322a,unchanged_decompiled_body,234213,145155,
function_4d3260,original_short_body,234221,145163,
function_4d3268,unchanged_decompiled_body,234227,145169,
function_4d32b0,original_short_body,234235,145177,
function_4d32e0,original_short_body,234241,145183,
function_4d32e8,unchanged_decompiled_body,234247,145189,
function_4d3320,original_short_body,234255,145197,
function_4d3328,unchanged_decompiled_body,234261,145203,
function_4d3350,original_short_body,234269,145211,
function_4d3380,original_short_body,234275,145217,
function_4d33b0,original_short_body,234281,145223,
function_4d33b8,unchanged_decompiled_body,234287,145229,
function_4d33d1,unchanged_decompiled_body,234302,145244,
function_4d3410,original_short_body,234317,145259,
function_4d3418,original_short_body,234323,145265,
function_4d3420,original_short_body,234329,145271,
function_4d3428,original_short_body,234335,145277,
function_4d3430,unchanged_decompiled_body,234341,145283,
function_4d3450,original_short_body,234348,145290,
function_4d3458,original_short_body,234354,145296,
function_4d3460,original_short_body,234360,145302,
function_4d3468,original_short_body,234366,145308,
function_4d3470,original_short_body,234372,145314,
function_4d3478,original_short_body,234378,145320,
function_4d3480,unchanged_decompiled_body,234384,145326,
function_4d34b0,original_short_body,234391,145333,
function_4d34e0,original_short_body,234397,145339,
function_4d34e8,unchanged_decompiled_body,234403,145345,
function_4d3510,original_short_body,234410,145352,
function_4d3540,original_short_body,234416,145358,
function_4d3570,original_short_body,234422,145364,
function_4d35a0,original_short_body,234428,145370,
function_4d35c0,original_short_body,234434,145376,
function_4d35e0,original_short_body,234440,145382,
function_4d3600,original_short_body,234446,145388,
function_4d3620,original_short_body,234452,145394,
function_4d3640,original_short_body,234458,145400,
function_4d3660,original_short_body,234464,145406,
function_4d3680,original_short_body,234470,145412,
function_4d36a0,original_short_body,234476,145418,
function_4d36c0,original_short_body,234482,145424,
function_4d36e0,original_short_body,234488,145430,
function_4d3700,original_short_body,234494,145436,
function_4d3720,unchanged_decompiled_body,234500,145442,
function_4d3740,unchanged_decompiled_body,234507,145449,
function_4d3780,original_short_body,234514,145456,
function_4d3790,unchanged_decompiled_body,234520,145462,
function_4d37b0,unchanged_decompiled_body,234527,145469,
function_4d37d0,unchanged_decompiled_body,234536,145478,
function_4d37f0,unchanged_decompiled_body,234543,145485,
function_4d3820,original_short_body,234550,145492,
function_4d3830,unchanged_decompiled_body,234556,145498,
function_4d3850,unchanged_decompiled_body,234563,145505,
function_4d3870,unchanged_decompiled_body,234570,145512,
function_4d3890,original_short_body,234577,145519,
function_4d38a0,original_short_body,234583,145525,
function_4d38b0,unchanged_decompiled_body,234589,145531,
function_4d38d0,original_short_body,234596,145538,
function_4d38e0,unchanged_decompiled_body,234602,145544,
function_4d3900,unchanged_decompiled_body,234611,145553,
function_4d39a0,unchanged_decompiled_body,234643,145585,
function_4d39c0,unchanged_decompiled_body,234650,145592,
function_4d39e0,unchanged_decompiled_body,234657,145599,
function_4d3a40,unchanged_decompiled_body,234664,145606,
function_4d3a60,unchanged_decompiled_body,234671,145613,
function_4d3a80,unchanged_decompiled_body,234678,145620,
function_4d3aa0,unchanged_decompiled_body,234685,145627,
function_4d3ac0,unchanged_decompiled_body,234692,145634,
function_4d3ae0,unchanged_decompiled_body,234699,145641,
function_4d3b00,unchanged_decompiled_body,234706,145648,
function_4d3b20,unchanged_decompiled_body,234713,145655,
function_4d3b40,unchanged_decompiled_body,234720,145662,
function_4d3b60,unchanged_decompiled_body,234727,145669,
function_4d3bc0,unchanged_decompiled_body,234738,145680,
function_4d3c20,unchanged_decompiled_body,234749,145691,
function_4d3ce0,unchanged_decompiled_body,234763,145705,
function_4d3dc0,replacement_mapping_unresolved,234785,,
function_4d3e40,original_short_body,234798,145728,
function_4d3e50,modified_nonempty_body,234806,145734,
function_4d3f50,unchanged_decompiled_body,234837,145742,
function_4d3fe0,original_short_body,234868,145773,
function_4d3ff0,original_short_body,234874,145779,
function_4d4000,original_short_body,234880,145785,
function_4d4010,original_short_body,234886,145791,
function_4d4040,pr4_disconnected_removal,234892,,
function_4d404c,original_short_body,234898,145800,
function_4d4058,original_short_body,234904,145806,
function_4d4064,original_short_body,234910,145812,
function_4d4070,original_short_body,234916,145818,
function_4d407c,original_short_body,234922,145824,
function_4d40b4,original_short_body,234928,145830,
function_4d40c0,unchanged_decompiled_body,234934,145836,
function_4d40d0,original_short_body,234941,145843,
function_4d40f0,original_short_body,234954,145850,
function_4d4100,original_short_body,234960,145856,
function_4d4110,unchanged_decompiled_body,234966,145862,
function_4d4120,original_short_body,234973,145869,
function_4d4130,unchanged_decompiled_body,234979,145875,
function_4d4140,original_short_body,234986,145882,
function_4d4150,unchanged_decompiled_body,234992,145888,
function_4d4160,unchanged_decompiled_body,234999,145895,
function_4d4180,original_short_body,235011,145907,
function_4d4190,unchanged_decompiled_body,235017,145913,
function_4d41a0,unchanged_decompiled_body,235024,145920,
function_4d41b0,unchanged_decompiled_body,235031,145927,
function_4d4210,unchanged_decompiled_body,235042,145938,
function_4d4220,unchanged_decompiled_body,235049,145945,
function_4d4280,unchanged_decompiled_body,235060,145956,
function_4d4290,unchanged_decompiled_body,235067,145963,
function_4d42f0,unchanged_decompiled_body,235076,145972,
function_4d4300,original_short_body,235083,145979,
function_4d4310,unchanged_decompiled_body,235089,145985,
function_4d4380,unchanged_decompiled_body,235124,146020,
function_4d4390,unchanged_decompiled_body,235131,146027,
function_4d43f0,unchanged_decompiled_body,235142,146038,
function_4d4400,unchanged_decompiled_body,235149,146045,
function_4d4460,unchanged_decompiled_body,235158,146054,
function_4d4470,unchanged_decompiled_body,235165,146061,
function_4d44d0,unchanged_decompiled_body,235176,146072,
function_4d44e0,unchanged_decompiled_body,235183,146079,
function_4d4540,unchanged_decompiled_body,235194,146090,
function_4d4550,unchanged_decompiled_body,235201,146097,
function_4d45b0,unchanged_decompiled_body,235212,146108,
function_4d45c0,unchanged_decompiled_body,235219,146115,
function_4d4620,unchanged_decompiled_body,235230,146126,
function_4d4630,unchanged_decompiled_body,235237,146133,
function_4d4690,unchanged_decompiled_body,235248,146144,
function_4d46a0,unchanged_decompiled_body,235255,146151,
function_4d4700,unchanged_decompiled_body,235264,146160,
function_4d4760,unchanged_decompiled_body,235275,146171,
function_4d4790,original_short_body,235293,146189,
function_4d47a0,original_short_body,235299,146195,
function_4d47b0,original_short_body,235305,146201,
function_4d47f0,unchanged_decompiled_body,235332,146208,
function_4d4860,modified_nonempty_body,235379,146249,
function_4d48c0,replacement_mapping_unresolved,235389,,
function_4d4930,unchanged_decompiled_body,235400,146254,
function_4d4990,original_short_body,235440,146294,
function_4d49d0,unchanged_decompiled_body,235467,146308,
function_4d4a30,unchanged_decompiled_body,235479,146320,
function_4d4a60,unchanged_decompiled_body,235498,146339,
function_4d4a90,unchanged_decompiled_body,235517,146358,
function_4d4ac0,unchanged_decompiled_body,235536,146377,
function_4d4af0,unchanged_decompiled_body,235555,146396,
function_4d4b30,pr4_disconnected_removal,235581,,
function_4d4b90,unchanged_decompiled_body,235614,146419,
function_4d4b9b,unchanged_decompiled_body,235622,146427,
function_4d4ba6,unchanged_decompiled_body,235630,146435,
function_4d4bb1,original_short_body,235638,146443,
function_4d4bbb,original_short_body,235644,146449,
function_4d4bd9,original_short_body,235664,146469,
function_c000000,unchanged_decompiled_body,235670,146475,
function_c47acb9,unchanged_decompiled_body,235677,146482,
function_56ffffb4,unchanged_decompiled_body,235684,146489,
