function,category,original_line,current_line,variants
function_401000,保留原反编译函数体,8585,9615,1
function_401010,保留原反编译函数体,8595,9625,1
function_401040,已修改／替换的非空实现,8611,9641,1
function_4011b0,已修改／替换的非空实现,8679,9709,2
function_4013d0,已修改／替换的非空实现,8788,9837,1
function_4014d0,保留原反编译函数体,8847,9896,1
function_401600,已修改／替换的非空实现,8880,9929,1
function_401660,已修改／替换的非空实现,8905,9957,1
function_4016e0,已修改／替换的非空实现,8956,9997,1
function_401740,保留原反编译函数体,8992,10033,1
function_401760,已修改／替换的非空实现,9002,10043,1
function_401790,已修改／替换的非空实现,9015,10070,1
function_4017b0,已修改／替换的非空实现,9022,10082,3
function_401820,已修改／替换的非空实现,9057,10114,1
function_401850,保留原反编译函数体,9065,10136,1
function_401a30,保留原反编译函数体,9175,10246,1
function_401ae0,已修改／替换的非空实现,9190,10261,1
function_401ba0,保留原反编译函数体,9208,10307,1
function_401da0,保留原反编译函数体,9360,10459,1
function_401dc0,已修改／替换的非空实现,9367,10466,1
function_401e60,保留原反编译函数体,9400,10499,1
function_401ee0,保留原反编译函数体,9412,10511,1
function_401f80,已修改／替换的非空实现,9551,10650,1
function_4021e0,已修改／替换的非空实现,9923,11022,1
function_402230,保留原反编译函数体,9960,11059,1
function_402290,保留原反编译函数体,9994,11093,1
function_4022f0,保留原反编译函数体,10013,11112,1
function_402310,保留原反编译函数体,10034,11133,1
function_402360,保留原反编译函数体,10086,11185,1
function_402430,保留原反编译函数体,10157,11256,1
function_402610,保留原反编译函数体,10410,11509,1
function_402670,保留原反编译函数体,10441,11540,1
function_4026e0,已修改／替换的非空实现,10480,11579,1
function_402770,已修改／替换的非空实现,10505,11601,1
function_4028d0,已修改／替换的非空实现,10673,11705,1
function_402930,保留原反编译函数体,10721,11735,1
function_402970,已修改／替换的非空实现,10730,11744,1
function_4029b0,保留原反编译函数体,10755,11761,1
function_4029d0,保留原反编译函数体,10763,11769,1
function_4029f0,保留原反编译函数体,10780,11786,1
function_402a10,保留原反编译函数体,10791,11797,1
function_402a20,保留原反编译函数体,10800,11806,1
function_402a50,保留原反编译函数体,10812,11818,1
function_402aa0,已修改／替换的非空实现,10824,11830,1
function_402ac0,保留原反编译函数体,10831,11848,1
function_402ad0,原版即为简单返回／空函数,10838,11855,1
function_402af0,已修改／替换的非空实现,10844,11861,1
function_402b90,已修改／替换的非空实现,10855,11872,1
function_4a96d0,已修改／替换的非空实现,10875,11892,3
function_402d30,原版即为简单返回／空函数,10952,11975,1
function_402d40,已修改／替换的非空实现,10958,12016,1
function_403000,保留原反编译函数体,10989,12131,1
function_4a9a30,保留原反编译函数体,10995,12137,4
function_40bf10,保留原反编译函数体,11021,12163,2
function_40c560,保留原反编译函数体,11376,12518,2
function_403790,保留原反编译函数体,11798,12940,1
function_4037e0,保留原反编译函数体,11808,12950,1
function_403820,保留原反编译函数体,11817,12959,2
function_403830,保留原反编译函数体,11824,12966,1
function_4038c0,已修改／替换的非空实现,11908,13181,1
function_4039e0,已修改／替换的非空实现,11998,13223,4
function_403a90,保留原反编译函数体,12053,13265,1
function_403ad0,保留原反编译函数体,12063,13275,1
function_403b90,保留原反编译函数体,12092,13304,1
function_403bf0,已修改／替换的非空实现,12119,13331,1
function_403ce0,已修改／替换的非空实现,12198,13157,4
function_403db6,保留原反编译函数体,12237,13439,1
function_403dbc,已修改／替换的非空实现,12244,13447,1
function_403e50,未找到同名入口，待核对替代,12269,,0
function_403e80,保留原反编译函数体,12284,13464,1
function_403f00,保留原反编译函数体,12300,13480,1
function_403f20,保留原反编译函数体,12310,13490,1
function_403fc0,保留原反编译函数体,12400,13580,1
function_403fe0,保留原反编译函数体,12409,13589,1
function_404040,保留原反编译函数体,12447,13627,1
function_404090,保留原反编译函数体,12460,13640,1
function_4040d0,已修改／替换的非空实现,12471,13651,1
function_404130,已修改／替换的非空实现,12479,13657,1
function_404180,保留原反编译函数体,12487,13663,1
function_404230,保留原反编译函数体,12533,13709,1
function_404270,保留原反编译函数体,12556,13732,1
function_404390,已修改／替换的非空实现,12618,13794,1
function_477160,已修改／替换的非空实现,12622,148689,1
function_404430,已修改／替换的非空实现,12644,13815,1
function_474000,已修改／替换的非空实现,12648,142556,1
function_4044d0,保留原反编译函数体,12670,13836,1
function_4045c0,已修改／替换的非空实现,12761,13927,2
function_404610,保留原反编译函数体,12800,13937,1
function_404640,保留原反编译函数体,12809,13946,1
function_404770,保留原反编译函数体,12927,14064,1
function_4049c0,保留原反编译函数体,13167,14304,1
function_404bc0,保留原反编译函数体,13379,14516,1
function_404e10,保留原反编译函数体,13619,14756,1
function_404eb0,保留原反编译函数体,13638,14775,1
function_404ee0,保留原反编译函数体,13645,14782,1
function_405040,保留原反编译函数体,13795,14932,1
function_405060,保留原反编译函数体,13804,14941,1
function_405080,保留原反编译函数体,13813,14950,1
function_405140,保留原反编译函数体,13841,14978,1
function_405180,保留原反编译函数体,13856,14993,1
function_4051e0,保留原反编译函数体,13871,15008,1
function_405220,保留原反编译函数体,13886,15023,1
function_405280,保留原反编译函数体,13901,15038,1
function_4052c0,保留原反编译函数体,13916,15053,1
function_405320,保留原反编译函数体,13931,15068,1
function_405720,保留原反编译函数体,14432,15569,1
function_405800,已修改／替换的非空实现,14458,15758,2
function_405900,保留原反编译函数体,14489,15778,2
function_405980,已修改／替换的非空实现,14566,15855,1
function_405990,保留原反编译函数体,14574,15863,1
function_4059c0,保留原反编译函数体,14582,15871,1
function_405a50,保留原反编译函数体,14600,15889,1
function_405aa0,保留原反编译函数体,14616,15905,1
function_405b30,已修改／替换的非空实现,14637,15926,1
function_405bd0,已修改／替换的非空实现,14670,15959,1
function_405c90,保留原反编译函数体,14680,15969,1
function_405d60,已修改／替换的非空实现,14689,16060,1
function_405e30,已修改／替换的非空实现,14765,16069,1
function_405ea0,已修改／替换的非空实现,14785,16105,1
function_405f80,已修改／替换的非空实现,14808,16128,1
function_406180,已修改／替换的非空实现,14894,16214,1
function_4062d0,已修改／替换的非空实现,14971,16291,1
function_406350,保留原反编译函数体,15007,16327,1
function_406360,保留原反编译函数体,15014,16334,1
function_406370,已修改／替换的非空实现,15022,16342,1
function_4065a0,保留原反编译函数体,15091,16411,1
function_4065d0,保留原反编译函数体,15104,16424,1
function_406600,已修改／替换的非空实现,15117,16437,20
function_406670,保留原反编译函数体,15149,16469,1
function_406690,保留原反编译函数体,15159,16479,1
function_4067f0,已修改／替换的非空实现,15270,16512,1
function_406880,保留原反编译函数体,15309,16551,1
function_4068f0,保留原反编译函数体,15401,16643,1
function_406a50,保留原反编译函数体,15437,16679,1
function_406ac0,保留原反编译函数体,15459,16701,1
function_406cc0,已修改／替换的非空实现,15579,16821,1
function_406db0,保留原反编译函数体,15662,16904,1
function_406df0,保留原反编译函数体,15694,16936,1
function_406ee0,保留原反编译函数体,15742,16984,1
function_406fc0,保留原反编译函数体,15999,17241,1
function_407000,保留原反编译函数体,16041,17283,1
function_407070,保留原反编译函数体,16089,17331,1
function_407130,保留原反编译函数体,16131,17373,1
function_407190,保留原反编译函数体,16158,17400,1
function_407210,保留原反编译函数体,16197,17439,1
function_407250,保留原反编译函数体,16222,17464,1
function_407270,保留原反编译函数体,16239,17481,1
function_4072b0,已修改／替换的非空实现,16257,17499,1
function_4072d0,已修改／替换的非空实现,16266,17508,1
function_407300,已修改／替换的非空实现,16276,17525,1
function_407310,保留原反编译函数体,16285,17539,1
function_407340,保留原反编译函数体,16303,17557,1
function_407350,保留原反编译函数体,16311,17565,1
function_407360,已修改／替换的非空实现,16319,17573,1
function_407370,已修改／替换的非空实现,16325,12051,8
function_407450,保留原反编译函数体,16412,17739,1
function_407480,保留原反编译函数体,16422,17749,1
function_4074b0,保留原反编译函数体,16435,17762,1
function_4074c0,保留原反编译函数体,16443,17770,1
function_407500,已修改／替换的非空实现,16461,17951,1
function_4077c0,已修改／替换的非空实现,16754,18244,1
function_4082b0,保留原反编译函数体,18542,20032,1
function_4082d0,保留原反编译函数体,18552,20042,1
function_408320,已修改／替换的非空实现,18572,20062,1
function_4083e0,已修改／替换的非空实现,18656,20145,1
function_408430,已修改／替换的非空实现,18689,20179,1
function_408530,保留原反编译函数体,18787,20277,1
function_408550,保留原反编译函数体,18796,20286,1
function_408590,保留原反编译函数体,18816,20306,1
function_408600,保留原反编译函数体,18846,20336,1
function_408650,已修改／替换的非空实现,18866,20356,1
function_4086e0,已修改／替换的非空实现,18884,20387,1
function_4087b0,已修改／替换的非空实现,18903,20418,1
function_4087e0,已修改／替换的非空实现,18917,20432,1
function_408800,已修改／替换的非空实现,18928,20454,1
function_408830,已修改／替换的非空实现,18944,20470,1
function_408850,已修改／替换的非空实现,18953,20479,1
function_408860,已修改／替换的非空实现,18960,20486,1
function_408870,保留原反编译函数体,18967,20493,1
function_408930,已修改／替换的非空实现,19002,20528,1
function_4089c0,已修改／替换的非空实现,19026,20553,1
function_408b10,保留原反编译函数体,19131,20587,1
function_408b30,已修改／替换的非空实现,19138,20594,2
function_408bf0,已修改／替换的非空实现,19164,20640,2
function_408c80,已修改／替换的非空实现,19183,20651,1
function_408d00,已修改／替换的非空实现,19256,20688,2
function_408e60,已修改／替换的非空实现,19285,20731,1
function_408e80,已修改／替换的非空实现,19292,20736,1
function_408eb0,已修改／替换的非空实现,19309,20742,1
function_409030,原版即为简单返回／空函数,19376,20748,1
function_4090a0,保留原反编译函数体,19382,20754,1
function_4090d0,保留原反编译函数体,19398,20770,1
function_409130,保留原反编译函数体,19416,20788,1
function_4093b0,保留原反编译函数体,19518,20890,1
function_4093f0,保留原反编译函数体,19531,20903,1
function_409450,保留原反编译函数体,19555,20927,1
function_409480,保留原反编译函数体,19576,20948,1
function_4094b0,保留原反编译函数体,19608,20980,1
function_4094e0,保留原反编译函数体,19642,21014,1
function_409540,保留原反编译函数体,19667,21039,1
function_409620,保留原反编译函数体,19735,21107,1
function_4096d0,保留原反编译函数体,19765,21137,2
function_409840,保留原反编译函数体,19868,21240,1
function_4098a0,保留原反编译函数体,19898,21270,1
function_409930,保留原反编译函数体,19954,21326,1
function_4099c0,保留原反编译函数体,19996,21368,1
function_409da0,保留原反编译函数体,20216,21588,1
function_40a0f0,已修改／替换的非空实现,20528,23622,1
function_40a3d0,已修改／替换的非空实现,20713,23632,1
function_40a460,已修改／替换的非空实现,20733,23687,1
function_40a5d0,保留原反编译函数体,20886,23722,1
function_40a5f0,已修改／替换的非空实现,20893,23729,1
function_40a6c0,已修改／替换的非空实现,20957,23793,1
function_40a7f0,已修改／替换的非空实现,21009,23845,1
function_40a890,已修改／替换的非空实现,21049,23885,1
function_40a8d0,已修改／替换的非空实现,21064,23900,1
function_40a950,已修改／替换的非空实现,21099,23935,1
function_40a9a0,已修改／替换的非空实现,21118,23954,1
function_40a9f0,已修改／替换的非空实现,21137,23973,1
function_40aaa0,已修改／替换的非空实现,21198,23984,1
function_40aac0,已修改／替换的非空实现,21210,23999,1
function_40aae0,已修改／替换的非空实现,21221,24024,1
function_40adb0,已修改／替换的非空实现,21545,24036,1
function_40ae70,已修改／替换的非空实现,21592,24083,1
function_40af70,保留原反编译函数体,21712,24203,1
function_40af80,保留原反编译函数体,21722,24213,1
function_40afb0,保留原反编译函数体,21735,24226,1
function_40afe0,已修改／替换的非空实现,21750,24241,1
function_40b160,已修改／替换的非空实现,21859,24350,1
function_40b210,已修改／替换的非空实现,21921,24412,1
function_40b2c0,保留原反编译函数体,21964,24455,1
function_40b2d0,保留原反编译函数体,21976,24467,1
function_40b3a0,已修改／替换的非空实现,21997,24488,1
function_40b520,已修改／替换的非空实现,22123,24496,1
function_40b6f0,保留原反编译函数体,22303,24501,1
function_40b760,保留原反编译函数体,22387,24585,1
function_411b90,保留原反编译函数体,22403,24601,2
function_40b840,保留原反编译函数体,22435,24633,1
function_40b8a0,已修改／替换的非空实现,22460,24658,1
function_40b9a0,保留原反编译函数体,22589,24664,1
function_40ba20,已修改／替换的非空实现,22638,24713,1
function_40bb70,已修改／替换的非空实现,22715,24790,1
function_40bbf0,保留原反编译函数体,22749,24824,1
function_40bc00,已修改／替换的非空实现,22759,24834,1
function_40bd10,已修改／替换的非空实现,22835,24910,1
function_40bd90,保留原反编译函数体,22869,24944,1
function_40bda0,保留原反编译函数体,22877,24952,1
function_40bdf0,保留原反编译函数体,22919,24994,1
function_40be40,保留原反编译函数体,22963,25038,1
function_40be70,保留原反编译函数体,22976,25051,1
function_40bea0,保留原反编译函数体,22991,25066,1
function_40bed0,保留原反编译函数体,23004,25079,1
function_40bf00,保留原反编译函数体,23017,25092,1
function_40c010,保留原反编译函数体,23075,25150,1
function_40c2e0,保留原反编译函数体,23283,25358,1
function_4429b0,原版即为简单返回／空函数,23286,25361,6
function_40c370,保留原反编译函数体,23296,25371,1
function_40c410,已修改／替换的非空实现,23326,25401,1
function_40c4b0,保留原反编译函数体,23347,25422,1
function_40c5f0,保留原反编译函数体,23412,25487,1
function_40c670,原版即为简单返回／空函数,23452,25527,1
function_40c6d0,保留原反编译函数体,23460,25535,1
function_40c790,保留原反编译函数体,23528,25603,1
function_40c870,保留原反编译函数体,23610,25685,1
function_40c8a0,保留原反编译函数体,23623,25698,1
function_40c900,保留原反编译函数体,23647,25722,1
function_40ca50,保留原反编译函数体,23754,25829,1
function_40cba0,已修改／替换的非空实现,23861,25936,1
function_40cc80,保留原反编译函数体,23942,26017,1
function_40ccc0,保留原反编译函数体,23957,26032,1
function_40cdd0,原版即为简单返回／空函数,24010,26085,1
function_40ce60,保留原反编译函数体,24016,26091,1
function_40d0a0,保留原反编译函数体,24142,26217,1
function_40d1e0,保留原反编译函数体,24256,26331,1
function_40d240,保留原反编译函数体,24290,26365,1
function_40d2f0,保留原反编译函数体,24341,26416,1
function_40d330,保留原反编译函数体,24372,26447,1
function_40d400,保留原反编译函数体,24411,26486,1
function_40d500,保留原反编译函数体,24536,26611,1
function_40d520,保留原反编译函数体,24553,26628,1
function_40d560,保留原反编译函数体,24571,26646,1
function_40d590,保留原反编译函数体,24581,26656,1
function_40d5b0,保留原反编译函数体,24590,26665,1
function_40d5e0,已修改／替换的非空实现,24608,26683,1
function_40d790,已修改／替换的非空实现,24690,26765,2
function_40d940,已修改／替换的非空实现,24824,26940,1
function_40da60,已修改／替换的非空实现,24892,27041,1
function_40db30,已修改／替换的非空实现,24943,27104,1
function_40dbe0,已修改／替换的非空实现,25084,27143,1
function_40df60,已修改／替换的非空实现,25365,27148,1
function_40e130,已修改／替换的非空实现,25645,27600,1
function_40e220,已修改／替换的非空实现,25749,27642,1
function_40e2b0,已修改／替换的非空实现,25789,27673,1
function_40e2d0,已修改／替换的非空实现,25801,27688,1
function_40e2f0,保留原反编译函数体,25813,27703,1
function_40e320,已修改／替换的非空实现,25825,27715,1
function_40e3f0,保留原反编译函数体,26032,27770,1
function_40e460,已修改／替换的非空实现,26068,27806,1
function_40e540,已修改／替换的非空实现,26128,27868,1
function_40e590,已修改／替换的非空实现,26150,27881,1
function_40e5d0,已修改／替换的非空实现,26161,27892,2
function_40e630,已修改／替换的非空实现,26181,27913,1
function_40e850,已修改／替换的非空实现,26313,28062,1
function_40eae0,已修改／替换的非空实现,26434,28185,1
function_40ebf0,保留原反编译函数体,26479,28230,1
function_40ec30,保留原反编译函数体,26494,28245,1
function_40ec70,保留原反编译函数体,26511,28262,1
function_40ed40,保留原反编译函数体,26563,28314,1
function_40ee30,保留原反编译函数体,26674,28425,1
function_40efd0,保留原反编译函数体,26806,28557,1
function_40f130,保留原反编译函数体,26867,28618,1
function_40f1c0,已修改／替换的非空实现,26936,28687,1
function_40f2e0,保留原反编译函数体,27015,28766,1
function_40f370,已修改／替换的非空实现,27095,28846,1
function_40f5e0,已修改／替换的非空实现,27154,28905,1
function_40f790,已修改／替换的非空实现,27182,28933,1
function_40fe30,保留原反编译函数体,27508,29259,1
function_40ffb0,保留原反编译函数体,27648,29399,1
function_4100c0,保留原反编译函数体,27879,29630,1
function_4100f0,已修改／替换的非空实现,27900,29651,1
function_410110,保留原反编译函数体,27919,29670,1
function_410160,保留原反编译函数体,27941,29692,1
function_410190,保留原反编译函数体,27949,29700,1
function_4101a0,保留原反编译函数体,27956,29707,1
function_4101e0,保留原反编译函数体,27967,29718,1
function_410230,保留原反编译函数体,27985,29736,1
function_410260,保留原反编译函数体,28006,29757,1
function_410270,已修改／替换的非空实现,28015,29766,1
function_4103b0,已修改／替换的非空实现,28061,29812,1
function_410480,保留原反编译函数体,28084,29835,1
function_410500,已修改／替换的非空实现,28104,29953,1
function_410750,已修改／替换的非空实现,28212,30044,1
function_4109a0,保留原反编译函数体,28308,30077,1
function_4109d0,已修改／替换的非空实现,28327,30097,1
function_410b90,已修改／替换的非空实现,28460,30140,1
function_410c00,已修改／替换的非空实现,28498,30182,1
function_410c80,保留原反编译函数体,28530,30221,1
function_410cb0,保留原反编译函数体,28547,30238,1
function_410d90,保留原反编译函数体,28620,30311,1
function_410e00,保留原反编译函数体,28654,30345,1
function_410e80,保留原反编译函数体,28684,30375,1
function_410ef0,保留原反编译函数体,28756,30447,1
function_411000,保留原反编译函数体,28800,30491,1
function_411040,保留原反编译函数体,28842,30533,1
function_411100,已修改／替换的非空实现,28987,30678,1
function_411390,保留原反编译函数体,29379,31070,1
function_4113f0,保留原反编译函数体,29413,31104,1
function_411450,保留原反编译函数体,29432,31123,1
function_411520,保留原反编译函数体,29513,31204,1
function_411720,保留原反编译函数体,29793,31484,1
function_411870,保留原反编译函数体,29934,31625,1
function_411930,保留原反编译函数体,30059,31750,1
function_411980,保留原反编译函数体,30076,31767,1
function_4119a0,保留原反编译函数体,30088,31779,1
function_4119e0,保留原反编译函数体,30108,31799,1
function_411a10,保留原反编译函数体,30125,31816,1
function_411ff0,原版即为简单返回／空函数,30128,31819,3
function_411aa0,保留原反编译函数体,30138,31829,1
function_411d10,保留原反编译函数体,30322,32013,1
function_411d30,保留原反编译函数体,30335,32026,1
function_411d80,已修改／替换的非空实现,30349,32040,1
function_411f90,保留原反编译函数体,30423,32168,1
function_412060,保留原反编译函数体,30461,32206,1
function_4120c0,保留原反编译函数体,30474,32219,1
function_4120d0,已修改／替换的非空实现,30481,32226,1
function_412210,原版即为简单返回／空函数,30560,32305,1
function_412240,已修改／替换的非空实现,30566,32311,1
function_412350,保留原反编译函数体,30729,32475,1
function_4123a0,保留原反编译函数体,30739,32485,1
function_4123c0,原版即为简单返回／空函数,30746,32492,1
function_4123e0,已修改／替换的非空实现,30752,32498,1
function_4125d0,原版即为简单返回／空函数,30782,32530,1
function_4125e0,已修改／替换的非空实现,30788,32536,1
function_412610,保留原反编译函数体,30799,32547,1
function_412660,保留原反编译函数体,30829,32577,1
function_412680,保留原反编译函数体,30842,32590,1
function_412720,保留原反编译函数体,30879,32627,1
function_4127b0,保留原反编译函数体,30911,32659,1
function_412890,已修改／替换的非空实现,30934,32682,1
function_412ad0,已修改／替换的非空实现,31094,32879,1
function_412b80,已修改／替换的非空实现,31216,33048,1
function_412c10,已修改／替换的非空实现,31247,33092,1
function_412ca0,已修改／替换的非空实现,31290,33124,1
function_412d30,保留原反编译函数体,31302,33142,1
function_412da0,保留原反编译函数体,31316,33156,1
function_412ef0,保留原反编译函数体,31374,33214,1
function_413000,保留原反编译函数体,31433,33273,1
function_4130a0,保留原反编译函数体,31508,33348,1
function_4131b0,保留原反编译函数体,31580,33420,1
function_4131e0,保留原反编译函数体,31598,27605,2
function_413470,保留原反编译函数体,31761,33601,1
function_4134e0,保留原反编译函数体,31785,33625,1
function_413500,已修改／替换的非空实现,31799,33639,1
function_413f18,保留原反编译函数体,32552,34396,1
function_414010,已修改／替换的非空实现,32582,34426,1
function_4141e0,保留原反编译函数体,32620,34493,1
function_4145b0,已修改／替换的非空实现,33409,35282,1
function_4146a0,已修改／替换的非空实现,33438,35313,1
function_414850,已修改／替换的非空实现,33464,35341,1
function_414930,已修改／替换的非空实现,33479,35358,1
function_414a30,保留原反编译函数体,33494,35375,1
function_414ad0,保留原反编译函数体,33527,35408,1
function_414b80,保留原反编译函数体,33572,35453,1
function_414c10,保留原反编译函数体,33621,35502,1
function_414c70,保留原反编译函数体,33661,35542,1
function_414cb0,保留原反编译函数体,33676,35557,1
function_414d60,原版即为简单返回／空函数,33712,35593,1
function_414d80,保留原反编译函数体,33720,35601,1
function_414db0,原版即为简单返回／空函数,33751,35632,1
function_414dd0,保留原反编译函数体,33759,35640,1
function_414e00,保留原反编译函数体,33790,35671,1
function_414e10,保留原反编译函数体,33799,35680,1
function_414e40,保留原反编译函数体,33808,35689,1
function_414e50,保留原反编译函数体,33817,35698,1
function_414e80,保留原反编译函数体,33826,35707,1
function_414ed0,保留原反编译函数体,33852,35733,1
function_414fa0,保留原反编译函数体,33927,35808,1
function_414fe0,保留原反编译函数体,33946,35827,1
function_415070,保留原反编译函数体,33986,35867,1
function_4150a0,原版即为简单返回／空函数,33999,35880,1
function_4150b0,保留原反编译函数体,34007,35888,1
function_4150e0,保留原反编译函数体,34022,35903,1
function_415110,保留原反编译函数体,34034,35915,1
function_415130,保留原反编译函数体,34048,35929,2
function_415190,保留原反编译函数体,34065,35946,1
function_4151a0,保留原反编译函数体,34073,35954,1
function_4151d0,保留原反编译函数体,34088,35969,1
function_4151e0,保留原反编译函数体,34094,35975,1
function_4151f0,保留原反编译函数体,34102,35983,1
function_415220,保留原反编译函数体,34118,35999,1
function_415230,保留原反编译函数体,34126,36007,1
function_4152a0,保留原反编译函数体,34143,36024,1
function_415350,已修改／替换的非空实现,34176,36057,1
function_48a6f0,保留原反编译函数体,34180,36061,21
function_4153e0,保留原反编译函数体,34206,36087,1
function_415420,保留原反编译函数体,34220,36101,1
function_415480,保留原反编译函数体,34247,36128,1
function_415550,保留原反编译函数体,34281,36162,1
function_4155d0,保留原反编译函数体,34298,36237,1
function_4156d0,保留原反编译函数体,34332,36271,1
function_415750,保留原反编译函数体,34353,36292,1
function_415790,保留原反编译函数体,34370,36309,1
function_415810,已修改／替换的非空实现,34395,36392,1
function_415870,保留原反编译函数体,34406,36399,1
function_4158e0,保留原反编译函数体,34420,36413,1
function_4159a0,保留原反编译函数体,34459,36452,1
function_4159d0,保留原反编译函数体,34479,36472,1
function_4159f0,保留原反编译函数体,34494,36487,1
function_415b00,保留原反编译函数体,34533,36526,1
function_48afc0,原版即为简单返回／空函数,34540,36533,2
function_415b50,原版即为简单返回／空函数,34550,36543,1
function_415b80,保留原反编译函数体,34558,36551,1
function_415c50,保留原反编译函数体,34592,36585,1
function_415e20,已修改／替换的非空实现,34945,36938,1
function_415ea0,已修改／替换的非空实现,34955,36948,1
function_415f60,已修改／替换的非空实现,34982,36975,1
function_415fd0,保留原反编译函数体,35004,36997,2
function_416427,原版即为简单返回／空函数,35253,37246,1
function_41642d,原版即为简单返回／空函数,35259,37252,1
function_416440,保留原反编译函数体,35267,37260,1
function_416510,保留原反编译函数体,35328,37321,1
function_416700,保留原反编译函数体,35451,37444,1
function_416790,已修改／替换的非空实现,35489,37482,1
function_416b8d,原版即为简单返回／空函数,35596,37591,1
function_416b93,保留原反编译函数体,35602,37597,1
function_416b98,原版即为简单返回／空函数,35609,37604,1
function_416ba0,保留原反编译函数体,35615,37610,1
function_416bd0,保留原反编译函数体,35626,37621,1
function_416bf0,保留原反编译函数体,35642,37637,1
function_416c50,保留原反编译函数体,35666,37661,1
function_416c60,保留原反编译函数体,35675,37670,1
function_416ce0,保留原反编译函数体,35715,37710,1
function_416d60,原版即为简单返回／空函数,35755,37750,1
function_416d70,原版即为简单返回／空函数,35761,37756,1
function_416d80,原版即为简单返回／空函数,35767,37762,1
function_416d90,原版即为简单返回／空函数,35773,37768,1
function_416da0,原版即为简单返回／空函数,35779,37774,1
function_416db0,保留原反编译函数体,35785,37780,1
function_416de0,保留原反编译函数体,35801,37796,1
function_416ec0,保留原反编译函数体,35903,37898,1
function_416fa0,保留原反编译函数体,36019,38014,1
function_416fd0,保留原反编译函数体,36030,38025,1
function_417000,保留原反编译函数体,36041,38036,1
function_417010,保留原反编译函数体,36048,38043,1
function_417100,保留原反编译函数体,36097,38092,1
function_4173c0,原版即为简单返回／空函数,36227,38222,1
function_4173d0,已修改／替换的非空实现,36233,38228,1
function_417420,原版即为简单返回／空函数,36250,38245,1
function_417430,保留原反编译函数体,36256,38251,1
function_4174f0,保留原反编译函数体,36279,38274,1
function_4175f0,保留原反编译函数体,36304,38299,1
function_417a00,保留原反编译函数体,36675,38670,1
function_417a30,已修改／替换的非空实现,36688,38683,1
function_417c90,保留原反编译函数体,37011,39006,1
function_417d00,保留原反编译函数体,37045,39040,1
function_417d30,保留原反编译函数体,37062,39057,1
function_417d70,保留原反编译函数体,37080,39075,1
function_417da0,保留原反编译函数体,37093,39088,1
function_417dd0,保留原反编译函数体,37107,39102,1
function_417e30,保留原反编译函数体,37136,39131,1
function_417e50,保留原反编译函数体,37147,39142,1
function_417ee0,保留原反编译函数体,37198,39193,2
function_4180a0,保留原反编译函数体,37327,39322,1
function_4180c0,保留原反编译函数体,37339,39334,1
function_4180e0,已修改／替换的非空实现,37351,39346,1
function_418370,保留原反编译函数体,37745,39740,1
function_418400,保留原反编译函数体,37809,39804,1
function_418410,保留原反编译函数体,37816,39811,4
function_418430,保留原反编译函数体,37825,39820,1
function_418480,保留原反编译函数体,37859,39854,1
function_4184d0,保留原反编译函数体,37878,39873,1
function_4184e0,保留原反编译函数体,37885,39880,1
function_4184f0,保留原反编译函数体,37892,39887,1
function_418500,已修改／替换的非空实现,37899,39894,1
function_4185b0,保留原反编译函数体,37967,39962,1
function_418660,保留原反编译函数体,38001,39996,1
function_418750,保留原反编译函数体,38047,40042,1
function_418820,保留原反编译函数体,38193,40188,1
function_418880,保留原反编译函数体,38227,40222,1
function_4188e0,保留原反编译函数体,38246,40241,1
function_418980,保留原反编译函数体,38382,40377,1
function_4189d0,保留原反编译函数体,38434,40429,1
function_4189f0,保留原反编译函数体,38441,40436,1
function_418a10,保留原反编译函数体,38450,40445,1
function_418a20,保留原反编译函数体,38459,40454,1
function_418a30,已修改／替换的非空实现,38468,40463,1
function_418a80,已修改／替换的非空实现,38488,40483,1
function_418ad0,已修改／替换的非空实现,38508,40503,1
function_418b20,保留原反编译函数体,38528,40523,1
function_418b70,保留原反编译函数体,38546,40541,1
function_418bd0,保留原反编译函数体,38584,40579,1
function_418bf0,保留原反编译函数体,38591,40586,1
function_418c10,保留原反编译函数体,38599,40594,1
function_418cc0,保留原反编译函数体,38634,40629,1
function_418d20,保留原反编译函数体,38705,40700,1
function_418e60,保留原反编译函数体,38814,40809,1
function_418fa0,保留原反编译函数体,38860,40855,1
function_4190e0,保留原反编译函数体,38906,40901,1
function_419150,保留原反编译函数体,38920,40915,1
function_419290,保留原反编译函数体,39029,41024,1
function_4192d0,保留原反编译函数体,39041,41036,1
function_4192e0,保留原反编译函数体,39049,41044,1
function_419450,保留原反编译函数体,39169,41164,1
function_419510,保留原反编译函数体,39243,41238,1
function_4195d0,原版即为简单返回／空函数,39279,41274,1
function_4195f0,保留原反编译函数体,39285,41280,1
function_419740,保留原反编译函数体,39445,41440,1
function_419970,保留原反编译函数体,39710,41705,1
function_419a8f,保留原反编译函数体,39775,41770,1
function_419aa0,保留原反编译函数体,39782,41777,1
function_419b00,保留原反编译函数体,39813,41808,1
function_419c50,保留原反编译函数体,39869,41864,1
function_419ce0,保留原反编译函数体,39890,41885,1
function_419d10,保留原反编译函数体,39898,41893,1
function_419d30,原版即为简单返回／空函数,39907,41902,1
function_419d40,保留原反编译函数体,39913,41908,1
function_419dd0,保留原反编译函数体,39934,41929,1
function_419e49,保留原反编译函数体,39957,41952,1
function_419f50,保留原反编译函数体,39986,41981,1
function_41a010,保留原反编译函数体,40007,42002,1
function_41a1c0,原版即为简单返回／空函数,40048,42043,1
function_41a1d0,保留原反编译函数体,40054,42049,1
function_41a310,保留原反编译函数体,40108,42103,1
function_41a350,已修改／替换的非空实现,40121,42116,1
function_41a3f0,已修改／替换的非空实现,40143,42138,1
function_41a420,保留原反编译函数体,40157,42152,1
function_41a480,保留原反编译函数体,40175,42170,1
function_41a4d0,保留原反编译函数体,40190,42185,1
function_41a680,保留原反编译函数体,40261,42256,1
function_41a77e,保留原反编译函数体,40330,42325,1
function_41a7bd,保留原反编译函数体,40348,42343,1
function_41a820,保留原反编译函数体,40374,42369,1
function_41a850,保留原反编译函数体,40385,42380,1
function_41a890,保留原反编译函数体,40397,42392,1
function_41a910,保留原反编译函数体,40419,42414,1
function_41a950,已修改／替换的非空实现,40440,42435,1
function_41db20,保留原反编译函数体,40547,42546,42
function_41abc0,保留原反编译函数体,40568,42567,1
function_41ad10,保留原反编译函数体,40646,42645,1
function_41ae60,保留原反编译函数体,40724,42723,1
function_41af90,保留原反编译函数体,40770,42769,1
function_41b0c0,保留原反编译函数体,40814,42813,1
function_41b220,保留原反编译函数体,40886,42885,1
function_41b380,保留原反编译函数体,40958,42957,1
function_41b460,已修改／替换的非空实现,40991,42990,1
function_41b550,保留原反编译函数体,41023,43023,1
function_41b640,保留原反编译函数体,41052,43052,1
function_41b790,保留原反编译函数体,41130,43130,1
function_41b7c0,保留原反编译函数体,41143,43143,1
function_41d520,保留原反编译函数体,41506,43506,15
function_41bc30,保留原反编译函数体,41760,43760,1
function_41c7b0,已修改／替换的非空实现,43628,45628,1
function_41c870,保留原反编译函数体,43677,45677,1
function_41d570,保留原反编译函数体,45751,47751,1
function_41d5c0,已修改／替换的非空实现,45788,47788,1
function_41d610,保留原反编译函数体,45804,47804,1
function_41d630,保留原反编译函数体,45812,47812,1
function_41d770,保留原反编译函数体,45921,47921,1
function_41d9b0,保留原反编译函数体,46170,48170,1
function_41da60,保留原反编译函数体,46187,48187,1
function_41dbc0,保留原反编译函数体,46338,48338,1
function_41dc80,已修改／替换的非空实现,46351,48351,1
function_41de70,已修改／替换的非空实现,46475,48475,1
function_41df30,原版即为简单返回／空函数,46542,48542,1
function_41df40,原版即为简单返回／空函数,46550,48550,1
function_41df50,原版即为简单返回／空函数,46558,48558,1
function_41df60,原版即为简单返回／空函数,46564,48564,1
function_41df70,已修改／替换的非空实现,46570,48570,3
function_41e0c0,已修改／替换的非空实现,46708,48708,1
function_41e190,保留原反编译函数体,46735,48735,1
function_41e1e0,保留原反编译函数体,46755,48755,1
function_41e200,保留原反编译函数体,46772,48772,1
function_41e260,保留原反编译函数体,46791,48791,1
function_48ce00,原版即为简单返回／空函数,46794,48794,15
function_41e2c0,保留原反编译函数体,46805,48805,1
function_41e320,保留原反编译函数体,46820,48820,1
function_41e390,已修改／替换的非空实现,46838,48838,1
function_41e790,已修改／替换的非空实现,47036,49036,1
function_41ea50,保留原反编译函数体,47087,49087,1
function_41eca0,保留原反编译函数体,47275,49275,1
function_41eed0,保留原反编译函数体,47373,49373,1
function_41ef20,保留原反编译函数体,47398,49398,1
function_41ef50,保留原反编译函数体,47414,49414,1
function_41efb0,已修改／替换的非空实现,47477,49477,1
function_41eff0,保留原反编译函数体,47493,49506,2
function_41f580,保留原反编译函数体,47636,49649,1
function_41f800,保留原反编译函数体,47765,49778,1
function_41f990,保留原反编译函数体,47908,49921,1
function_41fbd0,保留原反编译函数体,48183,50196,1
function_41fe90,原版即为简单返回／空函数,48313,50326,1
function_41fea0,已修改／替换的非空实现,48319,50332,1
function_41fef0,原版即为简单返回／空函数,48336,50349,1
function_41ff00,原版即为简单返回／空函数,48342,50355,1
function_41ff10,保留原反编译函数体,48348,50361,1
function_41ffe0,保留原反编译函数体,48371,50384,1
function_4200e0,保留原反编译函数体,48398,50411,1
function_4204f0,保留原反编译函数体,48769,50782,1
function_420530,保留原反编译函数体,48787,50800,1
function_4205b0,保留原反编译函数体,48817,50830,1
function_4206d0,保留原反编译函数体,48876,50889,1
function_420740,保留原反编译函数体,48908,50921,1
function_4207c0,保留原反编译函数体,48924,50937,1
function_4207e0,原版即为简单返回／空函数,48932,50945,1
function_4207f0,保留原反编译函数体,48940,50953,1
function_420830,保留原反编译函数体,48960,50973,1
function_420900,保留原反编译函数体,49004,51017,1
function_420980,保留原反编译函数体,49039,51052,1
function_4209b0,保留原反编译函数体,49053,51066,1
function_420a10,保留原反编译函数体,49081,51094,1
function_420a30,保留原反编译函数体,49092,51105,1
function_420a80,保留原反编译函数体,49117,51130,1
function_420a90,保留原反编译函数体,49126,51139,1
function_420b20,保留原反编译函数体,49150,51163,1
function_420b90,保留原反编译函数体,49172,51185,1
function_420dc0,保留原反编译函数体,49321,51334,1
function_420e40,保留原反编译函数体,49332,51345,1
function_420ec0,保留原反编译函数体,49343,51356,1
function_420f40,保留原反编译函数体,49354,51367,1
function_420fc0,保留原反编译函数体,49365,51378,1
function_4211d0,保留原反编译函数体,49638,51651,1
function_4213d0,保留原反编译函数体,49791,51804,1
function_421440,保留原反编译函数体,49800,51813,1
function_421495,原版即为简单返回／空函数,49819,51832,1
function_4214a0,保留原反编译函数体,49825,51838,1
function_4215af,保留原反编译函数体,49887,51900,1
function_4216a0,保留原反编译函数体,50048,52061,1
function_421860,已修改／替换的非空实现,50084,52097,1
function_421dc0,保留原反编译函数体,50478,52491,1
function_421e40,保留原反编译函数体,50529,52542,1
function_4220c0,保留原反编译函数体,50718,52731,1
function_422130,保留原反编译函数体,50807,52820,1
function_422190,已修改／替换的非空实现,50892,52905,1
function_422410,保留原反编译函数体,51231,53244,1
function_4224b0,保留原反编译函数体,51290,53303,1
function_422500,保留原反编译函数体,51324,53337,1
function_422550,保留原反编译函数体,51343,53356,1
function_422690,保留原反编译函数体,51389,53402,1
function_4227d0,保留原反编译函数体,51435,53448,1
function_422910,保留原反编译函数体,51481,53494,1
function_422a60,保留原反编译函数体,51527,53540,1
function_422b40,保留原反编译函数体,51547,53560,1
function_422c20,保留原反编译函数体,51567,53580,1
function_422d00,保留原反编译函数体,51587,53600,1
function_422de0,保留原反编译函数体,51607,53620,1
function_422ec0,保留原反编译函数体,51627,53640,1
function_422fc0,保留原反编译函数体,51647,53660,1
function_4230a0,保留原反编译函数体,51681,53694,1
function_4231e0,保留原反编译函数体,51790,53803,1
function_423350,保留原反编译函数体,51935,53948,1
function_423430,保留原反编译函数体,52010,54023,1
function_423560,保留原反编译函数体,52092,54105,1
function_423620,保留原反编译函数体,52132,54145,1
function_423640,已修改／替换的非空实现,52142,54155,1
function_4236d4,原版即为简单返回／空函数,52163,54176,1
function_4236dc,保留原反编译函数体,52169,54182,1
function_423700,保留原反编译函数体,52179,54192,1
function_423757,保留原反编译函数体,52190,54203,1
function_42376a,保留原反编译函数体,52199,54212,1
function_423790,保留原反编译函数体,52209,54222,1
function_4237b0,保留原反编译函数体,52216,54229,1
function_423990,保留原反编译函数体,52478,54491,1
function_423be0,保留原反编译函数体,52748,54761,1
function_423cf0,保留原反编译函数体,52796,54809,1
function_423d60,保留原反编译函数体,52813,54826,1
function_423dd0,保留原反编译函数体,52829,54842,1
function_423e70,保留原反编译函数体,52846,54859,1
function_423f00,保留原反编译函数体,52867,54880,1
function_423f50,保留原反编译函数体,52881,54894,1
function_423f90,原版即为简单返回／空函数,52889,54902,1
function_423fd0,保留原反编译函数体,52895,54908,1
function_424060,保留原反编译函数体,52916,54929,1
function_4240f0,保留原反编译函数体,52937,54950,1
function_424180,保留原反编译函数体,52958,54971,1
function_4241f9,保留原反编译函数体,52979,54992,1
function_424280,保留原反编译函数体,52996,55009,1
function_424320,保留原反编译函数体,53015,55028,1
function_424350,保留原反编译函数体,53047,55060,1
function_424430,保留原反编译函数体,53076,55089,1
function_4247f0,保留原反编译函数体,53085,55098,2
function_424f60,保留原反编译函数体,53103,55116,2
function_424640,保留原反编译函数体,53138,55151,1
function_4248e0,保留原反编译函数体,53145,55158,2
function_424720,保留原反编译函数体,53158,55171,1
function_4249d0,保留原反编译函数体,53301,55314,1
function_424bb0,保留原反编译函数体,53383,55396,1
function_424d60,保留原反编译函数体,53454,55467,1
function_424da0,保留原反编译函数体,53474,55487,1
function_425030,保留原反编译函数体,53631,55644,1
function_4250e0,保留原反编译函数体,53663,55676,1
function_4252d0,原版即为简单返回／空函数,53734,55747,1
function_4252e0,保留原反编译函数体,53740,55753,1
function_4252f0,原版即为简单返回／空函数,53747,55760,1
function_425300,保留原反编译函数体,53755,55768,1
function_425320,保留原反编译函数体,53770,55783,1
function_425350,已修改／替换的非空实现,53789,55802,1
function_4253d0,保留原反编译函数体,53801,55814,1
function_425420,保留原反编译函数体,53827,55840,1
function_425510,保留原反编译函数体,53915,55928,1
function_4255e0,保留原反编译函数体,53988,56001,1
function_4258a0,原版即为简单返回／空函数,54118,56131,1
function_4258b0,已修改／替换的非空实现,54124,56137,1
function_425900,原版即为简单返回／空函数,54141,56154,1
function_425910,保留原反编译函数体,54147,56160,1
function_4259e0,保留原反编译函数体,54176,56189,1
function_425ae0,保留原反编译函数体,54201,56214,1
function_425ef0,保留原反编译函数体,54572,56585,1
function_426090,保留原反编译函数体,54608,56621,2
function_425fd0,保留原反编译函数体,54617,56630,1
function_426030,保留原反编译函数体,54667,56680,1
function_426060,保留原反编译函数体,54679,56692,1
function_4260d0,保留原反编译函数体,54713,56726,1
function_426120,保留原反编译函数体,54740,56753,1
function_4261f0,保留原反编译函数体,54781,56794,1
function_426250,保留原反编译函数体,54805,56818,1
function_426390,保留原反编译函数体,54851,56864,1
function_4263c0,原版即为简单返回／空函数,54875,56888,1
function_4263e0,保留原反编译函数体,54881,56894,1
function_426470,保留原反编译函数体,54902,56915,1
function_426500,保留原反编译函数体,54923,56936,1
function_426530,原版即为简单返回／空函数,54959,56972,1
function_426540,保留原反编译函数体,54967,56980,1
function_426560,保留原反编译函数体,54981,56994,1
function_4265e0,保留原反编译函数体,55013,57026,1
function_426650,保留原反编译函数体,55042,57055,1
function_426740,保留原反编译函数体,55078,57091,1
function_426840,已修改／替换的非空实现,55139,57152,1
function_4269f0,保留原反编译函数体,55204,57217,1
function_426b30,原版即为简单返回／空函数,55280,57293,1
function_426b40,已修改／替换的非空实现,55286,57299,1
function_426b90,原版即为简单返回／空函数,55303,57316,1
function_426ba0,保留原反编译函数体,55309,57322,1
function_426c70,保留原反编译函数体,55337,57350,1
function_426d70,保留原反编译函数体,55362,57375,1
function_4271b0,保留原反编译函数体,55733,57746,1
function_4272f0,原版即为简单返回／空函数,55778,57791,1
function_427310,保留原反编译函数体,55784,57797,1
function_4273a0,保留原反编译函数体,55805,57818,1
function_427520,原版即为简单返回／空函数,55873,57886,1
function_427530,已修改／替换的非空实现,55881,58166,2
function_427610,保留原反编译函数体,55919,58205,1
function_427750,已修改／替换的非空实现,55995,58281,1
function_427950,未找到同名入口，待核对替代,56034,,0
function_428000,已修改／替换的非空实现,56668,60049,3
function_428150,保留原反编译函数体,56690,60082,1
function_428720,保留原反编译函数体,57160,60552,1
function_4289c0,已修改／替换的非空实现,57460,60852,1
function_428af0,保留原反编译函数体,57612,61004,1
function_428bd0,保留原反编译函数体,57746,61138,1
function_428cc0,保留原反编译函数体,57882,61274,1
function_428f80,原版即为简单返回／空函数,58012,61404,1
function_428f90,已修改／替换的非空实现,58018,61410,1
function_428fe0,原版即为简单返回／空函数,58035,61427,1
function_428ff0,已修改／替换的非空实现,58041,61433,1
function_4290c0,保留原反编译函数体,58064,61456,1
function_4291c0,保留原反编译函数体,58091,61483,1
function_4295d0,保留原反编译函数体,58461,61853,1
function_429630,保留原反编译函数体,58511,61903,1
function_4296a0,保留原反编译函数体,58544,61936,1
function_429720,保留原反编译函数体,58583,61975,1
function_429780,保留原反编译函数体,58613,62005,1
function_4297e0,保留原反编译函数体,58640,62032,1
function_429840,保留原反编译函数体,58669,62061,1
function_4298a0,保留原反编译函数体,58696,62088,1
function_4298d0,保留原反编译函数体,58708,62100,1
function_429910,保留原反编译函数体,58737,62129,1
function_429920,保留原反编译函数体,58744,62136,1
function_4299c0,已修改／替换的非空实现,58883,62275,1
function_429c20,保留原反编译函数体,59255,62647,1
function_429c70,已修改／替换的非空实现,59292,62684,1
function_429cb0,保留原反编译函数体,59323,62689,1
function_429d10,保留原反编译函数体,59357,62723,1
function_429d70,保留原反编译函数体,59376,62742,1
function_429d90,保留原反编译函数体,59397,62763,1
function_429de0,保留原反编译函数体,59449,62815,1
function_429e00,保留原反编译函数体,59470,62836,1
function_429f40,保留原反编译函数体,59516,62882,1
function_42a080,保留原反编译函数体,59562,62928,1
function_42a1d0,保留原反编译函数体,59608,62974,1
function_42a310,保留原反编译函数体,59654,63020,1
function_42a3e0,保留原反编译函数体,59729,63095,1
function_42a510,保留原反编译函数体,59814,63180,1
function_42a530,原版即为简单返回／空函数,59823,63189,1
function_42a570,原版即为简单返回／空函数,59829,63195,1
function_42a5a0,原版即为简单返回／空函数,59835,63201,1
function_42a5c0,保留原反编译函数体,59841,63207,1
function_42a7a0,保留原反编译函数体,60094,63460,1
function_42a800,保留原反编译函数体,60123,63489,1
function_42a900,保留原反编译函数体,60175,63541,1
function_42a9a0,保留原反编译函数体,60216,63582,1
function_42aa30,保留原反编译函数体,60237,63603,1
function_42aac0,保留原反编译函数体,60258,63624,1
function_42ab50,保留原反编译函数体,60279,63645,1
function_42abe0,保留原反编译函数体,60302,63668,1
function_42ac10,原版即为简单返回／空函数,60315,63681,1
function_42ac20,保留原反编译函数体,60321,63687,1
function_42b280,未找到同名入口，待核对替代,60545,,0
function_42b2a0,未找到同名入口，待核对替代,60558,,0
function_42b2d0,未找到同名入口，待核对替代,60572,,0
function_42b3a0,保留原反编译函数体,60586,63911,1
function_42b3f0,保留原反编译函数体,60594,63919,1
function_42b470,原版即为简单返回／空函数,60611,63936,1
function_42b480,保留原反编译函数体,60619,63944,1
function_42b4a0,保留原反编译函数体,60634,63959,1
function_42b550,保留原反编译函数体,60664,63989,1
function_42b560,保留原反编译函数体,60674,63999,1
function_42b580,保留原反编译函数体,60685,64010,1
function_42b5c0,保留原反编译函数体,60702,64027,1
function_42b6d0,保留原反编译函数体,60731,64056,2
function_42ba50,保留原反编译函数体,60827,64152,1
function_42bcc0,已修改／替换的非空实现,60908,64956,2
function_42bd00,已修改／替换的非空实现,60926,64975,1
function_42c030,保留原反编译函数体,60983,65032,1
function_42c0a0,保留原反编译函数体,61013,65062,1
function_42c100,已修改／替换的非空实现,61040,65175,2
function_42c300,已修改／替换的非空实现,61128,65228,2
function_42c470,保留原反编译函数体,61161,65248,1
function_42c510,保留原反编译函数体,61196,65283,1
function_42c520,保留原反编译函数体,61203,65290,1
function_42c550,保留原反编译函数体,61212,65299,1
function_42c560,保留原反编译函数体,61219,65306,1
function_42c590,保留原反编译函数体,61228,65315,1
function_42c5a0,保留原反编译函数体,61235,65322,1
function_42c5d0,保留原反编译函数体,61246,65333,1
function_42c890,原版即为简单返回／空函数,61376,65463,1
function_42c8a0,已修改／替换的非空实现,61382,65469,1
function_42c8f0,原版即为简单返回／空函数,61399,65486,1
function_42c900,保留原反编译函数体,61405,65492,1
function_42c9c0,保留原反编译函数体,61428,65515,1
function_42cac0,保留原反编译函数体,61455,65542,1
function_42ced0,保留原反编译函数体,61828,65915,1
function_42cf50,保留原反编译函数体,61858,65945,1
function_42d060,保留原反编译函数体,61921,66008,1
function_42d0d0,保留原反编译函数体,61955,66042,1
function_42d160,保留原反编译函数体,61979,66066,1
function_42d180,原版即为简单返回／空函数,61987,66074,1
function_42d190,保留原反编译函数体,61993,66080,1
function_42d1c0,保留原反编译函数体,62005,66092,1
function_42d230,保留原反编译函数体,62033,66120,1
function_42d240,保留原反编译函数体,62040,66127,1
function_42d400,保留原反编译函数体,62076,66163,1
function_42d4d0,已修改／替换的非空实现,62220,66307,1
function_42d750,保留原反编译函数体,62559,66646,1
function_42d7a0,保留原反编译函数体,62593,66680,1
function_42d7f0,保留原反编译函数体,62612,66699,1
function_42d850,保留原反编译函数体,62646,66733,1
function_42d930,保留原反编译函数体,62666,66753,1
function_42da10,保留原反编译函数体,62686,66773,1
function_42da80,保留原反编译函数体,62713,66800,1
function_42db20,保留原反编译函数体,62730,66817,1
function_42dc70,保留原反编译函数体,62776,66863,1
function_42ddb0,保留原反编译函数体,62822,66909,1
function_42de90,保留原反编译函数体,62897,66984,1
function_42dfc0,保留原反编译函数体,62979,67066,1
function_42e030,保留原反编译函数体,62995,67082,1
function_42e050,原版即为简单返回／空函数,63004,67091,1
function_42e070,保留原反编译函数体,63010,67097,1
function_42e2c0,保留原反编译函数体,63280,67367,1
function_42e3d0,保留原反编译函数体,63326,67413,1
function_42e430,保留原反编译函数体,63338,67425,1
function_42e4c0,保留原反编译函数体,63355,67442,1
function_42e539,保留原反编译函数体,63376,67463,1
function_42e5b0,保留原反编译函数体,63392,67479,1
function_42e640,保留原反编译函数体,63413,67500,1
function_42e6b9,保留原反编译函数体,63434,67521,1
function_42e6e0,原版即为简单返回／空函数,63444,67531,1
function_42e6f0,原版即为简单返回／空函数,63452,67539,1
function_42e700,保留原反编译函数体,63460,67547,1
function_42e7d0,保留原反编译函数体,63497,67584,1
function_42e940,已修改／替换的非空实现,63720,67807,1
function_42ea80,保留原反编译函数体,63740,67829,1
function_42ed30,已修改／替换的非空实现,63915,68004,1
function_42ef00,已修改／替换的非空实现,63970,68059,1
function_42f120,已修改／替换的非空实现,64060,68149,1
function_42f1b0,保留原反编译函数体,64088,68177,1
function_42f2a0,已修改／替换的非空实现,64153,68242,1
function_42f350,保留原反编译函数体,64168,68257,1
function_42f6c0,保留原反编译函数体,64283,68372,1
function_42f800,保留原反编译函数体,64371,68460,1
function_42f910,保留原反编译函数体,64419,68508,1
function_42f970,保留原反编译函数体,64445,68534,1
function_42f9d0,保留原反编译函数体,64472,68561,1
function_42fa50,保留原反编译函数体,64493,68582,1
function_42fae0,已修改／替换的非空实现,64526,68615,1
function_42fe10,保留原反编译函数体,64690,68779,1
function_42fe80,保留原反编译函数体,64748,68837,1
function_42fee0,保留原反编译函数体,64783,68872,1
function_42ff70,保留原反编译函数体,64816,68905,3
function_42ffb0,保留原反编译函数体,64836,68925,1
function_430080,保留原反编译函数体,64887,68976,1
function_4300d0,保留原反编译函数体,64924,69013,1
function_430140,保留原反编译函数体,64958,69047,1
function_430180,保留原反编译函数体,64975,69064,1
function_430280,保留原反编译函数体,65034,69123,1
function_430540,原版即为简单返回／空函数,65164,69253,1
function_430550,已修改／替换的非空实现,65170,69259,1
function_4305a0,原版即为简单返回／空函数,65187,69276,1
function_4305b0,保留原反编译函数体,65193,69282,1
function_430670,保留原反编译函数体,65216,69305,1
function_430770,保留原反编译函数体,65243,69332,1
function_430bd0,保留原反编译函数体,65616,69705,1
function_430c50,保留原反编译函数体,65646,69735,1
function_430d70,保留原反编译函数体,65705,69794,1
function_430de0,保留原反编译函数体,65737,69826,1
function_430e00,原版即为简单返回／空函数,65745,69834,1
function_430e10,保留原反编译函数体,65753,69842,1
function_430ea0,保留原反编译函数体,65777,69866,1
function_430ec0,原版即为简单返回／空函数,65785,69874,1
function_430ed0,保留原反编译函数体,65791,69880,1
function_430f00,保留原反编译函数体,65803,69892,1
function_430f40,保留原反编译函数体,65834,69923,1
function_430f50,保留原反编译函数体,65841,69930,1
function_430fc0,保留原反编译函数体,65870,69959,1
function_430fd0,保留原反编译函数体,65879,69968,1
function_431060,保留原反编译函数体,65903,69992,1
function_431220,保留原反编译函数体,65939,70028,1
function_4312c0,保留原反编译函数体,66078,70167,1
function_4313a2,保留原反编译函数体,66123,70212,1
function_431490,保留原反编译函数体,66281,70370,1
function_431650,保留原反编译函数体,66317,70406,1
function_431670,已修改／替换的非空实现,66324,70413,1
function_4318d0,保留原反编译函数体,66696,70785,1
function_431920,已修改／替换的非空实现,66748,70837,1
function_431ba0,保留原反编译函数体,67087,71176,1
function_431c00,保留原反编译函数体,67121,71210,1
function_431c60,保留原反编译函数体,67140,71229,1
function_431c80,保留原反编译函数体,67161,71250,1
function_431cd0,保留原反编译函数体,67195,71284,1
function_431d20,保留原反编译函数体,67214,71303,1
function_431d80,已修改／替换的非空实现,67233,71322,1
function_431e40,保留原反编译函数体,67283,71372,1
function_431ee0,保留原反编译函数体,67299,71388,1
function_432020,保留原反编译函数体,67345,71434,1
function_432160,保留原反编译函数体,67391,71480,1
function_432240,保留原反编译函数体,67411,71500,1
function_432320,保留原反编译函数体,67431,71520,1
function_432400,保留原反编译函数体,67451,71540,1
function_4324e0,保留原反编译函数体,67471,71560,1
function_4325c0,保留原反编译函数体,67491,71580,1
function_432660,保留原反编译函数体,67508,71597,1
function_4326a0,保留原反编译函数体,67547,71636,1
function_432770,保留原反编译函数体,67618,71707,1
function_432850,保留原反编译函数体,67693,71782,1
function_432980,保留原反编译函数体,67777,71866,1
function_4329a0,原版即为简单返回／空函数,67786,71875,1
function_4329c0,保留原反编译函数体,67792,71881,1
function_432ba0,保留原反编译函数体,68045,72134,1
function_432df0,保留原反编译函数体,68313,72402,1
function_432e50,保留原反编译函数体,68342,72431,1
function_432f70,保留原反编译函数体,68424,72513,1
function_433080,保留原反编译函数体,68470,72559,1
function_4330e0,保留原反编译函数体,68482,72571,1
function_433160,保留原反编译函数体,68494,72583,1
function_4331d0,保留原反编译函数体,68506,72595,1
function_433260,保留原反编译函数体,68523,72612,1
function_4332df,保留原反编译函数体,68544,72633,1
function_433300,保留原反编译函数体,68552,72641,1
function_433390,保留原反编译函数体,68573,72662,1
function_4333d0,保留原反编译函数体,68618,72707,1
function_4333f0,保留原反编译函数体,68634,72723,1
function_433480,保留原反编译函数体,68655,72744,1
function_4334f9,保留原反编译函数体,68676,72765,1
function_4335a0,保留原反编译函数体,68697,72786,1
function_433630,保留原反编译函数体,68713,72802,1
function_4336e0,保留原反编译函数体,68773,72862,1
function_433710,原版即为简单返回／空函数,68789,72878,1
function_433720,原版即为简单返回／空函数,68797,72886,1
function_433730,保留原反编译函数体,68803,72892,1
function_433740,保留原反编译函数体,68810,72899,1
function_433760,保留原反编译函数体,68820,72909,1
function_433770,保留原反编译函数体,68827,72916,1
function_433780,保留原反编译函数体,68837,72926,1
function_4338d0,保留原反编译函数体,68896,72985,1
function_433aa0,保留原反编译函数体,69027,73116,1
function_433ae0,保留原反编译函数体,69045,73134,1
function_433c90,保留原反编译函数体,69081,73170,2
function_4341f0,保留原反编译函数体,69228,73317,1
function_434380,保留原反编译函数体,69297,73386,1
function_434760,已修改／替换的非空实现,69669,73758,1
function_434920,保留原反编译函数体,69702,73791,1
function_434a50,保留原反编译函数体,69780,73869,1
function_434b40,未找到同名入口，待核对替代,69862,,0
function_434b60,未找到同名入口，待核对替代,69871,,0
function_434f40,未找到同名入口，待核对替代,70193,,0
function_435220,保留原反编译函数体,70352,73949,1
function_4355f0,保留原反编译函数体,70794,74391,1
function_435720,保留原反编译函数体,70888,74485,1
function_435860,保留原反编译函数体,70996,74593,1
function_435af0,保留原反编译函数体,71204,74801,1
function_435b20,保留原反编译函数体,71218,74815,1
function_435d00,保留原反编译函数体,71424,75021,2
function_435e80,保留原反编译函数体,71504,75101,1
function_435ee0,保留原反编译函数体,71526,75123,1
function_435f00,保留原反编译函数体,71539,75136,1
function_435fc0,保留原反编译函数体,71625,75222,1
function_435fd0,保留原反编译函数体,71633,75230,1
function_4360c0,保留原反编译函数体,71679,75276,1
function_436110,保留原反编译函数体,71700,75297,1
function_436140,保留原反编译函数体,71718,75315,1
function_436180,保留原反编译函数体,71737,75334,1
function_4361c0,保留原反编译函数体,71755,75352,1
function_436290,保留原反编译函数体,71784,75381,1
function_4362f0,保留原反编译函数体,71831,75428,1
function_436350,保留原反编译函数体,71885,75482,1
function_4363b0,保留原反编译函数体,71933,75530,1
function_436450,保留原反编译函数体,71973,75570,1
function_436710,原版即为简单返回／空函数,72103,75700,1
function_436720,已修改／替换的非空实现,72109,75706,1
function_436770,原版即为简单返回／空函数,72126,75723,1
function_436780,保留原反编译函数体,72132,75729,1
function_436840,保留原反编译函数体,72155,75752,1
function_436940,保留原反编译函数体,72180,75777,1
function_436d50,保留原反编译函数体,72551,76148,1
function_437e10,保留原反编译函数体,72592,76189,2
function_436e60,保留原反编译函数体,72601,76198,1
function_436ec0,保留原反编译函数体,72650,76247,1
function_436fe0,保留原反编译函数体,72707,76304,1
function_437f40,保留原反编译函数体,72747,76344,2
function_437170,保留原反编译函数体,72778,76375,1
function_437220,保留原反编译函数体,72810,76407,1
function_437260,保留原反编译函数体,72825,76422,1
function_437290,保留原反编译函数体,72841,76438,1
function_438080,保留原反编译函数体,72886,76483,2
function_4373b0,保留原反编译函数体,72895,76492,1
function_437440,保留原反编译函数体,72946,76543,1
function_437470,保留原反编译函数体,72960,76557,1
function_438190,保留原反编译函数体,73006,76603,2
function_4375c0,保留原反编译函数体,73015,76612,1
function_437690,保留原反编译函数体,73064,76661,1
function_438270,保留原反编译函数体,73111,76708,2
function_4377f0,保留原反编译函数体,73120,76717,1
function_4378c0,保留原反编译函数体,73160,76757,1
function_4379e0,保留原反编译函数体,73219,76816,1
function_437a60,保留原反编译函数体,73249,76846,1
function_437b70,保留原反编译函数体,73312,76909,1
function_437be0,保留原反编译函数体,73346,76943,1
function_437c70,保留原反编译函数体,73372,76969,1
function_437c90,原版即为简单返回／空函数,73382,76979,1
function_437ca0,保留原反编译函数体,73390,76987,1
function_437d30,保留原反编译函数体,73416,77013,1
function_437d50,原版即为简单返回／空函数,73426,77023,1
function_437d60,保留原反编译函数体,73432,77029,1
function_437d90,保留原反编译函数体,73444,77041,1
function_437df0,保留原反编译函数体,73473,77070,1
function_437e50,保留原反编译函数体,73513,77110,1
function_437ea0,保留原反编译函数体,73540,77137,1
function_437ee0,保留原反编译函数体,73567,77164,1
function_437f90,保留原反编译函数体,73625,77222,1
function_437fb0,保留原反编译函数体,73650,77247,1
function_438030,保留原反编译函数体,73680,77277,1
function_4380c0,保留原反编译函数体,73748,77345,1
function_438140,保留原反编译函数体,73778,77375,1
function_4381d0,保留原反编译函数体,73837,77434,1
function_4381f0,保留原反编译函数体,73855,77452,1
function_4382b0,保留原反编译函数体,73910,77507,1
function_438330,保留原反编译函数体,73939,77536,1
function_438370,保留原反编译函数体,73966,77563,1
function_438380,保留原反编译函数体,73973,77570,1
function_438540,保留原反编译函数体,74009,77606,1
function_438700,保留原反编译函数体,74045,77642,1
function_4387d0,保留原反编译函数体,74087,77684,1
function_438820,保留原反编译函数体,74111,77708,1
function_438940,保留原反编译函数体,74154,77751,1
function_4389a0,保留原反编译函数体,74178,77775,1
function_438a90,保留原反编译函数体,74226,77823,1
function_438af0,保留原反编译函数体,74248,77845,1
function_438bf0,保留原反编译函数体,74292,77889,1
function_438c50,保留原反编译函数体,74316,77913,1
function_438d40,保留原反编译函数体,74359,77956,1
function_438da0,保留原反编译函数体,74383,77980,1
function_438e70,保留原反编译函数体,74527,78124,1
function_438f00,已修改／替换的非空实现,74591,78188,1
function_439180,保留原反编译函数体,74930,78527,1
function_4391d0,保留原反编译函数体,74964,78561,1
function_439220,保留原反编译函数体,74983,78580,1
function_439300,保留原反编译函数体,75003,78600,1
function_4393e0,保留原反编译函数体,75023,78620,1
function_439460,保留原反编译函数体,75039,78636,1
function_439540,保留原反编译函数体,75059,78656,1
function_439620,保留原反编译函数体,75079,78676,1
function_439700,保留原反编译函数体,75099,78696,1
function_4397e0,保留原反编译函数体,75119,78716,1
function_439840,保留原反编译函数体,75146,78743,1
function_4398e0,保留原反编译函数体,75163,78760,1
function_439940,保留原反编译函数体,75240,78837,1
function_439a80,保留原反编译函数体,75286,78883,1
function_439bd0,保留原反编译函数体,75332,78929,1
function_439c20,保留原反编译函数体,75347,78944,1
function_439c50,保留原反编译函数体,75375,78972,1
function_439c80,保留原反编译函数体,75382,78979,1
function_439cb0,保留原反编译函数体,75406,79003,1
function_439ce0,保留原反编译函数体,75434,79031,1
function_439e10,保留原反编译函数体,75517,79114,1
function_439ef0,保留原反编译函数体,75592,79189,1
function_43a020,已修改／替换的非空实现,75676,79273,1
function_43a0ae,原版即为简单返回／空函数,75694,79291,1
function_43a0b6,保留原反编译函数体,75700,79297,1
function_43a0e0,原版即为简单返回／空函数,75708,79305,1
function_43a100,保留原反编译函数体,75714,79311,1
function_43a350,保留原反编译函数体,75982,79579,1
function_43a3b0,保留原反编译函数体,76013,79610,1
function_43a4c0,保留原反编译函数体,76060,79657,1
function_43a550,保留原反编译函数体,76077,79674,1
function_43a620,保留原反编译函数体,76199,79796,1
function_43a720,保留原反编译函数体,76338,79935,1
function_43a7b0,保留原反编译函数体,76359,79956,1
function_43a860,保留原反编译函数体,76425,80022,1
function_43a900,保留原反编译函数体,76488,80085,1
function_43a9f0,保留原反编译函数体,76565,80162,1
function_43aa40,保留原反编译函数体,76606,80203,1
function_43ab00,保留原反编译函数体,76675,80272,1
function_43ab60,保留原反编译函数体,76686,80283,1
function_43abc0,保留原反编译函数体,76698,80295,1
function_43adc0,保留原反编译函数体,76820,80417,1
function_43ade0,保留原反编译函数体,76841,80438,1
function_43ae60,保留原反编译函数体,76856,80453,1
function_43af30,保留原反编译函数体,76877,80474,1
function_43afd0,保留原反编译函数体,76894,80491,1
function_43b060,保留原反编译函数体,76910,80507,1
function_43b0e0,保留原反编译函数体,76925,80522,1
function_43b150,保留原反编译函数体,76938,80535,1
function_43b1b0,保留原反编译函数体,76950,80547,1
function_43b2f0,保留原反编译函数体,77173,80770,1
function_43b380,保留原反编译函数体,77194,80791,1
function_43b410,保留原反编译函数体,77215,80812,1
function_43b6c0,保留原反编译函数体,77500,81097,1
function_43b6f0,保留原反编译函数体,77532,81129,1
function_43b790,保留原反编译函数体,77590,81187,1
function_43b7d0,保留原反编译函数体,77626,81223,1
function_43b800,保留原反编译函数体,77658,81255,1
function_43b840,保留原反编译函数体,77690,81287,1
function_43b900,保留原反编译函数体,77754,81351,1
function_43b980,保留原反编译函数体,77772,81369,1
function_43bab0,保留原反编译函数体,77878,81475,1
function_43bb50,保留原反编译函数体,78054,81651,1
function_43bba0,保留原反编译函数体,78085,81682,1
function_43bc20,保留原反编译函数体,78209,81806,1
function_43bcc0,保留原反编译函数体,78231,81828,1
function_43bdc0,保留原反编译函数体,78347,81944,1
function_43be50,保留原反编译函数体,78388,81985,1
function_43bf40,保留原反编译函数体,78471,82068,1
function_43bfc0,保留原反编译函数体,78548,82145,1
function_43c070,保留原反编译函数体,78569,82166,1
function_43c140,保留原反编译函数体,78647,82244,1
function_43c1b0,原版即为简单返回／空函数,78696,82293,1
function_43c1c0,原版即为简单返回／空函数,78704,82301,1
function_43c1d0,原版即为简单返回／空函数,78712,82309,1
function_43c1e0,保留原反编译函数体,78720,82317,1
function_43c210,保留原反编译函数体,78740,82337,1
function_43c220,保留原反编译函数体,78750,82347,1
function_43c2b0,保留原反编译函数体,78794,82391,2
function_43c530,保留原反编译函数体,78874,82471,1
function_43c690,保留原反编译函数体,78940,82537,1
function_43c6b0,已修改／替换的非空实现,78953,82550,1
function_43c860,已修改／替换的非空实现,78986,82605,2
function_43c8c0,保留原反编译函数体,79012,82627,1
function_43c920,保留原反编译函数体,79039,82654,1
function_43ca40,保留原反编译函数体,79089,82704,1
function_43cc00,保留原反编译函数体,79121,82736,1
function_43cec0,原版即为简单返回／空函数,79251,82866,1
function_43ced0,已修改／替换的非空实现,79257,82872,1
function_43cf20,已修改／替换的非空实现,79274,82890,2
function_43cf30,保留原反编译函数体,79280,82905,1
function_43d010,保留原反编译函数体,79314,82939,1
function_43d110,已修改／替换的非空实现,79341,83338,2
function_43d520,保留原反编译函数体,79714,83359,1
function_43d5a0,保留原反编译函数体,79744,83389,1
function_43d6b0,保留原反编译函数体,79807,83452,1
function_43d720,保留原反编译函数体,79841,83486,1
function_43d7b0,保留原反编译函数体,79865,83510,1
function_43d7d0,原版即为简单返回／空函数,79873,83518,1
function_43d7e0,保留原反编译函数体,79879,83524,1
function_43d810,保留原反编译函数体,79893,83538,1
function_43d870,保留原反编译函数体,79920,83565,1
function_43d880,保留原反编译函数体,79927,83572,1
function_43da40,保留原反编译函数体,79963,83608,1
function_43db10,已修改／替换的非空实现,80107,83752,1
function_43dd90,保留原反编译函数体,80446,84091,1
function_43dde0,保留原反编译函数体,80480,84125,1
function_43de30,保留原反编译函数体,80499,84144,1
function_43df10,保留原反编译函数体,80519,84164,1
function_43dfb0,保留原反编译函数体,80536,84181,1
function_43e100,保留原反编译函数体,80584,84229,1
function_43e110,保留原反编译函数体,80591,84236,1
function_43e1f0,保留原反编译函数体,80666,84311,1
function_43e320,原版即为简单返回／空函数,80748,84393,1
function_43e340,保留原反编译函数体,80754,84399,1
function_43e590,保留原反编译函数体,81024,84669,1
function_43e6a0,保留原反编译函数体,81070,84715,1
function_43e730,保留原反编译函数体,81087,84732,1
function_43e7aa,保留原反编译函数体,81108,84753,1
function_43e7c0,保留原反编译函数体,81117,84762,1
function_43e83a,保留原反编译函数体,81138,84783,1
function_43e850,保留原反编译函数体,81149,84794,1
function_43e860,原版即为简单返回／空函数,81156,84801,1
function_43e870,原版即为简单返回／空函数,81162,84807,1
function_43e880,保留原反编译函数体,81170,84815,1
function_43e890,已修改／替换的非空实现,81178,84823,1
function_43eb80,保留原反编译函数体,81295,84940,1
function_43ec30,保留原反编译函数体,81322,84967,1
function_43eda0,保留原反编译函数体,81358,85003,2
function_43f5a0,保留原反编译函数体,81620,85265,1
function_43f750,保留原反编译函数体,81687,85332,1
function_43f770,已修改／替换的非空实现,81700,85345,1
function_43fb00,已修改／替换的非空实现,81764,85409,1
function_43fbe0,保留原反编译函数体,81800,85445,1
function_43fc40,已修改／替换的非空实现,81825,85470,1
function_440180,保留原反编译函数体,82295,85940,1
function_440350,已修改／替换的非空实现,82357,86002,1
function_440390,保留原反编译函数体,82374,86012,1
function_440560,保留原反编译函数体,82495,86133,1
function_440710,已修改／替换的非空实现,82597,86235,1
function_440770,保留原反编译函数体,82612,86250,1
function_4407a0,保留原反编译函数体,82627,86265,1
function_440900,保留原反编译函数体,82839,86477,1
function_440910,已修改／替换的非空实现,82847,86485,1
function_440ca0,保留原反编译函数体,82978,86608,1
function_440de0,保留原反编译函数体,83008,86638,1
function_440df0,已修改／替换的非空实现,83022,86652,1
function_440e20,保留原反编译函数体,83035,86665,1
function_440e30,保留原反编译函数体,83042,86672,1
function_440e60,保留原反编译函数体,83062,86692,1
function_440e70,保留原反编译函数体,83069,86699,1
function_440e90,保留原反编译函数体,83077,86707,1
function_440ea0,保留原反编译函数体,83084,86714,1
function_440ed0,保留原反编译函数体,83093,86723,1
function_440ee0,保留原反编译函数体,83100,86730,1
function_440f10,保留原反编译函数体,83109,86739,1
function_440f20,保留原反编译函数体,83116,86746,1
function_440f50,保留原反编译函数体,83125,86755,1
function_440f60,保留原反编译函数体,83132,86762,1
function_440f90,保留原反编译函数体,83141,86771,1
function_440fa0,保留原反编译函数体,83148,86778,1
function_440fd0,保留原反编译函数体,83157,86787,1
function_440fe0,保留原反编译函数体,83164,86794,1
function_441010,保留原反编译函数体,83173,86803,1
function_441020,保留原反编译函数体,83180,86810,1
function_441040,保留原反编译函数体,83188,86818,1
function_441050,保留原反编译函数体,83195,86825,1
function_441070,保留原反编译函数体,83203,86833,1
function_441080,保留原反编译函数体,83210,86840,1
function_441090,保留原反编译函数体,83218,86848,1
function_4410a0,保留原反编译函数体,83225,86855,1
function_4410b0,保留原反编译函数体,83232,86862,1
function_4410c0,已修改／替换的非空实现,83239,86869,1
function_441250,保留原反编译函数体,83395,87025,1
function_4413a0,保留原反编译函数体,83551,87181,1
function_441660,原版即为简单返回／空函数,83681,87311,1
function_441670,已修改／替换的非空实现,83687,87317,1
function_4416c0,原版即为简单返回／空函数,83704,87334,1
function_4416d0,保留原反编译函数体,83710,87340,1
function_4417a0,保留原反编译函数体,83733,87363,1
function_4418a0,保留原反编译函数体,83758,87388,1
function_441cb0,保留原反编译函数体,84131,87761,1
function_441df0,保留原反编译函数体,84441,88071,1
function_441e80,保留原反编译函数体,84563,88193,1
function_441ed0,保留原反编译函数体,84602,88232,1
function_442040,保留原反编译函数体,84673,88303,1
function_4420f0,保留原反编译函数体,84706,88336,1
function_442110,保留原反编译函数体,84716,88346,1
function_4422e0,保留原反编译函数体,84787,88417,1
function_442300,保留原反编译函数体,84798,88428,1
function_442430,保留原反编译函数体,84956,88586,1
function_442480,保留原反编译函数体,84978,88608,1
function_4424b0,保留原反编译函数体,85003,88633,1
function_4424f0,保留原反编译函数体,85030,88660,1
function_442570,保留原反编译函数体,85060,88690,1
function_442680,保留原反编译函数体,85123,88753,1
function_4426f0,保留原反编译函数体,85157,88787,1
function_442780,保留原反编译函数体,85183,88813,1
function_4427a0,原版即为简单返回／空函数,85193,88823,1
function_4427b0,保留原反编译函数体,85199,88829,1
function_4427e0,保留原反编译函数体,85211,88841,1
function_442840,保留原反编译函数体,85237,88867,1
function_4428b0,保留原反编译函数体,85266,88896,1
function_442900,保留原反编译函数体,85291,88921,1
function_442930,保留原反编译函数体,85311,88941,1
function_4429d0,保留原反编译函数体,85351,88981,1
function_442bd0,保留原反编译函数体,85498,89128,1
function_442d20,保留原反编译函数体,85605,89235,1
function_442da0,保留原反编译函数体,85687,89317,1
function_442db0,保留原反编译函数体,85694,89324,1
function_442f70,保留原反编译函数体,85730,89360,1
function_442fb0,已修改／替换的非空实现,85751,89381,1
function_442fe0,保留原反编译函数体,85761,89391,1
function_4430e0,保留原反编译函数体,85811,89441,1
function_443140,保留原反编译函数体,85835,89465,1
function_443170,保留原反编译函数体,85851,89481,1
function_443240,已修改／替换的非空实现,85995,89625,1
function_4434c0,保留原反编译函数体,86334,89964,1
function_443510,保留原反编译函数体,86368,89998,1
function_443560,保留原反编译函数体,86387,90017,1
function_443580,保留原反编译函数体,86408,90038,1
function_443660,保留原反编译函数体,86428,90058,1
function_443740,保留原反编译函数体,86448,90078,1
function_443820,保留原反编译函数体,86468,90098,1
function_4438a0,保留原反编译函数体,86485,90115,1
function_443920,保留原反编译函数体,86502,90132,1
function_4439a0,保留原反编译函数体,86516,90146,1
function_443a40,保留原反编译函数体,86533,90163,1
function_443b80,保留原反编译函数体,86579,90209,1
function_443cc0,保留原反编译函数体,86625,90255,1
function_443e00,保留原反编译函数体,86671,90301,1
function_443f50,保留原反编译函数体,86717,90347,1
function_444000,原版即为简单返回／空函数,86779,90409,1
function_444090,保留原反编译函数体,86785,90415,1
function_444120,保留原反编译函数体,86793,90423,1
function_4441b0,保留原反编译函数体,86813,90443,1
function_444290,保留原反编译函数体,86888,90518,1
function_4443c0,保留原反编译函数体,86970,90600,1
function_444430,保留原反编译函数体,86985,90615,1
function_444487,保留原反编译函数体,86994,90624,1
function_44449a,保留原反编译函数体,87003,90633,1
function_4444c0,保留原反编译函数体,87013,90643,1
function_44451b,保留原反编译函数体,87023,90653,1
function_44452e,保留原反编译函数体,87032,90662,1
function_444550,保留原反编译函数体,87042,90672,1
function_444570,已修改／替换的非空实现,87052,90682,1
function_4445fe,原版即为简单返回／空函数,87070,90700,1
function_444606,保留原反编译函数体,87076,90706,1
function_444630,原版即为简单返回／空函数,87086,90716,1
function_444650,保留原反编译函数体,87094,90724,1
function_4446a7,保留原反编译函数体,87103,90733,1
function_4446ba,保留原反编译函数体,87112,90742,1
function_4446e0,保留原反编译函数体,87120,90750,1
function_444930,保留原反编译函数体,87388,91018,1
function_4449c0,保留原反编译函数体,87405,91035,1
function_444a50,保留原反编译函数体,87426,91056,1
function_444ad0,保留原反编译函数体,87476,91106,1
function_444bf0,保留原反编译函数体,87530,91160,1
function_444e30,保留原反编译函数体,87656,91286,1
function_444f00,保留原反编译函数体,87687,91317,1
function_444fb0,保留原反编译函数体,87726,91356,1
function_4450f0,保留原反编译函数体,87751,91381,1
function_445220,原版即为简单返回／空函数,87877,91507,1
function_445230,保留原反编译函数体,87883,91513,1
function_445350,保留原反编译函数体,87924,91554,1
function_445410,保留原反编译函数体,87998,91628,1
function_445530,已修改／替换的非空实现,88090,91720,1
function_445580,保留原反编译函数体,88101,91738,1
function_4455e0,保留原反编译函数体,88112,91749,1
function_445650,保留原反编译函数体,88125,91762,1
function_4456c0,保留原反编译函数体,88139,91776,1
function_445730,已修改／替换的非空实现,88153,91790,1
function_445790,保留原反编译函数体,88165,91808,1
function_4457f0,保留原反编译函数体,88177,91820,1
function_445880,保留原反编译函数体,88198,91841,1
function_445910,保留原反编译函数体,88219,91862,1
function_4459a0,保留原反编译函数体,88240,91883,1
function_445a30,保留原反编译函数体,88261,91904,1
function_445b40,保留原反编译函数体,88355,91998,1
function_445ba0,保留原反编译函数体,88389,92032,1
function_445c50,保留原反编译函数体,88440,92083,1
function_445d40,保留原反编译函数体,88504,92147,1
function_445e90,保留原反编译函数体,88538,92181,1
function_445f50,保留原反编译函数体,88574,92217,1
function_445fb0,保留原反编译函数体,88597,92240,1
function_4460d0,保留原反编译函数体,88691,92334,1
function_4461b0,原版即为简单返回／空函数,88724,92367,1
function_4461c0,原版即为简单返回／空函数,88732,92375,1
function_4461d0,保留原反编译函数体,88740,92383,1
function_446210,保留原反编译函数体,88764,92407,1
function_446220,已修改／替换的非空实现,88774,92417,1
function_4462c0,保留原反编译函数体,88806,92449,1
function_446370,已修改／替换的非空实现,88864,92507,1
function_446520,保留原反编译函数体,88897,92540,1
function_4467e0,保留原反编译函数体,88988,92631,1
function_446920,保留原反编译函数体,89075,92718,1
function_446a30,保留原反编译函数体,89123,92766,1
function_446a90,保留原反编译函数体,89153,92796,1
function_446af0,保留原反编译函数体,89180,92823,1
function_446b70,保留原反编译函数体,89203,92846,1
function_446bd0,已修改／替换的非空实现,89214,92857,1
function_447050,保留原反编译函数体,89535,93178,1
function_447080,保留原反编译函数体,89556,93199,1
function_447340,原版即为简单返回／空函数,89686,93329,1
function_447350,已修改／替换的非空实现,89692,93335,1
function_4473a0,原版即为简单返回／空函数,89709,93352,1
function_4473b0,保留原反编译函数体,89715,93358,1
function_447470,保留原反编译函数体,89738,93381,1
function_447570,保留原反编译函数体,89763,93406,1
function_447980,保留原反编译函数体,90136,93779,1
function_447a00,保留原反编译函数体,90166,93809,1
function_447b20,保留原反编译函数体,90225,93868,1
function_447b90,保留原反编译函数体,90259,93902,1
function_447bb0,原版即为简单返回／空函数,90269,93912,1
function_447bc0,保留原反编译函数体,90275,93918,1
function_447bf0,保留原反编译函数体,90287,93930,1
function_447c50,保留原反编译函数体,90299,93942,1
function_447c60,保留原反编译函数体,90308,93951,1
function_447cf0,保留原反编译函数体,90332,93975,1
function_447dc0,保留原反编译函数体,90476,94119,1
function_447f80,已修改／替换的非空实现,90512,94155,1
function_448200,保留原反编译函数体,90851,94494,1
function_448250,保留原反编译函数体,90885,94528,1
function_4482a0,保留原反编译函数体,90904,94547,1
function_4483e0,保留原反编译函数体,90950,94593,1
function_448520,保留原反编译函数体,90996,94639,1
function_448670,保留原反编译函数体,91042,94685,1
function_448750,保留原反编译函数体,91062,94705,1
function_448830,保留原反编译函数体,91082,94725,1
function_448910,保留原反编译函数体,91102,94745,1
function_4489b0,保留原反编译函数体,91119,94762,1
function_448a90,保留原反编译函数体,91194,94837,1
function_448bc0,已修改／替换的非空实现,91278,94921,1
function_448c7b,原版即为简单返回／空函数,91301,94944,1
function_448c83,保留原反编译函数体,91307,94950,1
function_448cb0,保留原反编译函数体,91315,94958,1
function_448f00,保留原反编译函数体,91585,95228,1
function_449040,保留原反编译函数体,91639,95282,1
function_4490d0,保留原反编译函数体,91660,95303,1
function_449160,保留原反编译函数体,91681,95324,1
function_4491f0,保留原反编译函数体,91702,95345,1
function_449269,保留原反编译函数体,91723,95366,1
function_449300,原版即为简单返回／空函数,91743,95386,1
function_449310,原版即为简单返回／空函数,91751,95394,1
function_449320,保留原反编译函数体,91759,95402,1
function_449360,保留原反编译函数体,91776,95419,1
function_4493f0,已修改／替换的非空实现,91802,95445,1
function_4495a0,保留原反编译函数体,91835,95478,1
function_449860,保留原反编译函数体,91926,95569,1
function_4499a0,保留原反编译函数体,92014,95657,1
function_449ab0,保留原反编译函数体,92062,95705,1
function_449b10,保留原反编译函数体,92092,95735,1
function_449b70,保留原反编译函数体,92119,95762,1
function_449c10,保留原反编译函数体,92148,95791,1
function_449c50,保留原反编译函数体,92166,95809,1
function_449f10,原版即为简单返回／空函数,92296,95939,1
function_449f20,已修改／替换的非空实现,92302,95945,1
function_449f70,原版即为简单返回／空函数,92319,95962,1
function_449f80,保留原反编译函数体,92325,95968,1
function_44a070,保留原反编译函数体,92358,96001,1
function_44a170,保留原反编译函数体,92385,96028,1
function_44a580,保留原反编译函数体,92758,96401,1
function_44a600,保留原反编译函数体,92788,96431,1
function_44a720,保留原反编译函数体,92847,96490,1
function_44a790,保留原反编译函数体,92879,96522,1
function_44a7b0,原版即为简单返回／空函数,92887,96530,1
function_44a7c0,保留原反编译函数体,92893,96536,1
function_44a7f0,保留原反编译函数体,92905,96548,1
function_44a800,保留原反编译函数体,92914,96557,1
function_44a890,保留原反编译函数体,92938,96581,1
function_44a960,保留原反编译函数体,93082,96725,1
function_44ab20,已修改／替换的非空实现,93118,96761,1
function_44ada0,保留原反编译函数体,93457,97100,1
function_44ae00,保留原反编译函数体,93516,97159,1
function_44ae50,保留原反编译函数体,93550,97193,1
function_44aea0,保留原反编译函数体,93569,97212,1
function_44afe0,保留原反编译函数体,93614,97257,1
function_44b120,保留原反编译函数体,93660,97303,1
function_44b270,保留原反编译函数体,93706,97349,1
function_44b350,保留原反编译函数体,93726,97369,1
function_44b430,保留原反编译函数体,93746,97389,1
function_44b510,保留原反编译函数体,93766,97409,1
function_44b5b0,保留原反编译函数体,93783,97426,1
function_44b690,保留原反编译函数体,93858,97501,1
function_44b7c0,保留原反编译函数体,93942,97585,1
function_44b7e0,原版即为简单返回／空函数,93951,97594,1
function_44b800,原版即为简单返回／空函数,93957,97600,1
function_44b820,原版即为简单返回／空函数,93963,97606,1
function_44b840,保留原反编译函数体,93969,97612,1
function_44ba90,保留原反编译函数体,94237,97880,1
function_44bb10,保留原反编译函数体,94248,97891,1
function_44bbc0,保留原反编译函数体,94268,97911,1
function_44bc50,保留原反编译函数体,94285,97928,1
function_44bce0,保留原反编译函数体,94306,97949,1
function_44be20,保留原反编译函数体,94360,98003,1
function_44beb0,保留原反编译函数体,94381,98024,1
function_44bf29,保留原反编译函数体,94402,98045,1
function_44bf50,保留原反编译函数体,94414,98057,1
function_44c050,已修改／替换的非空实现,94465,98108,1
function_44c140,保留原反编译函数体,94507,98150,1
function_44c1c0,保留原反编译函数体,94566,98209,1
function_44c2a0,已修改／替换的非空实现,94618,98261,1
function_44c350,保留原反编译函数体,94631,98274,1
function_44c5c0,保留原反编译函数体,94711,98354,1
function_44c700,保留原反编译函数体,94797,98440,1
function_44c810,保留原反编译函数体,94843,98486,1
function_44c870,保留原反编译函数体,94867,98510,1
function_44c8d0,保留原反编译函数体,94892,98535,1
function_44c990,已修改／替换的非空实现,94917,98560,1
function_44ca60,保留原反编译函数体,94951,98594,1
function_44cad0,已修改／替换的非空实现,94989,98632,1
function_44cbb0,保留原反编译函数体,95061,98704,1
function_44ce70,原版即为简单返回／空函数,95191,98834,1
function_44ce80,已修改／替换的非空实现,95197,98840,1
function_44ced0,原版即为简单返回／空函数,95214,98857,1
function_44cee0,保留原反编译函数体,95220,98863,1
function_44cfb0,保留原反编译函数体,95243,98886,1
function_44d0b0,保留原反编译函数体,95268,98911,1
function_44d4c0,保留原反编译函数体,95639,99282,1
function_44d550,保留原反编译函数体,95761,99404,1
function_44d5a0,保留原反编译函数体,95771,99414,1
function_44d670,保留原反编译函数体,95861,99504,1
function_44d730,保留原反编译函数体,95921,99564,1
function_44d7b0,保留原反编译函数体,95951,99594,1
function_44d8d0,保留原反编译函数体,96010,99653,1
function_44d940,保留原反编译函数体,96044,99687,1
function_44d960,原版即为简单返回／空函数,96054,99697,1
function_44d970,保留原反编译函数体,96060,99703,1
function_44d9a0,已修改／替换的非空实现,96074,99717,1
function_44daa0,保留原反编译函数体,96124,99767,1
function_44dab0,保留原反编译函数体,96133,99776,1
function_44db40,保留原反编译函数体,96157,99800,1
function_44dc10,保留原反编译函数体,96186,99829,1
function_44dda0,保留原反编译函数体,96363,100006,1
function_44df60,保留原反编译函数体,96399,100042,1
function_44dfc0,保留原反编译函数体,96451,100094,1
function_44e080,保留原反编译函数体,96596,100239,1
function_44e170,已修改／替换的非空实现,96692,100335,1
function_44e3f0,已修改／替换的非空实现,97031,100674,1
function_44e6e0,保留原反编译函数体,97435,101078,1
function_44e730,保留原反编译函数体,97469,101112,1
function_44e780,已修改／替换的非空实现,97488,245752,1
function_44e9d0,保留原反编译函数体,97607,101250,1
function_44eb10,保留原反编译函数体,97653,101296,1
function_44ec50,保留原反编译函数体,97699,101342,1
function_44ed30,保留原反编译函数体,97719,101362,1
function_44ee10,保留原反编译函数体,97739,101382,1
function_44eeb0,保留原反编译函数体,97756,101399,1
function_44ef90,保留原反编译函数体,97831,101474,1
function_44f0c0,原版即为简单返回／空函数,97913,101556,1
function_44f0e0,保留原反编译函数体,97919,101562,1
function_44f140,保留原反编译函数体,97933,101576,1
function_44f390,保留原反编译函数体,98201,101844,1
function_44f420,保留原反编译函数体,98218,101861,1
function_44f4b0,保留原反编译函数体,98239,101882,1
function_44f6f0,保留原反编译函数体,98336,101979,1
function_44f720,保留原反编译函数体,98365,102008,1
function_44f7ab,保留原反编译函数体,98386,102029,1
function_44f7b0,保留原反编译函数体,98393,102036,1
function_44f829,保留原反编译函数体,98414,102057,1
function_44f8d0,保留原反编译函数体,98436,102079,1
function_44f960,保留原反编译函数体,98455,102098,1
function_44f9c0,保留原反编译函数体,98468,102111,1
function_44fa90,保留原反编译函数体,98505,102148,1
function_44fb50,保留原反编译函数体,98650,102293,1
function_44fbe0,保留原反编译函数体,98700,102343,1
function_44fc83,原版即为简单返回／空函数,98718,102361,1
function_44fca0,保留原反编译函数体,98724,102367,1
function_44fcc0,保留原反编译函数体,98745,102388,1
function_44fd10,原版即为简单返回／空函数,98799,102442,1
function_44fd20,保留原反编译函数体,98805,102448,1
function_44fd30,保留原反编译函数体,98814,102457,1
function_44fd60,保留原反编译函数体,98827,102470,1
function_44fdd0,已修改／替换的非空实现,98842,102485,1
function_44fde0,已修改／替换的非空实现,98851,102494,1
function_44ff90,保留原反编译函数体,98931,102574,1
function_450020,已修改／替换的非空实现,98965,102608,1
function_450350,保留原反编译函数体,99310,102615,2
function_450950,已修改／替换的非空实现,99454,103027,2
function_450d80,已修改／替换的非空实现,99719,103046,1
function_450e30,已修改／替换的非空实现,99756,106369,2
function_450f30,已修改／替换的非空实现,99784,106383,2
function_451270,保留原反编译函数体,99940,106410,1
function_4513f0,保留原反编译函数体,100020,106490,1
function_4514a0,已修改／替换的非空实现,100049,106616,2
function_451590,已修改／替换的非空实现,100098,106702,1
function_4515a0,已修改／替换的非空实现,100105,106707,1
function_4515c0,已修改／替换的非空实现,100113,106712,1
function_4515f0,已修改／替换的非空实现,100121,106717,1
function_451610,已修改／替换的非空实现,100136,106722,1
function_451620,已修改／替换的非空实现,100144,106727,1
function_451630,已修改／替换的非空实现,100153,106732,1
function_451640,已修改／替换的非空实现,100162,106737,1
function_4517c0,已修改／替换的非空实现,100297,106861,1
function_4558b0,保留原反编译函数体,100324,106888,3
function_455ee0,保留原反编译函数体,100361,106925,3
function_451b70,已修改／替换的非空实现,100447,107011,1
function_451f30,保留原反编译函数体,100598,107162,1
function_451f80,已修改／替换的非空实现,100632,107196,1
function_452010,保留原反编译函数体,100651,107215,1
function_452020,已修改／替换的非空实现,100659,107223,1
function_452040,已修改／替换的非空实现,100672,107238,1
function_452150,已修改／替换的非空实现,100720,107323,1
function_452220,已修改／替换的非空实现,100742,107345,1
function_452270,保留原反编译函数体,100757,107360,1
function_4522c0,保留原反编译函数体,100773,107376,1
function_4522f0,已修改／替换的非空实现,100788,107736,1
function_4525d0,已修改／替换的非空实现,101041,108351,1
function_452ac0,保留原反编译函数体,101595,108536,1
function_452ad0,保留原反编译函数体,101607,108548,1
function_452ba0,保留原反编译函数体,101649,108590,1
function_452be0,保留原反编译函数体,101664,108605,1
function_452c20,已修改／替换的非空实现,101698,108642,1
function_452cf0,保留原反编译函数体,101750,108694,1
function_452d40,已修改／替换的非空实现,101783,108727,1
function_453030,保留原反编译函数体,102147,109091,1
function_4530a0,保留原反编译函数体,102183,109127,1
function_453120,保留原反编译函数体,102213,109157,1
function_453240,保留原反编译函数体,102272,109216,1
function_4532b0,保留原反编译函数体,102304,109248,1
function_4532d0,原版即为简单返回／空函数,102312,109256,1
function_4532e0,保留原反编译函数体,102318,109262,1
function_453360,保留原反编译函数体,102347,109291,1
function_4533e0,保留原反编译函数体,102377,109321,1
function_453440,保留原反编译函数体,102411,109355,1
function_4534a0,保留原反编译函数体,102430,109374,1
function_4534c0,保留原反编译函数体,102451,109395,1
function_4534e0,保留原反编译函数体,102472,109416,1
function_4534f0,保留原反编译函数体,102481,109425,1
function_453580,保留原反编译函数体,102507,109451,1
function_4535c0,保留原反编译函数体,102525,109469,1
function_4536b0,保留原反编译函数体,102568,109512,1
function_4537b0,保留原反编译函数体,102615,109559,1
function_4537d0,保留原反编译函数体,102633,109577,1
function_453880,保留原反编译函数体,102772,109716,1
function_4538e0,保留原反编译函数体,102824,109768,1
function_4539b0,保留原反编译函数体,102968,109912,1
function_453b70,保留原反编译函数体,103004,109948,1
function_453bd0,保留原反编译函数体,103028,109972,1
function_453c30,保留原反编译函数体,103052,109996,1
function_453c80,已修改／替换的非空实现,103089,110033,1
function_453f00,保留原反编译函数体,103428,110372,1
function_453f40,保留原反编译函数体,103459,110403,1
function_453f90,保留原反编译函数体,103493,110437,1
function_453fe0,保留原反编译函数体,103512,110456,1
function_454030,保留原反编译函数体,103564,110508,1
function_454110,保留原反编译函数体,103584,110528,1
function_4541f0,保留原反编译函数体,103604,110548,1
function_4542d0,保留原反编译函数体,103624,110568,1
function_4543b0,保留原反编译函数体,103644,110588,1
function_454490,保留原反编译函数体,103664,110608,1
function_454560,保留原反编译函数体,103739,110683,1
function_454640,保留原反编译函数体,103814,110758,1
function_454770,保留原反编译函数体,103896,110840,1
function_454950,保留原反编译函数体,104117,111061,1
function_454ba0,保留原反编译函数体,104385,111329,1
function_454c20,保留原反编译函数体,104414,111358,1
function_454c80,保留原反编译函数体,104425,111369,1
function_454cf0,保留原反编译函数体,104442,111386,1
function_454d60,保留原反编译函数体,104458,111402,1
function_454dd0,保留原反编译函数体,104474,111418,1
function_454e40,保留原反编译函数体,104492,111436,1
function_454ed0,保留原反编译函数体,104509,111453,1
function_454f80,保留原反编译函数体,104535,111479,1
function_455010,保留原反编译函数体,104554,111498,1
function_455090,保留原反编译函数体,104588,111532,1
function_4550d0,保留原反编译函数体,104622,111566,1
function_455180,保留原反编译函数体,104696,111640,1
function_455230,保留原反编译函数体,104735,111679,1
function_4552e0,已修改／替换的非空实现,104787,111731,1
function_455330,已修改／替换的非空实现,104797,111750,1
function_455390,保留原反编译函数体,104810,111801,1
function_4554b0,保留原反编译函数体,104839,111830,1
function_455520,保留原反编译函数体,104852,111843,1
function_4555a0,已修改／替换的非空实现,104867,111858,1
function_4556c0,保留原反编译函数体,104896,111887,1
function_455730,保留原反编译函数体,104909,111900,1
function_4557a0,保留原反编译函数体,104922,111913,1
function_4557d0,保留原反编译函数体,104954,111945,1
function_455880,已修改／替换的非空实现,105016,112007,1
function_455890,已修改／替换的非空实现,105024,112017,1
function_455990,保留原反编译函数体,105108,112111,1
function_455a20,保留原反编译函数体,105166,112169,1
function_455c40,保留原反编译函数体,105437,112440,1
function_455ce0,保留原反编译函数体,105514,112517,1
function_455d30,已修改／替换的非空实现,105534,112537,1
function_455dc0,保留原反编译函数体,105621,112625,1
function_455e40,已修改／替换的非空实现,105652,112732,1
function_455ec0,已修改／替换的非空实现,105669,112746,1
function_455f50,保留原反编译函数体,105710,112787,1
function_455fd0,保留原反编译函数体,105751,112828,1
function_456210,保留原反编译函数体,105973,113050,1
function_456260,保留原反编译函数体,105995,113072,1
function_456290,保留原反编译函数体,106014,113091,1
function_456310,保留原反编译函数体,106030,113107,1
function_456360,保留原反编译函数体,106060,113137,1
function_4563b0,保留原反编译函数体,106086,113163,1
function_456690,保留原反编译函数体,106283,113360,1
function_4567d0,保留原反编译函数体,106316,113393,1
function_456870,保留原反编译函数体,106445,113522,1
function_4569f0,保留原反编译函数体,106576,113653,1
function_456a00,保留原反编译函数体,106587,113664,1
function_456b30,保留原反编译函数体,106627,113704,1
function_456b60,保留原反编译函数体,106647,113724,1
function_456ca0,保留原反编译函数体,106754,113831,1
function_456d00,保留原反编译函数体,106782,113859,1
function_456f00,保留原反编译函数体,107046,114123,1
function_456f60,保留原反编译函数体,107075,114152,1
function_457110,保留原反编译函数体,107165,114242,1
function_457170,已修改／替换的非空实现,107187,114264,1
function_457260,保留原反编译函数体,107282,114359,1
function_457270,保留原反编译函数体,107289,114366,1
function_457280,保留原反编译函数体,107296,114373,1
function_457310,保留原反编译函数体,107346,114423,1
function_457500,保留原反编译函数体,107553,114630,1
function_457660,保留原反编译函数体,107671,114748,1
function_4576e0,保留原反编译函数体,107708,114785,1
function_457810,已修改／替换的非空实现,107907,114984,1
function_457a10,已修改／替换的非空实现,108073,115208,2
function_457a80,保留原反编译函数体,108140,115227,1
function_457ac0,保留原反编译函数体,108166,115253,1
function_457b40,保留原反编译函数体,108202,115289,1
function_457c40,保留原反编译函数体,108253,115340,1
function_457ca0,保留原反编译函数体,108280,115367,1
function_457cf0,保留原反编译函数体,108307,115394,1
function_457e30,保留原反编译函数体,108408,115495,1
function_457f00,保留原反编译函数体,108455,115542,1
function_457f60,保留原反编译函数体,108477,115564,1
function_457fc0,已修改／替换的非空实现,108505,115592,1
function_458090,已修改／替换的非空实现,108564,245760,1
function_458200,已修改／替换的非空实现,108717,245879,1
function_4582c0,保留原反编译函数体,108789,115875,1
function_458330,保留原反编译函数体,108818,115904,1
function_4583a0,已修改／替换的非空实现,108832,245923,1
function_4583f0,保留原反编译函数体,108864,115950,1
function_458410,保留原反编译函数体,108897,115983,1
function_458440,保留原反编译函数体,108925,116011,1
function_458570,原版即为简单返回／空函数,108988,116074,1
function_458580,原版即为简单返回／空函数,108994,116080,1
function_458590,保留原反编译函数体,109002,116088,1
function_4585c0,已修改／替换的非空实现,109020,116106,1
function_458710,保留原反编译函数体,109199,116287,1
function_4587d0,保留原反编译函数体,109236,116324,1
function_4588a0,保留原反编译函数体,109279,116367,1
function_458a20,保留原反编译函数体,109376,116464,1
function_459150,保留原反编译函数体,109824,116912,1
function_459360,保留原反编译函数体,109974,117062,1
function_459420,保留原反编译函数体,110008,117096,1
function_4594a0,保留原反编译函数体,110036,117124,1
function_4594d0,保留原反编译函数体,110053,117141,1
function_4594f0,已修改／替换的非空实现,110066,117154,1
function_4595e0,保留原反编译函数体,110089,117179,1
function_459690,原版即为简单返回／空函数,110113,117203,1
function_4596a0,原版即为简单返回／空函数,110121,117211,1
function_4596b0,保留原反编译函数体,110127,117217,1
function_459780,保留原反编译函数体,110165,117255,1
function_459800,保留原反编译函数体,110208,117298,1
function_459840,保留原反编译函数体,110237,117327,1
function_4598a0,保留原反编译函数体,110264,117354,1
function_459920,保留原反编译函数体,110299,117389,1
function_459980,保留原反编译函数体,110323,117413,1
function_4599e0,保留原反编译函数体,110388,117478,1
function_459a40,保留原反编译函数体,110453,117543,1
function_459b40,原版即为简单返回／空函数,110547,117637,1
function_459b50,保留原反编译函数体,110555,117645,1
function_459bc0,保留原反编译函数体,110589,117679,1
function_459d00,保留原反编译函数体,110689,117779,1
function_459e90,保留原反编译函数体,110819,117909,1
function_459ec0,保留原反编译函数体,110850,117940,1
function_459f00,保留原反编译函数体,110872,117962,1
function_459fa0,保留原反编译函数体,110889,117979,1
function_459fe0,保留原反编译函数体,110909,117999,1
function_45a080,保留原反编译函数体,110928,118018,1
function_45a0a0,保留原反编译函数体,110941,118031,1
function_45a150,保留原反编译函数体,110958,118048,1
function_45a190,保留原反编译函数体,110978,118068,1
function_45a230,保留原反编译函数体,110997,118087,1
function_45a250,保留原反编译函数体,111012,118102,1
function_45a2f0,保留原反编译函数体,111029,118119,1
function_45a320,保留原反编译函数体,111047,118137,1
function_45a3c0,保留原反编译函数体,111066,118156,1
function_45a3e0,保留原反编译函数体,111079,118169,1
function_45a490,保留原反编译函数体,111096,118186,1
function_45a4c0,保留原反编译函数体,111113,118203,1
function_45a560,保留原反编译函数体,111132,118222,1
function_45a590,保留原反编译函数体,111153,118243,1
function_45a630,保留原反编译函数体,111170,118260,1
function_45a650,保留原反编译函数体,111181,118271,1
function_45a700,保留原反编译函数体,111200,118290,1
function_45a740,保留原反编译函数体,111229,118319,1
function_45a770,保留原反编译函数体,111245,118335,1
function_45a780,保留原反编译函数体,111254,118344,1
function_45a7b0,保留原反编译函数体,111272,118362,1
function_45a810,保留原反编译函数体,111298,118388,1
function_45a870,保留原反编译函数体,111327,118417,1
function_45a8d0,保留原反编译函数体,111355,118445,1
function_45a940,保留原反编译函数体,111387,118477,1
function_45a9a0,保留原反编译函数体,111416,118506,1
function_45aa00,保留原反编译函数体,111445,118535,1
function_45aa60,保留原反编译函数体,111474,118564,1
function_45aac0,保留原反编译函数体,111503,118593,1
function_45ab20,保留原反编译函数体,111530,118620,1
function_45ab70,保留原反编译函数体,111546,118636,1
function_45bb10,保留原反编译函数体,111571,118661,3
function_45ac00,保留原反编译函数体,111581,118671,1
function_45ac90,已修改／替换的非空实现,111624,118714,1
function_45ade0,已修改／替换的非空实现,111701,118791,1
function_45ae60,保留原反编译函数体,111735,118825,1
function_45ae70,保留原反编译函数体,111745,118835,1
function_45aea0,保留原反编译函数体,111758,118848,1
function_45aed0,保留原反编译函数体,111771,118861,1
function_45af50,保留原反编译函数体,111806,118896,1
function_45b0b0,保留原反编译函数体,111842,118932,1
function_45b140,已修改／替换的非空实现,111856,118946,1
function_45b1d0,保留原反编译函数体,111932,119022,1
function_45b220,保留原反编译函数体,111981,119071,1
function_45b2e0,已修改／替换的非空实现,112024,119114,1
function_45b460,保留原反编译函数体,112111,119201,1
function_45b560,保留原反编译函数体,112201,119291,1
function_45b5b0,保留原反编译函数体,112217,119307,1
function_45b640,保留原反编译函数体,112253,119343,1
function_45b6d0,已修改／替换的非空实现,112296,119386,1
function_45b820,已修改／替换的非空实现,112373,119463,1
function_45b8a0,保留原反编译函数体,112407,119497,1
function_45b8b0,已修改／替换的非空实现,112415,119505,1
function_45bb60,保留原反编译函数体,112539,119629,1
function_45bb90,保留原反编译函数体,112552,119642,1
function_45bbc0,保留原反编译函数体,112565,119655,1
function_45bc30,保留原反编译函数体,112597,119687,1
function_45bc40,保留原反编译函数体,112610,119700,1
function_45bd00,已修改／替换的非空实现,112635,119725,1
function_45bd80,已修改／替换的非空实现,112679,119769,1
function_45be30,保留原反编译函数体,112724,119814,1
function_45bee0,保留原反编译函数体,112805,119895,1
function_45c030,保留原反编译函数体,112912,120002,1
function_45c070,保留原反编译函数体,112935,120025,1
function_45c090,保留原反编译函数体,112952,120042,1
function_45c0f0,保留原反编译函数体,112984,120074,1
function_45c200,保留原反编译函数体,113096,120186,1
function_45c260,保留原反编译函数体,113111,120201,1
function_45c300,保留原反编译函数体,113174,120264,1
function_45c340,保留原反编译函数体,113188,120278,1
function_45c360,保留原反编译函数体,113201,120291,1
function_45c390,保留原反编译函数体,113220,120310,1
function_45c4e0,保留原反编译函数体,113333,120423,1
function_45c500,保留原反编译函数体,113348,120438,1
function_45c560,原版即为简单返回／空函数,113384,120474,1
function_45c590,保留原反编译函数体,113392,120482,1
function_45c620,保留原反编译函数体,113408,120498,1
function_45c680,保留原反编译函数体,113417,120507,1
function_45c6e0,保留原反编译函数体,113429,120519,1
function_45c770,保留原反编译函数体,113441,120531,1
function_45c780,保留原反编译函数体,113452,120542,1
function_45c7a0,保留原反编译函数体,113469,120559,1
function_45c830,原版即为简单返回／空函数,113479,120569,1
function_45c8b0,保留原反编译函数体,113487,120577,1
function_45c8d0,保留原反编译函数体,113503,120593,1
function_45c920,保留原反编译函数体,113533,120623,1
function_45c930,保留原反编译函数体,113542,120632,1
function_45ca20,保留原反编译函数体,113601,120691,1
function_45ca30,保留原反编译函数体,113610,120700,1
function_45cac0,保留原反编译函数体,113652,120742,1
function_45cb20,保留原反编译函数体,113682,120772,1
function_45cc60,已修改／替换的非空实现,113759,120849,1
function_45cd50,保留原反编译函数体,113782,120874,1
function_45ce00,保留原反编译函数体,113806,120898,1
function_45d120,原版即为简单返回／空函数,113907,120999,1
function_45d240,保留原反编译函数体,113915,121007,1
function_45d2f0,已修改／替换的非空实现,113979,121071,1
function_45d530,保留原反编译函数体,114077,121169,1
function_45d5a0,保留原反编译函数体,114096,121188,1
function_45d5f0,已修改／替换的非空实现,114114,121206,1
function_45d740,已修改／替换的非空实现,114191,121283,1
function_45d7c0,保留原反编译函数体,114225,121317,1
function_45d7d0,保留原反编译函数体,114233,121325,1
function_45d800,保留原反编译函数体,114246,121338,1
function_45d830,保留原反编译函数体,114259,121351,1
function_45d890,保留原反编译函数体,114295,121387,1
function_45d8e0,保留原反编译函数体,114327,121419,1
function_45d960,已修改／替换的非空实现,114362,121454,1
function_45d970,已修改／替换的非空实现,114369,121488,1
function_45d9a0,保留原反编译函数体,114382,121493,1
function_45d9c0,保留原反编译函数体,114393,121504,1
function_45d9f0,已修改／替换的非空实现,114406,121517,1
function_45da00,已修改／替换的非空实现,114416,121546,1
function_45da40,原版即为简单返回／空函数,114428,121562,1
function_45da50,已修改／替换的非空实现,114436,121570,1
function_45dac0,已修改／替换的非空实现,114450,121585,1
function_45db10,保留原反编译函数体,114473,121620,1
function_45db30,保留原反编译函数体,114495,121642,1
function_45db90,保留原反编译函数体,114505,121652,1
function_45dbc0,未找到同名入口，待核对替代,114515,,0
function_45dbd0,已修改／替换的非空实现,114524,121663,2
function_45de70,已修改／替换的非空实现,114842,121678,1
function_45de90,保留原反编译函数体,114850,121683,1
function_45df10,已修改／替换的非空实现,114905,121759,1
function_45dfb0,已修改／替换的非空实现,114922,121775,1
function_45e020,保留原反编译函数体,114950,121780,1
function_45e0e0,保留原反编译函数体,114984,121814,1
function_45e120,保留原反编译函数体,115014,121844,1
function_45e270,已修改／替换的非空实现,115083,121913,1
function_45e300,已修改／替换的非空实现,115106,121940,1
function_45e410,已修改／替换的非空实现,115146,121987,1
function_45e460,已修改／替换的非空实现,115163,122058,2
function_45e5e0,已修改／替换的非空实现,115244,122275,2
function_45eb00,已修改／替换的非空实现,115421,122479,2
function_45ec60,已修改／替换的非空实现,115468,125344,1
function_45f0c0,保留原反编译函数体,115869,122499,1
function_45f0f0,保留原反编译函数体,115882,122512,1
function_45f350,保留原反编译函数体,116027,122657,1
function_45f3b0,保留原反编译函数体,116075,122705,1
function_45f3e0,已修改／替换的非空实现,116082,122712,1
function_45f4f0,已修改／替换的非空实现,116121,122798,1
function_45f560,保留原反编译函数体,116137,122815,1
function_48a7d0,保留原反编译函数体,116140,104529,9
function_45f5a0,保留原反编译函数体,116149,122827,1
function_48a830,保留原反编译函数体,116152,122830,4
function_45f5e0,已修改／替换的非空实现,116161,122857,1
function_45f640,已修改／替换的非空实现,116181,122888,1
function_45f760,未找到同名入口，待核对替代,116238,,0
function_45f780,未找到同名入口，待核对替代,116247,,0
function_45f7a0,未找到同名入口，待核对替代,116255,,0
function_45f7e0,未找到同名入口，待核对替代,116264,,0
function_45f800,未找到同名入口，待核对替代,116272,,0
function_45f810,未找到同名入口，待核对替代,116279,,0
function_45f820,未找到同名入口，待核对替代,116286,,0
function_45f850,已修改／替换的非空实现,116293,122921,1
function_45f8c0,已修改／替换的非空实现,116320,122940,1
function_45f9d0,已修改／替换的非空实现,116344,122965,1
function_45fab0,已修改／替换的非空实现,116402,123031,1
function_4aa080,已修改／替换的非空实现,116437,225292,1
function_45fb90,未找到同名入口，待核对替代,116446,,0
function_45fcd0,未找到同名入口，待核对替代,116478,,0
function_45fd80,未找到同名入口，待核对替代,116498,,0
function_45fe80,未找到同名入口，待核对替代,116529,,0
function_45ff80,保留原反编译函数体,116572,123078,1
function_45ff90,原版即为简单返回／空函数,116579,123085,1
function_45ffa0,保留原反编译函数体,116585,123091,1
function_45ffb0,原版即为简单返回／空函数,116594,123100,1
function_45ffc0,保留原反编译函数体,116600,123106,1
function_45ffd0,原版即为简单返回／空函数,116607,123113,1
function_45ffe0,保留原反编译函数体,116613,123119,1
function_460540,已修改／替换的非空实现,116795,123479,1
function_4606d0,已修改／替换的非空实现,116864,123487,2
function_4607e0,已修改／替换的非空实现,116926,123545,1
function_460900,原版即为简单返回／空函数,116967,123588,1
function_460920,已修改／替换的非空实现,116973,123594,1
function_4609c0,已修改／替换的非空实现,116995,123619,1
function_460a60,已修改／替换的非空实现,117017,123644,1
function_460b00,已修改／替换的非空实现,117039,123669,1
function_460b50,已修改／替换的非空实现,117052,123683,1
function_460bc0,已修改／替换的非空实现,117067,123700,1
function_460c10,已修改／替换的非空实现,117081,123713,1
function_460c70,已修改／替换的非空实现,117095,123729,1
function_460cc0,已修改／替换的非空实现,117109,123742,1
function_460d10,已修改／替换的非空实现,117123,123755,1
function_460de0,原版即为简单返回／空函数,117164,123796,1
function_460e00,已修改／替换的非空实现,117170,123802,1
function_462250,保留原反编译函数体,117918,124496,1
function_462280,未找到同名入口，待核对替代,117934,,0
function_462480,保留原反编译函数体,118101,124517,1
function_4624a0,保留原反编译函数体,118115,124531,1
function_4624c0,保留原反编译函数体,118133,124549,1
function_4624e0,保留原反编译函数体,118151,124567,1
function_462530,保留原反编译函数体,118203,124619,1
function_462550,保留原反编译函数体,118221,124637,1
function_4625a0,保留原反编译函数体,118273,124689,1
function_462600,保留原反编译函数体,118300,124716,1
function_4627c0,已修改／替换的非空实现,118453,126002,2
function_462810,保留原反编译函数体,118500,126022,1
function_462870,保留原反编译函数体,118538,126060,1
function_4628b0,保留原反编译函数体,118551,126073,1
function_462910,保留原反编译函数体,118573,126095,1
function_462970,保留原反编译函数体,118611,126133,1
function_4629d0,保留原反编译函数体,118649,126171,1
function_4629f0,保留原反编译函数体,118668,126190,1
function_462a20,保留原反编译函数体,118689,126211,1
function_462b10,保留原反编译函数体,118765,126287,1
function_462bf0,保留原反编译函数体,118840,126362,1
function_462ce0,已修改／替换的非空实现,118915,126456,1
function_462e3e,保留原反编译函数体,118973,126478,1
function_462e80,已修改／替换的非空实现,118987,126492,1
function_462f30,已修改／替换的非空实现,119094,126522,1
function_462f80,保留原反编译函数体,119138,126527,1
function_462fe0,保留原反编译函数体,119176,126565,1
function_463210,保留原反编译函数体,119439,126828,1
function_463280,已修改／替换的非空实现,119474,126898,1
function_4634d0,已修改／替换的非空实现,119761,127185,1
function_463510,保留原反编译函数体,119792,127190,1
function_463580,保留原反编译函数体,119806,127204,1
function_4635e0,保留原反编译函数体,119878,127276,1
function_463610,保留原反编译函数体,119906,127304,1
function_463690,已修改／替换的非空实现,119959,127558,1
function_4636e0,保留原反编译函数体,120004,127603,1
function_463730,已修改／替换的非空实现,120049,127648,1
function_463800,已修改／替换的非空实现,120233,127698,2
function_463820,保留原反编译函数体,120243,127713,1
function_4638b0,保留原反编译函数体,120268,127738,1
function_4638f0,保留原反编译函数体,120277,127747,1
function_4639f0,保留原反编译函数体,120344,127814,1
function_463af0,已修改／替换的非空实现,120410,127898,1
function_463b40,保留原反编译函数体,120429,127923,1
function_463cf0,已修改／替换的非空实现,120505,128084,1
function_463d40,已修改／替换的非空实现,120520,128090,1
function_463e60,已修改／替换的非空实现,120667,128237,1
function_4641d0,已修改／替换的非空实现,121106,128284,1
function_4645b0,保留原反编译函数体,121378,128294,1
function_4645f0,保留原反编译函数体,121416,128332,1
function_4646f0,保留原反编译函数体,121479,128395,1
function_464790,保留原反编译函数体,121516,128432,1
function_464870,保留原反编译函数体,121565,128481,1
function_4648b0,保留原反编译函数体,121586,128502,1
function_464c90,保留原反编译函数体,121729,128645,1
function_464d90,已修改／替换的非空实现,121767,128683,1
function_464e20,已修改／替换的非空实现,121775,128688,1
function_464f80,已修改／替换的非空实现,121924,129356,1
function_465f70,已修改／替换的非空实现,123295,129366,1
function_466050,已修改／替换的非空实现,123444,129371,1
function_466090,已修改／替换的非空实现,123465,129423,1
function_4660c0,已修改／替换的非空实现,123484,129457,1
function_466100,已修改／替换的非空实现,123512,129499,1
function_466270,已修改／替换的非空实现,123600,129598,1
function_466320,保留原反编译函数体,123626,129634,1
function_4663c0,未找到同名入口，待核对替代,123669,,0
function_466470,未找到同名入口，待核对替代,123689,,0
function_466490,已修改／替换的非空实现,123702,129680,7
function_4664a0,保留原反编译函数体,123709,129693,1
function_466540,原版即为简单返回／空函数,123744,129728,1
function_466560,保留原反编译函数体,123750,129734,1
function_4665d0,原版即为简单返回／空函数,123763,129747,1
function_4665e0,未找到同名入口，待核对替代,123769,,0
function_466770,已修改／替换的非空实现,123838,129847,1
function_466890,已修改／替换的非空实现,123879,129889,1
function_466900,已修改／替换的非空实现,123894,129929,1
function_4669d0,已修改／替换的非空实现,123935,129937,1
function_466e20,保留原反编译函数体,124101,130115,1
function_4674b0,保留原反编译函数体,124120,130134,1
function_4677c0,保留原反编译函数体,124240,130254,1
function_467cd0,保留原反编译函数体,124526,130540,1
function_4681e0,已修改／替换的非空实现,124804,130848,2
function_4682a0,已修改／替换的非空实现,124915,130897,1
function_4683c0,保留原反编译函数体,125155,130904,1
function_468440,保留原反编译函数体,125228,130977,1
function_4684a0,保留原反编译函数体,125250,130999,1
function_468540,保留原反编译函数体,125359,131108,1
function_468580,保留原反编译函数体,125403,131152,1
function_468620,已修改／替换的非空实现,125532,131281,1
function_468790,保留原反编译函数体,125695,131381,1
function_4687d0,保留原反编译函数体,125728,131414,1
function_46889b,保留原反编译函数体,125779,131465,1
function_468950,保留原反编译函数体,125838,131524,1
function_4689d0,已修改／替换的非空实现,125869,131580,1
function_4693a0,已修改／替换的非空实现,126983,132720,1
function_469620,已修改／替换的非空实现,127182,132810,2
function_469640,已修改／替换的非空实现,127189,132828,1
function_469680,已修改／替换的非空实现,127200,132864,1
function_4696b0,已修改／替换的非空实现,127210,132876,1
function_469700,已修改／替换的非空实现,127219,132892,1
function_469710,已修改／替换的非空实现,127225,132900,1
function_469740,原版即为简单返回／空函数,127231,132908,1
function_469750,原版即为简单返回／空函数,127237,132914,1
function_469780,已修改／替换的非空实现,127243,132920,1
function_4697a0,原版即为简单返回／空函数,127249,132929,1
function_4697c0,已修改／替换的非空实现,127255,132935,1
function_4697e0,已修改／替换的非空实现,127261,132940,1
function_469820,原版即为简单返回／空函数,127267,132947,1
function_469840,已修改／替换的非空实现,127273,132953,1
function_469860,已修改／替换的非空实现,127279,132970,1
function_469870,已修改／替换的非空实现,127285,132977,1
function_469880,原版即为简单返回／空函数,127291,132985,1
function_4698a0,原版即为简单返回／空函数,127297,132991,1
function_4698c0,保留原反编译函数体,127303,132997,1
function_4698d0,保留原反编译函数体,127311,133005,1
function_469900,已修改／替换的非空实现,127324,133018,1
function_4699bf,保留原反编译函数体,127360,133085,1
function_469a03,保留原反编译函数体,127376,133101,1
function_469a20,已修改／替换的非空实现,127382,133110,1
function_469b30,保留原反编译函数体,127414,133163,1
function_469b40,已修改／替换的非空实现,127423,133172,1
function_469d10,已修改／替换的非空实现,127460,133220,1
function_469dd0,已修改／替换的非空实现,127481,133241,1
function_469ed0,保留原反编译函数体,127502,133254,1
function_469ef0,已修改／替换的非空实现,127522,133274,1
function_46a140,已修改／替换的非空实现,127809,133561,1
function_46a1d0,已修改／替换的非空实现,127844,133616,1
function_46a210,已修改／替换的非空实现,127870,133634,1
function_46a260,保留原反编译函数体,127886,133664,1
function_46a2d0,已修改／替换的非空实现,127980,133758,1
function_46a380,保留原反编译函数体,128015,133938,1
function_46a390,已修改／替换的非空实现,128025,133948,1
function_46a450,保留原反编译函数体,128060,133983,1
function_46a550,保留原反编译函数体,128172,134095,1
function_46a580,保留原反编译函数体,128185,134108,1
function_46a5b0,保留原反编译函数体,128210,134133,1
function_46a650,保留原反编译函数体,128349,134272,1
function_46a6f0,已修改／替换的非空实现,128490,134445,2
function_46a7a0,保留原反编译函数体,128540,134459,1
function_46a7e0,保留原反编译函数体,128552,134471,1
function_46a830,已修改／替换的非空实现,128568,134514,1
function_46a9c0,保留原反编译函数体,128764,134719,1
function_46aa60,已修改／替换的非空实现,128812,134767,1
function_46aae0,保留原反编译函数体,128839,134825,1
function_46ab10,已修改／替换的非空实现,128854,135032,1
function_46acb0,保留原反编译函数体,128965,135043,1
function_46acf0,保留原反编译函数体,129010,135088,1
function_46ad50,保留原反编译函数体,129023,135101,1
function_46afa0,保留原反编译函数体,129133,135211,1
function_46b080,保留原反编译函数体,129202,135280,1
function_46b420,保留原反编译函数体,129494,135572,1
function_46b450,保留原反编译函数体,129506,135584,1
function_48a8d0,保留原反编译函数体,129509,135587,6
function_46b490,已修改／替换的非空实现,129518,135598,1
function_46b500,已修改／替换的非空实现,129545,135619,1
function_46b610,已修改／替换的非空实现,129633,135637,1
function_46b6f0,已修改／替换的非空实现,129694,135656,1
function_46b7c0,已修改／替换的非空实现,129757,135678,1
function_46b880,已修改／替换的非空实现,129790,135703,1
function_46b9a0,已修改／替换的非空实现,129843,135749,1
function_46bbe0,已修改／替换的非空实现,129875,135833,1
function_46bc90,已修改／替换的非空实现,129908,135866,1
function_46be40,已修改／替换的非空实现,130032,135905,1
function_46bea0,保留原反编译函数体,130054,135927,1
function_46bf00,保留原反编译函数体,130076,135949,1
function_46bf60,保留原反编译函数体,130104,135977,2
function_46bfc0,保留原反编译函数体,130135,136008,1
function_46bff0,保留原反编译函数体,130159,136032,1
function_46c040,保留原反编译函数体,130193,136066,1
function_46c0f0,保留原反编译函数体,130219,136092,1
function_46c1a0,保留原反编译函数体,130298,136171,1
function_46c220,保留原反编译函数体,130343,136216,1
function_46c3d0,保留原反编译函数体,130496,136369,1
function_46c400,保留原反编译函数体,130510,136383,1
function_46c4e0,保留原反编译函数体,130550,136423,1
function_46c570,保留原反编译函数体,130557,136430,1
function_46c600,保留原反编译函数体,130579,136452,1
function_46c840,保留原反编译函数体,130762,136635,1
function_46c8b0,保留原反编译函数体,130796,136669,1
function_46c9e0,已修改／替换的非空实现,130972,136845,1
function_46cbb0,保留原反编译函数体,131122,136997,1
function_46cd90,保留原反编译函数体,131252,137127,1
function_46ce40,原版即为简单返回／空函数,131312,137187,1
function_46ce70,已修改／替换的非空实现,131318,137226,1
function_46cec0,已修改／替换的非空实现,131330,137235,1
function_46cf10,已修改／替换的非空实现,131342,137244,1
function_46cf60,已修改／替换的非空实现,131354,137253,1
function_46cfb0,已修改／替换的非空实现,131366,137262,1
function_46d080,保留原反编译函数体,131397,137293,1
function_46d130,保留原反编译函数体,131448,137344,1
function_46d190,保留原反编译函数体,131481,137377,1
function_46d2a0,保留原反编译函数体,131534,137430,1
function_46d400,保留原反编译函数体,131651,137547,1
function_46d460,保留原反编译函数体,131683,137579,1
function_46d6d0,保留原反编译函数体,131854,137750,1
function_46d750,保留原反编译函数体,131884,137780,1
function_46d8b0,保留原反编译函数体,131937,137833,1
function_46d950,已修改／替换的非空实现,131956,137852,1
function_46e480,保留原反编译函数体,132377,138285,1
function_46e530,保留原反编译函数体,132392,138300,1
function_46e6f0,已修改／替换的非空实现,132484,138457,1
function_46ed80,原版即为简单返回／空函数,132809,138463,1
function_46eda0,原版即为简单返回／空函数,132817,138471,1
function_46edb0,原版即为简单返回／空函数,132823,138477,1
function_46edc0,已修改／替换的非空实现,132829,138510,1
function_46ee20,已修改／替换的非空实现,132853,138537,1
function_46eed0,未找到同名入口，待核对替代,132887,,0
function_46ef40,已修改／替换的非空实现,132898,138594,1
function_46efd0,保留原反编译函数体,132928,138600,2
function_46f020,保留原反编译函数体,132962,138634,1
function_46f0b0,已修改／替换的非空实现,132978,138650,1
function_46f0d0,保留原反编译函数体,132991,138685,1
function_46f100,保留原反编译函数体,132997,138691,1
function_46f140,已修改／替换的非空实现,133015,138709,1
function_46f200,已修改／替换的非空实现,133077,138715,1
function_46f320,保留原反编译函数体,133118,138757,1
function_46f450,保留原反编译函数体,133180,138819,1
function_46f620,已修改／替换的非空实现,133285,138924,1
function_46f6d0,已修改／替换的非空实现,133353,139142,1
function_46f9f0,未找到同名入口，待核对替代,133608,,0
function_46fac0,已修改／替换的非空实现,133647,139172,1
function_46fd70,已修改／替换的非空实现,133748,139279,1
function_46ff60,保留原反编译函数体,133923,139320,1
function_470030,已修改／替换的非空实现,133987,139384,1
function_4700b0,保留原反编译函数体,134015,139392,1
function_470100,已修改／替换的非空实现,134030,139407,1
function_4701b0,原版即为简单返回／空函数,134071,139448,1
function_4701d0,原版即为简单返回／空函数,134079,139456,1
function_4701e0,已修改／替换的非空实现,134085,139462,1
function_470220,已修改／替换的非空实现,134094,139473,1
function_470290,已修改／替换的非空实现,134123,139489,1
function_470300,已修改／替换的非空实现,134152,139504,1
function_470320,已修改／替换的非空实现,134163,139512,1
function_470360,已修改／替换的非空实现,134174,139523,1
function_470390,保留原反编译函数体,134187,139533,1
function_4703b0,已修改／替换的非空实现,134205,139557,1
function_4705e0,已修改／替换的非空实现,134466,139818,1
function_4706c0,已修改／替换的非空实现,134570,139958,1
function_470730,已修改／替换的非空实现,134604,139963,1
function_470890,已修改／替换的非空实现,134689,140048,1
function_470980,已修改／替换的非空实现,134852,140053,1
function_4709c0,已修改／替换的非空实现,134869,140108,1
function_470a30,已修改／替换的非空实现,134899,140138,1
function_470ab0,已修改／替换的非空实现,134941,140293,1
function_470d00,已修改／替换的非空实现,135215,140300,1
function_4aa1a0,已修改／替换的非空实现,135220,122893,4
function_470df0,已修改／替换的非空实现,135239,140342,1
function_48a890,已修改／替换的非空实现,135276,188829,2
function_470ee0,已修改／替换的非空实现,135313,140369,1
function_470f10,保留原反编译函数体,135321,140378,1
function_470f30,已修改／替换的非空实现,135329,140386,1
function_470f60,原版即为简单返回／空函数,135339,140396,1
function_470f80,保留原反编译函数体,135345,140402,1
function_470f90,原版即为简单返回／空函数,135352,140409,1
function_470fa0,已修改／替换的非空实现,135358,140415,1
function_471060,原版即为简单返回／空函数,135379,125379,2
function_471070,原版即为简单返回／空函数,135385,140446,1
function_471080,原版即为简单返回／空函数,135391,140452,1
function_4710a0,保留原反编译函数体,135397,140458,1
function_471100,保留原反编译函数体,135421,140482,1
function_471160,已修改／替换的非空实现,135444,140505,1
function_471240,保留原反编译函数体,135477,140531,1
function_471330,已修改／替换的非空实现,135508,140562,1
function_4713b0,保留原反编译函数体,135539,140578,1
function_471510,保留原反编译函数体,135578,140617,1
function_4715e0,保留原反编译函数体,135607,140646,1
function_4716b0,已修改／替换的非空实现,135665,140704,1
function_471720,已修改／替换的非空实现,135692,140721,1
function_471810,保留原反编译函数体,135723,140739,1
function_471880,已修改／替换的非空实现,135750,140770,1
function_471960,已修改／替换的非空实现,135765,140792,1
function_471a60,已修改／替换的非空实现,135790,140820,1
function_471b30,已修改／替换的非空实现,135844,140837,1
function_471bc0,已修改／替换的非空实现,135862,140986,1
function_471c10,已修改／替换的非空实现,135876,140995,1
function_48a920,已修改／替换的非空实现,135886,123401,3
function_471c70,已修改／替换的非空实现,135902,141000,1
function_471d30,已修改／替换的非空实现,135926,141021,1
function_471d90,已修改／替换的非空实现,135952,141042,1
function_471df0,已修改／替换的非空实现,135978,141055,1
function_471e50,已修改／替换的非空实现,136004,141093,1
function_471eb0,已修改／替换的非空实现,136030,141110,1
function_471f10,已修改／替换的非空实现,136056,141124,1
function_471f70,已修改／替换的非空实现,136082,141129,1
function_471fd0,已修改／替换的非空实现,136108,141147,1
function_472030,已修改／替换的非空实现,136134,141158,1
function_472080,已修改／替换的非空实现,136156,141169,1
function_4720e0,已修改／替换的非空实现,136182,141174,1
function_472140,已修改／替换的非空实现,136208,141179,1
function_4721a0,已修改／替换的非空实现,136234,141184,1
function_472240,已修改／替换的非空实现,136256,141212,1
function_4722e0,已修改／替换的非空实现,136278,141366,1
function_472820,已修改／替换的非空实现,136620,141488,1
function_4a9c60,已修改／替换的非空实现,136652,141510,2
function_472e50,已修改／替换的非空实现,137084,141652,1
function_473010,已修改／替换的非空实现,137124,141713,1
function_473af0,已修改／替换的非空实现,137714,142339,1
function_473b20,保留原反编译函数体,137722,142348,1
function_473dd8,保留原反编译函数体,137792,142450,1
function_473dde,原版即为简单返回／空函数,137798,142456,1
function_473ebb,原版即为简单返回／空函数,137804,142462,1
function_473ed0,保留原反编译函数体,137810,142468,1
function_473f30,保留原反编译函数体,137844,142502,1
function_474020,保留原反编译函数体,137904,142562,2
function_474110,保留原反编译函数体,137958,142616,1
function_475710,保留原反编译函数体,141613,146271,1
function_475760,保留原反编译函数体,141630,146288,1
function_475790,保留原反编译函数体,141645,146303,1
function_4757e0,已修改／替换的非空实现,141680,146338,1
function_475fc0,保留原反编译函数体,142428,147087,1
function_4760a0,保留原反编译函数体,142497,147156,1
function_476130,已修改／替换的非空实现,142526,147185,1
function_4762b0,保留原反编译函数体,142798,147458,1
function_476380,保留原反编译函数体,142877,147537,1
function_4764d0,保留原反编译函数体,143048,147708,1
function_4766b0,已修改／替换的非空实现,143208,147868,1
function_476a20,保留原反编译函数体,143493,148167,1
function_476eb0,保留原反编译函数体,143866,148540,1
function_476f40,保留原反编译函数体,143913,148587,1
function_477190,原版即为简单返回／空函数,144023,148697,1
function_4771a0,保留原反编译函数体,144034,148708,1
function_477440,保留原反编译函数体,144231,148905,1
function_477460,原版即为简单返回／空函数,144241,148915,1
function_477480,保留原反编译函数体,144247,148921,1
function_477490,保留原反编译函数体,144254,148928,1
function_477950,保留原反编译函数体,144822,149496,1
function_477e40,保留原反编译函数体,145308,149982,1
function_4780c0,保留原反编译函数体,145571,150245,1
function_478130,保留原反编译函数体,145611,150285,1
function_478200,保留原反编译函数体,145704,150378,1
function_478420,保留原反编译函数体,146025,150699,1
function_478510,保留原反编译函数体,146154,150828,1
function_478a20,保留原反编译函数体,146492,151166,1
function_478c80,保留原反编译函数体,146641,151315,1
function_479090,保留原反编译函数体,146842,151516,1
function_479160,保留原反编译函数体,146916,151590,1
function_4791e0,保留原反编译函数体,146947,151621,1
function_479260,保留原反编译函数体,146983,151657,1
function_4792f0,保留原反编译函数体,147031,151705,1
function_479360,保留原反编译函数体,147046,151720,1
function_4793f0,保留原反编译函数体,147088,151762,1
function_4795f0,保留原反编译函数体,147278,151952,1
function_4796c0,保留原反编译函数体,147327,152001,1
function_479760,保留原反编译函数体,147357,152031,1
function_479950,保留原反编译函数体,147451,152125,1
function_47aa44,保留原反编译函数体,147565,152239,1
function_47aa49,保留原反编译函数体,147572,152246,1
function_47aa54,保留原反编译函数体,147579,152253,1
function_47aa59,保留原反编译函数体,147586,152260,1
function_47aac4,保留原反编译函数体,147593,152267,1
function_47aac9,保留原反编译函数体,147600,152274,1
function_47aad4,保留原反编译函数体,147607,152281,1
function_47aad9,保留原反编译函数体,147614,152288,1
function_47acb4,原版即为简单返回／空函数,147621,152295,1
function_47acb9,原版即为简单返回／空函数,147627,152301,1
function_47acc4,原版即为简单返回／空函数,147633,152307,1
function_47acd4,保留原反编译函数体,147639,152313,1
function_47aed0,保留原反编译函数体,147781,152455,1
function_47afd0,保留原反编译函数体,147884,152558,1
function_47b020,保留原反编译函数体,147896,152570,1
function_47b140,保留原反编译函数体,147943,152617,1
function_47b290,原版即为简单返回／空函数,147951,152625,2
function_47b350,保留原反编译函数体,148134,152808,1
function_47b3c0,保留原反编译函数体,148160,152834,1
function_47b410,保留原反编译函数体,148186,152860,1
function_4c4c20,保留原反编译函数体,148201,152875,6
function_47b670,原版即为简单返回／空函数,148203,152877,3
function_47b510,保留原反编译函数体,148222,152896,1
function_47b630,保留原反编译函数体,148386,153060,1
function_47b890,保留原反编译函数体,148683,153357,1
function_4c4b40,保留原反编译函数体,148870,153544,2
function_47bb70,保留原反编译函数体,148969,153643,1
function_47bba0,保留原反编译函数体,148978,153652,2
function_47bc10,保留原反编译函数体,149020,153694,1
function_47bca0,保留原反编译函数体,149098,153772,1
function_47bfc0,保留原反编译函数体,149399,154073,1
function_47c5b0,保留原反编译函数体,150024,154698,1
function_47c8b0,保留原反编译函数体,150325,154999,1
function_47e130,保留原反编译函数体,150348,155022,2
function_47c930,保留原反编译函数体,150363,155037,1
function_47e840,保留原反编译函数体,150411,155085,2
function_47cc00,保留原反编译函数体,150671,155345,1
function_47cd00,保留原反编译函数体,150808,155482,1
function_47cdf0,保留原反编译函数体,150947,155621,1
function_47ce30,保留原反编译函数体,150972,155646,1
function_47d190,原版即为简单返回／空函数,151407,156081,1
function_47d1a0,保留原反编译函数体,151413,156087,1
function_47d1c0,保留原反编译函数体,151423,156097,1
function_47d230,保留原反编译函数体,151487,156161,1
function_47d250,保留原反编译函数体,151498,156172,1
function_47d280,保留原反编译函数体,151507,156181,1
function_47d3f0,保留原反编译函数体,151675,156349,1
function_47d4f0,保留原反编译函数体,151742,156416,1
function_47d520,保留原反编译函数体,151773,156447,1
function_4c5840,原版即为简单返回／空函数,151811,156485,11
function_47d600,保留原反编译函数体,151821,156495,1
function_47d6e0,保留原反编译函数体,151897,156571,1
function_481cb0,保留原反编译函数体,151924,156598,2
function_47d960,保留原反编译函数体,152176,156850,1
function_47d9b0,保留原反编译函数体,152193,156867,1
function_47da20,保留原反编译函数体,152225,156899,1
function_47da90,保留原反编译函数体,152278,156952,1
function_47daf0,保留原反编译函数体,152305,156979,2
function_47de90,保留原反编译函数体,152568,157242,1
function_47e0c0,保留原反编译函数体,152807,157481,1
function_47e160,保留原反编译函数体,152847,157521,1
function_47e7b0,保留原反编译函数体,153387,158061,1
function_47e810,保留原反编译函数体,153439,158113,1
function_47e990,保留原反编译函数体,153534,158208,1
function_47ea70,保留原反编译函数体,153579,158253,1
function_47eaf0,保留原反编译函数体,153613,158287,1
function_47eb10,保留原反编译函数体,153626,158300,1
function_47eb50,已修改／替换的非空实现,153639,158313,1
function_47f0a0,保留原反编译函数体,154698,159373,1
function_47f820,保留原反编译函数体,154984,159659,1
function_47f850,保留原反编译函数体,155024,159699,1
function_47f880,保留原反编译函数体,155064,159739,1
function_47f8a0,保留原反编译函数体,155094,159769,1
function_47f960,保留原反编译函数体,155166,159841,1
function_47f9c0,保留原反编译函数体,155202,159877,1
function_47fab0,保留原反编译函数体,155303,159978,1
function_480080,保留原反编译函数体,156193,160868,1
function_480120,保留原反编译函数体,156267,160942,1
function_480200,保留原反编译函数体,156459,161134,1
function_4802d0,保留原反编译函数体,156558,161233,1
function_480410,保留原反编译函数体,156768,161443,1
function_480570,保留原反编译函数体,156959,161634,1
function_480600,保留原反编译函数体,157043,161718,1
function_480750,保留原反编译函数体,157237,161912,1
function_480820,保留原反编译函数体,157244,161919,1
function_4808b0,保留原反编译函数体,157286,161961,1
function_480a10,保留原反编译函数体,157552,162227,1
function_480a60,保留原反编译函数体,157564,162239,1
function_480b30,保留原反编译函数体,157693,162368,1
function_480d80,原版即为简单返回／空函数,157949,162624,1
function_480da0,保留原反编译函数体,157955,162630,1
function_481190,保留原反编译函数体,158389,163064,1
function_481260,保留原反编译函数体,158483,163158,1
function_4812d0,保留原反编译函数体,158496,163171,1
function_4812e0,保留原反编译函数体,158516,163191,1
function_481330,已修改／替换的非空实现,158524,163199,1
function_4814b0,保留原反编译函数体,158768,163445,1
function_481520,保留原反编译函数体,158819,163496,1
function_481710,保留原反编译函数体,159142,163819,1
function_4817e0,保留原反编译函数体,159189,163866,1
function_481800,保留原反编译函数体,159202,163879,1
function_481860,保留原反编译函数体,159239,163916,1
function_4818c0,保留原反编译函数体,159253,163930,1
function_481c90,保留原反编译函数体,159764,164441,1
function_481ef0,保留原反编译函数体,160011,164688,1
function_481f30,保留原反编译函数体,160020,164697,1
function_482060,保留原反编译函数体,160153,164830,1
function_4820c0,保留原反编译函数体,160161,164838,1
function_4822c0,保留原反编译函数体,160418,165095,1
function_482650,保留原反编译函数体,160944,165621,2
function_4827d0,保留原反编译函数体,161133,165810,1
function_482990,保留原反编译函数体,161367,166044,1
function_482a70,保留原反编译函数体,161458,166135,2
function_482a90,保留原反编译函数体,161464,166141,1
function_482af0,保留原反编译函数体,161495,166172,1
function_482b20,保留原反编译函数体,161507,166184,1
function_482cb6,保留原反编译函数体,161784,166461,1
function_482cbe,保留原反编译函数体,161793,166470,1
function_482cd0,保留原反编译函数体,161806,166483,1
function_482e90,保留原反编译函数体,162151,166828,1
function_483300,保留原反编译函数体,162871,167548,1
function_483eb0,保留原反编译函数体,166186,170863,1
function_483ef0,保留原反编译函数体,166198,170875,1
function_483f10,保留原反编译函数体,166209,170886,1
function_4840a0,保留原反编译函数体,166647,171324,1
function_4840e0,保留原反编译函数体,166674,171351,1
function_4842c0,保留原反编译函数体,166832,171509,1
function_484300,保留原反编译函数体,166861,171538,1
function_484810,保留原反编译函数体,167884,172561,1
function_484d10,保留原反编译函数体,168083,172760,1
function_484da0,保留原反编译函数体,168109,172786,1
function_484ec0,保留原反编译函数体,168409,173086,1
function_485340,原版即为简单返回／空函数,169318,173995,1
function_485350,保留原反编译函数体,169324,174001,1
function_485480,保留原反编译函数体,169394,174071,1
function_4854a0,保留原反编译函数体,169407,174084,1
function_4855f0,保留原反编译函数体,169554,174231,1
function_485610,保留原反编译函数体,169580,174257,1
function_4857e0,保留原反编译函数体,169745,174422,1
function_486160,保留原反编译函数体,171048,175725,1
function_486190,保留原反编译函数体,171054,175731,1
function_486500,保留原反编译函数体,171522,176199,1
function_486520,保留原反编译函数体,171535,176212,1
function_4865a0,保留原反编译函数体,171596,176273,1
function_486690,保留原反编译函数体,171712,176389,1
function_4866b0,保留原反编译函数体,171732,176409,1
function_4867f0,保留原反编译函数体,171856,176533,1
function_4869d0,保留原反编译函数体,172074,176751,1
function_486a30,保留原反编译函数体,172118,176795,1
function_486c50,保留原反编译函数体,172799,177476,1
function_486d70,保留原反编译函数体,173013,177690,1
function_486dd0,保留原反编译函数体,173054,177731,1
function_486f90,保留原反编译函数体,173312,177989,1
function_487200,保留原反编译函数体,174085,178762,1
function_487260,已修改／替换的非空实现,174129,178806,1
function_487490,保留原反编译函数体,174929,179607,1
function_4874f0,保留原反编译函数体,174973,179651,1
function_487530,保留原反编译函数体,174999,179677,1
function_4876d0,保留原反编译函数体,175215,179893,1
function_487830,保留原反编译函数体,175392,180070,1
function_4879d0,保留原反编译函数体,175792,180470,1
function_4879f0,保留原反编译函数体,175805,180483,1
function_487a10,保留原反编译函数体,175818,180496,1
function_487bd0,保留原反编译函数体,176043,180721,1
function_487e00,保留原反编译函数体,176347,181025,1
function_488020,保留原反编译函数体,176593,181271,1
function_488040,保留原反编译函数体,176599,181277,1
function_488500,保留原反编译函数体,177152,181830,1
function_488550,保留原反编译函数体,177166,181844,1
function_488740,保留原反编译函数体,177361,182039,1
function_488770,保留原反编译函数体,177372,182050,1
function_488980,保留原反编译函数体,177551,182229,1
function_488bb0,保留原反编译函数体,177779,182457,1
function_488be0,保留原反编译函数体,177793,182471,1
function_488c90,已修改／替换的非空实现,177844,182522,1
function_489280,保留原反编译函数体,178668,183348,1
function_489310,保留原反编译函数体,178703,183383,1
function_489600,保留原反编译函数体,178982,183662,1
function_489710,保留原反编译函数体,179083,183763,1
function_4897d0,保留原反编译函数体,179121,183801,1
function_4897f0,保留原反编译函数体,179134,183814,1
function_489850,保留原反编译函数体,179173,183853,1
function_489910,保留原反编译函数体,179229,183909,1
function_489940,保留原反编译函数体,179240,183920,1
function_489a80,保留原反编译函数体,179423,184103,1
function_489b00,保留原反编译函数体,179441,184121,1
function_489c60,保留原反编译函数体,179601,184281,1
function_489de0,保留原反编译函数体,179931,184611,1
function_489e30,保留原反编译函数体,179941,184621,1
function_489e80,原版即为简单返回／空函数,179951,184631,1
function_489e90,保留原反编译函数体,179957,184637,1
function_489ef0,已修改／替换的非空实现,179976,184668,2
function_489f20,保留原反编译函数体,179989,184685,1
function_489f30,简化返回／占位候选，待核对,179998,184720,1
function_489f50,简化返回／占位候选，待核对,180020,184714,1
function_489fa0,已修改／替换的非空实现,180042,184825,1
function_48a0a0,已修改／替换的非空实现,180065,184865,11
function_48a170,已修改／替换的非空实现,180101,188407,1
function_492890,已修改／替换的非空实现,180139,198099,2
function_48a230,已修改／替换的非空实现,180152,188454,1
function_48a2d0,保留原反编译函数体,180194,188484,3
function_48a300,已修改／替换的非空实现,180205,188495,1
function_48a370,保留原反编译函数体,180243,188507,1
function_48a3e0,保留原反编译函数体,180281,188545,1
function_48a400,已修改／替换的非空实现,180289,188553,1
function_48a430,已修改／替换的非空实现,180301,188567,1
function_48a460,已修改／替换的非空实现,180312,188581,1
function_48a480,已修改／替换的非空实现,180318,188588,1
function_48a4f0,已修改／替换的非空实现,180343,188627,1
function_48a530,已修改／替换的非空实现,180363,188637,1
function_48a580,已修改／替换的非空实现,180384,188646,1
function_48a5c0,已修改／替换的非空实现,180404,188655,1
function_48a600,已修改／替换的非空实现,180424,188664,1
function_48a670,已修改／替换的非空实现,180457,188685,1
function_48a690,已修改／替换的非空实现,180463,188696,1
function_48a6b0,已修改／替换的非空实现,180469,188707,1
function_48a720,已修改／替换的非空实现,180489,188736,1
function_48a790,保留原反编译函数体,180517,188759,1
function_48a980,保留原反编译函数体,180632,188878,2
function_48a9e0,保留原反编译函数体,180656,188902,1
function_48aa20,原版即为简单返回／空函数,180668,104189,20
function_48aa30,已修改／替换的非空实现,180674,188920,1
function_48aa50,已修改／替换的非空实现,180680,188926,1
function_48aa60,原版即为简单返回／空函数,180686,188932,1
function_48aa80,已修改／替换的非空实现,180692,188938,1
function_48ab40,已修改／替换的非空实现,180734,122874,3
function_48ab90,已修改／替换的非空实现,180749,188990,1
function_48abe0,保留原反编译函数体,180773,189033,1
function_48ac00,已修改／替换的非空实现,180781,189041,1
function_48ac70,已修改／替换的非空实现,180803,189049,1
function_48acc0,原版即为简单返回／空函数,180834,189056,1
function_48ace0,已修改／替换的非空实现,180840,189062,5
function_48ada0,原版即为简单返回／空函数,180881,189176,1
function_48adb0,已修改／替换的非空实现,180887,189182,2
function_48af30,保留原反编译函数体,180980,189283,1
function_48afa0,保留原反编译函数体,181019,189322,1
function_48b050,已修改／替换的非空实现,181042,189345,1
function_48b160,原版即为简单返回／空函数,181048,189373,1
function_48b180,已修改／替换的非空实现,181054,189379,1
function_48b1a0,保留原反编译函数体,181060,189391,1
function_498a30,保留原反编译函数体,181072,189403,2
function_48b320,保留原反编译函数体,181131,189462,1
function_48b410,保留原反编译函数体,181191,189522,1
function_48b490,已修改／替换的非空实现,181213,104713,6
function_48b510,已修改／替换的非空实现,181235,189602,1
function_48b5a0,保留原反编译函数体,181265,189634,1
function_48b630,已修改／替换的非空实现,181299,189723,2
function_48b840,保留原反编译函数体,181403,189728,1
function_48b870,已修改／替换的非空实现,181417,189742,1
function_48b8b0,保留原反编译函数体,181427,189757,1
function_48b8d0,原版即为简单返回／空函数,181434,189764,1
function_48b8f0,已修改／替换的非空实现,181440,189770,1
function_48b900,原版即为简单返回／空函数,181446,189776,1
function_48b910,原版即为简单返回／空函数,181452,189782,1
function_48b920,保留原反编译函数体,181458,189788,1
function_48b980,保留原反编译函数体,181520,189872,1
function_48b9f0,保留原反编译函数体,181544,189896,1
function_48ba10,原版即为简单返回／空函数,181556,189908,1
function_48ba20,已修改／替换的非空实现,181564,189948,1
function_48bb10,已修改／替换的非空实现,181608,189977,2
function_48bb30,已修改／替换的非空实现,181615,189992,1
function_48bba0,已修改／替换的非空实现,181629,189957,1
function_48bc70,已修改／替换的非空实现,181660,190012,2
function_48bca0,已修改／替换的非空实现,181673,190029,1
function_48bd40,已修改／替换的非空实现,181700,190076,2
function_48bd60,已修改／替换的非空实现,181707,190114,1
function_48be40,已修改／替换的非空实现,181740,190132,2
function_48be70,已修改／替换的非空实现,181755,190152,2
function_48be80,已修改／替换的非空实现,181763,190217,2
function_48bec0,保留原反编译函数体,181770,190232,1
function_48bf50,已修改／替换的非空实现,181797,190260,2
function_48bfe0,已修改／替换的非空实现,181821,190276,1
function_48c080,未找到同名入口，待核对替代,181873,,0
function_48c170,保留原反编译函数体,181944,190385,1
function_48c1c0,已修改／替换的非空实现,181953,190394,1
function_48c1f0,已修改／替换的非空实现,181960,190401,1
function_48c2f0,已修改／替换的非空实现,182007,190448,1
function_48c350,已修改／替换的非空实现,182022,190477,2
function_48c400,已修改／替换的非空实现,182071,190527,1
function_48c580,保留原反编译函数体,182219,190558,1
function_48c620,保留原反编译函数体,182255,190594,2
function_48c690,保留原反编译函数体,182291,190630,2
function_48c700,保留原反编译函数体,182315,190654,3
function_48c780,已修改／替换的非空实现,182351,190690,1
function_48c7f0,保留原反编译函数体,182379,190717,1
function_48c840,已修改／替换的非空实现,182398,104733,7
function_48c890,保留原反编译函数体,182418,104321,21
function_48c910,已修改／替换的非空实现,182452,190801,1
function_48c950,已修改／替换的非空实现,182480,104990,2
function_48ca10,已修改／替换的非空实现,182513,190883,1
function_493cd0,已修改／替换的非空实现,182534,199408,1
function_48cb10,已修改／替换的非空实现,182570,190914,1
function_491880,原版即为简单返回／空函数,182580,190924,2
function_48cc70,已修改／替换的非空实现,182659,191007,1
function_48e520,已修改／替换的非空实现,182714,192787,1
function_48cd50,已修改／替换的非空实现,182724,191073,1
function_48ce70,已修改／替换的非空实现,182791,191174,4
function_48cfa0,已修改／替换的非空实现,182879,191289,1
function_48d0b0,保留原反编译函数体,182942,191311,2
function_48d0f0,保留原反编译函数体,182948,191317,1
function_48d1b0,保留原反编译函数体,183064,191433,1
function_48d220,已修改／替换的非空实现,183099,191468,1
function_48d310,保留原反编译函数体,183188,191557,1
function_48d390,已修改／替换的非空实现,183234,191630,1
function_48d430,保留原反编译函数体,183257,191653,1
function_48d450,保留原反编译函数体,183266,191662,1
function_48d4e0,已修改／替换的非空实现,183290,191686,1
function_48d550,已修改／替换的非空实现,183306,191702,1
function_48d5a0,已修改／替换的非空实现,183316,191712,1
function_48d620,保留原反编译函数体,183345,191741,2
function_48d6d0,保留原反编译函数体,183381,191777,1
function_48d720,已修改／替换的非空实现,183402,191806,2
function_48d770,已修改／替换的非空实现,183412,191821,1
function_48d7e0,已修改／替换的非空实现,183445,191856,1
function_48d850,已修改／替换的非空实现,183466,191877,1
function_48d940,已修改／替换的非空实现,183598,191964,1
function_48d9f0,保留原反编译函数体,183663,191969,1
function_48da60,已修改／替换的非空实现,183710,192016,1
function_48dac0,未找到同名入口，待核对替代,183728,,0
function_48db40,已修改／替换的非空实现,183763,192034,1
function_48dc10,已修改／替换的非空实现,183801,192063,1
function_48dd10,已修改／替换的非空实现,183853,192098,1
function_48dda0,已修改／替换的非空实现,183883,192103,1
function_49ab80,已修改／替换的非空实现,183897,192117,4
function_48de90,已修改／替换的非空实现,183914,192237,1
function_48e030,已修改／替换的非空实现,184015,192376,1
function_48e0e0,保留原反编译函数体,184052,192414,1
function_48e120,保留原反编译函数体,184067,192429,1
function_48e160,保留原反编译函数体,184087,192449,1
function_48e180,保留原反编译函数体,184109,192471,1
function_48e260,保留原反编译函数体,184155,192517,1
function_48e2e0,保留原反编译函数体,184195,192557,1
function_48e460,原版即为简单返回／空函数,184304,192666,1
function_48e480,已修改／替换的非空实现,184310,192672,1
function_48e4a0,已修改／替换的非空实现,184319,192708,2
function_48e4b0,保留原反编译函数体,184326,192723,1
function_48e4d0,保留原反编译函数体,184339,192736,1
function_48e4f0,已修改／替换的非空实现,184357,192772,2
function_48e580,已修改／替换的非空实现,184416,192834,1
function_48e600,已修改／替换的非空实现,184447,192866,1
function_48e640,已修改／替换的非空实现,184481,192913,1
function_48e680,已修改／替换的非空实现,184491,192920,10
function_48e6c0,保留原反编译函数体,184507,192926,1
function_48e6e0,保留原反编译函数体,184514,192933,2
function_48e730,保留原反编译函数体,184532,192951,1
function_48e800,已修改／替换的非空实现,184586,193005,4
function_48e9d0,保留原反编译函数体,184663,193091,1
function_48ee90,保留原反编译函数体,185106,193534,1
function_48ef10,保留原反编译函数体,185142,193570,1
function_48ef70,保留原反编译函数体,185168,193596,1
function_48eff0,保留原反编译函数体,185234,193662,1
function_48f040,保留原反编译函数体,185260,193688,1
function_48f050,保留原反编译函数体,185269,193697,1
function_48f1c0,保留原反编译函数体,185470,193898,1
function_48f240,保留原反编译函数体,185501,193929,1
function_48f280,已修改／替换的非空实现,185513,193941,1
function_48f300,保留原反编译函数体,185580,193958,1
function_48f380,已修改／替换的非空实现,185601,194297,2
function_48fac0,保留原反编译函数体,186312,195013,1
function_48fba0,保留原反编译函数体,186384,195085,1
function_48fc00,保留原反编译函数体,186429,195130,1
function_48fd00,保留原反编译函数体,186522,195223,1
function_48fd70,保留原反编译函数体,186569,195270,1
function_48fdf0,保留原反编译函数体,186632,195333,1
function_48fe70,已修改／替换的非空实现,186685,195409,2
function_48fed0,已修改／替换的非空实现,186729,195430,2
function_48ffd0,已修改／替换的非空实现,186877,195449,1
function_490040,已修改／替换的非空实现,186907,195485,1
function_4900d0,保留原反编译函数体,186926,195512,1
function_490280,保留原反编译函数体,187063,195649,1
function_490320,保留原反编译函数体,187088,195674,1
function_490370,已修改／替换的非空实现,187115,195701,4
function_490630,已修改／替换的非空实现,187359,195706,1
function_4908d0,保留原反编译函数体,187633,195711,1
function_4909e0,已修改／替换的非空实现,187727,195806,1
function_490b20,保留原反编译函数体,187798,195915,1
function_490b50,保留原反编译函数体,187821,195938,1
function_490b60,保留原反编译函数体,187830,195947,1
function_490c40,保留原反编译函数体,187916,196033,1
function_490c80,已修改／替换的非空实现,187933,196050,1
function_490d50,已修改／替换的非空实现,187995,196073,4
function_490d90,保留原反编译函数体,188027,196092,1
function_490fa0,保留原反编译函数体,188208,196273,1
function_490fc0,保留原反编译函数体,188222,196287,1
function_4910c0,已修改／替换的非空实现,188272,196345,2
function_4910e0,已修改／替换的非空实现,188279,196360,1
function_491150,已修改／替换的非空实现,188293,196434,2
function_491230,已修改／替换的非空实现,188329,196443,2
function_491260,已修改／替换的非空实现,188342,196465,1
function_4912e0,已修改／替换的非空实现,188387,196507,1
function_491340,保留原反编译函数体,188423,196529,1
function_491400,已修改／替换的非空实现,188468,196607,1
function_4914a0,已修改／替换的非空实现,188493,196716,1
function_491500,保留原反编译函数体,188550,196721,1
function_4915b0,已修改／替换的非空实现,188585,196756,3
function_4916a0,已修改／替换的非空实现,188643,196804,1
function_491760,已修改／替换的非空实现,188748,196909,1
function_4917b0,已修改／替换的非空实现,188785,196914,1
function_491820,已修改／替换的非空实现,188869,196919,1
function_491870,已修改／替换的非空实现,188904,196929,1
function_4918a0,已修改／替换的非空实现,188920,196943,1
function_4918b0,保留原反编译函数体,188927,196948,1
function_491910,已修改／替换的非空实现,188993,197069,2
function_4919b0,已修改／替换的非空实现,189033,197127,2
function_491a50,保留原反编译函数体,189072,197144,1
function_491bf0,保留原反编译函数体,189164,197236,1
function_491c10,保留原反编译函数体,189173,197245,1
function_491de0,保留原反编译函数体,189325,197397,1
function_491f30,保留原反编译函数体,189377,197449,1
function_491fe0,已修改／替换的非空实现,189396,197468,1
function_4920a0,已修改／替换的非空实现,189455,197604,1
function_497850,保留原反编译函数体,189664,197814,4
function_492370,已修改／替换的非空实现,189712,197862,1
function_492440,已修改／替换的非空实现,189761,197919,1
function_492640,已修改／替换的非空实现,189932,197984,1
function_4927b0,保留原反编译函数体,190001,198032,1
function_492a80,已修改／替换的非空实现,190155,198118,1
function_492c90,保留原反编译函数体,190271,198217,1
function_492d00,已修改／替换的非空实现,190296,198242,1
function_492dc0,已修改／替换的非空实现,190330,198257,1
function_492ed0,已修改／替换的非空实现,190383,198742,1
function_493310,已修改／替换的非空实现,190657,199003,1
function_493710,已修改／替换的非空实现,190899,199082,2
function_493a40,已修改／替换的非空实现,191129,199214,1
function_493e70,已修改／替换的非空实现,191387,199653,1
function_4940f0,保留原反编译函数体,191544,199660,1
function_494120,已修改／替换的非空实现,191557,199673,1
function_4944b0,已修改／替换的非空实现,191807,200165,1
function_494710,已修改／替换的非空实现,192064,200170,1
function_494770,已修改／替换的非空实现,192100,200183,1
function_4948a0,已修改／替换的非空实现,192168,200260,4
function_494990,已修改／替换的非空实现,192252,200433,1
function_494bf0,已修改／替换的非空实现,192418,200605,1
function_494da0,已修改／替换的非空实现,192533,200695,1
function_4950c0,已修改／替换的非空实现,192747,200918,1
function_495360,已修改／替换的非空实现,192990,201799,1
function_497680,已修改／替换的非空实现,195860,206643,1
function_497940,保留原反编译函数体,195989,206700,1
function_497990,已修改／替换的非空实现,196018,206731,2
function_497a00,已修改／替换的非空实现,196074,206750,3
function_497b10,已修改／替换的非空实现,196207,206775,2
function_497d30,保留原反编译函数体,196482,206794,1
function_497e30,已修改／替换的非空实现,196551,206865,2
function_497f10,已修改／替换的非空实现,196679,206887,2
function_497fd0,保留原反编译函数体,196780,206905,1
function_497ff0,保留原反编译函数体,196789,206914,1
function_498080,已修改／替换的非空实现,196822,206954,2
function_4980a0,已修改／替换的非空实现,196829,206974,2
function_4981e0,已修改／替换的非空实现,196961,206993,2
function_498200,已修改／替换的非空实现,196970,207010,2
function_4982f0,已修改／替换的非空实现,197033,207029,2
function_498320,已修改／替换的非空实现,197046,207048,2
function_498440,已修改／替换的非空实现,197182,207067,2
function_498580,已修改／替换的非空实现,197256,207082,1
function_498590,已修改／替换的非空实现,197262,207088,1
function_4985b0,已修改／替换的非空实现,197268,207101,1
function_4985d0,已修改／替换的非空实现,197275,207108,1
function_498690,保留原反编译函数体,197317,207126,1
function_4986b0,保留原反编译函数体,197342,207151,1
function_498730,保留原反编译函数体,197384,207193,1
function_498770,保留原反编译函数体,197400,207209,1
function_4987a0,保留原反编译函数体,197425,207285,1
function_4988e0,保留原反编译函数体,197469,207329,1
function_498b60,保留原反编译函数体,197603,207463,1
function_498c20,已修改／替换的非空实现,197676,207568,2
function_498c60,保留原反编译函数体,197691,207587,1
function_498d30,已修改／替换的非空实现,197759,207797,2
function_498da0,已修改／替换的非空实现,197855,207862,2
function_498e30,已修改／替换的非空实现,197881,207934,2
function_498e90,保留原反编译函数体,197919,207957,1
function_498f50,已修改／替换的非空实现,197996,208034,1
function_499080,已修改／替换的非空实现,198122,208085,1
function_499130,已修改／替换的非空实现,198152,208175,2
function_4992c0,已修改／替换的非空实现,198217,208189,1
function_499380,已修改／替换的非空实现,198246,208226,2
function_4993b0,已修改／替换的非空实现,198253,208283,1
function_49a000,已修改／替换的非空实现,198307,208862,1
function_499610,保留原反编译函数体,198364,208403,1
function_4996c0,已修改／替换的非空实现,198401,208441,2
function_4996f0,已修改／替换的非空实现,198414,208460,1
function_499800,已修改／替换的非空实现,198469,208488,1
function_499940,已修改／替换的非空实现,198549,208235,2
function_499970,已修改／替换的非空实现,198562,208552,2
function_499a20,已修改／替换的非空实现,198612,208588,1
function_499b00,已修改／替换的非空实现,198658,208617,1
function_499b50,已修改／替换的非空实现,198692,208629,1
function_499ca0,已修改／替换的非空实现,198738,208684,1
function_499d30,已修改／替换的非空实现,198759,208727,1
function_499df0,已修改／替换的非空实现,198790,208752,1
function_499f80,已修改／替换的非空实现,198976,208823,1
function_499fd0,保留原反编译函数体,199004,208848,1
function_49a0c0,保留原反编译函数体,199046,208890,1
function_49a140,保留原反编译函数体,199116,208960,1
function_49a170,保留原反编译函数体,199132,208976,1
function_49a1b0,已修改／替换的非空实现,199156,209000,1
function_49a220,保留原反编译函数体,199185,209054,1
function_49a280,保留原反编译函数体,199265,209151,1
function_49a2a0,保留原反编译函数体,199272,209158,1
function_49a2e0,保留原反编译函数体,199314,209200,1
function_49a360,保留原反编译函数体,199345,209231,1
function_49a3e0,保留原反编译函数体,199391,209293,1
function_49a400,保留原反编译函数体,199400,209302,1
function_49a430,保留原反编译函数体,199411,209313,1
function_49a4b0,保留原反编译函数体,199475,209377,1
function_49a520,已修改／替换的非空实现,199523,209910,1
function_49a670,保留原反编译函数体,199576,209919,1
function_49a680,保留原反编译函数体,199584,209927,1
function_49a790,保留原反编译函数体,199713,210056,1
function_49a8c0,保留原反编译函数体,199837,210180,1
function_49a8e0,已修改／替换的非空实现,199846,210189,1
function_49aa40,保留原反编译函数体,200063,210408,1
function_49aaa0,保留原反编译函数体,200090,210435,1
function_49ad60,已修改／替换的非空实现,200313,210798,1
function_49af80,已修改／替换的非空实现,200458,211099,1
function_49c350,未找到同名入口，待核对替代,201361,,0
function_49c9e0,保留原反编译函数体,201757,212400,1
function_49ca00,保留原反编译函数体,201768,212411,1
function_49cb20,保留原反编译函数体,201831,212474,1
function_49cb60,已修改／替换的非空实现,201837,212480,1
function_49cbb0,保留原反编译函数体,201878,212516,1
function_49cc80,保留原反编译函数体,201952,212590,1
function_49cce0,保留原反编译函数体,201962,212600,1
function_49cdf0,保留原反编译函数体,201982,212620,1
function_49ce50,保留原反编译函数体,201994,212632,1
function_49cf80,保留原反编译函数体,202202,212840,1
function_49d110,保留原反编译函数体,202298,212936,5
function_49d190,保留原反编译函数体,202354,212992,1
function_49d230,保留原反编译函数体,202391,213029,1
function_49d450,保留原反编译函数体,202613,213251,1
function_49d600,保留原反编译函数体,202680,213318,1
function_49d680,保留原反编译函数体,202696,213334,1
function_49d6c0,保留原反编译函数体,202736,213374,1
function_49d700,保留原反编译函数体,202776,213414,1
function_49d790,已修改／替换的非空实现,202806,213444,1
function_49d8a0,保留原反编译函数体,202844,213487,1
function_49d970,保留原反编译函数体,202896,213539,1
function_49da60,已修改／替换的非空实现,202928,213571,1
function_49ddd0,保留原反编译函数体,203253,213896,1
function_49e080,保留原反编译函数体,203271,213914,1
function_49e290,保留原反编译函数体,203376,214019,1
function_49e300,保留原反编译函数体,203389,214032,1
function_49e3f0,保留原反编译函数体,203457,214100,1
function_4a4b30,保留原反编译函数体,203820,214463,3
function_4a46d0,保留原反编译函数体,203858,214501,2
function_49ec10,保留原反编译函数体,203974,214617,1
function_49ef30,保留原反编译函数体,204249,214892,1
function_49f060,保留原反编译函数体,204348,214991,1
function_49f0e0,保留原反编译函数体,204384,215027,1
function_49f200,保留原反编译函数体,204464,215107,1
function_49f4f0,保留原反编译函数体,204601,215244,1
function_49f560,保留原反编译函数体,204642,215285,1
function_49f5d0,保留原反编译函数体,204683,215326,1
function_49f640,保留原反编译函数体,204724,215367,1
function_49f7e0,保留原反编译函数体,204833,215476,1
function_49f8d0,保留原反编译函数体,204881,215524,1
function_49fbb0,保留原反编译函数体,205087,215730,1
function_49fc80,保留原反编译函数体,205167,215810,1
function_49ffe0,保留原反编译函数体,205348,215991,1
function_4a0030,保留原反编译函数体,205374,216017,1
function_4a01f0,保留原反编译函数体,205562,216205,1
function_4a0410,保留原反编译函数体,205703,216346,1
function_4a0620,保留原反编译函数体,205841,216484,1
function_4a0a00,保留原反编译函数体,206172,216815,1
function_4a0c80,已修改／替换的非空实现,206388,217031,1
function_4a1230,已修改／替换的非空实现,206722,217365,1
function_4a15b0,已修改／替换的非空实现,206910,217562,1
function_4a16a0,已修改／替换的非空实现,206933,217615,3
function_4a1760,原版即为简单返回／空函数,206995,217622,1
function_4a1770,保留原反编译函数体,207001,217628,1
function_4a1790,保留原反编译函数体,207009,217636,1
function_4a17b0,保留原反编译函数体,207016,217643,1
function_4a17d0,保留原反编译函数体,207023,217650,1
function_4a1810,保留原反编译函数体,207035,217662,1
function_4a1850,保留原反编译函数体,207047,217674,1
function_4a1870,保留原反编译函数体,207054,217681,1
function_4a1890,保留原反编译函数体,207061,217688,1
function_4a18c0,已修改／替换的非空实现,207068,217695,1
function_4a1a00,保留原反编译函数体,207157,217738,1
function_4a1a40,已修改／替换的非空实现,207168,217880,1
function_4a1b40,保留原反编译函数体,207236,217886,1
function_4a1b90,保留原反编译函数体,207244,217894,1
function_4a1c10,保留原反编译函数体,207261,217911,1
function_4a1c60,原版即为简单返回／空函数,207270,217920,1
function_4a1c70,保留原反编译函数体,207276,217926,1
function_4a1d20,已修改／替换的非空实现,207295,217945,1
function_4a1e20,已修改／替换的非空实现,207414,217997,1
function_4a1eb0,已修改／替换的非空实现,207430,218127,1
function_4a2120,已修改／替换的非空实现,207531,218132,1
function_4a2360,保留原反编译函数体,207643,218137,1
function_4a2380,保留原反编译函数体,207650,218144,1
function_4a23a0,原版即为简单返回／空函数,207657,218151,1
function_4a23c0,保留原反编译函数体,207663,218157,1
function_4a2480,保留原反编译函数体,207694,218188,1
function_4a24a0,保留原反编译函数体,207700,218194,1
function_4a24e0,原版即为简单返回／空函数,207713,218207,1
function_4a2500,保留原反编译函数体,207719,218213,1
function_4a2520,原版即为简单返回／空函数,207725,218219,1
function_4a2540,保留原反编译函数体,207731,218225,1
function_4a2580,原版即为简单返回／空函数,207740,218234,1
function_4a25a0,已修改／替换的非空实现,207746,218240,1
function_4a25c0,已修改／替换的非空实现,207752,218245,3
function_4a2670,已修改／替换的非空实现,207778,218267,1
function_4a27d0,保留原反编译函数体,207822,218333,1
function_4a2890,保留原反编译函数体,207851,218362,1
function_4a2990,保留原反编译函数体,207901,218412,1
function_4a2a90,已修改／替换的非空实现,207951,218462,1
function_4a2ac0,已修改／替换的非空实现,207958,218468,1
function_4a2af0,保留原反编译函数体,207965,218474,1
function_4a2b10,保留原反编译函数体,207971,218480,1
function_4a2c80,保留原反编译函数体,208025,218534,1
function_4a2df0,保留原反编译函数体,208115,218624,1
function_4a2fa0,保留原反编译函数体,208198,218707,1
function_4a3030,保留原反编译函数体,208224,218733,1
function_4a3050,保留原反编译函数体,208230,218739,1
function_4a3070,保留原反编译函数体,208236,218745,1
function_4a3090,保留原反编译函数体,208242,218751,1
function_4a30b0,保留原反编译函数体,208248,218757,1
function_4a30d0,已修改／替换的非空实现,208254,218763,1
function_4a3120,已修改／替换的非空实现,208267,218770,1
function_4a3530,已修改／替换的非空实现,208676,218823,1
function_4a35a0,保留原反编译函数体,208694,218843,1
function_4a3610,原版即为简单返回／空函数,208731,218880,1
function_4a3630,原版即为简单返回／空函数,208737,218886,1
function_4a3650,保留原反编译函数体,208743,218892,1
function_4a36d0,已修改／替换的非空实现,208769,218918,1
function_4a3840,已修改／替换的非空实现,208851,218923,1
function_4a3a50,已修改／替换的非空实现,208986,219002,1
function_4a41a0,已修改／替换的非空实现,209448,219464,1
function_4a4300,已修改／替换的非空实现,209526,219542,1
function_4a4450,已修改／替换的非空实现,209603,219620,1
function_4a4520,已修改／替换的非空实现,209645,219649,1
function_4a4540,已修改／替换的非空实现,209652,219655,1
function_4a47e0,已修改／替换的非空实现,209772,219743,1
function_4a48c0,已修改／替换的非空实现,209799,219768,1
function_4a49c0,保留原反编译函数体,209840,219796,1
function_4a49e0,保留原反编译函数体,209852,219808,1
function_4a4a40,已修改／替换的非空实现,209862,219818,1
function_4a4a80,已修改／替换的非空实现,209875,219833,1
function_4a4af0,已修改／替换的非空实现,209911,219871,1
function_4a4b00,已修改／替换的非空实现,209919,219881,1
function_4a4b80,已修改／替换的非空实现,209969,219935,1
function_4a4bc0,已修改／替换的非空实现,209996,219964,1
function_4a5030,已修改／替换的非空实现,210369,220339,1
function_4a5070,已修改／替换的非空实现,210380,220367,1
function_4a50d0,已修改／替换的非空实现,210446,220394,1
function_4a51b0,已修改／替换的非空实现,210490,220433,1
function_4a5270,已修改／替换的非空实现,210567,220460,1
function_4a5320,已修改／替换的非空实现,210598,220496,1
function_4a5390,已修改／替换的非空实现,210626,220533,1
function_4a55f0,已修改／替换的非空实现,210751,220583,1
function_4a5680,保留原反编译函数体,210781,220608,1
function_4a56d0,保留原反编译函数体,210797,220624,1
function_4a57b0,已修改／替换的非空实现,210833,220793,1
function_4a58b0,已修改／替换的非空实现,210966,220899,1
function_4a5960,保留原反编译函数体,210996,220904,1
function_4a5ba0,已修改／替换的非空实现,211157,221087,1
function_4a5c30,保留原反编译函数体,211188,221093,1
function_4a5eb0,已修改／替换的非空实现,211468,221458,1
function_4a5fa0,已修改／替换的非空实现,211518,221610,1
function_4a6200,已修改／替换的非空实现,211624,221666,1
function_4a6270,已修改／替换的非空实现,211655,221671,1
function_4a6290,已修改／替换的非空实现,211662,221681,1
function_4a62d0,保留原反编译函数体,211677,221700,1
function_4a6470,已修改／替换的非空实现,211758,221781,1
function_4a64e0,已修改／替换的非空实现,211816,221841,1
function_4a65e0,保留原反编译函数体,211849,221876,1
function_4a6650,保留原反编译函数体,211919,221946,1
function_4a6680,原版即为简单返回／空函数,211951,221978,4
function_4a66a0,保留原反编译函数体,211957,221984,1
function_4a66e0,原版即为简单返回／空函数,212005,222032,1
function_4a6700,保留原反编译函数体,212011,222038,1
function_4a6720,已修改／替换的非空实现,212023,222050,1
function_4a6730,已修改／替换的非空实现,212033,222062,1
function_4a67a0,已修改／替换的非空实现,212048,222081,1
function_4a7b10,已修改／替换的非空实现,212955,222992,1
function_4a7b70,已修改／替换的非空实现,212982,223022,1
function_4a8060,已修改／替换的非空实现,213372,223417,1
function_4a8470,已修改／替换的非空实现,213805,223861,1
function_4a8540,已修改／替换的非空实现,213882,223941,1
function_4a8c50,已修改／替换的非空实现,214329,224390,1
function_4a8c90,已修改／替换的非空实现,214348,224405,1
function_4a8cc0,已修改／替换的非空实现,214356,224418,1
function_4a8d60,未找到同名入口，待核对替代,214382,,0
function_4a8db0,已修改／替换的非空实现,214404,224462,1
function_4a8ea0,已修改／替换的非空实现,214476,224531,1
function_4a8f90,已修改／替换的非空实现,214515,224570,1
function_4a90c0,已修改／替换的非空实现,214561,224616,1
function_4a91c0,已修改／替换的非空实现,214597,224622,1
function_4a9250,已修改／替换的非空实现,214609,224634,1
function_4a92e0,已修改／替换的非空实现,214621,224647,1
function_4a9370,已修改／替换的非空实现,214633,224653,1
function_4a9490,保留原反编译函数体,214721,224741,1
function_4a9500,已修改／替换的非空实现,214745,224773,1
function_4a9540,保留原反编译函数体,214759,224791,1
function_4a9570,已修改／替换的非空实现,214771,224830,1
function_4a95c0,保留原反编译函数体,214795,224835,1
function_4a9600,保留原反编译函数体,214807,224847,1
function_4a9660,已修改／替换的非空实现,214825,224865,1
function_4a96c0,保留原反编译函数体,214838,224882,1
function_4a9730,保留原反编译函数体,214871,224897,1
function_4a97b0,已修改／替换的非空实现,214884,224910,1
function_4a9840,保留原反编译函数体,214900,224940,1
function_4a98d0,保留原反编译函数体,214915,224955,1
function_4a9950,已修改／替换的非空实现,214928,224968,1
function_4a99f0,已修改／替换的非空实现,214945,225005,1
function_4a9a40,已修改／替换的非空实现,214965,225024,1
function_4a9ac0,已修改／替换的非空实现,214983,225049,1
function_4a9b40,已修改／替换的非空实现,215001,225074,1
function_4a9bb0,保留原反编译函数体,215018,225097,1
function_4a9c10,保留原反编译函数体,215033,225112,1
function_4a9d30,保留原反编译函数体,215078,225157,1
function_4a9d50,原版即为简单返回／空函数,215085,225189,1
function_4a9d70,简化返回／占位候选，待核对,215093,225197,1
function_4a9dc0,保留原反编译函数体,215118,225212,1
function_4a9e30,已修改／替换的非空实现,215133,225227,1
function_4a9f60,已修改／替换的非空实现,215186,225232,1
function_4aa000,保留原反编译函数体,215211,225257,1
function_4aa110,已修改／替换的非空实现,215248,225361,2
function_4aa210,已修改／替换的非空实现,215288,225399,1
function_4aa2d0,保留原反编译函数体,215315,225407,1
function_4aa3a0,已修改／替换的非空实现,215341,225433,1
function_4aa470,保留原反编译函数体,215366,225458,1
function_4aa490,已修改／替换的非空实现,215374,225466,1
function_4aa4b0,保留原反编译函数体,215382,225478,1
function_4aa4d0,保留原反编译函数体,215390,225486,1
function_4aa4f0,保留原反编译函数体,215398,225494,1
function_4aa540,已修改／替换的非空实现,215429,186939,2
function_4aa5e0,已修改／替换的非空实现,215457,225556,1
function_4aa750,保留原反编译函数体,215525,225599,1
function_4aa970,保留原反编译函数体,215625,225699,1
function_4ab170,原版即为简单返回／空函数,215747,225821,2
function_4aab60,已修改／替换的非空实现,215822,226184,1
function_4aabd0,已修改／替换的非空实现,215839,226204,1
function_4aac40,保留原反编译函数体,215856,226228,1
function_4aaf30,已修改／替换的非空实现,216142,226514,1
function_4aafa0,已修改／替换的非空实现,216159,226532,1
function_4ab010,原版即为简单返回／空函数,216180,226554,1
function_4ab020,已修改／替换的非空实现,216186,226560,1
function_4ab302,保留原反编译函数体,216311,226684,1
function_4ab330,保留原反编译函数体,216318,226691,1
function_4ab3e4,保留原反编译函数体,216325,226698,1
function_4ab4a9,保留原反编译函数体,216341,226714,1
function_4ab701,原版即为简单返回／空函数,216355,226728,1
function_4ab704,保留原反编译函数体,216361,226734,1
function_4ab92d,保留原反编译函数体,216380,226753,1
function_4ab9d0,保留原反编译函数体,216435,226808,1
function_4ab9d9,保留原反编译函数体,216442,226815,1
function_4abc67,原版即为简单返回／空函数,216449,226822,1
function_4abca1,保留原反编译函数体,216457,226830,1
function_4ac8b2,保留原反编译函数体,216476,226849,1
function_4ac9e3,原版即为简单返回／空函数,216483,226856,1
function_4ac9e5,保留原反编译函数体,216489,226862,1
function_4aca13,保留原反编译函数体,216499,226872,1
function_4aca90,原版即为简单返回／空函数,216514,226887,1
function_4aca9a,原版即为简单返回／空函数,216520,226893,1
function_4ad000,保留原反编译函数体,216561,226934,1
function_4ad02e,原版即为简单返回／空函数,216577,226950,1
function_4ad16b,保留原反编译函数体,216583,226956,1
function_4ad2c0,保留原反编译函数体,216590,226963,1
function_4ad562,原版即为简单返回／空函数,216597,226970,1
function_4ad624,保留原反编译函数体,216603,226976,1
function_4ad7f2,保留原反编译函数体,216730,227103,1
function_4ad8af,保留原反编译函数体,216746,227119,1
function_4ade56,保留原反编译函数体,216795,227168,1
function_4adf39,保留原反编译函数体,216802,227175,1
function_4ae181,保留原反编译函数体,216809,227182,1
function_4ae2a4,保留原反编译函数体,216816,227189,1
function_4ae55b,保留原反编译函数体,216823,227196,1
function_4ae565,保留原反编译函数体,216830,227203,1
function_4ae567,保留原反编译函数体,216837,227210,1
function_4aecbb,保留原反编译函数体,216856,227229,1
function_4aecca,原版即为简单返回／空函数,216869,227242,1
function_4aece1,保留原反编译函数体,216875,227248,1
function_4aecf7,保留原反编译函数体,216882,227255,1
function_4aed07,保留原反编译函数体,216896,227269,1
function_4aed16,保留原反编译函数体,216910,227283,1
function_4aee9f,保留原反编译函数体,216917,227290,1
function_4aef60,原版即为简单返回／空函数,216991,227364,1
function_4aef74,保留原反编译函数体,216997,227370,1
function_4af0cd,保留原反编译函数体,217010,227383,1
function_4af0e0,保留原反编译函数体,217017,227390,2
function_4af520,保留原反编译函数体,217060,227433,1
function_4afd36,保留原反编译函数体,217155,227528,1
function_4aff32,保留原反编译函数体,217162,227535,1
function_4aff46,保留原反编译函数体,217170,227543,1
function_4b005d,原版即为简单返回／空函数,217179,227552,1
function_4b0548,原版即为简单返回／空函数,217192,227565,1
function_4b07d6,保留原反编译函数体,217212,227585,1
function_4b0978,保留原反编译函数体,217220,227593,1
function_4b0a1a,保留原反编译函数体,217234,227607,1
function_4b0b09,保留原反编译函数体,217241,227614,1
function_4b0bba,原版即为简单返回／空函数,217249,227622,1
function_4b0bc3,保留原反编译函数体,217255,227628,1
function_4b0c29,保留原反编译函数体,217299,227672,1
function_4b0c45,保留原反编译函数体,217309,227682,1
function_4b0c50,保留原反编译函数体,217318,227691,1
function_4b0eca,原版即为简单返回／空函数,217345,227718,1
function_4b15e9,原版即为简单返回／空函数,217363,227736,1
function_4b15f2,原版即为简单返回／空函数,217369,227742,1
function_4b17a8,原版即为简单返回／空函数,217375,227748,1
function_4b17b4,原版即为简单返回／空函数,217381,227754,1
function_4b26a3,原版即为简单返回／空函数,217387,227760,1
function_4b26ad,原版即为简单返回／空函数,217393,227766,1
function_4b26b4,保留原反编译函数体,217399,227772,1
function_4b26bb,保留原反编译函数体,217406,227779,1
function_4b26c2,保留原反编译函数体,217413,227786,1
function_4b26ed,保留原反编译函数体,217428,227801,1
function_4b2717,保留原反编译函数体,217437,227810,1
function_4b2756,保留原反编译函数体,217454,227827,1
function_4b2758,保留原反编译函数体,217461,227834,1
function_4b275d,保留原反编译函数体,217468,227841,1
function_4b2769,保留原反编译函数体,217475,227848,1
function_4b2773,保留原反编译函数体,217483,227856,1
function_4b28b5,保留原反编译函数体,217497,227870,1
function_4b41ca,已修改／替换的非空实现,217511,227884,1
function_4b4aa0,保留原反编译函数体,217518,227891,1
function_4b4aa9,保留原反编译函数体,217525,227898,1
function_4b4ab2,原版即为简单返回／空函数,217532,227905,1
function_4b4acb,保留原反编译函数体,217538,227911,1
function_4b4adc,保留原反编译函数体,217547,227920,1
function_4b4b0c,保留原反编译函数体,217562,227935,1
function_4b4b15,保留原反编译函数体,217569,227942,1
function_4b4b31,原版即为简单返回／空函数,217576,227949,1
function_4b4b38,保留原反编译函数体,217582,227955,1
function_4b4c0c,保留原反编译函数体,217589,227962,1
function_4b4c13,保留原反编译函数体,217598,227971,1
function_4b5d4f,原版即为简单返回／空函数,217796,228169,1
function_4b611e,原版即为简单返回／空函数,217802,228175,1
function_4b6127,保留原反编译函数体,217808,228181,1
function_4b64a2,原版即为简单返回／空函数,217815,228188,1
function_4b71fc,原版即为简单返回／空函数,217821,228194,1
function_4b7208,原版即为简单返回／空函数,217827,228200,1
function_4b7dea,原版即为简单返回／空函数,217833,228206,1
function_4b7df6,原版即为简单返回／空函数,217839,228212,1
function_4b7dff,保留原反编译函数体,217845,228218,1
function_4b7e01,保留原反编译函数体,217852,228225,1
function_4b7e27,保留原反编译函数体,217860,228233,1
function_4b8c20,保留原反编译函数体,218552,228925,1
function_4b8db1,原版即为简单返回／空函数,218561,228934,2
function_4b8c88,保留原反编译函数体,218570,228943,1
function_4b8c9a,保留原反编译函数体,218578,228951,1
function_4b8cb4,保留原反编译函数体,218587,228960,1
function_4b8cc4,保留原反编译函数体,218595,228968,1
function_4b8d20,保留原反编译函数体,218607,228980,1
function_4b8d4f,保留原反编译函数体,218623,228996,1
function_4b8d61,保留原反编译函数体,218631,229004,1
function_4b8d6e,保留原反编译函数体,218638,229011,1
function_4b8de5,保留原反编译函数体,218689,229062,1
function_4b923b,原版即为简单返回／空函数,218835,229208,1
function_4b9403,保留原反编译函数体,218841,229214,1
function_4b9589,保留原反编译函数体,218848,229221,1
function_4b9714,保留原反编译函数体,218855,229228,1
function_4b9743,原版即为简单返回／空函数,218863,229236,1
function_4b9795,保留原反编译函数体,218869,229242,1
function_4b9f6f,保留原反编译函数体,218882,229255,1
function_4ba421,原版即为简单返回／空函数,218901,229274,1
function_4ba523,原版即为简单返回／空函数,218907,229280,1
function_4ba52c,保留原反编译函数体,218913,229286,1
function_4ba5e1,原版即为简单返回／空函数,218925,229298,1
function_4badb3,保留原反编译函数体,218931,229304,1
function_4bb17c,原版即为简单返回／空函数,218938,229311,1
function_4bb266,保留原反编译函数体,218944,229317,1
function_4bb518,原版即为简单返回／空函数,218951,229324,1
function_4bb71d,保留原反编译函数体,218963,229336,1
function_4bb72c,保留原反编译函数体,218976,229349,1
function_4bb730,保留原反编译函数体,218983,229356,1
function_4bbf40,保留原反编译函数体,219241,229614,1
function_4bbf75,保留原反编译函数体,219255,229628,1
function_4bbf90,保留原反编译函数体,219263,229636,1
function_4bc177,保留原反编译函数体,219271,229644,1
function_4bcadf,保留原反编译函数体,219286,229659,1
function_4bcae6,保留原反编译函数体,219293,229666,1
function_4bcd8c,保留原反编译函数体,219300,229673,1
function_4c1f83,原版即为简单返回／空函数,219313,229686,1
function_4c205d,保留原反编译函数体,219319,229692,1
function_4c2086,原版即为简单返回／空函数,219326,229699,1
function_4c29d8,保留原反编译函数体,219332,229705,1
function_4c3cd4,保留原反编译函数体,219359,229732,1
function_4c3d09,保留原反编译函数体,219368,229741,1
function_4c3d28,保留原反编译函数体,219385,229758,1
function_4c3d2c,保留原反编译函数体,219394,229767,1
function_4c3d30,原版即为简单返回／空函数,219401,229774,1
function_4c3ee0,原版即为简单返回／空函数,219407,229780,1
function_4c427a,保留原反编译函数体,219413,229786,1
function_4c4283,保留原反编译函数体,219420,229793,1
function_4c47f4,原版即为简单返回／空函数,219427,229800,1
function_4c4a04,原版即为简单返回／空函数,219433,229806,1
function_4c4b00,原版即为简单返回／空函数,219439,229812,1
function_4c4b10,原版即为简单返回／空函数,219445,229818,1
function_4c4b20,原版即为简单返回／空函数,219451,229824,1
function_4c4b30,原版即为简单返回／空函数,219457,229830,1
function_4c4c50,保留原反编译函数体,219485,229858,1
function_4c4c80,保留原反编译函数体,219495,229868,1
function_4c4cf0,保留原反编译函数体,219513,229886,1
function_4c4d40,保留原反编译函数体,219542,229915,1
function_4c4df0,保留原反编译函数体,219602,229975,1
function_4c4e20,保留原反编译函数体,219618,229991,1
function_4c4e70,保留原反编译函数体,219636,230009,1
function_4c4e90,保留原反编译函数体,219646,230019,1
function_4c4ec0,保留原反编译函数体,219663,230036,1
function_4c4f40,保留原反编译函数体,219700,230073,1
function_4c4f60,保留原反编译函数体,219713,230086,1
function_4c50b0,保留原反编译函数体,219813,230186,1
function_4c53a0,保留原反编译函数体,220025,230398,1
function_4c53c0,保留原反编译函数体,220036,230409,1
function_4c5410,保留原反编译函数体,220055,230428,1
function_4c5430,原版即为简单返回／空函数,220063,230436,1
function_4c5450,保留原反编译函数体,220069,230442,1
function_4c5580,原版即为简单返回／空函数,220155,230528,1
function_4c55a0,保留原反编译函数体,220161,230534,1
function_4c55e0,保留原反编译函数体,220183,230556,1
function_4c56e0,保留原反编译函数体,220243,230616,1
function_4c5700,保留原反编译函数体,220255,230628,1
function_4c5730,保留原反编译函数体,220267,230640,1
function_4c5760,保留原反编译函数体,220280,230653,1
function_4c5810,保留原反编译函数体,220321,230694,1
function_4c5910,保留原反编译函数体,220398,230771,1
function_4c5930,已修改／替换的非空实现,220404,230780,1
function_4c5bc0,已修改／替换的非空实现,220721,230834,1
function_4c5c40,已修改／替换的非空实现,220739,230848,1
function_4c5c80,已修改／替换的非空实现,220745,230857,1
function_4c5cb0,保留原反编译函数体,220753,230864,1
function_4c5e30,保留原反编译函数体,220884,230995,1
function_4c60fc,保留原反编译函数体,221026,231137,1
function_4c6160,保留原反编译函数体,221081,231192,1
function_4c6190,保留原反编译函数体,221121,231232,1
function_4c61f0,保留原反编译函数体,221134,231245,1
function_4c6230,保留原反编译函数体,221144,231255,1
function_4c6280,保留原反编译函数体,221157,231268,1
function_4c6340,保留原反编译函数体,221205,231316,1
function_4c6360,保留原反编译函数体,221212,231323,1
function_4c63d0,已修改／替换的非空实现,221229,231356,1
function_4c6430,已修改／替换的非空实现,221242,231364,1
function_4c64d0,已修改／替换的非空实现,221267,231389,1
function_4c65b0,保留原反编译函数体,221328,231437,1
function_4c65f0,保留原反编译函数体,221336,231445,1
function_4c6650,保留原反编译函数体,221353,231462,1
function_4c6670,已修改／替换的非空实现,221360,231470,1
function_4c6780,保留原反编译函数体,221495,231480,1
function_4c67d0,保留原反编译函数体,221508,231493,1
function_4c67f0,保留原反编译函数体,221515,231500,1
function_4c6820,已修改／替换的非空实现,221525,231518,1
function_4c6860,已修改／替换的非空实现,221536,231526,1
function_4c68a0,已修改／替换的非空实现,221545,231535,1
function_4c68e0,已修改／替换的非空实现,221556,231549,1
function_4c6920,已修改／替换的非空实现,221567,231563,1
function_4c6960,已修改／替换的非空实现,221578,231571,1
function_4c69a0,已修改／替换的非空实现,221589,231579,1
function_4c69e0,已修改／替换的非空实现,221600,231587,1
function_4c6a20,已修改／替换的非空实现,221611,231595,1
function_4c6a60,已修改／替换的非空实现,221622,231603,1
function_4c6aa0,已修改／替换的非空实现,221633,231611,1
function_4c6af0,已修改／替换的非空实现,221646,231620,1
function_4c6b40,已修改／替换的非空实现,221659,231629,1
function_4c6b90,已修改／替换的非空实现,221668,231638,1
function_4c6be0,已修改／替换的非空实现,221677,231647,1
function_4c6c20,已修改／替换的非空实现,221688,231655,1
function_4c6d00,保留原反编译函数体,221791,231667,2
function_4c6d80,保留原反编译函数体,221825,231701,1
function_4c6df0,保留原反编译函数体,221843,231719,1
function_4c6e20,保留原反编译函数体,221853,231729,1
function_4c6e40,保留原反编译函数体,221863,231739,1
function_4c6ec0,保留原反编译函数体,221894,231770,1
function_4c6f40,保留原反编译函数体,221925,231801,1
function_4c6fe0,保留原反编译函数体,221947,231823,1
function_4c7070,保留原反编译函数体,221966,231842,1
function_4c7130,保留原反编译函数体,221996,231872,1
function_4c7150,保留原反编译函数体,222003,231879,1
function_4c7180,保留原反编译函数体,222013,231889,1
function_4c71b0,保留原反编译函数体,222022,231898,1
function_4c71f0,保留原反编译函数体,222033,231909,1
function_4c7230,保留原反编译函数体,222043,231919,1
function_4c7270,保留原反编译函数体,222054,231930,2
function_4c72b0,保留原反编译函数体,222067,231943,1
function_4c72f0,保留原反编译函数体,222079,231955,1
function_4c73a0,已修改／替换的非空实现,222104,231980,1
function_4c73d0,保留原反编译函数体,222112,231989,1
function_4c7430,保留原反编译函数体,222151,232028,1
function_4c7440,保留原反编译函数体,222160,232037,1
function_4c7450,保留原反编译函数体,222170,232047,1
function_4c7490,保留原反编译函数体,222186,232063,1
function_4c74f0,保留原反编译函数体,222222,232099,1
function_4c7540,保留原反编译函数体,222246,232123,1
function_4c7620,原版即为简单返回／空函数,222301,232178,1
function_4c7630,原版即为简单返回／空函数,222307,232184,1
function_4c7640,原版即为简单返回／空函数,222313,232190,1
function_4c7650,保留原反编译函数体,222319,232196,1
function_4c76b0,原版即为简单返回／空函数,222339,232216,1
function_4c76c0,原版即为简单返回／空函数,222345,232222,1
function_4c76d0,原版即为简单返回／空函数,222351,232228,1
function_4c76e0,保留原反编译函数体,222357,232234,1
function_4c7700,原版即为简单返回／空函数,222364,232241,1
function_4c7720,保留原反编译函数体,222370,232247,1
function_4c77c0,保留原反编译函数体,222402,232279,1
function_4c77f0,保留原反编译函数体,222414,232291,1
function_4c7880,保留原反编译函数体,222467,232344,1
function_4c78b0,保留原反编译函数体,222480,232357,1
function_4c78f0,保留原反编译函数体,222492,232369,1
function_4c7920,原版即为简单返回／空函数,222498,232375,1
function_4c7940,保留原反编译函数体,222504,232381,2
function_4c7aa0,保留原反编译函数体,222576,232453,1
function_4c7b10,保留原反编译函数体,222596,232473,1
function_4c7b80,保留原反编译函数体,222608,232485,1
function_4c7be0,保留原反编译函数体,222622,232499,1
function_4c7c20,保留原反编译函数体,222631,232508,1
function_4c7c90,已修改／替换的非空实现,222646,232523,1
function_4c7d50,保留原反编译函数体,222668,232558,1
function_4c7d70,保留原反编译函数体,222677,232567,1
function_4c7d90,保留原反编译函数体,222686,232576,1
function_4c7da0,保留原反编译函数体,222695,232585,1
function_4c7db0,保留原反编译函数体,222704,232594,1
function_4c7df0,保留原反编译函数体,222713,232603,1
function_4c7e10,保留原反编译函数体,222722,232612,1
function_4c7e20,保留原反编译函数体,222731,232621,1
function_4c7e40,保留原反编译函数体,222740,232630,1
function_4c7e90,保留原反编译函数体,222764,232654,1
function_4c7fc0,保留原反编译函数体,222847,232737,1
function_4c8030,已修改／替换的非空实现,222880,232770,1
function_4c8070,保留原反编译函数体,222924,232809,1
function_4c8110,保留原反编译函数体,222957,232842,1
function_4c8140,保留原反编译函数体,222965,232850,1
function_4c82a0,保留原反编译函数体,222997,232882,1
function_4c83f0,保留原反编译函数体,223024,232909,1
function_4c8460,保留原反编译函数体,223076,232961,1
function_4c8720,保留原反编译函数体,223258,233143,1
function_4c87b0,保留原反编译函数体,223293,233178,4
function_4c8980,保留原反编译函数体,223384,233269,2
function_4c89e0,保留原反编译函数体,223471,233356,2
function_4c8e00,保留原反编译函数体,223837,233722,1
function_4c8e60,保留原反编译函数体,223868,233753,1
function_4c8eb0,已修改／替换的非空实现,223892,233777,1
function_4c8f40,保留原反编译函数体,224013,233898,1
function_4c8f80,原版即为简单返回／空函数,224024,233909,1
function_4c8f90,保留原反编译函数体,224030,233915,1
function_4c8fd0,保留原反编译函数体,224042,233927,1
function_4c90c0,保留原反编译函数体,224087,233972,1
function_4c91b0,已修改／替换的非空实现,224120,234005,1
function_4c9400,保留原反编译函数体,224139,234024,1
function_4c94f0,保留原反编译函数体,224192,234077,1
function_4c9684,保留原反编译函数体,224218,234103,1
function_4c9780,保留原反编译函数体,224266,234151,1
function_4c9800,保留原反编译函数体,224283,234168,1
function_4c9880,保留原反编译函数体,224300,234185,1
function_4c9920,保留原反编译函数体,224323,234208,1
function_4c99c0,已修改／替换的非空实现,224346,234231,1
function_4c9ae0,已修改／替换的非空实现,224445,234316,1
function_4c9c8c,原版即为简单返回／空函数,224669,234328,1
function_4c9d80,保留原反编译函数体,224675,234334,1
function_4c9eef,保留原反编译函数体,224687,234346,1
function_4ca03f,保留原反编译函数体,224756,234415,1
function_4ca0a6,原版即为简单返回／空函数,224781,234440,1
function_4ca0ab,保留原反编译函数体,224787,234446,1
function_4ca147,原版即为简单返回／空函数,224797,234456,1
function_4ca151,原版即为简单返回／空函数,224803,234462,1
function_4ca1ef,保留原反编译函数体,224809,234468,1
function_4cb70b,保留原反编译函数体,225635,235294,1
function_4cb740,原版即为简单返回／空函数,225642,235301,1
function_4cb770,原版即为简单返回／空函数,225648,235307,1
function_4cb77b,原版即为简单返回／空函数,225654,235313,1
function_4cb786,原版即为简单返回／空函数,225660,235319,1
function_4cb7b0,原版即为简单返回／空函数,225666,235325,1
function_4cb7e0,原版即为简单返回／空函数,225672,235331,1
function_4cb830,原版即为简单返回／空函数,225678,235337,1
function_4cb83b,原版即为简单返回／空函数,225684,235343,1
function_4cb846,原版即为简单返回／空函数,225690,235349,1
function_4cb851,原版即为简单返回／空函数,225696,235355,1
function_4cb85c,原版即为简单返回／空函数,225702,235361,1
function_4cb867,原版即为简单返回／空函数,225708,235367,1
function_4cb872,原版即为简单返回／空函数,225714,235373,1
function_4cb87d,原版即为简单返回／空函数,225720,235379,1
function_4cb8b0,原版即为简单返回／空函数,225726,235385,1
function_4cb8bb,原版即为简单返回／空函数,225732,235391,1
function_4cb8c6,原版即为简单返回／空函数,225738,235397,1
function_4cb8d1,原版即为简单返回／空函数,225744,235403,1
function_4cb8dc,原版即为简单返回／空函数,225750,235409,1
function_4cb8e7,原版即为简单返回／空函数,225756,235415,1
function_4cb8f2,原版即为简单返回／空函数,225762,235421,1
function_4cb8fd,原版即为简单返回／空函数,225768,235427,1
function_4cb908,原版即为简单返回／空函数,225774,235433,1
function_4cb930,原版即为简单返回／空函数,225780,235439,1
function_4cb938,原版即为简单返回／空函数,225786,235445,1
function_4cb940,原版即为简单返回／空函数,225792,235451,1
function_4cb948,原版即为简单返回／空函数,225798,235457,1
function_4cb950,原版即为简单返回／空函数,225804,235463,1
function_4cb958,原版即为简单返回／空函数,225810,235469,1
function_4cb960,原版即为简单返回／空函数,225816,235475,1
function_4cb968,原版即为简单返回／空函数,225822,235481,1
function_4cb970,原版即为简单返回／空函数,225828,235487,1
function_4cb978,原版即为简单返回／空函数,225834,235493,1
function_4cb9a0,原版即为简单返回／空函数,225840,235499,1
function_4cb9d0,原版即为简单返回／空函数,225846,235505,1
function_4cb9d8,原版即为简单返回／空函数,225852,235511,1
function_4cba00,原版即为简单返回／空函数,225858,235517,1
function_4cba08,原版即为简单返回／空函数,225864,235523,1
function_4cba10,原版即为简单返回／空函数,225870,235529,1
function_4cba40,原版即为简单返回／空函数,225876,235535,1
function_4cba48,原版即为简单返回／空函数,225882,235541,1
function_4cba50,原版即为简单返回／空函数,225888,235547,1
function_4cba58,原版即为简单返回／空函数,225894,235553,1
function_4cba60,原版即为简单返回／空函数,225900,235559,1
function_4cba90,原版即为简单返回／空函数,225906,235565,1
function_4cba98,原版即为简单返回／空函数,225912,235571,1
function_4cbaa0,原版即为简单返回／空函数,225918,235577,1
function_4cbaa8,原版即为简单返回／空函数,225924,235583,1
function_4cbab0,原版即为简单返回／空函数,225930,235589,1
function_4cbae0,原版即为简单返回／空函数,225936,235595,1
function_4cbae8,原版即为简单返回／空函数,225942,235601,1
function_4cbaf0,原版即为简单返回／空函数,225948,235607,1
function_4cbaf8,原版即为简单返回／空函数,225954,235613,1
function_4cbb20,原版即为简单返回／空函数,225960,235619,1
function_4cbb28,原版即为简单返回／空函数,225966,235625,1
function_4cbb30,原版即为简单返回／空函数,225972,235631,1
function_4cbb38,原版即为简单返回／空函数,225978,235637,1
function_4cbb40,原版即为简单返回／空函数,225984,235643,1
function_4cbb48,原版即为简单返回／空函数,225990,235649,1
function_4cbb70,原版即为简单返回／空函数,225996,235655,1
function_4cbba0,原版即为简单返回／空函数,226002,235661,1
function_4cbba8,原版即为简单返回／空函数,226008,235667,1
function_4cbbd0,原版即为简单返回／空函数,226014,235673,1
function_4cbbd8,原版即为简单返回／空函数,226020,235679,1
function_4cbbe0,原版即为简单返回／空函数,226026,235685,1
function_4cbbe8,原版即为简单返回／空函数,226032,235691,1
function_4cbbf0,原版即为简单返回／空函数,226038,235697,1
function_4cbbf8,原版即为简单返回／空函数,226044,235703,1
function_4cbc20,原版即为简单返回／空函数,226050,235709,1
function_4cbc28,原版即为简单返回／空函数,226056,235715,1
function_4cbc50,原版即为简单返回／空函数,226062,235721,1
function_4cbc58,原版即为简单返回／空函数,226068,235727,1
function_4cbc60,原版即为简单返回／空函数,226074,235733,1
function_4cbc90,原版即为简单返回／空函数,226080,235739,1
function_4cbc98,原版即为简单返回／空函数,226086,235745,1
function_4cbca3,原版即为简单返回／空函数,226092,235751,1
function_4cbcae,原版即为简单返回／空函数,226098,235757,1
function_4cbcb9,保留原反编译函数体,226104,235763,1
function_4cbcf0,原版即为简单返回／空函数,226112,235771,1
function_4cbd60,原版即为简单返回／空函数,226118,235777,1
function_4cbd6b,原版即为简单返回／空函数,226124,235783,1
function_4cbd76,保留原反编译函数体,226130,235789,1
function_4cbda0,原版即为简单返回／空函数,226138,235797,1
function_4cbdd0,原版即为简单返回／空函数,226144,235803,1
function_4cbddb,原版即为简单返回／空函数,226150,235809,1
function_4cbde6,原版即为简单返回／空函数,226156,235815,1
function_4cbdf1,原版即为简单返回／空函数,226162,235821,1
function_4cbdfc,原版即为简单返回／空函数,226168,235827,1
function_4cbe07,原版即为简单返回／空函数,226174,235833,1
function_4cbe12,原版即为简单返回／空函数,226180,235839,1
function_4cbe1d,保留原反编译函数体,226186,235845,1
function_4cbe50,原版即为简单返回／空函数,226194,235853,1
function_4cbe80,保留原反编译函数体,226200,235859,1
function_4cbe8b,保留原反编译函数体,226207,235866,1
function_4cbec0,原版即为简单返回／空函数,226214,235873,1
function_4cbef0,原版即为简单返回／空函数,226220,235879,1
function_4cbefb,原版即为简单返回／空函数,226226,235885,1
function_4cbf30,原版即为简单返回／空函数,226232,235891,1
function_4cbf38,原版即为简单返回／空函数,226238,235897,1
function_4cbf60,原版即为简单返回／空函数,226244,235903,1
function_4cbf6b,原版即为简单返回／空函数,226250,235909,1
function_4cbf76,原版即为简单返回／空函数,226256,235915,1
function_4cbf7e,原版即为简单返回／空函数,226262,235921,1
function_4cbfb0,原版即为简单返回／空函数,226268,235927,1
function_4cbfb8,原版即为简单返回／空函数,226274,235933,1
function_4cbfc0,原版即为简单返回／空函数,226280,235939,1
function_4cbfc8,原版即为简单返回／空函数,226286,235945,1
function_4cbff0,原版即为简单返回／空函数,226292,235951,1
function_4cc040,原版即为简单返回／空函数,226298,235957,1
function_4cc048,原版即为简单返回／空函数,226304,235963,1
function_4cc070,原版即为简单返回／空函数,226310,235969,1
function_4cc0a0,原版即为简单返回／空函数,226316,235975,1
function_4cc0d0,原版即为简单返回／空函数,226322,235981,1
function_4cc0d8,原版即为简单返回／空函数,226328,235987,1
function_4cc0e0,原版即为简单返回／空函数,226334,235993,1
function_4cc0e8,原版即为简单返回／空函数,226340,235999,1
function_4cc0f0,原版即为简单返回／空函数,226346,236005,1
function_4cc0f8,原版即为简单返回／空函数,226352,236011,1
function_4cc100,原版即为简单返回／空函数,226358,236017,1
function_4cc130,原版即为简单返回／空函数,226364,236023,1
function_4cc138,原版即为简单返回／空函数,226370,236029,1
function_4cc140,原版即为简单返回／空函数,226376,236035,1
function_4cc148,保留原反编译函数体,226382,236041,1
function_4cc180,原版即为简单返回／空函数,226397,236056,1
function_4cc1b0,原版即为简单返回／空函数,226403,236062,1
function_4cc1b8,原版即为简单返回／空函数,226409,236068,1
function_4cc1c0,原版即为简单返回／空函数,226415,236074,1
function_4cc1f0,原版即为简单返回／空函数,226421,236080,1
function_4cc1f8,原版即为简单返回／空函数,226427,236086,1
function_4cc203,原版即为简单返回／空函数,226433,236092,1
function_4cc20e,原版即为简单返回／空函数,226439,236098,1
function_4cc240,原版即为简单返回／空函数,226445,236104,1
function_4cc248,原版即为简单返回／空函数,226451,236110,1
function_4cc253,原版即为简单返回／空函数,226457,236116,1
function_4cc25e,原版即为简单返回／空函数,226463,236122,1
function_4cc269,原版即为简单返回／空函数,226469,236128,1
function_4cc290,原版即为简单返回／空函数,226475,236134,1
function_4cc2c0,原版即为简单返回／空函数,226481,236140,1
function_4cc2c8,保留原反编译函数体,226487,236146,1
function_4cc2d3,原版即为简单返回／空函数,226494,236153,1
function_4cc300,原版即为简单返回／空函数,226500,236159,1
function_4cc330,原版即为简单返回／空函数,226506,236165,1
function_4cc338,原版即为简单返回／空函数,226512,236171,1
function_4cc343,原版即为简单返回／空函数,226518,236177,1
function_4cc351,原版即为简单返回／空函数,226524,236183,1
function_4cc359,原版即为简单返回／空函数,226530,236189,1
function_4cc390,原版即为简单返回／空函数,226536,236195,1
function_4cc398,原版即为简单返回／空函数,226542,236201,1
function_4cc3a3,原版即为简单返回／空函数,226548,236207,1
function_4cc3d0,原版即为简单返回／空函数,226554,236213,1
function_4cc3db,原版即为简单返回／空函数,226560,236219,1
function_4cc3e6,原版即为简单返回／空函数,226566,236225,1
function_4cc410,原版即为简单返回／空函数,226572,236231,1
function_4cc41b,保留原反编译函数体,226578,236237,1
function_4cc426,原版即为简单返回／空函数,226585,236244,1
function_4cc42e,原版即为简单返回／空函数,226591,236250,1
function_4cc439,原版即为简单返回／空函数,226597,236256,1
function_4cc444,原版即为简单返回／空函数,226603,236262,1
function_4cc44f,原版即为简单返回／空函数,226609,236268,1
function_4cc45a,原版即为简单返回／空函数,226615,236274,1
function_4cc465,原版即为简单返回／空函数,226621,236280,1
function_4cc490,原版即为简单返回／空函数,226627,236286,1
function_4cc498,原版即为简单返回／空函数,226633,236292,1
function_4cc4a3,原版即为简单返回／空函数,226639,236298,1
function_4cc4ae,原版即为简单返回／空函数,226645,236304,1
function_4cc4b9,原版即为简单返回／空函数,226651,236310,1
function_4cc4c1,原版即为简单返回／空函数,226657,236316,1
function_4cc4c9,原版即为简单返回／空函数,226663,236322,1
function_4cc4f0,原版即为简单返回／空函数,226669,236328,1
function_4cc4fa,原版即为简单返回／空函数,226675,236334,1
function_4cc520,原版即为简单返回／空函数,226681,236340,1
function_4cc550,原版即为简单返回／空函数,226687,236346,1
function_4cc5b0,保留原反编译函数体,226693,236352,1
function_4cc630,原版即为简单返回／空函数,226708,236367,1
function_4cc638,原版即为简单返回／空函数,226714,236373,1
function_4cc640,原版即为简单返回／空函数,226720,236379,1
function_4cc648,原版即为简单返回／空函数,226726,236385,1
function_4cc650,原版即为简单返回／空函数,226732,236391,1
function_4cc680,原版即为简单返回／空函数,226738,236397,1
function_4cc68b,保留原反编译函数体,226744,236403,1
function_4cc6c0,原版即为简单返回／空函数,226752,236411,1
function_4cc6c8,原版即为简单返回／空函数,226758,236417,1
function_4cc6f0,原版即为简单返回／空函数,226764,236423,1
function_4cc720,保留原反编译函数体,226770,236429,1
function_4cc72b,保留原反编译函数体,226777,236436,1
function_4cc736,原版即为简单返回／空函数,226784,236443,1
function_4cc73e,原版即为简单返回／空函数,226790,236449,1
function_4cc746,原版即为简单返回／空函数,226796,236455,1
function_4cc74e,原版即为简单返回／空函数,226802,236461,1
function_4cc756,原版即为简单返回／空函数,226808,236467,1
function_4cc780,原版即为简单返回／空函数,226814,236473,1
function_4cc788,原版即为简单返回／空函数,226820,236479,1
function_4cc790,原版即为简单返回／空函数,226826,236485,1
function_4cc798,原版即为简单返回／空函数,226832,236491,1
function_4cc7c0,原版即为简单返回／空函数,226838,236497,1
function_4cc7c8,原版即为简单返回／空函数,226844,236503,1
function_4cc7d0,原版即为简单返回／空函数,226850,236509,1
function_4cc7d8,原版即为简单返回／空函数,226856,236515,1
function_4cc7e0,原版即为简单返回／空函数,226862,236521,1
function_4cc830,保留原反编译函数体,226868,236527,1
function_4cc838,原版即为简单返回／空函数,226875,236534,1
function_4cc840,保留原反编译函数体,226881,236540,1
function_4cc870,原版即为简单返回／空函数,226889,236548,1
function_4cc8a0,原版即为简单返回／空函数,226895,236554,1
function_4cc8a8,原版即为简单返回／空函数,226901,236560,1
function_4cc8d0,原版即为简单返回／空函数,226907,236566,1
function_4cc8d8,原版即为简单返回／空函数,226913,236572,1
function_4cc8e0,保留原反编译函数体,226919,236578,1
function_4cc910,原版即为简单返回／空函数,226927,236586,1
function_4cc940,原版即为简单返回／空函数,226933,236592,1
function_4cc948,原版即为简单返回／空函数,226939,236598,1
function_4cc970,原版即为简单返回／空函数,226945,236604,1
function_4cc978,原版即为简单返回／空函数,226951,236610,1
function_4cc980,原版即为简单返回／空函数,226957,236616,1
function_4cc9b0,原版即为简单返回／空函数,226963,236622,1
function_4cc9b8,原版即为简单返回／空函数,226969,236628,1
function_4cc9e0,原版即为简单返回／空函数,226975,236634,1
function_4cca10,原版即为简单返回／空函数,226981,236640,1
function_4cca18,原版即为简单返回／空函数,226987,236646,1
function_4cca20,原版即为简单返回／空函数,226993,236652,1
function_4cca28,原版即为简单返回／空函数,226999,236658,1
function_4cca30,原版即为简单返回／空函数,227005,236664,1
function_4cca38,原版即为简单返回／空函数,227011,236670,1
function_4cca43,原版即为简单返回／空函数,227017,236676,1
function_4cca4e,原版即为简单返回／空函数,227023,236682,1
function_4cca56,原版即为简单返回／空函数,227029,236688,1
function_4cca61,原版即为简单返回／空函数,227035,236694,1
function_4cca6c,原版即为简单返回／空函数,227041,236700,1
function_4cca74,保留原反编译函数体,227047,236706,1
function_4ccaa0,原版即为简单返回／空函数,227055,236714,1
function_4ccaa8,原版即为简单返回／空函数,227061,236720,1
function_4ccab0,原版即为简单返回／空函数,227067,236726,1
function_4ccab8,原版即为简单返回／空函数,227073,236732,1
function_4ccac0,原版即为简单返回／空函数,227079,236738,1
function_4ccaf0,原版即为简单返回／空函数,227085,236744,1
function_4ccaf8,原版即为简单返回／空函数,227091,236750,1
function_4ccb03,原版即为简单返回／空函数,227097,236756,1
function_4ccb0e,保留原反编译函数体,227103,236762,1
function_4ccb40,原版即为简单返回／空函数,227111,236770,1
function_4ccb48,原版即为简单返回／空函数,227117,236776,1
function_4ccb53,原版即为简单返回／空函数,227123,236782,1
function_4ccb5e,保留原反编译函数体,227129,236788,1
function_4ccb90,原版即为简单返回／空函数,227137,236796,1
function_4ccb98,原版即为简单返回／空函数,227143,236802,1
function_4ccba0,原版即为简单返回／空函数,227149,236808,1
function_4ccba8,原版即为简单返回／空函数,227155,236814,1
function_4ccbb0,原版即为简单返回／空函数,227161,236820,1
function_4ccbb8,原版即为简单返回／空函数,227167,236826,1
function_4ccbc0,原版即为简单返回／空函数,227173,236832,1
function_4ccbc8,原版即为简单返回／空函数,227179,236838,1
function_4ccbd0,原版即为简单返回／空函数,227185,236844,1
function_4ccc00,原版即为简单返回／空函数,227191,236850,1
function_4ccc08,原版即为简单返回／空函数,227197,236856,1
function_4ccc13,原版即为简单返回／空函数,227203,236862,1
function_4ccc1e,原版即为简单返回／空函数,227209,236868,1
function_4ccc29,原版即为简单返回／空函数,227215,236874,1
function_4ccc34,原版即为简单返回／空函数,227221,236880,1
function_4ccc60,原版即为简单返回／空函数,227227,236886,1
function_4ccc68,原版即为简单返回／空函数,227233,236892,1
function_4ccc73,原版即为简单返回／空函数,227239,236898,1
function_4ccc7e,原版即为简单返回／空函数,227245,236904,1
function_4ccc89,原版即为简单返回／空函数,227251,236910,1
function_4cccb0,原版即为简单返回／空函数,227257,236916,1
function_4cccb8,原版即为简单返回／空函数,227263,236922,1
function_4cccc3,原版即为简单返回／空函数,227269,236928,1
function_4cccce,原版即为简单返回／空函数,227275,236934,1
function_4cccd9,原版即为简单返回／空函数,227281,236940,1
function_4ccd00,原版即为简单返回／空函数,227287,236946,1
function_4ccd11,原版即为简单返回／空函数,227293,236952,1
function_4ccd40,原版即为简单返回／空函数,227299,236958,1
function_4ccd70,原版即为简单返回／空函数,227305,236964,1
function_4ccd78,原版即为简单返回／空函数,227311,236970,1
function_4ccd83,原版即为简单返回／空函数,227317,236976,1
function_4ccdb0,原版即为简单返回／空函数,227323,236982,1
function_4ccdb8,原版即为简单返回／空函数,227329,236988,1
function_4ccde0,原版即为简单返回／空函数,227335,236994,1
function_4cce10,原版即为简单返回／空函数,227341,237000,1
function_4cce40,原版即为简单返回／空函数,227347,237006,1
function_4cce70,原版即为简单返回／空函数,227353,237012,1
function_4ccea0,原版即为简单返回／空函数,227359,237018,1
function_4ccea8,原版即为简单返回／空函数,227365,237024,1
function_4cceb0,原版即为简单返回／空函数,227371,237030,1
function_4cceb8,原版即为简单返回／空函数,227377,237036,1
function_4ccec0,原版即为简单返回／空函数,227383,237042,1
function_4ccec8,原版即为简单返回／空函数,227389,237048,1
function_4cced0,原版即为简单返回／空函数,227395,237054,1
function_4cced8,原版即为简单返回／空函数,227401,237060,1
function_4ccf00,原版即为简单返回／空函数,227407,237066,1
function_4ccf30,原版即为简单返回／空函数,227413,237072,1
function_4ccf60,原版即为简单返回／空函数,227419,237078,1
function_4ccf68,原版即为简单返回／空函数,227425,237084,1
function_4ccf90,原版即为简单返回／空函数,227431,237090,1
function_4ccfc0,原版即为简单返回／空函数,227437,237096,1
function_4ccff0,保留原反编译函数体,227443,237102,1
function_4cd009,保留原反编译函数体,227458,237117,1
function_4cd022,保留原反编译函数体,227473,237132,1
function_4cd03b,保留原反编译函数体,227488,237147,1
function_4cd070,原版即为简单返回／空函数,227503,237162,1
function_4cd078,原版即为简单返回／空函数,227509,237168,1
function_4cd083,原版即为简单返回／空函数,227515,237174,1
function_4cd08e,原版即为简单返回／空函数,227521,237180,1
function_4cd099,原版即为简单返回／空函数,227527,237186,1
function_4cd0a4,原版即为简单返回／空函数,227533,237192,1
function_4cd0af,原版即为简单返回／空函数,227539,237198,1
function_4cd0e0,原版即为简单返回／空函数,227545,237204,1
function_4cd0e8,原版即为简单返回／空函数,227551,237210,1
function_4cd0f3,原版即为简单返回／空函数,227557,237216,1
function_4cd0fe,原版即为简单返回／空函数,227563,237222,1
function_4cd109,原版即为简单返回／空函数,227569,237228,1
function_4cd114,原版即为简单返回／空函数,227575,237234,1
function_4cd140,原版即为简单返回／空函数,227581,237240,1
function_4cd170,原版即为简单返回／空函数,227587,237246,1
function_4cd1a0,原版即为简单返回／空函数,227593,237252,1
function_4cd1a8,原版即为简单返回／空函数,227599,237258,1
function_4cd1b3,原版即为简单返回／空函数,227605,237264,1
function_4cd1be,原版即为简单返回／空函数,227611,237270,1
function_4cd1c9,原版即为简单返回／空函数,227617,237276,1
function_4cd1d4,原版即为简单返回／空函数,227623,237282,1
function_4cd1df,原版即为简单返回／空函数,227629,237288,1
function_4cd1ea,原版即为简单返回／空函数,227635,237294,1
function_4cd1f5,原版即为简单返回／空函数,227641,237300,1
function_4cd200,原版即为简单返回／空函数,227647,237306,1
function_4cd230,原版即为简单返回／空函数,227653,237312,1
function_4cd238,原版即为简单返回／空函数,227659,237318,1
function_4cd240,原版即为简单返回／空函数,227665,237324,1
function_4cd270,原版即为简单返回／空函数,227671,237330,1
function_4cd278,原版即为简单返回／空函数,227677,237336,1
function_4cd280,原版即为简单返回／空函数,227683,237342,1
function_4cd291,原版即为简单返回／空函数,227689,237348,1
function_4cd2c0,原版即为简单返回／空函数,227695,237354,1
function_4cd2c8,原版即为简单返回／空函数,227701,237360,1
function_4cd2d9,原版即为简单返回／空函数,227707,237366,1
function_4cd2e1,原版即为简单返回／空函数,227713,237372,1
function_4cd310,原版即为简单返回／空函数,227719,237378,1
function_4cd318,原版即为简单返回／空函数,227725,237384,1
function_4cd320,原版即为简单返回／空函数,227731,237390,1
function_4cd350,原版即为简单返回／空函数,227737,237396,1
function_4cd358,原版即为简单返回／空函数,227743,237402,1
function_4cd360,原版即为简单返回／空函数,227749,237408,1
function_4cd390,原版即为简单返回／空函数,227755,237414,1
function_4cd398,原版即为简单返回／空函数,227761,237420,1
function_4cd3a0,原版即为简单返回／空函数,227767,237426,1
function_4cd3d0,原版即为简单返回／空函数,227773,237432,1
function_4cd3d8,原版即为简单返回／空函数,227779,237438,1
function_4cd3e0,原版即为简单返回／空函数,227785,237444,1
function_4cd410,原版即为简单返回／空函数,227791,237450,1
function_4cd418,原版即为简单返回／空函数,227797,237456,1
function_4cd420,原版即为简单返回／空函数,227803,237462,1
function_4cd428,原版即为简单返回／空函数,227809,237468,1
function_4cd430,原版即为简单返回／空函数,227815,237474,1
function_4cd441,原版即为简单返回／空函数,227821,237480,1
function_4cd470,原版即为简单返回／空函数,227827,237486,1
function_4cd478,原版即为简单返回／空函数,227833,237492,1
function_4cd480,原版即为简单返回／空函数,227839,237498,1
function_4cd4b0,原版即为简单返回／空函数,227845,237504,1
function_4cd4e0,原版即为简单返回／空函数,227851,237510,1
function_4cd4f1,原版即为简单返回／空函数,227857,237516,1
function_4cd520,原版即为简单返回／空函数,227863,237522,1
function_4cd528,原版即为简单返回／空函数,227869,237528,1
function_4cd530,原版即为简单返回／空函数,227875,237534,1
function_4cd538,原版即为简单返回／空函数,227881,237540,1
function_4cd540,原版即为简单返回／空函数,227887,237546,1
function_4cd551,原版即为简单返回／空函数,227893,237552,1
function_4cd55c,原版即为简单返回／空函数,227899,237558,1
function_4cd56d,原版即为简单返回／空函数,227905,237564,1
function_4cd578,原版即为简单返回／空函数,227911,237570,1
function_4cd580,原版即为简单返回／空函数,227917,237576,1
function_4cd588,原版即为简单返回／空函数,227923,237582,1
function_4cd590,原版即为简单返回／空函数,227929,237588,1
function_4cd598,原版即为简单返回／空函数,227935,237594,1
function_4cd5a0,原版即为简单返回／空函数,227941,237600,1
function_4cd5a8,原版即为简单返回／空函数,227947,237606,1
function_4cd5b0,原版即为简单返回／空函数,227953,237612,1
function_4cd5b8,原版即为简单返回／空函数,227959,237618,1
function_4cd5e0,原版即为简单返回／空函数,227965,237624,1
function_4cd5e8,原版即为简单返回／空函数,227971,237630,1
function_4cd610,原版即为简单返回／空函数,227977,237636,1
function_4cd640,原版即为简单返回／空函数,227983,237642,1
function_4cd670,原版即为简单返回／空函数,227989,237648,1
function_4cd678,原版即为简单返回／空函数,227995,237654,1
function_4cd6a0,原版即为简单返回／空函数,228001,237660,1
function_4cd6b1,原版即为简单返回／空函数,228007,237666,1
function_4cd6b9,原版即为简单返回／空函数,228013,237672,1
function_4cd6c1,原版即为简单返回／空函数,228019,237678,1
function_4cd6f0,原版即为简单返回／空函数,228025,237684,1
function_4cd6f8,原版即为简单返回／空函数,228031,237690,1
function_4cd720,原版即为简单返回／空函数,228037,237696,1
function_4cd750,原版即为简单返回／空函数,228043,237702,1
function_4cd780,原版即为简单返回／空函数,228049,237708,1
function_4cd788,保留原反编译函数体,228055,237714,1
function_4cd7c0,原版即为简单返回／空函数,228063,237722,1
function_4cd7c8,保留原反编译函数体,228069,237728,1
function_4cd800,原版即为简单返回／空函数,228077,237736,1
function_4cd808,保留原反编译函数体,228083,237742,1
function_4cd840,原版即为简单返回／空函数,228091,237750,1
function_4cd85c,原版即为简单返回／空函数,228097,237756,1
function_4cd880,原版即为简单返回／空函数,228103,237762,1
function_4cd888,原版即为简单返回／空函数,228109,237768,1
function_4cd890,原版即为简单返回／空函数,228115,237774,1
function_4cd898,原版即为简单返回／空函数,228121,237780,1
function_4cd8a0,原版即为简单返回／空函数,228127,237786,1
function_4cd8d0,原版即为简单返回／空函数,228133,237792,1
function_4cd8d8,原版即为简单返回／空函数,228139,237798,1
function_4cd8e3,原版即为简单返回／空函数,228145,237804,1
function_4cd8ee,原版即为简单返回／空函数,228151,237810,1
function_4cd8f9,原版即为简单返回／空函数,228157,237816,1
function_4cd920,原版即为简单返回／空函数,228163,237822,1
function_4cd928,原版即为简单返回／空函数,228169,237828,1
function_4cd930,原版即为简单返回／空函数,228175,237834,1
function_4cd938,原版即为简单返回／空函数,228181,237840,1
function_4cd940,原版即为简单返回／空函数,228187,237846,1
function_4cd970,原版即为简单返回／空函数,228193,237852,1
function_4cd9a0,原版即为简单返回／空函数,228199,237858,1
function_4cd9a8,原版即为简单返回／空函数,228205,237864,1
function_4cd9b0,原版即为简单返回／空函数,228211,237870,1
function_4cd9f0,原版即为简单返回／空函数,228217,237876,1
function_4cd9f8,原版即为简单返回／空函数,228223,237882,1
function_4cda03,原版即为简单返回／空函数,228229,237888,1
function_4cda0e,原版即为简单返回／空函数,228235,237894,1
function_4cda19,原版即为简单返回／空函数,228241,237900,1
function_4cda24,原版即为简单返回／空函数,228247,237906,1
function_4cda2c,原版即为简单返回／空函数,228253,237912,1
function_4cda60,原版即为简单返回／空函数,228259,237918,1
function_4cda90,原版即为简单返回／空函数,228265,237924,1
function_4cda98,原版即为简单返回／空函数,228271,237930,1
function_4cdaa0,原版即为简单返回／空函数,228277,237936,1
function_4cdad0,原版即为简单返回／空函数,228283,237942,1
function_4cdb00,原版即为简单返回／空函数,228289,237948,1
function_4cdb11,原版即为简单返回／空函数,228295,237954,1
function_4cdb19,原版即为简单返回／空函数,228301,237960,1
function_4cdb21,原版即为简单返回／空函数,228307,237966,1
function_4cdb50,原版即为简单返回／空函数,228313,237972,1
function_4cdb64,原版即为简单返回／空函数,228319,237978,1
function_4cdb75,原版即为简单返回／空函数,228325,237984,1
function_4cdb7d,原版即为简单返回／空函数,228331,237990,1
function_4cdb85,原版即为简单返回／空函数,228337,237996,1
function_4cdb8d,原版即为简单返回／空函数,228343,238002,1
function_4cdb95,原版即为简单返回／空函数,228349,238008,1
function_4cdb9d,原版即为简单返回／空函数,228355,238014,1
function_4cdba5,原版即为简单返回／空函数,228361,238020,1
function_4cdbad,原版即为简单返回／空函数,228367,238026,1
function_4cdbb5,原版即为简单返回／空函数,228373,238032,1
function_4cdbbd,原版即为简单返回／空函数,228379,238038,1
function_4cdbc5,原版即为简单返回／空函数,228385,238044,1
function_4cdbcd,原版即为简单返回／空函数,228391,238050,1
function_4cdbd5,原版即为简单返回／空函数,228397,238056,1
function_4cdbdd,原版即为简单返回／空函数,228403,238062,1
function_4cdbe5,原版即为简单返回／空函数,228409,238068,1
function_4cdbed,原版即为简单返回／空函数,228415,238074,1
function_4cdbf5,原版即为简单返回／空函数,228421,238080,1
function_4cdbfd,原版即为简单返回／空函数,228427,238086,1
function_4cdc05,原版即为简单返回／空函数,228433,238092,1
function_4cdc0d,原版即为简单返回／空函数,228439,238098,1
function_4cdc15,原版即为简单返回／空函数,228445,238104,1
function_4cdc1d,原版即为简单返回／空函数,228451,238110,1
function_4cdc25,原版即为简单返回／空函数,228457,238116,1
function_4cdc2d,原版即为简单返回／空函数,228463,238122,1
function_4cdc35,原版即为简单返回／空函数,228469,238128,1
function_4cdc3d,原版即为简单返回／空函数,228475,238134,1
function_4cdc45,原版即为简单返回／空函数,228481,238140,1
function_4cdc4d,原版即为简单返回／空函数,228487,238146,1
function_4cdc55,原版即为简单返回／空函数,228493,238152,1
function_4cdc5d,原版即为简单返回／空函数,228499,238158,1
function_4cdc65,原版即为简单返回／空函数,228505,238164,1
function_4cdc6d,原版即为简单返回／空函数,228511,238170,1
function_4cdc75,原版即为简单返回／空函数,228517,238176,1
function_4cdc7d,原版即为简单返回／空函数,228523,238182,1
function_4cdc85,原版即为简单返回／空函数,228529,238188,1
function_4cdc8d,原版即为简单返回／空函数,228535,238194,1
function_4cdc95,原版即为简单返回／空函数,228541,238200,1
function_4cdc9d,原版即为简单返回／空函数,228547,238206,1
function_4cdca5,原版即为简单返回／空函数,228553,238212,1
function_4cdcad,原版即为简单返回／空函数,228559,238218,1
function_4cdcb5,原版即为简单返回／空函数,228565,238224,1
function_4cdcbd,原版即为简单返回／空函数,228571,238230,1
function_4cdcc5,原版即为简单返回／空函数,228577,238236,1
function_4cdccd,原版即为简单返回／空函数,228583,238242,1
function_4cdcd5,原版即为简单返回／空函数,228589,238248,1
function_4cdcdd,原版即为简单返回／空函数,228595,238254,1
function_4cdce5,原版即为简单返回／空函数,228601,238260,1
function_4cdced,原版即为简单返回／空函数,228607,238266,1
function_4cdcf5,原版即为简单返回／空函数,228613,238272,1
function_4cdcfd,原版即为简单返回／空函数,228619,238278,1
function_4cdd05,原版即为简单返回／空函数,228625,238284,1
function_4cdd0d,原版即为简单返回／空函数,228631,238290,1
function_4cdd15,原版即为简单返回／空函数,228637,238296,1
function_4cdd1d,原版即为简单返回／空函数,228643,238302,1
function_4cdd2e,原版即为简单返回／空函数,228649,238308,1
function_4cdd36,原版即为简单返回／空函数,228655,238314,1
function_4cdd47,原版即为简单返回／空函数,228661,238320,1
function_4cdd4f,原版即为简单返回／空函数,228667,238326,1
function_4cdd57,原版即为简单返回／空函数,228673,238332,1
function_4cdd5f,原版即为简单返回／空函数,228679,238338,1
function_4cdd67,原版即为简单返回／空函数,228685,238344,1
function_4cdd6f,原版即为简单返回／空函数,228691,238350,1
function_4cdd77,原版即为简单返回／空函数,228697,238356,1
function_4cdd7f,原版即为简单返回／空函数,228703,238362,1
function_4cdd87,原版即为简单返回／空函数,228709,238368,1
function_4cdd8f,原版即为简单返回／空函数,228715,238374,1
function_4cdd97,原版即为简单返回／空函数,228721,238380,1
function_4cddc0,原版即为简单返回／空函数,228727,238386,1
function_4cddcb,原版即为简单返回／空函数,228733,238392,1
function_4cddd6,原版即为简单返回／空函数,228739,238398,1
function_4cdde1,原版即为简单返回／空函数,228745,238404,1
function_4cddec,原版即为简单返回／空函数,228751,238410,1
function_4cddf7,原版即为简单返回／空函数,228757,238416,1
function_4cde02,原版即为简单返回／空函数,228763,238422,1
function_4cde0d,原版即为简单返回／空函数,228769,238428,1
function_4cde18,原版即为简单返回／空函数,228775,238434,1
function_4cde23,原版即为简单返回／空函数,228781,238440,1
function_4cde2e,原版即为简单返回／空函数,228787,238446,1
function_4cde39,原版即为简单返回／空函数,228793,238452,1
function_4cde44,原版即为简单返回／空函数,228799,238458,1
function_4cde52,原版即为简单返回／空函数,228805,238464,1
function_4cde60,原版即为简单返回／空函数,228811,238470,1
function_4cde6e,原版即为简单返回／空函数,228817,238476,1
function_4cdea0,原版即为简单返回／空函数,228823,238482,1
function_4cdea8,原版即为简单返回／空函数,228829,238488,1
function_4cdeb0,原版即为简单返回／空函数,228835,238494,1
function_4cdee0,原版即为简单返回／空函数,228841,238500,1
function_4cdee8,原版即为简单返回／空函数,228847,238506,1
function_4cdef0,原版即为简单返回／空函数,228853,238512,1
function_4cdef8,原版即为简单返回／空函数,228859,238518,1
function_4cdf00,原版即为简单返回／空函数,228865,238524,1
function_4cdf30,原版即为简单返回／空函数,228871,238530,1
function_4cdf3b,原版即为简单返回／空函数,228877,238536,1
function_4cdf70,原版即为简单返回／空函数,228883,238542,1
function_4cdf7b,原版即为简单返回／空函数,228889,238548,1
function_4cdf86,原版即为简单返回／空函数,228895,238554,1
function_4cdf91,原版即为简单返回／空函数,228901,238560,1
function_4cdfc0,原版即为简单返回／空函数,228907,238566,1
function_4cdff0,原版即为简单返回／空函数,228913,238572,1
function_4cdff8,原版即为简单返回／空函数,228919,238578,1
function_4ce020,原版即为简单返回／空函数,228925,238584,1
function_4ce050,原版即为简单返回／空函数,228931,238590,1
function_4ce058,原版即为简单返回／空函数,228937,238596,1
function_4ce080,原版即为简单返回／空函数,228943,238602,1
function_4ce08b,原版即为简单返回／空函数,228949,238608,1
function_4ce093,原版即为简单返回／空函数,228955,238614,1
function_4ce09b,原版即为简单返回／空函数,228961,238620,1
function_4ce0a3,保留原反编译函数体,228967,238626,1
function_4ce0d0,原版即为简单返回／空函数,228974,238633,1
function_4ce0db,原版即为简单返回／空函数,228980,238639,1
function_4ce0e6,原版即为简单返回／空函数,228986,238645,1
function_4ce0f1,保留原反编译函数体,228992,238651,1
function_4ce120,原版即为简单返回／空函数,229000,238659,1
function_4ce128,原版即为简单返回／空函数,229006,238665,1
function_4ce130,原版即为简单返回／空函数,229012,238671,1
function_4ce138,原版即为简单返回／空函数,229018,238677,1
function_4ce160,原版即为简单返回／空函数,229024,238683,1
function_4ce168,原版即为简单返回／空函数,229030,238689,1
function_4ce190,原版即为简单返回／空函数,229036,238695,1
function_4ce1c0,原版即为简单返回／空函数,229042,238701,1
function_4ce1c8,原版即为简单返回／空函数,229048,238707,1
function_4ce1d0,原版即为简单返回／空函数,229054,238713,1
function_4ce200,原版即为简单返回／空函数,229060,238719,1
function_4ce208,原版即为简单返回／空函数,229066,238725,1
function_4ce230,原版即为简单返回／空函数,229072,238731,1
function_4ce238,原版即为简单返回／空函数,229078,238737,1
function_4ce240,原版即为简单返回／空函数,229084,238743,1
function_4ce270,原版即为简单返回／空函数,229090,238749,1
function_4ce281,原版即为简单返回／空函数,229096,238755,1
function_4ce292,原版即为简单返回／空函数,229102,238761,1
function_4ce29a,原版即为简单返回／空函数,229108,238767,1
function_4ce2a2,原版即为简单返回／空函数,229114,238773,1
function_4ce2aa,原版即为简单返回／空函数,229120,238779,1
function_4ce2b2,原版即为简单返回／空函数,229126,238785,1
function_4ce2ba,原版即为简单返回／空函数,229132,238791,1
function_4ce2c2,原版即为简单返回／空函数,229138,238797,1
function_4ce2ca,原版即为简单返回／空函数,229144,238803,1
function_4ce2d2,原版即为简单返回／空函数,229150,238809,1
function_4ce2da,原版即为简单返回／空函数,229156,238815,1
function_4ce2e2,原版即为简单返回／空函数,229162,238821,1
function_4ce2ea,原版即为简单返回／空函数,229168,238827,1
function_4ce2f2,原版即为简单返回／空函数,229174,238833,1
function_4ce2fa,原版即为简单返回／空函数,229180,238839,1
function_4ce302,原版即为简单返回／空函数,229186,238845,1
function_4ce30a,原版即为简单返回／空函数,229192,238851,1
function_4ce312,原版即为简单返回／空函数,229198,238857,1
function_4ce323,原版即为简单返回／空函数,229204,238863,1
function_4ce32b,原版即为简单返回／空函数,229210,238869,1
function_4ce333,原版即为简单返回／空函数,229216,238875,1
function_4ce360,原版即为简单返回／空函数,229222,238881,1
function_4ce371,原版即为简单返回／空函数,229228,238887,1
function_4ce382,原版即为简单返回／空函数,229234,238893,1
function_4ce3b0,原版即为简单返回／空函数,229240,238899,1
function_4ce3bb,原版即为简单返回／空函数,229246,238905,1
function_4ce3f0,原版即为简单返回／空函数,229252,238911,1
function_4ce3f8,原版即为简单返回／空函数,229258,238917,1
function_4ce400,原版即为简单返回／空函数,229264,238923,1
function_4ce430,原版即为简单返回／空函数,229270,238929,1
function_4ce438,原版即为简单返回／空函数,229276,238935,1
function_4ce460,原版即为简单返回／空函数,229282,238941,1
function_4ce468,原版即为简单返回／空函数,229288,238947,1
function_4ce490,原版即为简单返回／空函数,229294,238953,1
function_4ce4a1,原版即为简单返回／空函数,229300,238959,1
function_4ce4a9,原版即为简单返回／空函数,229306,238965,1
function_4ce4d0,原版即为简单返回／空函数,229312,238971,1
function_4ce4d8,原版即为简单返回／空函数,229318,238977,1
function_4ce4e0,原版即为简单返回／空函数,229324,238983,1
function_4ce510,原版即为简单返回／空函数,229330,238989,1
function_4ce521,原版即为简单返回／空函数,229336,238995,1
function_4ce550,原版即为简单返回／空函数,229342,239001,1
function_4ce580,原版即为简单返回／空函数,229348,239007,1
function_4ce58b,原版即为简单返回／空函数,229354,239013,1
function_4ce596,原版即为简单返回／空函数,229360,239019,1
function_4ce5a1,原版即为简单返回／空函数,229366,239025,1
function_4ce5ac,原版即为简单返回／空函数,229372,239031,1
function_4ce5b7,原版即为简单返回／空函数,229378,239037,1
function_4ce5c2,原版即为简单返回／空函数,229384,239043,1
function_4ce5cd,原版即为简单返回／空函数,229390,239049,1
function_4ce5d8,原版即为简单返回／空函数,229396,239055,1
function_4ce5e3,原版即为简单返回／空函数,229402,239061,1
function_4ce5ee,原版即为简单返回／空函数,229408,239067,1
function_4ce5fc,原版即为简单返回／空函数,229414,239073,1
function_4ce60a,原版即为简单返回／空函数,229420,239079,1
function_4ce618,原版即为简单返回／空函数,229426,239085,1
function_4ce626,原版即为简单返回／空函数,229432,239091,1
function_4ce634,原版即为简单返回／空函数,229438,239097,1
function_4ce642,原版即为简单返回／空函数,229444,239103,1
function_4ce650,原版即为简单返回／空函数,229450,239109,1
function_4ce65e,原版即为简单返回／空函数,229456,239115,1
function_4ce66f,原版即为简单返回／空函数,229462,239121,1
function_4ce677,原版即为简单返回／空函数,229468,239127,1
function_4ce688,原版即为简单返回／空函数,229474,239133,1
function_4ce6b0,原版即为简单返回／空函数,229480,239139,1
function_4ce6e0,原版即为简单返回／空函数,229486,239145,1
function_4ce6e8,原版即为简单返回／空函数,229492,239151,1
function_4ce710,原版即为简单返回／空函数,229498,239157,1
function_4ce718,原版即为简单返回／空函数,229504,239163,1
function_4ce740,原版即为简单返回／空函数,229510,239169,1
function_4ce770,原版即为简单返回／空函数,229516,239175,1
function_4ce778,原版即为简单返回／空函数,229522,239181,1
function_4ce780,原版即为简单返回／空函数,229528,239187,1
function_4ce788,原版即为简单返回／空函数,229534,239193,1
function_4ce790,原版即为简单返回／空函数,229540,239199,1
function_4ce798,原版即为简单返回／空函数,229546,239205,1
function_4ce7a0,原版即为简单返回／空函数,229552,239211,1
function_4ce7a8,原版即为简单返回／空函数,229558,239217,1
function_4ce7b0,原版即为简单返回／空函数,229564,239223,1
function_4ce7b8,原版即为简单返回／空函数,229570,239229,1
function_4ce7e0,原版即为简单返回／空函数,229576,239235,1
function_4ce7eb,原版即为简单返回／空函数,229582,239241,1
function_4ce7f6,原版即为简单返回／空函数,229588,239247,1
function_4ce801,原版即为简单返回／空函数,229594,239253,1
function_4ce80c,原版即为简单返回／空函数,229600,239259,1
function_4ce817,原版即为简单返回／空函数,229606,239265,1
function_4ce822,原版即为简单返回／空函数,229612,239271,1
function_4ce82d,原版即为简单返回／空函数,229618,239277,1
function_4ce838,原版即为简单返回／空函数,229624,239283,1
function_4ce843,原版即为简单返回／空函数,229630,239289,1
function_4ce84e,原版即为简单返回／空函数,229636,239295,1
function_4ce85c,原版即为简单返回／空函数,229642,239301,1
function_4ce86a,原版即为简单返回／空函数,229648,239307,1
function_4ce878,原版即为简单返回／空函数,229654,239313,1
function_4ce886,原版即为简单返回／空函数,229660,239319,1
function_4ce894,原版即为简单返回／空函数,229666,239325,1
function_4ce8a2,原版即为简单返回／空函数,229672,239331,1
function_4ce8b0,原版即为简单返回／空函数,229678,239337,1
function_4ce8e0,原版即为简单返回／空函数,229684,239343,1
function_4ce8e8,原版即为简单返回／空函数,229690,239349,1
function_4ce8f0,原版即为简单返回／空函数,229696,239355,1
function_4ce920,原版即为简单返回／空函数,229702,239361,1
function_4ce950,原版即为简单返回／空函数,229708,239367,1
function_4ce961,原版即为简单返回／空函数,229714,239373,1
function_4ce969,原版即为简单返回／空函数,229720,239379,1
function_4ce971,原版即为简单返回／空函数,229726,239385,1
function_4ce979,原版即为简单返回／空函数,229732,239391,1
function_4ce981,原版即为简单返回／空函数,229738,239397,1
function_4ce989,原版即为简单返回／空函数,229744,239403,1
function_4ce991,原版即为简单返回／空函数,229750,239409,1
function_4ce999,原版即为简单返回／空函数,229756,239415,1
function_4ce9a1,原版即为简单返回／空函数,229762,239421,1
function_4ce9a9,原版即为简单返回／空函数,229768,239427,1
function_4ce9b1,原版即为简单返回／空函数,229774,239433,1
function_4ce9b9,原版即为简单返回／空函数,229780,239439,1
function_4ce9c1,原版即为简单返回／空函数,229786,239445,1
function_4ce9c9,原版即为简单返回／空函数,229792,239451,1
function_4ce9d1,原版即为简单返回／空函数,229798,239457,1
function_4ce9d9,原版即为简单返回／空函数,229804,239463,1
function_4ce9e1,原版即为简单返回／空函数,229810,239469,1
function_4ce9e9,原版即为简单返回／空函数,229816,239475,1
function_4ce9f1,原版即为简单返回／空函数,229822,239481,1
function_4ce9f9,原版即为简单返回／空函数,229828,239487,1
function_4cea01,原版即为简单返回／空函数,229834,239493,1
function_4cea09,原版即为简单返回／空函数,229840,239499,1
function_4cea11,原版即为简单返回／空函数,229846,239505,1
function_4cea19,原版即为简单返回／空函数,229852,239511,1
function_4cea21,原版即为简单返回／空函数,229858,239517,1
function_4cea29,原版即为简单返回／空函数,229864,239523,1
function_4cea31,原版即为简单返回／空函数,229870,239529,1
function_4cea39,原版即为简单返回／空函数,229876,239535,1
function_4cea41,原版即为简单返回／空函数,229882,239541,1
function_4cea49,原版即为简单返回／空函数,229888,239547,1
function_4cea51,原版即为简单返回／空函数,229894,239553,1
function_4cea59,原版即为简单返回／空函数,229900,239559,1
function_4cea61,原版即为简单返回／空函数,229906,239565,1
function_4cea69,原版即为简单返回／空函数,229912,239571,1
function_4cea71,原版即为简单返回／空函数,229918,239577,1
function_4cea79,原版即为简单返回／空函数,229924,239583,1
function_4cea81,原版即为简单返回／空函数,229930,239589,1
function_4cea89,原版即为简单返回／空函数,229936,239595,1
function_4cea91,原版即为简单返回／空函数,229942,239601,1
function_4cea99,原版即为简单返回／空函数,229948,239607,1
function_4ceaa1,原版即为简单返回／空函数,229954,239613,1
function_4ceaa9,原版即为简单返回／空函数,229960,239619,1
function_4ceab1,原版即为简单返回／空函数,229966,239625,1
function_4ceab9,原版即为简单返回／空函数,229972,239631,1
function_4ceac1,原版即为简单返回／空函数,229978,239637,1
function_4ceac9,原版即为简单返回／空函数,229984,239643,1
function_4cead1,原版即为简单返回／空函数,229990,239649,1
function_4cead9,原版即为简单返回／空函数,229996,239655,1
function_4ceae1,原版即为简单返回／空函数,230002,239661,1
function_4ceae9,原版即为简单返回／空函数,230008,239667,1
function_4ceaf1,原版即为简单返回／空函数,230014,239673,1
function_4ceaf9,原版即为简单返回／空函数,230020,239679,1
function_4ceb01,原版即为简单返回／空函数,230026,239685,1
function_4ceb09,原版即为简单返回／空函数,230032,239691,1
function_4ceb11,原版即为简单返回／空函数,230038,239697,1
function_4ceb19,原版即为简单返回／空函数,230044,239703,1
function_4ceb21,原版即为简单返回／空函数,230050,239709,1
function_4ceb29,原版即为简单返回／空函数,230056,239715,1
function_4ceb31,原版即为简单返回／空函数,230062,239721,1
function_4ceb39,原版即为简单返回／空函数,230068,239727,1
function_4ceb41,原版即为简单返回／空函数,230074,239733,1
function_4ceb49,原版即为简单返回／空函数,230080,239739,1
function_4ceb51,原版即为简单返回／空函数,230086,239745,1
function_4ceb59,原版即为简单返回／空函数,230092,239751,1
function_4ceb61,原版即为简单返回／空函数,230098,239757,1
function_4ceb69,原版即为简单返回／空函数,230104,239763,1
function_4ceb71,原版即为简单返回／空函数,230110,239769,1
function_4ceb79,原版即为简单返回／空函数,230116,239775,1
function_4ceb81,原版即为简单返回／空函数,230122,239781,1
function_4ceb89,原版即为简单返回／空函数,230128,239787,1
function_4ceb91,原版即为简单返回／空函数,230134,239793,1
function_4ceb99,原版即为简单返回／空函数,230140,239799,1
function_4ceba1,原版即为简单返回／空函数,230146,239805,1
function_4ceba9,原版即为简单返回／空函数,230152,239811,1
function_4cebb1,原版即为简单返回／空函数,230158,239817,1
function_4cebb9,原版即为简单返回／空函数,230164,239823,1
function_4cebe0,保留原反编译函数体,230170,239829,1
function_4cec10,保留原反编译函数体,230177,239836,1
function_4cec50,保留原反编译函数体,230192,239851,1
function_4cec90,保留原反编译函数体,230207,239866,1
function_4cecd0,保留原反编译函数体,230222,239881,1
function_4ced10,原版即为简单返回／空函数,230237,239896,1
function_4ced40,原版即为简单返回／空函数,230243,239902,1
function_4ced4b,保留原反编译函数体,230249,239908,1
function_4ced80,原版即为简单返回／空函数,230257,239916,1
function_4ced8b,原版即为简单返回／空函数,230263,239922,1
function_4ced96,保留原反编译函数体,230269,239928,1
function_4cedc0,原版即为简单返回／空函数,230277,239936,1
function_4cedc8,原版即为简单返回／空函数,230283,239942,1
function_4cedd0,原版即为简单返回／空函数,230289,239948,1
function_4cee00,原版即为简单返回／空函数,230295,239954,1
function_4cee3e,原版即为简单返回／空函数,230301,239960,1
function_4cee61,原版即为简单返回／空函数,230307,239966,1
function_4cee69,原版即为简单返回／空函数,230313,239972,1
function_4cee90,原版即为简单返回／空函数,230319,239978,1
function_4cee98,原版即为简单返回／空函数,230325,239984,1
function_4ceea3,原版即为简单返回／空函数,230331,239990,1
function_4ceeae,原版即为简单返回／空函数,230337,239996,1
function_4ceeb9,原版即为简单返回／空函数,230343,240002,1
function_4ceee0,原版即为简单返回／空函数,230349,240008,1
function_4ceee8,保留原反编译函数体,230355,240014,1
function_4cf550,原版即为简单返回／空函数,230362,240021,1
function_4cf558,原版即为简单返回／空函数,230368,240027,1
function_4cf563,原版即为简单返回／空函数,230374,240033,1
function_4cf56e,原版即为简单返回／空函数,230380,240039,1
function_4cf579,原版即为简单返回／空函数,230386,240045,1
function_4cf5a0,原版即为简单返回／空函数,230392,240051,1
function_4cf5a8,原版即为简单返回／空函数,230398,240057,1
function_4cf5d0,原版即为简单返回／空函数,230404,240063,1
function_4cf600,原版即为简单返回／空函数,230410,240069,1
function_4cf60b,原版即为简单返回／空函数,230416,240075,1
function_4cf616,原版即为简单返回／空函数,230422,240081,1
function_4cf621,原版即为简单返回／空函数,230428,240087,1
function_4cf650,原版即为简单返回／空函数,230434,240093,1
function_4cf680,保留原反编译函数体,230440,240099,1
function_4cf6a0,原版即为简单返回／空函数,230447,240106,1
function_4cf6ab,原版即为简单返回／空函数,230453,240112,1
function_4cf6b9,原版即为简单返回／空函数,230459,240118,1
function_4cf6f0,原版即为简单返回／空函数,230465,240124,1
function_4cf720,原版即为简单返回／空函数,230471,240130,1
function_4cf750,原版即为简单返回／空函数,230477,240136,1
function_4cf758,原版即为简单返回／空函数,230483,240142,1
function_4cf790,原版即为简单返回／空函数,230489,240148,1
function_4cf7c0,原版即为简单返回／空函数,230495,240154,1
function_4cf7c8,原版即为简单返回／空函数,230501,240160,1
function_4cf7d3,原版即为简单返回／空函数,230507,240166,1
function_4cf7de,原版即为简单返回／空函数,230513,240172,1
function_4cf810,原版即为简单返回／空函数,230519,240178,1
function_4cf81b,原版即为简单返回／空函数,230525,240184,1
function_4cf826,原版即为简单返回／空函数,230531,240190,1
function_4cf831,原版即为简单返回／空函数,230537,240196,1
function_4cf83c,原版即为简单返回／空函数,230543,240202,1
function_4cf870,原版即为简单返回／空函数,230549,240208,1
function_4cf878,原版即为简单返回／空函数,230555,240214,1
function_4cf883,原版即为简单返回／空函数,230561,240220,1
function_4cf88e,原版即为简单返回／空函数,230567,240226,1
function_4cf8c0,原版即为简单返回／空函数,230573,240232,1
function_4cf8f0,原版即为简单返回／空函数,230579,240238,1
function_4cf8f8,原版即为简单返回／空函数,230585,240244,1
function_4cf903,原版即为简单返回／空函数,230591,240250,1
function_4cf90e,原版即为简单返回／空函数,230597,240256,1
function_4cf940,原版即为简单返回／空函数,230603,240262,1
function_4cf948,原版即为简单返回／空函数,230609,240268,1
function_4cf980,原版即为简单返回／空函数,230615,240274,1
function_4cf9d0,原版即为简单返回／空函数,230621,240280,1
function_4cfa20,原版即为简单返回／空函数,230627,240286,1
function_4cfa50,原版即为简单返回／空函数,230633,240292,1
function_4cfa80,保留原反编译函数体,230639,240298,1
function_4cfa8b,原版即为简单返回／空函数,230646,240305,1
function_4cfac0,原版即为简单返回／空函数,230652,240311,1
function_4cfacb,原版即为简单返回／空函数,230658,240317,1
function_4cfb00,原版即为简单返回／空函数,230664,240323,1
function_4cfb08,原版即为简单返回／空函数,230670,240329,1
function_4cfb50,原版即为简单返回／空函数,230676,240335,1
function_4cfb80,原版即为简单返回／空函数,230682,240341,1
function_4cfbf0,保留原反编译函数体,230688,240347,1
function_4cfc20,原版即为简单返回／空函数,230695,240354,1
function_4cfc50,原版即为简单返回／空函数,230701,240360,1
function_4cfc80,保留原反编译函数体,230707,240366,1
function_4cfc8b,保留原反编译函数体,230714,240373,1
function_4cfca5,原版即为简单返回／空函数,230730,240389,1
function_4cfcd0,原版即为简单返回／空函数,230736,240395,1
function_4cfd00,原版即为简单返回／空函数,230742,240401,1
function_4cfd30,原版即为简单返回／空函数,230748,240407,1
function_4cfd3b,原版即为简单返回／空函数,230754,240413,1
function_4cfd46,原版即为简单返回／空函数,230760,240419,1
function_4cfd51,原版即为简单返回／空函数,230766,240425,1
function_4cfd5c,原版即为简单返回／空函数,230772,240431,1
function_4cfd90,原版即为简单返回／空函数,230778,240437,1
function_4cfd9b,原版即为简单返回／空函数,230784,240443,1
function_4cfda6,原版即为简单返回／空函数,230790,240449,1
function_4cfdb1,原版即为简单返回／空函数,230796,240455,1
function_4cfdbc,原版即为简单返回／空函数,230802,240461,1
function_4cfdf0,原版即为简单返回／空函数,230808,240467,1
function_4cfdf8,原版即为简单返回／空函数,230814,240473,1
function_4cfe20,原版即为简单返回／空函数,230820,240479,1
function_4cfe50,原版即为简单返回／空函数,230826,240485,1
function_4cfe58,保留原反编译函数体,230832,240491,1
function_4cfe80,原版即为简单返回／空函数,230839,240498,1
function_4cfe88,原版即为简单返回／空函数,230845,240504,1
function_4cfe93,原版即为简单返回／空函数,230851,240510,1
function_4cfe9e,原版即为简单返回／空函数,230857,240516,1
function_4cfed0,原版即为简单返回／空函数,230863,240522,1
function_4cfed8,原版即为简单返回／空函数,230869,240528,1
function_4cfee3,原版即为简单返回／空函数,230875,240534,1
function_4cfeee,原版即为简单返回／空函数,230881,240540,1
function_4cff20,原版即为简单返回／空函数,230887,240546,1
function_4cff28,原版即为简单返回／空函数,230893,240552,1
function_4cff33,保留原反编译函数体,230899,240558,1
function_4cff4b,保留原反编译函数体,230907,240566,1
function_4cff63,保留原反编译函数体,230915,240574,1
function_4cff72,保留原反编译函数体,230922,240581,1
function_4cffa0,原版即为简单返回／空函数,230929,240588,1
function_4cffa8,原版即为简单返回／空函数,230935,240594,1
function_4cffb3,保留原反编译函数体,230941,240600,1
function_4cfff0,原版即为简单返回／空函数,230949,240608,1
function_4cfff8,原版即为简单返回／空函数,230955,240614,1
function_4d0003,原版即为简单返回／空函数,230961,240620,1
function_4d0030,原版即为简单返回／空函数,230967,240626,1
function_4d0038,原版即为简单返回／空函数,230973,240632,1
function_4d0043,原版即为简单返回／空函数,230979,240638,1
function_4d0070,原版即为简单返回／空函数,230985,240644,1
function_4d0078,原版即为简单返回／空函数,230991,240650,1
function_4d0083,原版即为简单返回／空函数,230997,240656,1
function_4d008e,原版即为简单返回／空函数,231003,240662,1
function_4d00e0,保留原反编译函数体,231009,240668,1
function_4d0110,原版即为简单返回／空函数,231016,240675,1
function_4d0140,保留原反编译函数体,231022,240681,1
function_4d014d,原版即为简单返回／空函数,231029,240688,1
function_4d0170,原版即为简单返回／空函数,231035,240694,1
function_4d0178,保留原反编译函数体,231041,240700,1
function_4d01a0,已修改／替换的非空实现,231048,240707,1
function_4d01a8,原版即为简单返回／空函数,231055,240714,1
function_4d01b0,原版即为简单返回／空函数,231061,240720,1
function_4d01e0,已修改／替换的非空实现,231067,240726,1
function_4d0210,原版即为简单返回／空函数,231074,240733,1
function_4d0218,原版即为简单返回／空函数,231080,240739,1
function_4d0220,原版即为简单返回／空函数,231086,240745,1
function_4d0250,保留原反编译函数体,231092,240751,1
function_4d025d,原版即为简单返回／空函数,231099,240758,1
function_4d0280,原版即为简单返回／空函数,231105,240764,1
function_4d02b0,保留原反编译函数体,231111,240770,1
function_4d02bd,原版即为简单返回／空函数,231118,240777,1
function_4d02e0,原版即为简单返回／空函数,231124,240783,1
function_4d0310,原版即为简单返回／空函数,231130,240789,1
function_4d0340,原版即为简单返回／空函数,231136,240795,1
function_4d03b0,原版即为简单返回／空函数,231142,240801,1
function_4d03b8,原版即为简单返回／空函数,231148,240807,1
function_4d03e0,保留原反编译函数体,231154,240813,1
function_4d03ea,原版即为简单返回／空函数,231161,240820,1
function_4d03f5,原版即为简单返回／空函数,231167,240826,1
function_4d0440,原版即为简单返回／空函数,231173,240832,1
function_4d0470,原版即为简单返回／空函数,231179,240838,1
function_4d04c0,原版即为简单返回／空函数,231185,240844,1
function_4d04c8,原版即为简单返回／空函数,231191,240850,1
function_4d0500,原版即为简单返回／空函数,231197,240856,1
function_4d0508,原版即为简单返回／空函数,231203,240862,1
function_4d0510,保留原反编译函数体,231209,240868,1
function_4d0540,原版即为简单返回／空函数,231217,240876,1
function_4d054b,原版即为简单返回／空函数,231223,240882,1
function_4d0556,原版即为简单返回／空函数,231229,240888,1
function_4d0564,原版即为简单返回／空函数,231235,240894,1
function_4d0572,原版即为简单返回／空函数,231241,240900,1
function_4d0580,原版即为简单返回／空函数,231247,240906,1
function_4d058d,原版即为简单返回／空函数,231253,240912,1
function_4d05c0,原版即为简单返回／空函数,231259,240918,1
function_4d05c8,原版即为简单返回／空函数,231265,240924,1
function_4d05f0,原版即为简单返回／空函数,231271,240930,1
function_4d0620,原版即为简单返回／空函数,231277,240936,1
function_4d0650,原版即为简单返回／空函数,231283,240942,1
function_4d0680,保留原反编译函数体,231289,240948,1
function_4d06b0,保留原反编译函数体,231296,240955,1
function_4d06e0,原版即为简单返回／空函数,231303,240962,1
function_4d06eb,原版即为简单返回／空函数,231309,240968,1
function_4d06f6,保留原反编译函数体,231315,240974,1
function_4d0704,保留原反编译函数体,231322,240981,1
function_4d0730,原版即为简单返回／空函数,231330,240989,1
function_4d0738,原版即为简单返回／空函数,231336,240995,1
function_4d0760,原版即为简单返回／空函数,231342,241001,1
function_4d0790,原版即为简单返回／空函数,231348,241007,1
function_4d0798,原版即为简单返回／空函数,231354,241013,1
function_4d07a3,原版即为简单返回／空函数,231360,241019,1
function_4d07ae,原版即为简单返回／空函数,231366,241025,1
function_4d07b9,原版即为简单返回／空函数,231372,241031,1
function_4d07e0,原版即为简单返回／空函数,231378,241037,1
function_4d07e8,原版即为简单返回／空函数,231384,241043,1
function_4d07f3,原版即为简单返回／空函数,231390,241049,1
function_4d0820,原版即为简单返回／空函数,231396,241055,1
function_4d0828,原版即为简单返回／空函数,231402,241061,1
function_4d0833,原版即为简单返回／空函数,231408,241067,1
function_4d083e,原版即为简单返回／空函数,231414,241073,1
function_4d0849,原版即为简单返回／空函数,231420,241079,1
function_4d0857,原版即为简单返回／空函数,231426,241085,1
function_4d0880,原版即为简单返回／空函数,231432,241091,1
function_4d0888,原版即为简单返回／空函数,231438,241097,1
function_4d0890,原版即为简单返回／空函数,231444,241103,1
function_4d0898,原版即为简单返回／空函数,231450,241109,1
function_4d08c0,原版即为简单返回／空函数,231456,241115,1
function_4d08cb,原版即为简单返回／空函数,231462,241121,1
function_4d08d6,原版即为简单返回／空函数,231468,241127,1
function_4d08e1,保留原反编译函数体,231474,241133,1
function_4d0910,原版即为简单返回／空函数,231482,241141,1
function_4d0940,保留原反编译函数体,231488,241147,1
function_4d094d,原版即为简单返回／空函数,231495,241154,1
function_4d0955,原版即为简单返回／空函数,231501,241160,1
function_4d0980,原版即为简单返回／空函数,231507,241166,1
function_4d09b0,原版即为简单返回／空函数,231513,241172,1
function_4d09e0,保留原反编译函数体,231519,241178,1
function_4d09e8,原版即为简单返回／空函数,231526,241185,1
function_4d09f6,原版即为简单返回／空函数,231532,241191,1
function_4d0a04,原版即为简单返回／空函数,231538,241197,1
function_4d0a12,原版即为简单返回／空函数,231544,241203,1
function_4d0a20,原版即为简单返回／空函数,231550,241209,1
function_4d0a50,原版即为简单返回／空函数,231556,241215,1
function_4d0a80,原版即为简单返回／空函数,231562,241221,1
function_4d0a8b,原版即为简单返回／空函数,231568,241227,1
function_4d0a96,原版即为简单返回／空函数,231574,241233,1
function_4d0aa1,原版即为简单返回／空函数,231580,241239,1
function_4d0aac,保留原反编译函数体,231586,241245,1
function_4d0ab9,原版即为简单返回／空函数,231593,241252,1
function_4d0ac7,原版即为简单返回／空函数,231599,241258,1
function_4d0acf,原版即为简单返回／空函数,231605,241264,1
function_4d0b00,原版即为简单返回／空函数,231611,241270,1
function_4d0b0b,原版即为简单返回／空函数,231617,241276,1
function_4d0b16,原版即为简单返回／空函数,231623,241282,1
function_4d0b21,原版即为简单返回／空函数,231629,241288,1
function_4d0b50,原版即为简单返回／空函数,231635,241294,1
function_4d0b58,原版即为简单返回／空函数,231641,241300,1
function_4d0b63,原版即为简单返回／空函数,231647,241306,1
function_4d0b6e,原版即为简单返回／空函数,231653,241312,1
function_4d0b79,保留原反编译函数体,231659,241318,1
function_4d0b88,原版即为简单返回／空函数,231666,241325,1
function_4d0bb0,原版即为简单返回／空函数,231672,241331,1
function_4d0be0,原版即为简单返回／空函数,231678,241337,1
function_4d0be8,保留原反编译函数体,231684,241343,1
function_4d0c30,原版即为简单返回／空函数,231691,241350,1
function_4d0c60,原版即为简单返回／空函数,231697,241356,1
function_4d0c90,原版即为简单返回／空函数,231703,241362,1
function_4d0c9b,原版即为简单返回／空函数,231709,241368,1
function_4d0ca3,原版即为简单返回／空函数,231715,241374,1
function_4d0ce0,原版即为简单返回／空函数,231721,241380,1
function_4d0d30,原版即为简单返回／空函数,231727,241386,1
function_4d0d60,原版即为简单返回／空函数,231733,241392,1
function_4d0d90,原版即为简单返回／空函数,231739,241398,1
function_4d0d98,原版即为简单返回／空函数,231745,241404,1
function_4d0da0,原版即为简单返回／空函数,231751,241410,1
function_4d0dd0,原版即为简单返回／空函数,231757,241416,1
function_4d0dd8,原版即为简单返回／空函数,231763,241422,1
function_4d0de0,原版即为简单返回／空函数,231769,241428,1
function_4d0e10,原版即为简单返回／空函数,231775,241434,1
function_4d0e18,原版即为简单返回／空函数,231781,241440,1
function_4d0e50,原版即为简单返回／空函数,231787,241446,1
function_4d0e58,保留原反编译函数体,231793,241452,1
function_4d0e80,原版即为简单返回／空函数,231801,241460,1
function_4d0e88,保留原反编译函数体,231807,241466,1
function_4d0eb0,原版即为简单返回／空函数,231815,241474,1
function_4d0eb8,保留原反编译函数体,231821,241480,1
function_4d0ee0,原版即为简单返回／空函数,231829,241488,1
function_4d0f10,原版即为简单返回／空函数,231835,241494,1
function_4d0f40,原版即为简单返回／空函数,231841,241500,1
function_4d0f70,原版即为简单返回／空函数,231847,241506,1
function_4d0fa0,原版即为简单返回／空函数,231853,241512,1
function_4d0fd0,原版即为简单返回／空函数,231859,241518,1
function_4d1000,原版即为简单返回／空函数,231865,241524,1
function_4d100b,保留原反编译函数体,231871,241530,1
function_4d1040,原版即为简单返回／空函数,231879,241538,1
function_4d104b,保留原反编译函数体,231885,241544,1
function_4d1080,原版即为简单返回／空函数,231893,241552,1
function_4d108b,保留原反编译函数体,231899,241558,1
function_4d10c0,原版即为简单返回／空函数,231907,241566,1
function_4d10f0,原版即为简单返回／空函数,231913,241572,1
function_4d1120,原版即为简单返回／空函数,231919,241578,1
function_4d1150,原版即为简单返回／空函数,231925,241584,1
function_4d1158,保留原反编译函数体,231931,241590,1
function_4d1180,原版即为简单返回／空函数,231939,241598,1
function_4d1188,原版即为简单返回／空函数,231945,241604,1
function_4d11c0,原版即为简单返回／空函数,231951,241610,1
function_4d11f0,原版即为简单返回／空函数,231957,241616,1
function_4d11f8,保留原反编译函数体,231963,241622,1
function_4d1220,保留原反编译函数体,231971,241630,1
function_4d122b,保留原反编译函数体,231978,241637,1
function_4d1280,已修改／替换的非空实现,231993,241652,1
function_4d1288,原版即为简单返回／空函数,232000,241659,1
function_4d1290,原版即为简单返回／空函数,232006,241665,1
function_4d12e0,原版即为简单返回／空函数,232012,241671,1
function_4d1310,原版即为简单返回／空函数,232018,241677,1
function_4d1318,原版即为简单返回／空函数,232024,241683,1
function_4d1329,保留原反编译函数体,232030,241689,1
function_4d1333,原版即为简单返回／空函数,232037,241696,1
function_4d13a0,原版即为简单返回／空函数,232043,241702,1
function_4d13ab,原版即为简单返回／空函数,232049,241708,1
function_4d13b3,原版即为简单返回／空函数,232055,241714,1
function_4d13be,原版即为简单返回／空函数,232061,241720,1
function_4d13c9,原版即为简单返回／空函数,232067,241726,1
function_4d13f0,原版即为简单返回／空函数,232073,241732,1
function_4d13f8,原版即为简单返回／空函数,232079,241738,1
function_4d1420,原版即为简单返回／空函数,232085,241744,1
function_4d1470,原版即为简单返回／空函数,232091,241750,1
function_4d147b,原版即为简单返回／空函数,232097,241756,1
function_4d1492,保留原反编译函数体,232103,241762,1
function_4d14c0,原版即为简单返回／空函数,232111,241770,1
function_4d14cb,原版即为简单返回／空函数,232117,241776,1
function_4d14d6,原版即为简单返回／空函数,232123,241782,1
function_4d14e1,保留原反编译函数体,232129,241788,1
function_4d14f0,原版即为简单返回／空函数,232136,241795,1
function_4d1520,保留原反编译函数体,232142,241801,1
function_4d152e,原版即为简单返回／空函数,232149,241808,1
function_4d1536,原版即为简单返回／空函数,232155,241814,1
function_4d153e,原版即为简单返回／空函数,232161,241820,1
function_4d1590,保留原反编译函数体,232167,241826,1
function_4d159e,原版即为简单返回／空函数,232174,241833,1
function_4d15a6,原版即为简单返回／空函数,232180,241839,1
function_4d15ae,原版即为简单返回／空函数,232186,241845,1
function_4d15b6,原版即为简单返回／空函数,232192,241851,1
function_4d15be,原版即为简单返回／空函数,232198,241857,1
function_4d15f0,原版即为简单返回／空函数,232204,241863,1
function_4d15fb,原版即为简单返回／空函数,232210,241869,1
function_4d1609,原版即为简单返回／空函数,232216,241875,1
function_4d1617,原版即为简单返回／空函数,232222,241881,1
function_4d1640,保留原反编译函数体,232228,241887,1
function_4d164e,原版即为简单返回／空函数,232235,241894,1
function_4d1656,原版即为简单返回／空函数,232241,241900,1
function_4d165e,原版即为简单返回／空函数,232247,241906,1
function_4d1690,原版即为简单返回／空函数,232253,241912,1
function_4d169b,原版即为简单返回／空函数,232259,241918,1
function_4d16a6,原版即为简单返回／空函数,232265,241924,1
function_4d16b1,原版即为简单返回／空函数,232271,241930,1
function_4d16bf,原版即为简单返回／空函数,232277,241936,1
function_4d1710,原版即为简单返回／空函数,232283,241942,1
function_4d1740,原版即为简单返回／空函数,232289,241948,1
function_4d174b,原版即为简单返回／空函数,232295,241954,1
function_4d1756,原版即为简单返回／空函数,232301,241960,1
function_4d1764,原版即为简单返回／空函数,232307,241966,1
function_4d1772,原版即为简单返回／空函数,232313,241972,1
function_4d1780,原版即为简单返回／空函数,232319,241978,1
function_4d178d,原版即为简单返回／空函数,232325,241984,1
function_4d17c0,原版即为简单返回／空函数,232331,241990,1
function_4d17c8,原版即为简单返回／空函数,232337,241996,1
function_4d17d0,原版即为简单返回／空函数,232343,242002,1
function_4d17d8,原版即为简单返回／空函数,232349,242008,1
function_4d17e0,原版即为简单返回／空函数,232355,242014,1
function_4d1810,原版即为简单返回／空函数,232361,242020,1
function_4d1840,原版即为简单返回／空函数,232367,242026,1
function_4d1870,原版即为简单返回／空函数,232373,242032,1
function_4d1878,保留原反编译函数体,232379,242038,1
function_4d18a0,保留原反编译函数体,232387,242046,1
function_4d18d0,原版即为简单返回／空函数,232394,242053,1
function_4d1930,保留原反编译函数体,232400,242059,1
function_4d1970,原版即为简单返回／空函数,232415,242074,1
function_4d19a0,原版即为简单返回／空函数,232421,242080,1
function_4d19a8,原版即为简单返回／空函数,232427,242086,1
function_4d19e0,原版即为简单返回／空函数,232433,242092,1
function_4d19e8,已修改／替换的非空实现,232439,242098,1
function_4d19f0,保留原反编译函数体,232446,242105,1
function_4d19fb,原版即为简单返回／空函数,232453,242112,1
function_4d1a03,原版即为简单返回／空函数,232459,242118,1
function_4d1a0b,保留原反编译函数体,232465,242124,1
function_4d1a16,原版即为简单返回／空函数,232472,242131,1
function_4d1a1e,保留原反编译函数体,232478,242137,1
function_4d1a40,原版即为简单返回／空函数,232485,242144,1
function_4d1a48,已修改／替换的非空实现,232491,242150,1
function_4d1a50,保留原反编译函数体,232498,242157,1
function_4d1a5b,原版即为简单返回／空函数,232505,242164,1
function_4d1a63,原版即为简单返回／空函数,232511,242170,1
function_4d1a6b,原版即为简单返回／空函数,232517,242176,1
function_4d1a73,保留原反编译函数体,232523,242182,1
function_4d1a90,已修改／替换的非空实现,232530,242189,1
function_4d1ac0,原版即为简单返回／空函数,232537,242196,1
function_4d1af0,保留原反编译函数体,232543,242202,1
function_4d1b20,原版即为简单返回／空函数,232550,242209,1
function_4d1b50,保留原反编译函数体,232556,242215,1
function_4d1b80,保留原反编译函数体,232563,242222,1
function_4d1bb0,原版即为简单返回／空函数,232570,242229,1
function_4d1c00,保留原反编译函数体,232576,242235,1
function_4d1c30,原版即为简单返回／空函数,232583,242242,1
function_4d1c38,原版即为简单返回／空函数,232589,242248,1
function_4d1c40,原版即为简单返回／空函数,232595,242254,1
function_4d1c48,保留原反编译函数体,232601,242260,1
function_4d1c70,原版即为简单返回／空函数,232609,242268,1
function_4d1c78,原版即为简单返回／空函数,232615,242274,1
function_4d1c80,原版即为简单返回／空函数,232621,242280,1
function_4d1c88,原版即为简单返回／空函数,232627,242286,1
function_4d1c90,保留原反编译函数体,232633,242292,1
function_4d1cc0,原版即为简单返回／空函数,232641,242300,1
function_4d1d10,原版即为简单返回／空函数,232647,242306,1
function_4d1d60,原版即为简单返回／空函数,232653,242312,1
function_4d1d90,保留原反编译函数体,232659,242318,1
function_4d1dc0,原版即为简单返回／空函数,232666,242325,1
function_4d1dcb,保留原反编译函数体,232672,242331,1
function_4d1dd9,原版即为简单返回／空函数,232679,242338,1
function_4d1de1,原版即为简单返回／空函数,232685,242344,1
function_4d1e10,原版即为简单返回／空函数,232691,242350,1
function_4d1e21,原版即为简单返回／空函数,232697,242356,1
function_4d1e50,原版即为简单返回／空函数,232703,242362,1
function_4d1e58,保留原反编译函数体,232709,242368,1
function_4d1e80,原版即为简单返回／空函数,232717,242376,1
function_4d1eb0,原版即为简单返回／空函数,232723,242382,1
function_4d1eb8,原版即为简单返回／空函数,232729,242388,1
function_4d1ec0,保留原反编译函数体,232735,242394,1
function_4d1ee0,原版即为简单返回／空函数,232742,242401,1
function_4d1f10,保留原反编译函数体,232748,242407,1
function_4d1f40,保留原反编译函数体,232755,242414,1
function_4d1f4a,原版即为简单返回／空函数,232762,242421,1
function_4d1f52,保留原反编译函数体,232768,242427,1
function_4d1f5c,保留原反编译函数体,232775,242434,1
function_4d1f6a,原版即为简单返回／空函数,232782,242441,1
function_4d1f72,原版即为简单返回／空函数,232788,242447,1
function_4d1f7a,原版即为简单返回／空函数,232794,242453,1
function_4d1f82,原版即为简单返回／空函数,232800,242459,1
function_4d1f8a,原版即为简单返回／空函数,232806,242465,1
function_4d1f92,原版即为简单返回／空函数,232812,242471,1
function_4d1f9a,原版即为简单返回／空函数,232818,242477,1
function_4d1fa2,原版即为简单返回／空函数,232824,242483,1
function_4d1faa,保留原反编译函数体,232830,242489,1
function_4d1fd0,原版即为简单返回／空函数,232837,242496,1
function_4d2000,原版即为简单返回／空函数,232843,242502,1
function_4d2008,原版即为简单返回／空函数,232849,242508,1
function_4d2010,原版即为简单返回／空函数,232855,242514,1
function_4d2040,原版即为简单返回／空函数,232861,242520,1
function_4d2048,保留原反编译函数体,232867,242526,1
function_4d2052,原版即为简单返回／空函数,232874,242533,1
function_4d205a,原版即为简单返回／空函数,232880,242539,1
function_4d2080,原版即为简单返回／空函数,232886,242545,1
function_4d2088,原版即为简单返回／空函数,232892,242551,1
function_4d2090,原版即为简单返回／空函数,232898,242557,1
function_4d20c0,原版即为简单返回／空函数,232904,242563,1
function_4d20c8,原版即为简单返回／空函数,232910,242569,1
function_4d20d0,原版即为简单返回／空函数,232916,242575,1
function_4d2100,保留原反编译函数体,232922,242581,1
function_4d2130,原版即为简单返回／空函数,232929,242588,1
function_4d2138,原版即为简单返回／空函数,232935,242594,1
function_4d2140,原版即为简单返回／空函数,232941,242600,1
function_4d2148,原版即为简单返回／空函数,232947,242606,1
function_4d2150,保留原反编译函数体,232953,242612,1
function_4d2180,原版即为简单返回／空函数,232961,242620,1
function_4d21b0,保留原反编译函数体,232967,242626,1
function_4d21e0,原版即为简单返回／空函数,232974,242633,1
function_4d21e8,原版即为简单返回／空函数,232980,242639,1
function_4d2220,原版即为简单返回／空函数,232986,242645,1
function_4d2228,原版即为简单返回／空函数,232992,242651,1
function_4d2250,原版即为简单返回／空函数,232998,242657,1
function_4d2258,原版即为简单返回／空函数,233004,242663,1
function_4d2260,原版即为简单返回／空函数,233010,242669,1
function_4d2290,原版即为简单返回／空函数,233016,242675,1
function_4d2298,保留原反编译函数体,233022,242681,1
function_4d22c0,保留原反编译函数体,233030,242689,1
function_4d2300,原版即为简单返回／空函数,233045,242704,1
function_4d2330,原版即为简单返回／空函数,233051,242710,1
function_4d2338,保留原反编译函数体,233057,242716,1
function_4d2360,原版即为简单返回／空函数,233065,242724,1
function_4d2390,原版即为简单返回／空函数,233071,242730,1
function_4d23e0,原版即为简单返回／空函数,233077,242736,1
function_4d23f1,原版即为简单返回／空函数,233083,242742,1
function_4d2420,原版即为简单返回／空函数,233089,242748,1
function_4d242b,保留原反编译函数体,233095,242754,1
function_4d2460,原版即为简单返回／空函数,233103,242762,1
function_4d2468,原版即为简单返回／空函数,233109,242768,1
function_4d2473,保留原反编译函数体,233115,242774,1
function_4d2480,原版即为简单返回／空函数,233122,242781,1
function_4d24b0,原版即为简单返回／空函数,233128,242787,1
function_4d24bb,原版即为简单返回／空函数,233134,242793,1
function_4d24c3,原版即为简单返回／空函数,233140,242799,1
function_4d24ce,保留原反编译函数体,233146,242805,1
function_4d2500,保留原反编译函数体,233154,242813,1
function_4d2540,原版即为简单返回／空函数,233169,242828,1
function_4d2590,原版即为简单返回／空函数,233175,242834,1
function_4d25c0,原版即为简单返回／空函数,233181,242840,1
function_4d25f0,原版即为简单返回／空函数,233187,242846,1
function_4d25f8,原版即为简单返回／空函数,233193,242852,1
function_4d2630,原版即为简单返回／空函数,233199,242858,1
function_4d2638,保留原反编译函数体,233205,242864,1
function_4d2660,原版即为简单返回／空函数,233212,242871,1
function_4d2668,保留原反编译函数体,233218,242877,1
function_4d2673,保留原反编译函数体,233225,242884,1
function_4d2680,原版即为简单返回／空函数,233232,242891,1
function_4d268b,原版即为简单返回／空函数,233238,242897,1
function_4d2696,原版即为简单返回／空函数,233244,242903,1
function_4d26a1,原版即为简单返回／空函数,233250,242909,1
function_4d26ac,原版即为简单返回／空函数,233256,242915,1
function_4d26b7,原版即为简单返回／空函数,233262,242921,1
function_4d26c2,原版即为简单返回／空函数,233268,242927,1
function_4d26cd,原版即为简单返回／空函数,233274,242933,1
function_4d26d8,原版即为简单返回／空函数,233280,242939,1
function_4d26e3,原版即为简单返回／空函数,233286,242945,1
function_4d26ee,保留原反编译函数体,233292,242951,1
function_4d2720,原版即为简单返回／空函数,233300,242959,1
function_4d2728,原版即为简单返回／空函数,233306,242965,1
function_4d2730,原版即为简单返回／空函数,233312,242971,1
function_4d2738,原版即为简单返回／空函数,233318,242977,1
function_4d2740,原版即为简单返回／空函数,233324,242983,1
function_4d2748,原版即为简单返回／空函数,233330,242989,1
function_4d2750,原版即为简单返回／空函数,233336,242995,1
function_4d2780,原版即为简单返回／空函数,233342,243001,1
function_4d2788,原版即为简单返回／空函数,233348,243007,1
function_4d27c0,原版即为简单返回／空函数,233354,243013,1
function_4d27c8,原版即为简单返回／空函数,233360,243019,1
function_4d27d0,原版即为简单返回／空函数,233366,243025,1
function_4d27d8,原版即为简单返回／空函数,233372,243031,1
function_4d2810,原版即为简单返回／空函数,233378,243037,1
function_4d2818,保留原反编译函数体,233384,243043,1
function_4d2840,原版即为简单返回／空函数,233392,243051,1
function_4d284b,保留原反编译函数体,233398,243057,1
function_4d2859,原版即为简单返回／空函数,233405,243064,1
function_4d2890,保留原反编译函数体,233411,243070,1
function_4d289e,原版即为简单返回／空函数,233418,243077,1
function_4d28a6,原版即为简单返回／空函数,233424,243083,1
function_4d28ae,原版即为简单返回／空函数,233430,243089,1
function_4d28b6,保留原反编译函数体,233436,243095,1
function_4d28e0,原版即为简单返回／空函数,233443,243102,1
function_4d2910,原版即为简单返回／空函数,233449,243108,1
function_4d2940,保留原反编译函数体,233455,243114,1
function_4d2970,保留原反编译函数体,233462,243121,1
function_4d297e,原版即为简单返回／空函数,233469,243128,1
function_4d2986,原版即为简单返回／空函数,233475,243134,1
function_4d298e,原版即为简单返回／空函数,233481,243140,1
function_4d2996,保留原反编译函数体,233487,243146,1
function_4d29c0,原版即为简单返回／空函数,233494,243153,1
function_4d29c8,原版即为简单返回／空函数,233500,243159,1
function_4d29d0,保留原反编译函数体,233506,243165,1
function_4d2a00,保留原反编译函数体,233514,243173,1
function_4d2a0e,原版即为简单返回／空函数,233521,243180,1
function_4d2a16,原版即为简单返回／空函数,233527,243186,1
function_4d2a1e,原版即为简单返回／空函数,233533,243192,1
function_4d2a26,保留原反编译函数体,233539,243198,1
function_4d2a90,原版即为简单返回／空函数,233546,243205,1
function_4d2ac0,原版即为简单返回／空函数,233552,243211,1
function_4d2af0,保留原反编译函数体,233558,243217,1
function_4d2afe,原版即为简单返回／空函数,233565,243224,1
function_4d2b06,原版即为简单返回／空函数,233571,243230,1
function_4d2b0e,原版即为简单返回／空函数,233577,243236,1
function_4d2b40,原版即为简单返回／空函数,233583,243242,1
function_4d2b4b,原版即为简单返回／空函数,233589,243248,1
function_4d2b56,原版即为简单返回／空函数,233595,243254,1
function_4d2b61,保留原反编译函数体,233601,243260,1
function_4d2b70,原版即为简单返回／空函数,233608,243267,1
function_4d2ba0,原版即为简单返回／空函数,233614,243273,1
function_4d2bb1,原版即为简单返回／空函数,233620,243279,1
function_4d2be0,原版即为简单返回／空函数,233626,243285,1
function_4d2be8,保留原反编译函数体,233632,243291,1
function_4d2c01,保留原反编译函数体,233647,243306,1
function_4d2c1a,保留原反编译函数体,233662,243321,1
function_4d2c25,原版即为简单返回／空函数,233669,243328,1
function_4d2c2d,原版即为简单返回／空函数,233675,243334,1
function_4d2c35,保留原反编译函数体,233681,243340,1
function_4d2c60,保留原反编译函数体,233689,243348,1
function_4d2c6e,原版即为简单返回／空函数,233696,243355,1
function_4d2c76,原版即为简单返回／空函数,233702,243361,1
function_4d2c7e,原版即为简单返回／空函数,233708,243367,1
function_4d2c86,原版即为简单返回／空函数,233714,243373,1
function_4d2c8e,原版即为简单返回／空函数,233720,243379,1
function_4d2c96,保留原反编译函数体,233726,243385,1
function_4d2cc0,原版即为简单返回／空函数,233733,243392,1
function_4d2cc8,原版即为简单返回／空函数,233739,243398,1
function_4d2cd0,原版即为简单返回／空函数,233745,243404,1
function_4d2cd8,原版即为简单返回／空函数,233751,243410,1
function_4d2ce0,原版即为简单返回／空函数,233757,243416,1
function_4d2ce8,原版即为简单返回／空函数,233763,243422,1
function_4d2cf0,原版即为简单返回／空函数,233769,243428,1
function_4d2cf8,保留原反编译函数体,233775,243434,1
function_4d2d20,保留原反编译函数体,233783,243442,1
function_4d2d2b,保留原反编译函数体,233790,243449,1
function_4d2d35,保留原反编译函数体,233797,243456,1
function_4d2d3f,原版即为简单返回／空函数,233804,243463,1
function_4d2d47,原版即为简单返回／空函数,233810,243469,1
function_4d2d4f,原版即为简单返回／空函数,233816,243475,1
function_4d2d57,保留原反编译函数体,233822,243481,1
function_4d2d90,原版即为简单返回／空函数,233830,243489,1
function_4d2d9b,保留原反编译函数体,233836,243495,1
function_4d2da9,原版即为简单返回／空函数,233843,243502,1
function_4d2de0,保留原反编译函数体,233849,243508,1
function_4d2e20,原版即为简单返回／空函数,233864,243523,1
function_4d2e28,保留原反编译函数体,233870,243529,1
function_4d2e50,原版即为简单返回／空函数,233877,243536,1
function_4d2e80,原版即为简单返回／空函数,233883,243542,1
function_4d2e88,原版即为简单返回／空函数,233889,243548,1
function_4d2e90,保留原反编译函数体,233895,243554,1
function_4d2eb0,原版即为简单返回／空函数,233902,243561,1
function_4d2eb8,原版即为简单返回／空函数,233908,243567,1
function_4d2ec0,保留原反编译函数体,233914,243573,1
function_4d2ed9,原版即为简单返回／空函数,233929,243588,1
function_4d2f10,原版即为简单返回／空函数,233935,243594,1
function_4d2f18,原版即为简单返回／空函数,233941,243600,1
function_4d2f20,保留原反编译函数体,233947,243606,1
function_4d2f60,原版即为简单返回／空函数,233954,243613,1
function_4d2f90,保留原反编译函数体,233960,243619,1
function_4d2f9e,原版即为简单返回／空函数,233967,243626,1
function_4d2fa6,原版即为简单返回／空函数,233973,243632,1
function_4d2fae,原版即为简单返回／空函数,233979,243638,1
function_4d2fe0,保留原反编译函数体,233985,243644,1
function_4d2feb,原版即为简单返回／空函数,233992,243651,1
function_4d3020,原版即为简单返回／空函数,233998,243657,1
function_4d3028,原版即为简单返回／空函数,234004,243663,1
function_4d3030,原版即为简单返回／空函数,234010,243669,1
function_4d3038,原版即为简单返回／空函数,234016,243675,1
function_4d3040,原版即为简单返回／空函数,234022,243681,1
function_4d3048,原版即为简单返回／空函数,234028,243687,1
function_4d3050,原版即为简单返回／空函数,234034,243693,1
function_4d3058,原版即为简单返回／空函数,234040,243699,1
function_4d3060,保留原反编译函数体,234046,243705,1
function_4d3090,原版即为简单返回／空函数,234054,243713,1
function_4d3098,原版即为简单返回／空函数,234060,243719,1
function_4d30d0,原版即为简单返回／空函数,234066,243725,1
function_4d30d8,原版即为简单返回／空函数,234072,243731,1
function_4d30e0,原版即为简单返回／空函数,234078,243737,1
function_4d30e8,原版即为简单返回／空函数,234084,243743,1
function_4d3120,已修改／替换的非空实现,234090,243749,1
function_4d3128,原版即为简单返回／空函数,234097,243756,1
function_4d3130,保留原反编译函数体,234103,243762,1
function_4d3150,保留原反编译函数体,234110,243769,1
function_4d315e,原版即为简单返回／空函数,234117,243776,1
function_4d3166,原版即为简单返回／空函数,234123,243782,1
function_4d316e,原版即为简单返回／空函数,234129,243788,1
function_4d31a0,原版即为简单返回／空函数,234135,243794,1
function_4d31a8,保留原反编译函数体,234141,243800,1
function_4d31ca,保留原反编译函数体,234156,243815,1
function_4d31e9,原版即为简单返回／空函数,234171,243830,1
function_4d31f1,原版即为简单返回／空函数,234177,243836,1
function_4d31f9,原版即为简单返回／空函数,234183,243842,1
function_4d3204,原版即为简单返回／空函数,234189,243848,1
function_4d320c,原版即为简单返回／空函数,234195,243854,1
function_4d3217,原版即为简单返回／空函数,234201,243860,1
function_4d321f,原版即为简单返回／空函数,234207,243866,1
function_4d322a,保留原反编译函数体,234213,243872,1
function_4d3260,原版即为简单返回／空函数,234221,243880,1
function_4d3268,保留原反编译函数体,234227,243886,1
function_4d32b0,原版即为简单返回／空函数,234235,243894,1
function_4d32e0,原版即为简单返回／空函数,234241,243900,1
function_4d32e8,保留原反编译函数体,234247,243906,1
function_4d3320,原版即为简单返回／空函数,234255,243914,1
function_4d3328,保留原反编译函数体,234261,243920,1
function_4d3350,原版即为简单返回／空函数,234269,243928,1
function_4d3380,原版即为简单返回／空函数,234275,243934,1
function_4d33b0,原版即为简单返回／空函数,234281,243940,1
function_4d33b8,保留原反编译函数体,234287,243946,1
function_4d33d1,保留原反编译函数体,234302,243961,1
function_4d3410,原版即为简单返回／空函数,234317,243976,1
function_4d3418,原版即为简单返回／空函数,234323,243982,1
function_4d3420,原版即为简单返回／空函数,234329,243988,1
function_4d3428,原版即为简单返回／空函数,234335,243994,1
function_4d3430,保留原反编译函数体,234341,244000,1
function_4d3450,原版即为简单返回／空函数,234348,244007,1
function_4d3458,原版即为简单返回／空函数,234354,244013,1
function_4d3460,原版即为简单返回／空函数,234360,244019,1
function_4d3468,原版即为简单返回／空函数,234366,244025,1
function_4d3470,原版即为简单返回／空函数,234372,244031,1
function_4d3478,原版即为简单返回／空函数,234378,244037,1
function_4d3480,保留原反编译函数体,234384,244043,1
function_4d34b0,原版即为简单返回／空函数,234391,244050,1
function_4d34e0,原版即为简单返回／空函数,234397,244056,1
function_4d34e8,保留原反编译函数体,234403,244062,1
function_4d3510,原版即为简单返回／空函数,234410,244069,1
function_4d3540,原版即为简单返回／空函数,234416,244075,1
function_4d3570,原版即为简单返回／空函数,234422,244081,1
function_4d35a0,原版即为简单返回／空函数,234428,244087,1
function_4d35c0,原版即为简单返回／空函数,234434,244093,1
function_4d35e0,原版即为简单返回／空函数,234440,244099,1
function_4d3600,原版即为简单返回／空函数,234446,244105,1
function_4d3620,原版即为简单返回／空函数,234452,244111,1
function_4d3640,原版即为简单返回／空函数,234458,244117,1
function_4d3660,原版即为简单返回／空函数,234464,244123,1
function_4d3680,原版即为简单返回／空函数,234470,244129,1
function_4d36a0,原版即为简单返回／空函数,234476,244135,1
function_4d36c0,原版即为简单返回／空函数,234482,244141,1
function_4d36e0,原版即为简单返回／空函数,234488,244147,1
function_4d3700,原版即为简单返回／空函数,234494,244153,1
function_4d3720,保留原反编译函数体,234500,244159,1
function_4d3740,保留原反编译函数体,234507,244166,1
function_4d3780,原版即为简单返回／空函数,234514,244173,1
function_4d3790,保留原反编译函数体,234520,244179,1
function_4d37b0,保留原反编译函数体,234527,244186,1
function_4d37d0,保留原反编译函数体,234536,244195,1
function_4d37f0,保留原反编译函数体,234543,244202,1
function_4d3820,原版即为简单返回／空函数,234550,244209,1
function_4d3830,保留原反编译函数体,234556,244215,1
function_4d3850,保留原反编译函数体,234563,244222,1
function_4d3870,保留原反编译函数体,234570,244229,1
function_4d3890,原版即为简单返回／空函数,234577,244236,1
function_4d38a0,原版即为简单返回／空函数,234583,244242,1
function_4d38b0,保留原反编译函数体,234589,244248,1
function_4d38d0,原版即为简单返回／空函数,234596,244255,1
function_4d38e0,保留原反编译函数体,234602,244261,1
function_4d3900,保留原反编译函数体,234611,244270,1
function_4d39a0,保留原反编译函数体,234643,244302,1
function_4d39c0,保留原反编译函数体,234650,244309,1
function_4d39e0,保留原反编译函数体,234657,244316,1
function_4d3a40,保留原反编译函数体,234664,244323,1
function_4d3a60,保留原反编译函数体,234671,244330,1
function_4d3a80,保留原反编译函数体,234678,244337,1
function_4d3aa0,保留原反编译函数体,234685,244344,1
function_4d3ac0,保留原反编译函数体,234692,244351,1
function_4d3ae0,保留原反编译函数体,234699,244358,1
function_4d3b00,保留原反编译函数体,234706,244365,1
function_4d3b20,保留原反编译函数体,234713,244372,1
function_4d3b40,保留原反编译函数体,234720,244379,1
function_4d3b60,保留原反编译函数体,234727,244386,1
function_4d3bc0,保留原反编译函数体,234738,244397,1
function_4d3c20,保留原反编译函数体,234749,244408,1
function_4d3ce0,保留原反编译函数体,234763,244422,1
function_4d3dc0,已修改／替换的非空实现,234785,244444,1
function_4d3e40,原版即为简单返回／空函数,234798,244457,1
function_4d3e50,已修改／替换的非空实现,234806,244465,1
function_4d3f50,保留原反编译函数体,234837,244496,1
function_4d3fe0,原版即为简单返回／空函数,234868,244527,1
function_4d3ff0,原版即为简单返回／空函数,234874,244533,1
function_4d4000,原版即为简单返回／空函数,234880,244539,1
function_4d4010,原版即为简单返回／空函数,234886,244545,1
function_4d4040,原版即为简单返回／空函数,234892,244551,1
function_4d404c,原版即为简单返回／空函数,234898,244557,1
function_4d4058,原版即为简单返回／空函数,234904,244563,1
function_4d4064,原版即为简单返回／空函数,234910,244569,1
function_4d4070,原版即为简单返回／空函数,234916,244575,1
function_4d407c,原版即为简单返回／空函数,234922,244581,1
function_4d40b4,原版即为简单返回／空函数,234928,244587,1
function_4d40c0,保留原反编译函数体,234934,244593,1
function_4d40d0,原版即为简单返回／空函数,234941,244600,1
function_4d40f0,原版即为简单返回／空函数,234954,244613,1
function_4d4100,原版即为简单返回／空函数,234960,244619,1
function_4d4110,保留原反编译函数体,234966,244625,1
function_4d4120,原版即为简单返回／空函数,234973,244632,1
function_4d4130,保留原反编译函数体,234979,244638,1
function_4d4140,原版即为简单返回／空函数,234986,244645,1
function_4d4150,保留原反编译函数体,234992,244651,1
function_4d4160,保留原反编译函数体,234999,244658,1
function_4d4180,原版即为简单返回／空函数,235011,244670,1
function_4d4190,保留原反编译函数体,235017,244676,1
function_4d41a0,保留原反编译函数体,235024,244683,1
function_4d41b0,保留原反编译函数体,235031,244690,1
function_4d4210,保留原反编译函数体,235042,244701,1
function_4d4220,保留原反编译函数体,235049,244708,1
function_4d4280,保留原反编译函数体,235060,244719,1
function_4d4290,保留原反编译函数体,235067,244726,1
function_4d42f0,保留原反编译函数体,235076,244735,1
function_4d4300,原版即为简单返回／空函数,235083,244742,1
function_4d4310,保留原反编译函数体,235089,244748,1
function_4d4380,保留原反编译函数体,235124,244783,1
function_4d4390,保留原反编译函数体,235131,244790,1
function_4d43f0,保留原反编译函数体,235142,244801,1
function_4d4400,保留原反编译函数体,235149,244808,1
function_4d4460,保留原反编译函数体,235158,244817,1
function_4d4470,保留原反编译函数体,235165,244824,1
function_4d44d0,保留原反编译函数体,235176,244835,1
function_4d44e0,保留原反编译函数体,235183,244842,1
function_4d4540,保留原反编译函数体,235194,244853,1
function_4d4550,保留原反编译函数体,235201,244860,1
function_4d45b0,保留原反编译函数体,235212,244871,1
function_4d45c0,保留原反编译函数体,235219,244878,1
function_4d4620,保留原反编译函数体,235230,244889,1
function_4d4630,保留原反编译函数体,235237,244896,1
function_4d4690,保留原反编译函数体,235248,244907,1
function_4d46a0,保留原反编译函数体,235255,244914,1
function_4d4700,保留原反编译函数体,235264,244923,1
function_4d4760,保留原反编译函数体,235275,244934,1
function_4d4790,原版即为简单返回／空函数,235293,244952,1
function_4d47a0,原版即为简单返回／空函数,235299,244958,1
function_4d47b0,原版即为简单返回／空函数,235305,244964,1
function_4d47f0,保留原反编译函数体,235332,244991,1
function_4d4860,保留原反编译函数体,235379,245038,1
function_4d48c0,保留原反编译函数体,235389,245048,1
function_4d4930,保留原反编译函数体,235400,245059,1
function_4d4990,原版即为简单返回／空函数,235440,245099,1
function_4d49d0,保留原反编译函数体,235467,245126,1
function_4d4a30,保留原反编译函数体,235479,245138,1
function_4d4a60,保留原反编译函数体,235498,245157,1
function_4d4a90,保留原反编译函数体,235517,245176,1
function_4d4ac0,保留原反编译函数体,235536,245195,1
function_4d4af0,保留原反编译函数体,235555,245214,1
function_4d4b30,已修改／替换的非空实现,235581,245240,1
function_4d4b90,保留原反编译函数体,235614,245273,1
function_4d4b9b,保留原反编译函数体,235622,245281,1
function_4d4ba6,保留原反编译函数体,235630,245289,1
function_4d4bb1,原版即为简单返回／空函数,235638,245297,1
function_4d4bbb,原版即为简单返回／空函数,235644,245303,1
function_4d4bd9,原版即为简单返回／空函数,235664,245323,1
function_c000000,保留原反编译函数体,235670,245329,1
function_c47acb9,保留原反编译函数体,235677,245336,1
function_56ffffb4,保留原反编译函数体,235684,245343,1
