function,category,original_line,current_line,variants
function_401000,保留原反编译函数体,8585,8988,1
function_401010,保留原反编译函数体,8595,8998,1
function_401040,已修改／替换的非空实现,8611,9014,1
function_4011b0,已修改／替换的非空实现,8679,9082,2
function_4013d0,已修改／替换的非空实现,8788,9210,1
function_4014d0,保留原反编译函数体,8847,9269,1
function_401600,已修改／替换的非空实现,8880,9302,1
function_401660,已修改／替换的非空实现,8905,9330,1
function_4016e0,已修改／替换的非空实现,8956,9370,1
function_401740,保留原反编译函数体,8992,9406,1
function_401760,已修改／替换的非空实现,9002,9416,1
function_401790,已修改／替换的非空实现,9015,9443,1
function_4017b0,已修改／替换的非空实现,9022,9455,3
function_401820,已修改／替换的非空实现,9057,9487,1
function_401850,保留原反编译函数体,9065,9509,1
function_401a30,保留原反编译函数体,9175,9619,1
function_401ae0,已修改／替换的非空实现,9190,9634,1
function_401ba0,保留原反编译函数体,9208,9680,1
function_401da0,保留原反编译函数体,9360,9832,1
function_401dc0,已修改／替换的非空实现,9367,9839,1
function_401e60,保留原反编译函数体,9400,9872,1
function_401ee0,保留原反编译函数体,9412,9884,1
function_401f80,已修改／替换的非空实现,9551,10023,1
function_4021e0,已修改／替换的非空实现,9923,10395,1
function_402230,保留原反编译函数体,9960,10432,1
function_402290,保留原反编译函数体,9994,10466,1
function_4022f0,保留原反编译函数体,10013,10485,1
function_402310,保留原反编译函数体,10034,10506,1
function_402360,保留原反编译函数体,10086,10558,1
function_402430,保留原反编译函数体,10157,10629,1
function_402610,保留原反编译函数体,10410,10882,1
function_402670,保留原反编译函数体,10441,10913,1
function_4026e0,已修改／替换的非空实现,10480,10952,1
function_402770,已修改／替换的非空实现,10505,10974,1
function_4028d0,已修改／替换的非空实现,10673,11078,1
function_402930,保留原反编译函数体,10721,11108,1
function_402970,已修改／替换的非空实现,10730,11117,1
function_4029b0,保留原反编译函数体,10755,11134,1
function_4029d0,保留原反编译函数体,10763,11142,1
function_4029f0,保留原反编译函数体,10780,11159,1
function_402a10,保留原反编译函数体,10791,11170,1
function_402a20,保留原反编译函数体,10800,11179,1
function_402a50,保留原反编译函数体,10812,11191,1
function_402aa0,已修改／替换的非空实现,10824,11203,1
function_402ac0,保留原反编译函数体,10831,11221,1
function_402ad0,原版即为简单返回／空函数,10838,11228,1
function_402af0,已修改／替换的非空实现,10844,11234,1
function_402b90,已修改／替换的非空实现,10855,11245,1
function_4a96d0,已修改／替换的非空实现,10875,11265,3
function_402d30,原版即为简单返回／空函数,10952,11348,1
function_402d40,已修改／替换的非空实现,10958,11389,1
function_403000,已修改／替换的非空实现,10989,11504,1
function_4a9a30,已修改／替换的非空实现,10995,120378,2
function_40bf10,已修改／替换的非空实现,11021,23675,1
function_40c560,已修改／替换的非空实现,11376,24021,1
function_403790,保留原反编译函数体,11798,11511,1
function_4037e0,保留原反编译函数体,11808,11521,1
function_403820,保留原反编译函数体,11817,11530,2
function_403830,保留原反编译函数体,11824,11537,1
function_4038c0,已修改／替换的非空实现,11908,11752,1
function_4039e0,已修改／替换的非空实现,11998,11794,4
function_403a90,保留原反编译函数体,12053,11836,1
function_403ad0,保留原反编译函数体,12063,11846,1
function_403b90,保留原反编译函数体,12092,11875,1
function_403bf0,已修改／替换的非空实现,12119,11902,1
function_403ce0,已修改／替换的非空实现,12198,11728,4
function_403db6,保留原反编译函数体,12237,12010,1
function_403dbc,已修改／替换的非空实现,12244,12018,1
function_403e50,未找到同名入口，待核对替代,12269,,0
function_403e80,保留原反编译函数体,12284,12035,1
function_403f00,保留原反编译函数体,12300,12051,1
function_403f20,保留原反编译函数体,12310,12061,1
function_403fc0,保留原反编译函数体,12400,12151,1
function_403fe0,保留原反编译函数体,12409,12160,1
function_404040,保留原反编译函数体,12447,12198,1
function_404090,保留原反编译函数体,12460,12211,1
function_4040d0,已修改／替换的非空实现,12471,12222,1
function_404130,已修改／替换的非空实现,12479,12228,1
function_404180,保留原反编译函数体,12487,12234,1
function_404230,保留原反编译函数体,12533,12280,1
function_404270,保留原反编译函数体,12556,12303,1
function_404390,已修改／替换的非空实现,12618,12365,1
function_477160,已修改／替换的非空实现,12622,146129,1
function_404430,已修改／替换的非空实现,12644,12386,1
function_474000,已修改／替换的非空实现,12648,139996,1
function_4044d0,保留原反编译函数体,12670,12407,1
function_4045c0,已修改／替换的非空实现,12761,12498,2
function_404610,保留原反编译函数体,12800,12508,1
function_404640,保留原反编译函数体,12809,12517,1
function_404770,保留原反编译函数体,12927,12635,1
function_4049c0,保留原反编译函数体,13167,12875,1
function_404bc0,保留原反编译函数体,13379,13087,1
function_404e10,保留原反编译函数体,13619,13327,1
function_404eb0,保留原反编译函数体,13638,13346,1
function_404ee0,保留原反编译函数体,13645,13353,1
function_405040,保留原反编译函数体,13795,13503,1
function_405060,保留原反编译函数体,13804,13512,1
function_405080,保留原反编译函数体,13813,13521,1
function_405140,保留原反编译函数体,13841,13549,1
function_405180,保留原反编译函数体,13856,13564,1
function_4051e0,保留原反编译函数体,13871,13579,1
function_405220,保留原反编译函数体,13886,13594,1
function_405280,保留原反编译函数体,13901,13609,1
function_4052c0,保留原反编译函数体,13916,13624,1
function_405320,保留原反编译函数体,13931,13639,1
function_405720,保留原反编译函数体,14432,14140,1
function_405800,已修改／替换的非空实现,14458,14329,2
function_405900,保留原反编译函数体,14489,14349,2
function_405980,已修改／替换的非空实现,14566,14426,1
function_405990,保留原反编译函数体,14574,14434,1
function_4059c0,保留原反编译函数体,14582,14442,1
function_405a50,保留原反编译函数体,14600,14460,1
function_405aa0,保留原反编译函数体,14616,14476,1
function_405b30,已修改／替换的非空实现,14637,14497,1
function_405bd0,已修改／替换的非空实现,14670,14530,1
function_405c90,保留原反编译函数体,14680,14540,1
function_405d60,已修改／替换的非空实现,14689,14631,1
function_405e30,已修改／替换的非空实现,14765,14640,1
function_405ea0,已修改／替换的非空实现,14785,14676,1
function_405f80,已修改／替换的非空实现,14808,14699,1
function_406180,已修改／替换的非空实现,14894,14785,1
function_4062d0,已修改／替换的非空实现,14971,14862,1
function_406350,保留原反编译函数体,15007,14898,1
function_406360,保留原反编译函数体,15014,14905,1
function_406370,已修改／替换的非空实现,15022,14913,1
function_4065a0,保留原反编译函数体,15091,14982,1
function_4065d0,保留原反编译函数体,15104,14995,1
function_406600,已修改／替换的非空实现,15117,15008,20
function_406670,保留原反编译函数体,15149,15040,1
function_406690,保留原反编译函数体,15159,15050,1
function_4067f0,已修改／替换的非空实现,15270,15083,1
function_406880,保留原反编译函数体,15309,15122,1
function_4068f0,保留原反编译函数体,15401,15214,1
function_406a50,保留原反编译函数体,15437,15250,1
function_406ac0,保留原反编译函数体,15459,15272,1
function_406cc0,已修改／替换的非空实现,15579,15392,1
function_406db0,保留原反编译函数体,15662,15475,1
function_406df0,保留原反编译函数体,15694,15507,1
function_406ee0,保留原反编译函数体,15742,15555,1
function_406fc0,保留原反编译函数体,15999,15812,1
function_407000,保留原反编译函数体,16041,15854,1
function_407070,保留原反编译函数体,16089,15902,1
function_407130,保留原反编译函数体,16131,15944,1
function_407190,保留原反编译函数体,16158,15971,1
function_407210,保留原反编译函数体,16197,16010,1
function_407250,保留原反编译函数体,16222,16035,1
function_407270,保留原反编译函数体,16239,16052,1
function_4072b0,已修改／替换的非空实现,16257,16070,1
function_4072d0,已修改／替换的非空实现,16266,16079,1
function_407300,已修改／替换的非空实现,16276,16096,1
function_407310,保留原反编译函数体,16285,16110,1
function_407340,保留原反编译函数体,16303,16128,1
function_407350,保留原反编译函数体,16311,16136,1
function_407360,已修改／替换的非空实现,16319,16144,1
function_407370,已修改／替换的非空实现,16325,11424,8
function_407450,保留原反编译函数体,16412,16310,1
function_407480,保留原反编译函数体,16422,16320,1
function_4074b0,保留原反编译函数体,16435,16333,1
function_4074c0,保留原反编译函数体,16443,16341,1
function_407500,已修改／替换的非空实现,16461,16522,1
function_4077c0,已修改／替换的非空实现,16754,16815,1
function_4082b0,保留原反编译函数体,18542,18603,1
function_4082d0,保留原反编译函数体,18552,18613,1
function_408320,已修改／替换的非空实现,18572,18633,1
function_4083e0,已修改／替换的非空实现,18656,18716,1
function_408430,已修改／替换的非空实现,18689,18750,1
function_408530,保留原反编译函数体,18787,18848,1
function_408550,保留原反编译函数体,18796,18857,1
function_408590,保留原反编译函数体,18816,18877,1
function_408600,保留原反编译函数体,18846,18907,1
function_408650,已修改／替换的非空实现,18866,18927,1
function_4086e0,已修改／替换的非空实现,18884,18958,1
function_4087b0,已修改／替换的非空实现,18903,18989,1
function_4087e0,已修改／替换的非空实现,18917,19003,1
function_408800,已修改／替换的非空实现,18928,19025,1
function_408830,已修改／替换的非空实现,18944,19041,1
function_408850,已修改／替换的非空实现,18953,19050,1
function_408860,已修改／替换的非空实现,18960,19057,1
function_408870,保留原反编译函数体,18967,19064,1
function_408930,已修改／替换的非空实现,19002,19099,1
function_4089c0,已修改／替换的非空实现,19026,19124,1
function_408b10,保留原反编译函数体,19131,19158,1
function_408b30,已修改／替换的非空实现,19138,19165,2
function_408bf0,已修改／替换的非空实现,19164,19211,2
function_408c80,已修改／替换的非空实现,19183,19222,1
function_408d00,已修改／替换的非空实现,19256,19259,2
function_408e60,已修改／替换的非空实现,19285,19302,1
function_408e80,已修改／替换的非空实现,19292,19307,1
function_408eb0,已修改／替换的非空实现,19309,19313,1
function_409030,原版即为简单返回／空函数,19376,19319,1
function_4090a0,保留原反编译函数体,19382,19325,1
function_4090d0,保留原反编译函数体,19398,19341,1
function_409130,保留原反编译函数体,19416,19359,1
function_4093b0,保留原反编译函数体,19518,19461,1
function_4093f0,保留原反编译函数体,19531,19474,1
function_409450,保留原反编译函数体,19555,19498,1
function_409480,保留原反编译函数体,19576,19519,1
function_4094b0,保留原反编译函数体,19608,19551,1
function_4094e0,保留原反编译函数体,19642,19585,1
function_409540,保留原反编译函数体,19667,19610,1
function_409620,保留原反编译函数体,19735,19678,1
function_4096d0,保留原反编译函数体,19765,19708,2
function_409840,保留原反编译函数体,19868,19811,1
function_4098a0,保留原反编译函数体,19898,19841,1
function_409930,保留原反编译函数体,19954,19897,1
function_4099c0,保留原反编译函数体,19996,19939,1
function_409da0,保留原反编译函数体,20216,20159,1
function_40a0f0,已修改／替换的非空实现,20528,22193,1
function_40a3d0,已修改／替换的非空实现,20713,22203,1
function_40a460,已修改／替换的非空实现,20733,22258,1
function_40a5d0,保留原反编译函数体,20886,22293,1
function_40a5f0,已修改／替换的非空实现,20893,22300,1
function_40a6c0,已修改／替换的非空实现,20957,22364,1
function_40a7f0,已修改／替换的非空实现,21009,22416,1
function_40a890,已修改／替换的非空实现,21049,22456,1
function_40a8d0,已修改／替换的非空实现,21064,22471,1
function_40a950,已修改／替换的非空实现,21099,22506,1
function_40a9a0,已修改／替换的非空实现,21118,22525,1
function_40a9f0,已修改／替换的非空实现,21137,22544,1
function_40aaa0,已修改／替换的非空实现,21198,22555,1
function_40aac0,已修改／替换的非空实现,21210,22570,1
function_40aae0,已修改／替换的非空实现,21221,22595,1
function_40adb0,已修改／替换的非空实现,21545,22607,1
function_40ae70,已修改／替换的非空实现,21592,22654,1
function_40af70,保留原反编译函数体,21712,22774,1
function_40af80,保留原反编译函数体,21722,22784,1
function_40afb0,保留原反编译函数体,21735,22797,1
function_40afe0,已修改／替换的非空实现,21750,22812,1
function_40b160,已修改／替换的非空实现,21859,22921,1
function_40b210,已修改／替换的非空实现,21921,22983,1
function_40b2c0,保留原反编译函数体,21964,23026,1
function_40b2d0,保留原反编译函数体,21976,23038,1
function_40b3a0,已修改／替换的非空实现,21997,23059,1
function_40b520,已修改／替换的非空实现,22123,23067,1
function_40b6f0,保留原反编译函数体,22303,23072,1
function_40b760,保留原反编译函数体,22387,23156,1
function_411b90,保留原反编译函数体,22403,23172,2
function_40b840,保留原反编译函数体,22435,23204,1
function_40b8a0,已修改／替换的非空实现,22460,23229,1
function_40b9a0,保留原反编译函数体,22589,23235,1
function_40ba20,已修改／替换的非空实现,22638,23284,1
function_40bb70,已修改／替换的非空实现,22715,23361,1
function_40bbf0,保留原反编译函数体,22749,23395,1
function_40bc00,已修改／替换的非空实现,22759,23405,1
function_40bd10,已修改／替换的非空实现,22835,23481,1
function_40bd90,保留原反编译函数体,22869,23515,1
function_40bda0,保留原反编译函数体,22877,23523,1
function_40bdf0,保留原反编译函数体,22919,23565,1
function_40be40,保留原反编译函数体,22963,23609,1
function_40be70,保留原反编译函数体,22976,23622,1
function_40bea0,保留原反编译函数体,22991,23637,1
function_40bed0,保留原反编译函数体,23004,23650,1
function_40bf00,保留原反编译函数体,23017,23663,1
function_40c010,保留原反编译函数体,23075,23721,1
function_40c2e0,保留原反编译函数体,23283,23929,1
function_4429b0,原版即为简单返回／空函数,23286,23932,6
function_40c370,保留原反编译函数体,23296,23942,1
function_40c410,已修改／替换的非空实现,23326,23972,1
function_40c4b0,保留原反编译函数体,23347,23993,1
function_40c5f0,保留原反编译函数体,23412,24058,1
function_40c670,原版即为简单返回／空函数,23452,24098,1
function_40c6d0,保留原反编译函数体,23460,24106,1
function_40c790,保留原反编译函数体,23528,24174,1
function_40c870,保留原反编译函数体,23610,24256,1
function_40c8a0,保留原反编译函数体,23623,24269,1
function_40c900,保留原反编译函数体,23647,24293,1
function_40ca50,保留原反编译函数体,23754,24400,1
function_40cba0,已修改／替换的非空实现,23861,24507,1
function_40cc80,保留原反编译函数体,23942,24588,1
function_40ccc0,保留原反编译函数体,23957,24603,1
function_40cdd0,原版即为简单返回／空函数,24010,24656,1
function_40ce60,保留原反编译函数体,24016,24662,1
function_40d0a0,保留原反编译函数体,24142,24788,1
function_40d1e0,保留原反编译函数体,24256,24902,1
function_40d240,保留原反编译函数体,24290,24936,1
function_40d2f0,保留原反编译函数体,24341,24987,1
function_40d330,保留原反编译函数体,24372,25018,1
function_40d400,保留原反编译函数体,24411,25057,1
function_40d500,保留原反编译函数体,24536,25182,1
function_40d520,保留原反编译函数体,24553,25199,1
function_40d560,保留原反编译函数体,24571,25217,1
function_40d590,保留原反编译函数体,24581,25227,1
function_40d5b0,保留原反编译函数体,24590,25236,1
function_40d5e0,已修改／替换的非空实现,24608,25254,1
function_40d790,已修改／替换的非空实现,24690,25336,2
function_40d940,已修改／替换的非空实现,24824,25511,1
function_40da60,已修改／替换的非空实现,24892,25612,1
function_40db30,已修改／替换的非空实现,24943,25675,1
function_40dbe0,已修改／替换的非空实现,25084,25714,1
function_40df60,已修改／替换的非空实现,25365,25719,1
function_40e130,已修改／替换的非空实现,25645,26171,1
function_40e220,已修改／替换的非空实现,25749,26213,1
function_40e2b0,已修改／替换的非空实现,25789,26244,1
function_40e2d0,已修改／替换的非空实现,25801,26259,1
function_40e2f0,保留原反编译函数体,25813,26274,1
function_40e320,已修改／替换的非空实现,25825,26286,1
function_40e3f0,保留原反编译函数体,26032,26341,1
function_40e460,已修改／替换的非空实现,26068,26377,1
function_40e540,已修改／替换的非空实现,26128,26439,1
function_40e590,已修改／替换的非空实现,26150,26452,1
function_40e5d0,已修改／替换的非空实现,26161,26463,2
function_40e630,已修改／替换的非空实现,26181,26484,1
function_40e850,已修改／替换的非空实现,26313,26633,1
function_40eae0,已修改／替换的非空实现,26434,26756,1
function_40ebf0,保留原反编译函数体,26479,26801,1
function_40ec30,保留原反编译函数体,26494,26816,1
function_40ec70,保留原反编译函数体,26511,26833,1
function_40ed40,保留原反编译函数体,26563,26885,1
function_40ee30,保留原反编译函数体,26674,26996,1
function_40efd0,保留原反编译函数体,26806,27128,1
function_40f130,保留原反编译函数体,26867,27189,1
function_40f1c0,已修改／替换的非空实现,26936,27258,1
function_40f2e0,保留原反编译函数体,27015,27337,1
function_40f370,已修改／替换的非空实现,27095,27417,1
function_40f5e0,已修改／替换的非空实现,27154,27476,1
function_40f790,已修改／替换的非空实现,27182,27504,1
function_40fe30,保留原反编译函数体,27508,27830,1
function_40ffb0,保留原反编译函数体,27648,27970,1
function_4100c0,保留原反编译函数体,27879,28201,1
function_4100f0,已修改／替换的非空实现,27900,28222,1
function_410110,保留原反编译函数体,27919,28241,1
function_410160,保留原反编译函数体,27941,28263,1
function_410190,保留原反编译函数体,27949,28271,1
function_4101a0,保留原反编译函数体,27956,28278,1
function_4101e0,保留原反编译函数体,27967,28289,1
function_410230,保留原反编译函数体,27985,28307,1
function_410260,保留原反编译函数体,28006,28328,1
function_410270,已修改／替换的非空实现,28015,28337,1
function_4103b0,已修改／替换的非空实现,28061,28383,1
function_410480,保留原反编译函数体,28084,28406,1
function_410500,已修改／替换的非空实现,28104,28524,1
function_410750,已修改／替换的非空实现,28212,28615,1
function_4109a0,保留原反编译函数体,28308,28648,1
function_4109d0,已修改／替换的非空实现,28327,28668,1
function_410b90,已修改／替换的非空实现,28460,28711,1
function_410c00,已修改／替换的非空实现,28498,28753,1
function_410c80,保留原反编译函数体,28530,28792,1
function_410cb0,保留原反编译函数体,28547,28809,1
function_410d90,保留原反编译函数体,28620,28882,1
function_410e00,保留原反编译函数体,28654,28916,1
function_410e80,保留原反编译函数体,28684,28946,1
function_410ef0,保留原反编译函数体,28756,29018,1
function_411000,保留原反编译函数体,28800,29062,1
function_411040,保留原反编译函数体,28842,29104,1
function_411100,已修改／替换的非空实现,28987,29249,1
function_411390,保留原反编译函数体,29379,29641,1
function_4113f0,保留原反编译函数体,29413,29675,1
function_411450,保留原反编译函数体,29432,29694,1
function_411520,保留原反编译函数体,29513,29775,1
function_411720,保留原反编译函数体,29793,30055,1
function_411870,保留原反编译函数体,29934,30196,1
function_411930,保留原反编译函数体,30059,30321,1
function_411980,保留原反编译函数体,30076,30338,1
function_4119a0,保留原反编译函数体,30088,30350,1
function_4119e0,保留原反编译函数体,30108,30370,1
function_411a10,保留原反编译函数体,30125,30387,1
function_411ff0,原版即为简单返回／空函数,30128,30390,3
function_411aa0,保留原反编译函数体,30138,30400,1
function_411d10,保留原反编译函数体,30322,30584,1
function_411d30,保留原反编译函数体,30335,30597,1
function_411d80,已修改／替换的非空实现,30349,30611,1
function_411f90,保留原反编译函数体,30423,30739,1
function_412060,保留原反编译函数体,30461,30777,1
function_4120c0,保留原反编译函数体,30474,30790,1
function_4120d0,已修改／替换的非空实现,30481,30797,1
function_412210,原版即为简单返回／空函数,30560,30876,1
function_412240,已修改／替换的非空实现,30566,30882,1
function_412350,保留原反编译函数体,30729,31046,1
function_4123a0,保留原反编译函数体,30739,31056,1
function_4123c0,原版即为简单返回／空函数,30746,31063,1
function_4123e0,已修改／替换的非空实现,30752,31069,1
function_4125d0,原版即为简单返回／空函数,30782,31101,1
function_4125e0,已修改／替换的非空实现,30788,31107,1
function_412610,保留原反编译函数体,30799,31118,1
function_412660,保留原反编译函数体,30829,31148,1
function_412680,保留原反编译函数体,30842,31161,1
function_412720,保留原反编译函数体,30879,31198,1
function_4127b0,保留原反编译函数体,30911,31230,1
function_412890,已修改／替换的非空实现,30934,31253,1
function_412ad0,已修改／替换的非空实现,31094,31450,1
function_412b80,已修改／替换的非空实现,31216,31619,1
function_412c10,已修改／替换的非空实现,31247,31663,1
function_412ca0,已修改／替换的非空实现,31290,31695,1
function_412d30,保留原反编译函数体,31302,31713,1
function_412da0,保留原反编译函数体,31316,31727,1
function_412ef0,保留原反编译函数体,31374,31785,1
function_413000,保留原反编译函数体,31433,31844,1
function_4130a0,保留原反编译函数体,31508,31919,1
function_4131b0,保留原反编译函数体,31580,31991,1
function_4131e0,保留原反编译函数体,31598,26176,2
function_413470,保留原反编译函数体,31761,32172,1
function_4134e0,保留原反编译函数体,31785,32196,1
function_413500,已修改／替换的非空实现,31799,32210,1
function_413f18,保留原反编译函数体,32552,32967,1
function_414010,已修改／替换的非空实现,32582,32997,1
function_4141e0,保留原反编译函数体,32620,33064,1
function_4145b0,已修改／替换的非空实现,33409,33853,1
function_4146a0,已修改／替换的非空实现,33438,33884,1
function_414850,已修改／替换的非空实现,33464,33912,1
function_414930,已修改／替换的非空实现,33479,33929,1
function_414a30,保留原反编译函数体,33494,33946,1
function_414ad0,保留原反编译函数体,33527,33979,1
function_414b80,保留原反编译函数体,33572,34024,1
function_414c10,保留原反编译函数体,33621,34073,1
function_414c70,保留原反编译函数体,33661,34113,1
function_414cb0,保留原反编译函数体,33676,34128,1
function_414d60,原版即为简单返回／空函数,33712,34164,1
function_414d80,保留原反编译函数体,33720,34172,1
function_414db0,原版即为简单返回／空函数,33751,34203,1
function_414dd0,保留原反编译函数体,33759,34211,1
function_414e00,保留原反编译函数体,33790,34242,1
function_414e10,保留原反编译函数体,33799,34251,1
function_414e40,保留原反编译函数体,33808,34260,1
function_414e50,保留原反编译函数体,33817,34269,1
function_414e80,保留原反编译函数体,33826,34278,1
function_414ed0,保留原反编译函数体,33852,34304,1
function_414fa0,保留原反编译函数体,33927,34379,1
function_414fe0,保留原反编译函数体,33946,34398,1
function_415070,保留原反编译函数体,33986,34438,1
function_4150a0,原版即为简单返回／空函数,33999,34451,1
function_4150b0,保留原反编译函数体,34007,34459,1
function_4150e0,保留原反编译函数体,34022,34474,1
function_415110,保留原反编译函数体,34034,34486,1
function_415130,保留原反编译函数体,34048,34500,2
function_415190,保留原反编译函数体,34065,34517,1
function_4151a0,保留原反编译函数体,34073,34525,1
function_4151d0,保留原反编译函数体,34088,34540,1
function_4151e0,保留原反编译函数体,34094,34546,1
function_4151f0,保留原反编译函数体,34102,34554,1
function_415220,保留原反编译函数体,34118,34570,1
function_415230,保留原反编译函数体,34126,34578,1
function_4152a0,保留原反编译函数体,34143,34595,1
function_415350,已修改／替换的非空实现,34176,34628,1
function_48a6f0,保留原反编译函数体,34180,34632,18
function_4153e0,保留原反编译函数体,34206,34658,1
function_415420,保留原反编译函数体,34220,34672,1
function_415480,保留原反编译函数体,34247,34699,1
function_415550,保留原反编译函数体,34281,34733,1
function_4155d0,保留原反编译函数体,34298,34808,1
function_4156d0,保留原反编译函数体,34332,34842,1
function_415750,保留原反编译函数体,34353,34863,1
function_415790,保留原反编译函数体,34370,34880,1
function_415810,已修改／替换的非空实现,34395,34963,1
function_415870,保留原反编译函数体,34406,34970,1
function_4158e0,保留原反编译函数体,34420,34984,1
function_4159a0,保留原反编译函数体,34459,35023,1
function_4159d0,保留原反编译函数体,34479,35043,1
function_4159f0,保留原反编译函数体,34494,35058,1
function_415b00,保留原反编译函数体,34533,35097,1
function_48afc0,原版即为简单返回／空函数,34540,35104,2
function_415b50,原版即为简单返回／空函数,34550,35114,1
function_415b80,保留原反编译函数体,34558,35122,1
function_415c50,保留原反编译函数体,34592,35156,1
function_415e20,已修改／替换的非空实现,34945,35509,1
function_415ea0,已修改／替换的非空实现,34955,35519,1
function_415f60,已修改／替换的非空实现,34982,35546,1
function_415fd0,保留原反编译函数体,35004,35568,2
function_416427,原版即为简单返回／空函数,35253,35817,1
function_41642d,原版即为简单返回／空函数,35259,35823,1
function_416440,保留原反编译函数体,35267,35831,1
function_416510,保留原反编译函数体,35328,35892,1
function_416700,保留原反编译函数体,35451,36015,1
function_416790,已修改／替换的非空实现,35489,36053,1
function_416b8d,原版即为简单返回／空函数,35596,36162,1
function_416b93,保留原反编译函数体,35602,36168,1
function_416b98,原版即为简单返回／空函数,35609,36175,1
function_416ba0,保留原反编译函数体,35615,36181,1
function_416bd0,保留原反编译函数体,35626,36192,1
function_416bf0,保留原反编译函数体,35642,36208,1
function_416c50,保留原反编译函数体,35666,36232,1
function_416c60,保留原反编译函数体,35675,36241,1
function_416ce0,保留原反编译函数体,35715,36281,1
function_416d60,原版即为简单返回／空函数,35755,36321,1
function_416d70,原版即为简单返回／空函数,35761,36327,1
function_416d80,原版即为简单返回／空函数,35767,36333,1
function_416d90,原版即为简单返回／空函数,35773,36339,1
function_416da0,原版即为简单返回／空函数,35779,36345,1
function_416db0,保留原反编译函数体,35785,36351,1
function_416de0,保留原反编译函数体,35801,36367,1
function_416ec0,保留原反编译函数体,35903,36469,1
function_416fa0,保留原反编译函数体,36019,36585,1
function_416fd0,保留原反编译函数体,36030,36596,1
function_417000,保留原反编译函数体,36041,36607,1
function_417010,保留原反编译函数体,36048,36614,1
function_417100,保留原反编译函数体,36097,36663,1
function_4173c0,原版即为简单返回／空函数,36227,36793,1
function_4173d0,已修改／替换的非空实现,36233,36799,1
function_417420,原版即为简单返回／空函数,36250,36816,1
function_417430,保留原反编译函数体,36256,36822,1
function_4174f0,保留原反编译函数体,36279,36845,1
function_4175f0,保留原反编译函数体,36304,36870,1
function_417a00,保留原反编译函数体,36675,37241,1
function_417a30,已修改／替换的非空实现,36688,37254,1
function_417c90,保留原反编译函数体,37011,37577,1
function_417d00,保留原反编译函数体,37045,37611,1
function_417d30,保留原反编译函数体,37062,37628,1
function_417d70,保留原反编译函数体,37080,37646,1
function_417da0,保留原反编译函数体,37093,37659,1
function_417dd0,保留原反编译函数体,37107,37673,1
function_417e30,保留原反编译函数体,37136,37702,1
function_417e50,保留原反编译函数体,37147,37713,1
function_417ee0,保留原反编译函数体,37198,37764,2
function_4180a0,保留原反编译函数体,37327,37893,1
function_4180c0,保留原反编译函数体,37339,37905,1
function_4180e0,已修改／替换的非空实现,37351,37917,1
function_418370,保留原反编译函数体,37745,38311,1
function_418400,保留原反编译函数体,37809,38375,1
function_418410,保留原反编译函数体,37816,38382,4
function_418430,保留原反编译函数体,37825,38391,1
function_418480,保留原反编译函数体,37859,38425,1
function_4184d0,保留原反编译函数体,37878,38444,1
function_4184e0,保留原反编译函数体,37885,38451,1
function_4184f0,保留原反编译函数体,37892,38458,1
function_418500,已修改／替换的非空实现,37899,38465,1
function_4185b0,保留原反编译函数体,37967,38533,1
function_418660,保留原反编译函数体,38001,38567,1
function_418750,保留原反编译函数体,38047,38613,1
function_418820,保留原反编译函数体,38193,38759,1
function_418880,保留原反编译函数体,38227,38793,1
function_4188e0,保留原反编译函数体,38246,38812,1
function_418980,保留原反编译函数体,38382,38948,1
function_4189d0,保留原反编译函数体,38434,39000,1
function_4189f0,保留原反编译函数体,38441,39007,1
function_418a10,保留原反编译函数体,38450,39016,1
function_418a20,保留原反编译函数体,38459,39025,1
function_418a30,已修改／替换的非空实现,38468,39034,1
function_418a80,已修改／替换的非空实现,38488,39054,1
function_418ad0,已修改／替换的非空实现,38508,39074,1
function_418b20,保留原反编译函数体,38528,39094,1
function_418b70,保留原反编译函数体,38546,39112,1
function_418bd0,保留原反编译函数体,38584,39150,1
function_418bf0,保留原反编译函数体,38591,39157,1
function_418c10,保留原反编译函数体,38599,39165,1
function_418cc0,保留原反编译函数体,38634,39200,1
function_418d20,保留原反编译函数体,38705,39271,1
function_418e60,保留原反编译函数体,38814,39380,1
function_418fa0,保留原反编译函数体,38860,39426,1
function_4190e0,保留原反编译函数体,38906,39472,1
function_419150,保留原反编译函数体,38920,39486,1
function_419290,保留原反编译函数体,39029,39595,1
function_4192d0,保留原反编译函数体,39041,39607,1
function_4192e0,保留原反编译函数体,39049,39615,1
function_419450,保留原反编译函数体,39169,39735,1
function_419510,保留原反编译函数体,39243,39809,1
function_4195d0,原版即为简单返回／空函数,39279,39845,1
function_4195f0,保留原反编译函数体,39285,39851,1
function_419740,保留原反编译函数体,39445,40011,1
function_419970,保留原反编译函数体,39710,40276,1
function_419a8f,保留原反编译函数体,39775,40341,1
function_419aa0,保留原反编译函数体,39782,40348,1
function_419b00,保留原反编译函数体,39813,40379,1
function_419c50,保留原反编译函数体,39869,40435,1
function_419ce0,保留原反编译函数体,39890,40456,1
function_419d10,保留原反编译函数体,39898,40464,1
function_419d30,原版即为简单返回／空函数,39907,40473,1
function_419d40,保留原反编译函数体,39913,40479,1
function_419dd0,保留原反编译函数体,39934,40500,1
function_419e49,保留原反编译函数体,39957,40523,1
function_419f50,保留原反编译函数体,39986,40552,1
function_41a010,保留原反编译函数体,40007,40573,1
function_41a1c0,原版即为简单返回／空函数,40048,40614,1
function_41a1d0,保留原反编译函数体,40054,40620,1
function_41a310,保留原反编译函数体,40108,40674,1
function_41a350,已修改／替换的非空实现,40121,40687,1
function_41a3f0,已修改／替换的非空实现,40143,40709,1
function_41a420,保留原反编译函数体,40157,40723,1
function_41a480,保留原反编译函数体,40175,40741,1
function_41a4d0,保留原反编译函数体,40190,40756,1
function_41a680,保留原反编译函数体,40261,40827,1
function_41a77e,保留原反编译函数体,40330,40896,1
function_41a7bd,保留原反编译函数体,40348,40914,1
function_41a820,保留原反编译函数体,40374,40940,1
function_41a850,保留原反编译函数体,40385,40951,1
function_41a890,保留原反编译函数体,40397,40963,1
function_41a910,保留原反编译函数体,40419,40985,1
function_41a950,已修改／替换的非空实现,40440,41006,1
function_41db20,保留原反编译函数体,40547,41117,42
function_41abc0,保留原反编译函数体,40568,41138,1
function_41ad10,保留原反编译函数体,40646,41216,1
function_41ae60,保留原反编译函数体,40724,41294,1
function_41af90,保留原反编译函数体,40770,41340,1
function_41b0c0,保留原反编译函数体,40814,41384,1
function_41b220,保留原反编译函数体,40886,41456,1
function_41b380,保留原反编译函数体,40958,41528,1
function_41b460,已修改／替换的非空实现,40991,41561,1
function_41b550,保留原反编译函数体,41023,41594,1
function_41b640,保留原反编译函数体,41052,41623,1
function_41b790,保留原反编译函数体,41130,41701,1
function_41b7c0,保留原反编译函数体,41143,41714,1
function_41d520,保留原反编译函数体,41506,42077,15
function_41bc30,保留原反编译函数体,41760,42331,1
function_41c7b0,已修改／替换的非空实现,43628,44199,1
function_41c870,保留原反编译函数体,43677,44248,1
function_41d570,保留原反编译函数体,45751,46322,1
function_41d5c0,已修改／替换的非空实现,45788,46359,1
function_41d610,保留原反编译函数体,45804,46375,1
function_41d630,保留原反编译函数体,45812,46383,1
function_41d770,保留原反编译函数体,45921,46492,1
function_41d9b0,保留原反编译函数体,46170,46741,1
function_41da60,保留原反编译函数体,46187,46758,1
function_41dbc0,保留原反编译函数体,46338,46909,1
function_41dc80,已修改／替换的非空实现,46351,46922,1
function_41de70,已修改／替换的非空实现,46475,47046,1
function_41df30,原版即为简单返回／空函数,46542,47113,1
function_41df40,原版即为简单返回／空函数,46550,47121,1
function_41df50,原版即为简单返回／空函数,46558,47129,1
function_41df60,原版即为简单返回／空函数,46564,47135,1
function_41df70,已修改／替换的非空实现,46570,47141,3
function_41e0c0,已修改／替换的非空实现,46708,47279,1
function_41e190,保留原反编译函数体,46735,47306,1
function_41e1e0,保留原反编译函数体,46755,47326,1
function_41e200,保留原反编译函数体,46772,47343,1
function_41e260,保留原反编译函数体,46791,47362,1
function_48ce00,原版即为简单返回／空函数,46794,47365,15
function_41e2c0,保留原反编译函数体,46805,47376,1
function_41e320,保留原反编译函数体,46820,47391,1
function_41e390,已修改／替换的非空实现,46838,47409,1
function_41e790,已修改／替换的非空实现,47036,47607,1
function_41ea50,保留原反编译函数体,47087,47658,1
function_41eca0,保留原反编译函数体,47275,47846,1
function_41eed0,保留原反编译函数体,47373,47944,1
function_41ef20,保留原反编译函数体,47398,47969,1
function_41ef50,保留原反编译函数体,47414,47985,1
function_41efb0,已修改／替换的非空实现,47477,48048,1
function_41eff0,保留原反编译函数体,47493,48077,2
function_41f580,保留原反编译函数体,47636,48220,1
function_41f800,保留原反编译函数体,47765,48349,1
function_41f990,保留原反编译函数体,47908,48492,1
function_41fbd0,保留原反编译函数体,48183,48767,1
function_41fe90,原版即为简单返回／空函数,48313,48897,1
function_41fea0,已修改／替换的非空实现,48319,48903,1
function_41fef0,原版即为简单返回／空函数,48336,48920,1
function_41ff00,原版即为简单返回／空函数,48342,48926,1
function_41ff10,保留原反编译函数体,48348,48932,1
function_41ffe0,保留原反编译函数体,48371,48955,1
function_4200e0,保留原反编译函数体,48398,48982,1
function_4204f0,保留原反编译函数体,48769,49353,1
function_420530,保留原反编译函数体,48787,49371,1
function_4205b0,保留原反编译函数体,48817,49401,1
function_4206d0,保留原反编译函数体,48876,49460,1
function_420740,保留原反编译函数体,48908,49492,1
function_4207c0,保留原反编译函数体,48924,49508,1
function_4207e0,原版即为简单返回／空函数,48932,49516,1
function_4207f0,保留原反编译函数体,48940,49524,1
function_420830,保留原反编译函数体,48960,49544,1
function_420900,保留原反编译函数体,49004,49588,1
function_420980,保留原反编译函数体,49039,49623,1
function_4209b0,保留原反编译函数体,49053,49637,1
function_420a10,保留原反编译函数体,49081,49665,1
function_420a30,保留原反编译函数体,49092,49676,1
function_420a80,保留原反编译函数体,49117,49701,1
function_420a90,保留原反编译函数体,49126,49710,1
function_420b20,保留原反编译函数体,49150,49734,1
function_420b90,保留原反编译函数体,49172,49756,1
function_420dc0,保留原反编译函数体,49321,49905,1
function_420e40,保留原反编译函数体,49332,49916,1
function_420ec0,保留原反编译函数体,49343,49927,1
function_420f40,保留原反编译函数体,49354,49938,1
function_420fc0,保留原反编译函数体,49365,49949,1
function_4211d0,保留原反编译函数体,49638,50222,1
function_4213d0,保留原反编译函数体,49791,50375,1
function_421440,保留原反编译函数体,49800,50384,1
function_421495,原版即为简单返回／空函数,49819,50403,1
function_4214a0,保留原反编译函数体,49825,50409,1
function_4215af,保留原反编译函数体,49887,50471,1
function_4216a0,保留原反编译函数体,50048,50632,1
function_421860,已修改／替换的非空实现,50084,50668,1
function_421dc0,保留原反编译函数体,50478,51062,1
function_421e40,保留原反编译函数体,50529,51113,1
function_4220c0,保留原反编译函数体,50718,51302,1
function_422130,保留原反编译函数体,50807,51391,1
function_422190,已修改／替换的非空实现,50892,51476,1
function_422410,保留原反编译函数体,51231,51815,1
function_4224b0,保留原反编译函数体,51290,51874,1
function_422500,保留原反编译函数体,51324,51908,1
function_422550,保留原反编译函数体,51343,51927,1
function_422690,保留原反编译函数体,51389,51973,1
function_4227d0,保留原反编译函数体,51435,52019,1
function_422910,保留原反编译函数体,51481,52065,1
function_422a60,保留原反编译函数体,51527,52111,1
function_422b40,保留原反编译函数体,51547,52131,1
function_422c20,保留原反编译函数体,51567,52151,1
function_422d00,保留原反编译函数体,51587,52171,1
function_422de0,保留原反编译函数体,51607,52191,1
function_422ec0,保留原反编译函数体,51627,52211,1
function_422fc0,保留原反编译函数体,51647,52231,1
function_4230a0,保留原反编译函数体,51681,52265,1
function_4231e0,保留原反编译函数体,51790,52374,1
function_423350,保留原反编译函数体,51935,52519,1
function_423430,保留原反编译函数体,52010,52594,1
function_423560,保留原反编译函数体,52092,52676,1
function_423620,保留原反编译函数体,52132,52716,1
function_423640,已修改／替换的非空实现,52142,52726,1
function_4236d4,原版即为简单返回／空函数,52163,52747,1
function_4236dc,保留原反编译函数体,52169,52753,1
function_423700,保留原反编译函数体,52179,52763,1
function_423757,保留原反编译函数体,52190,52774,1
function_42376a,保留原反编译函数体,52199,52783,1
function_423790,保留原反编译函数体,52209,52793,1
function_4237b0,保留原反编译函数体,52216,52800,1
function_423990,保留原反编译函数体,52478,53062,1
function_423be0,保留原反编译函数体,52748,53332,1
function_423cf0,保留原反编译函数体,52796,53380,1
function_423d60,保留原反编译函数体,52813,53397,1
function_423dd0,保留原反编译函数体,52829,53413,1
function_423e70,保留原反编译函数体,52846,53430,1
function_423f00,保留原反编译函数体,52867,53451,1
function_423f50,保留原反编译函数体,52881,53465,1
function_423f90,原版即为简单返回／空函数,52889,53473,1
function_423fd0,保留原反编译函数体,52895,53479,1
function_424060,保留原反编译函数体,52916,53500,1
function_4240f0,保留原反编译函数体,52937,53521,1
function_424180,保留原反编译函数体,52958,53542,1
function_4241f9,保留原反编译函数体,52979,53563,1
function_424280,保留原反编译函数体,52996,53580,1
function_424320,保留原反编译函数体,53015,53599,1
function_424350,保留原反编译函数体,53047,53631,1
function_424430,保留原反编译函数体,53076,53660,1
function_4247f0,保留原反编译函数体,53085,53669,2
function_424f60,保留原反编译函数体,53103,53687,2
function_424640,保留原反编译函数体,53138,53722,1
function_4248e0,保留原反编译函数体,53145,53729,2
function_424720,保留原反编译函数体,53158,53742,1
function_4249d0,保留原反编译函数体,53301,53885,1
function_424bb0,保留原反编译函数体,53383,53967,1
function_424d60,保留原反编译函数体,53454,54038,1
function_424da0,保留原反编译函数体,53474,54058,1
function_425030,保留原反编译函数体,53631,54215,1
function_4250e0,保留原反编译函数体,53663,54247,1
function_4252d0,原版即为简单返回／空函数,53734,54318,1
function_4252e0,保留原反编译函数体,53740,54324,1
function_4252f0,原版即为简单返回／空函数,53747,54331,1
function_425300,保留原反编译函数体,53755,54339,1
function_425320,保留原反编译函数体,53770,54354,1
function_425350,已修改／替换的非空实现,53789,54373,1
function_4253d0,保留原反编译函数体,53801,54385,1
function_425420,保留原反编译函数体,53827,54411,1
function_425510,保留原反编译函数体,53915,54499,1
function_4255e0,保留原反编译函数体,53988,54572,1
function_4258a0,原版即为简单返回／空函数,54118,54702,1
function_4258b0,已修改／替换的非空实现,54124,54708,1
function_425900,原版即为简单返回／空函数,54141,54725,1
function_425910,保留原反编译函数体,54147,54731,1
function_4259e0,保留原反编译函数体,54176,54760,1
function_425ae0,保留原反编译函数体,54201,54785,1
function_425ef0,保留原反编译函数体,54572,55156,1
function_426090,保留原反编译函数体,54608,55192,2
function_425fd0,保留原反编译函数体,54617,55201,1
function_426030,保留原反编译函数体,54667,55251,1
function_426060,保留原反编译函数体,54679,55263,1
function_4260d0,保留原反编译函数体,54713,55297,1
function_426120,保留原反编译函数体,54740,55324,1
function_4261f0,保留原反编译函数体,54781,55365,1
function_426250,保留原反编译函数体,54805,55389,1
function_426390,保留原反编译函数体,54851,55435,1
function_4263c0,原版即为简单返回／空函数,54875,55459,1
function_4263e0,保留原反编译函数体,54881,55465,1
function_426470,保留原反编译函数体,54902,55486,1
function_426500,保留原反编译函数体,54923,55507,1
function_426530,原版即为简单返回／空函数,54959,55543,1
function_426540,保留原反编译函数体,54967,55551,1
function_426560,保留原反编译函数体,54981,55565,1
function_4265e0,保留原反编译函数体,55013,55597,1
function_426650,保留原反编译函数体,55042,55626,1
function_426740,保留原反编译函数体,55078,55662,1
function_426840,已修改／替换的非空实现,55139,55723,1
function_4269f0,保留原反编译函数体,55204,55788,1
function_426b30,原版即为简单返回／空函数,55280,55864,1
function_426b40,已修改／替换的非空实现,55286,55870,1
function_426b90,原版即为简单返回／空函数,55303,55887,1
function_426ba0,保留原反编译函数体,55309,55893,1
function_426c70,保留原反编译函数体,55337,55921,1
function_426d70,保留原反编译函数体,55362,55946,1
function_4271b0,保留原反编译函数体,55733,56317,1
function_4272f0,原版即为简单返回／空函数,55778,56362,1
function_427310,保留原反编译函数体,55784,56368,1
function_4273a0,保留原反编译函数体,55805,56389,1
function_427520,原版即为简单返回／空函数,55873,56457,1
function_427530,已修改／替换的非空实现,55881,56737,2
function_427610,保留原反编译函数体,55919,56776,1
function_427750,已修改／替换的非空实现,55995,56852,1
function_427950,未找到同名入口，待核对替代,56034,,0
function_428000,已修改／替换的非空实现,56668,58620,3
function_428150,保留原反编译函数体,56690,58653,1
function_428720,保留原反编译函数体,57160,59123,1
function_4289c0,已修改／替换的非空实现,57460,59423,1
function_428af0,保留原反编译函数体,57612,59575,1
function_428bd0,保留原反编译函数体,57746,59709,1
function_428cc0,保留原反编译函数体,57882,59845,1
function_428f80,原版即为简单返回／空函数,58012,59975,1
function_428f90,已修改／替换的非空实现,58018,59981,1
function_428fe0,原版即为简单返回／空函数,58035,59998,1
function_428ff0,已修改／替换的非空实现,58041,60004,1
function_4290c0,保留原反编译函数体,58064,60027,1
function_4291c0,保留原反编译函数体,58091,60054,1
function_4295d0,保留原反编译函数体,58461,60424,1
function_429630,保留原反编译函数体,58511,60474,1
function_4296a0,保留原反编译函数体,58544,60507,1
function_429720,保留原反编译函数体,58583,60546,1
function_429780,保留原反编译函数体,58613,60576,1
function_4297e0,保留原反编译函数体,58640,60603,1
function_429840,保留原反编译函数体,58669,60632,1
function_4298a0,保留原反编译函数体,58696,60659,1
function_4298d0,保留原反编译函数体,58708,60671,1
function_429910,保留原反编译函数体,58737,60700,1
function_429920,保留原反编译函数体,58744,60707,1
function_4299c0,已修改／替换的非空实现,58883,60846,1
function_429c20,保留原反编译函数体,59255,61218,1
function_429c70,已修改／替换的非空实现,59292,61255,1
function_429cb0,保留原反编译函数体,59323,61260,1
function_429d10,保留原反编译函数体,59357,61294,1
function_429d70,保留原反编译函数体,59376,61313,1
function_429d90,保留原反编译函数体,59397,61334,1
function_429de0,保留原反编译函数体,59449,61386,1
function_429e00,保留原反编译函数体,59470,61407,1
function_429f40,保留原反编译函数体,59516,61453,1
function_42a080,保留原反编译函数体,59562,61499,1
function_42a1d0,保留原反编译函数体,59608,61545,1
function_42a310,保留原反编译函数体,59654,61591,1
function_42a3e0,保留原反编译函数体,59729,61666,1
function_42a510,保留原反编译函数体,59814,61751,1
function_42a530,原版即为简单返回／空函数,59823,61760,1
function_42a570,原版即为简单返回／空函数,59829,61766,1
function_42a5a0,原版即为简单返回／空函数,59835,61772,1
function_42a5c0,保留原反编译函数体,59841,61778,1
function_42a7a0,保留原反编译函数体,60094,62031,1
function_42a800,保留原反编译函数体,60123,62060,1
function_42a900,保留原反编译函数体,60175,62112,1
function_42a9a0,保留原反编译函数体,60216,62153,1
function_42aa30,保留原反编译函数体,60237,62174,1
function_42aac0,保留原反编译函数体,60258,62195,1
function_42ab50,保留原反编译函数体,60279,62216,1
function_42abe0,保留原反编译函数体,60302,62239,1
function_42ac10,原版即为简单返回／空函数,60315,62252,1
function_42ac20,保留原反编译函数体,60321,62258,1
function_42b280,未找到同名入口，待核对替代,60545,,0
function_42b2a0,未找到同名入口，待核对替代,60558,,0
function_42b2d0,未找到同名入口，待核对替代,60572,,0
function_42b3a0,保留原反编译函数体,60586,62482,1
function_42b3f0,保留原反编译函数体,60594,62490,1
function_42b470,原版即为简单返回／空函数,60611,62507,1
function_42b480,保留原反编译函数体,60619,62515,1
function_42b4a0,保留原反编译函数体,60634,62530,1
function_42b550,保留原反编译函数体,60664,62560,1
function_42b560,保留原反编译函数体,60674,62570,1
function_42b580,保留原反编译函数体,60685,62581,1
function_42b5c0,保留原反编译函数体,60702,62598,1
function_42b6d0,保留原反编译函数体,60731,62627,2
function_42ba50,保留原反编译函数体,60827,62723,1
function_42bcc0,已修改／替换的非空实现,60908,63527,2
function_42bd00,已修改／替换的非空实现,60926,63546,1
function_42c030,保留原反编译函数体,60983,63603,1
function_42c0a0,保留原反编译函数体,61013,63633,1
function_42c100,已修改／替换的非空实现,61040,63746,2
function_42c300,已修改／替换的非空实现,61128,63799,2
function_42c470,保留原反编译函数体,61161,63819,1
function_42c510,保留原反编译函数体,61196,63854,1
function_42c520,保留原反编译函数体,61203,63861,1
function_42c550,保留原反编译函数体,61212,63870,1
function_42c560,保留原反编译函数体,61219,63877,1
function_42c590,保留原反编译函数体,61228,63886,1
function_42c5a0,保留原反编译函数体,61235,63893,1
function_42c5d0,保留原反编译函数体,61246,63904,1
function_42c890,原版即为简单返回／空函数,61376,64034,1
function_42c8a0,已修改／替换的非空实现,61382,64040,1
function_42c8f0,原版即为简单返回／空函数,61399,64057,1
function_42c900,保留原反编译函数体,61405,64063,1
function_42c9c0,保留原反编译函数体,61428,64086,1
function_42cac0,保留原反编译函数体,61455,64113,1
function_42ced0,保留原反编译函数体,61828,64486,1
function_42cf50,保留原反编译函数体,61858,64516,1
function_42d060,保留原反编译函数体,61921,64579,1
function_42d0d0,保留原反编译函数体,61955,64613,1
function_42d160,保留原反编译函数体,61979,64637,1
function_42d180,原版即为简单返回／空函数,61987,64645,1
function_42d190,保留原反编译函数体,61993,64651,1
function_42d1c0,保留原反编译函数体,62005,64663,1
function_42d230,保留原反编译函数体,62033,64691,1
function_42d240,保留原反编译函数体,62040,64698,1
function_42d400,保留原反编译函数体,62076,64734,1
function_42d4d0,已修改／替换的非空实现,62220,64878,1
function_42d750,保留原反编译函数体,62559,65217,1
function_42d7a0,保留原反编译函数体,62593,65251,1
function_42d7f0,保留原反编译函数体,62612,65270,1
function_42d850,保留原反编译函数体,62646,65304,1
function_42d930,保留原反编译函数体,62666,65324,1
function_42da10,保留原反编译函数体,62686,65344,1
function_42da80,保留原反编译函数体,62713,65371,1
function_42db20,保留原反编译函数体,62730,65388,1
function_42dc70,保留原反编译函数体,62776,65434,1
function_42ddb0,保留原反编译函数体,62822,65480,1
function_42de90,保留原反编译函数体,62897,65555,1
function_42dfc0,保留原反编译函数体,62979,65637,1
function_42e030,保留原反编译函数体,62995,65653,1
function_42e050,原版即为简单返回／空函数,63004,65662,1
function_42e070,保留原反编译函数体,63010,65668,1
function_42e2c0,保留原反编译函数体,63280,65938,1
function_42e3d0,保留原反编译函数体,63326,65984,1
function_42e430,保留原反编译函数体,63338,65996,1
function_42e4c0,保留原反编译函数体,63355,66013,1
function_42e539,保留原反编译函数体,63376,66034,1
function_42e5b0,保留原反编译函数体,63392,66050,1
function_42e640,保留原反编译函数体,63413,66071,1
function_42e6b9,保留原反编译函数体,63434,66092,1
function_42e6e0,原版即为简单返回／空函数,63444,66102,1
function_42e6f0,原版即为简单返回／空函数,63452,66110,1
function_42e700,保留原反编译函数体,63460,66118,1
function_42e7d0,保留原反编译函数体,63497,66155,1
function_42e940,已修改／替换的非空实现,63720,66378,1
function_42ea80,保留原反编译函数体,63740,66400,1
function_42ed30,已修改／替换的非空实现,63915,66575,1
function_42ef00,已修改／替换的非空实现,63970,66630,1
function_42f120,已修改／替换的非空实现,64060,66720,1
function_42f1b0,保留原反编译函数体,64088,66748,1
function_42f2a0,已修改／替换的非空实现,64153,66813,1
function_42f350,保留原反编译函数体,64168,66828,1
function_42f6c0,保留原反编译函数体,64283,66943,1
function_42f800,保留原反编译函数体,64371,67031,1
function_42f910,保留原反编译函数体,64419,67079,1
function_42f970,保留原反编译函数体,64445,67105,1
function_42f9d0,保留原反编译函数体,64472,67132,1
function_42fa50,保留原反编译函数体,64493,67153,1
function_42fae0,已修改／替换的非空实现,64526,67186,1
function_42fe10,保留原反编译函数体,64690,67350,1
function_42fe80,保留原反编译函数体,64748,67408,1
function_42fee0,保留原反编译函数体,64783,67443,1
function_42ff70,保留原反编译函数体,64816,67476,3
function_42ffb0,保留原反编译函数体,64836,67496,1
function_430080,保留原反编译函数体,64887,67547,1
function_4300d0,保留原反编译函数体,64924,67584,1
function_430140,保留原反编译函数体,64958,67618,1
function_430180,保留原反编译函数体,64975,67635,1
function_430280,保留原反编译函数体,65034,67694,1
function_430540,原版即为简单返回／空函数,65164,67824,1
function_430550,已修改／替换的非空实现,65170,67830,1
function_4305a0,原版即为简单返回／空函数,65187,67847,1
function_4305b0,保留原反编译函数体,65193,67853,1
function_430670,保留原反编译函数体,65216,67876,1
function_430770,保留原反编译函数体,65243,67903,1
function_430bd0,保留原反编译函数体,65616,68276,1
function_430c50,保留原反编译函数体,65646,68306,1
function_430d70,保留原反编译函数体,65705,68365,1
function_430de0,保留原反编译函数体,65737,68397,1
function_430e00,原版即为简单返回／空函数,65745,68405,1
function_430e10,保留原反编译函数体,65753,68413,1
function_430ea0,保留原反编译函数体,65777,68437,1
function_430ec0,原版即为简单返回／空函数,65785,68445,1
function_430ed0,保留原反编译函数体,65791,68451,1
function_430f00,保留原反编译函数体,65803,68463,1
function_430f40,保留原反编译函数体,65834,68494,1
function_430f50,保留原反编译函数体,65841,68501,1
function_430fc0,保留原反编译函数体,65870,68530,1
function_430fd0,保留原反编译函数体,65879,68539,1
function_431060,保留原反编译函数体,65903,68563,1
function_431220,保留原反编译函数体,65939,68599,1
function_4312c0,保留原反编译函数体,66078,68738,1
function_4313a2,保留原反编译函数体,66123,68783,1
function_431490,保留原反编译函数体,66281,68941,1
function_431650,保留原反编译函数体,66317,68977,1
function_431670,已修改／替换的非空实现,66324,68984,1
function_4318d0,保留原反编译函数体,66696,69356,1
function_431920,已修改／替换的非空实现,66748,69408,1
function_431ba0,保留原反编译函数体,67087,69747,1
function_431c00,保留原反编译函数体,67121,69781,1
function_431c60,保留原反编译函数体,67140,69800,1
function_431c80,保留原反编译函数体,67161,69821,1
function_431cd0,保留原反编译函数体,67195,69855,1
function_431d20,保留原反编译函数体,67214,69874,1
function_431d80,已修改／替换的非空实现,67233,69893,1
function_431e40,保留原反编译函数体,67283,69943,1
function_431ee0,保留原反编译函数体,67299,69959,1
function_432020,保留原反编译函数体,67345,70005,1
function_432160,保留原反编译函数体,67391,70051,1
function_432240,保留原反编译函数体,67411,70071,1
function_432320,保留原反编译函数体,67431,70091,1
function_432400,保留原反编译函数体,67451,70111,1
function_4324e0,保留原反编译函数体,67471,70131,1
function_4325c0,保留原反编译函数体,67491,70151,1
function_432660,保留原反编译函数体,67508,70168,1
function_4326a0,保留原反编译函数体,67547,70207,1
function_432770,保留原反编译函数体,67618,70278,1
function_432850,保留原反编译函数体,67693,70353,1
function_432980,保留原反编译函数体,67777,70437,1
function_4329a0,原版即为简单返回／空函数,67786,70446,1
function_4329c0,保留原反编译函数体,67792,70452,1
function_432ba0,保留原反编译函数体,68045,70705,1
function_432df0,保留原反编译函数体,68313,70973,1
function_432e50,保留原反编译函数体,68342,71002,1
function_432f70,保留原反编译函数体,68424,71084,1
function_433080,保留原反编译函数体,68470,71130,1
function_4330e0,保留原反编译函数体,68482,71142,1
function_433160,保留原反编译函数体,68494,71154,1
function_4331d0,保留原反编译函数体,68506,71166,1
function_433260,保留原反编译函数体,68523,71183,1
function_4332df,保留原反编译函数体,68544,71204,1
function_433300,保留原反编译函数体,68552,71212,1
function_433390,保留原反编译函数体,68573,71233,1
function_4333d0,保留原反编译函数体,68618,71278,1
function_4333f0,保留原反编译函数体,68634,71294,1
function_433480,保留原反编译函数体,68655,71315,1
function_4334f9,保留原反编译函数体,68676,71336,1
function_4335a0,保留原反编译函数体,68697,71357,1
function_433630,保留原反编译函数体,68713,71373,1
function_4336e0,保留原反编译函数体,68773,71433,1
function_433710,原版即为简单返回／空函数,68789,71449,1
function_433720,原版即为简单返回／空函数,68797,71457,1
function_433730,保留原反编译函数体,68803,71463,1
function_433740,保留原反编译函数体,68810,71470,1
function_433760,保留原反编译函数体,68820,71480,1
function_433770,保留原反编译函数体,68827,71487,1
function_433780,保留原反编译函数体,68837,71497,1
function_4338d0,保留原反编译函数体,68896,71556,1
function_433aa0,保留原反编译函数体,69027,71687,1
function_433ae0,保留原反编译函数体,69045,71705,1
function_433c90,保留原反编译函数体,69081,71741,2
function_4341f0,保留原反编译函数体,69228,71888,1
function_434380,保留原反编译函数体,69297,71957,1
function_434760,已修改／替换的非空实现,69669,72329,1
function_434920,保留原反编译函数体,69702,72362,1
function_434a50,保留原反编译函数体,69780,72440,1
function_434b40,未找到同名入口，待核对替代,69862,,0
function_434b60,未找到同名入口，待核对替代,69871,,0
function_434f40,未找到同名入口，待核对替代,70193,,0
function_435220,保留原反编译函数体,70352,72520,1
function_4355f0,保留原反编译函数体,70794,72962,1
function_435720,保留原反编译函数体,70888,73056,1
function_435860,保留原反编译函数体,70996,73164,1
function_435af0,保留原反编译函数体,71204,73372,1
function_435b20,保留原反编译函数体,71218,73386,1
function_435d00,保留原反编译函数体,71424,73592,2
function_435e80,保留原反编译函数体,71504,73672,1
function_435ee0,保留原反编译函数体,71526,73694,1
function_435f00,保留原反编译函数体,71539,73707,1
function_435fc0,保留原反编译函数体,71625,73793,1
function_435fd0,保留原反编译函数体,71633,73801,1
function_4360c0,保留原反编译函数体,71679,73847,1
function_436110,保留原反编译函数体,71700,73868,1
function_436140,保留原反编译函数体,71718,73886,1
function_436180,保留原反编译函数体,71737,73905,1
function_4361c0,保留原反编译函数体,71755,73923,1
function_436290,保留原反编译函数体,71784,73952,1
function_4362f0,保留原反编译函数体,71831,73999,1
function_436350,保留原反编译函数体,71885,74053,1
function_4363b0,保留原反编译函数体,71933,74101,1
function_436450,保留原反编译函数体,71973,74141,1
function_436710,原版即为简单返回／空函数,72103,74271,1
function_436720,已修改／替换的非空实现,72109,74277,1
function_436770,原版即为简单返回／空函数,72126,74294,1
function_436780,保留原反编译函数体,72132,74300,1
function_436840,保留原反编译函数体,72155,74323,1
function_436940,保留原反编译函数体,72180,74348,1
function_436d50,保留原反编译函数体,72551,74719,1
function_437e10,保留原反编译函数体,72592,74760,2
function_436e60,保留原反编译函数体,72601,74769,1
function_436ec0,保留原反编译函数体,72650,74818,1
function_436fe0,保留原反编译函数体,72707,74875,1
function_437f40,保留原反编译函数体,72747,74915,2
function_437170,保留原反编译函数体,72778,74946,1
function_437220,保留原反编译函数体,72810,74978,1
function_437260,保留原反编译函数体,72825,74993,1
function_437290,保留原反编译函数体,72841,75009,1
function_438080,保留原反编译函数体,72886,75054,2
function_4373b0,保留原反编译函数体,72895,75063,1
function_437440,保留原反编译函数体,72946,75114,1
function_437470,保留原反编译函数体,72960,75128,1
function_438190,保留原反编译函数体,73006,75174,2
function_4375c0,保留原反编译函数体,73015,75183,1
function_437690,保留原反编译函数体,73064,75232,1
function_438270,保留原反编译函数体,73111,75279,2
function_4377f0,保留原反编译函数体,73120,75288,1
function_4378c0,保留原反编译函数体,73160,75328,1
function_4379e0,保留原反编译函数体,73219,75387,1
function_437a60,保留原反编译函数体,73249,75417,1
function_437b70,保留原反编译函数体,73312,75480,1
function_437be0,保留原反编译函数体,73346,75514,1
function_437c70,保留原反编译函数体,73372,75540,1
function_437c90,原版即为简单返回／空函数,73382,75550,1
function_437ca0,保留原反编译函数体,73390,75558,1
function_437d30,保留原反编译函数体,73416,75584,1
function_437d50,原版即为简单返回／空函数,73426,75594,1
function_437d60,保留原反编译函数体,73432,75600,1
function_437d90,保留原反编译函数体,73444,75612,1
function_437df0,保留原反编译函数体,73473,75641,1
function_437e50,保留原反编译函数体,73513,75681,1
function_437ea0,保留原反编译函数体,73540,75708,1
function_437ee0,保留原反编译函数体,73567,75735,1
function_437f90,保留原反编译函数体,73625,75793,1
function_437fb0,保留原反编译函数体,73650,75818,1
function_438030,保留原反编译函数体,73680,75848,1
function_4380c0,保留原反编译函数体,73748,75916,1
function_438140,保留原反编译函数体,73778,75946,1
function_4381d0,保留原反编译函数体,73837,76005,1
function_4381f0,保留原反编译函数体,73855,76023,1
function_4382b0,保留原反编译函数体,73910,76078,1
function_438330,保留原反编译函数体,73939,76107,1
function_438370,保留原反编译函数体,73966,76134,1
function_438380,保留原反编译函数体,73973,76141,1
function_438540,保留原反编译函数体,74009,76177,1
function_438700,保留原反编译函数体,74045,76213,1
function_4387d0,保留原反编译函数体,74087,76255,1
function_438820,保留原反编译函数体,74111,76279,1
function_438940,保留原反编译函数体,74154,76322,1
function_4389a0,保留原反编译函数体,74178,76346,1
function_438a90,保留原反编译函数体,74226,76394,1
function_438af0,保留原反编译函数体,74248,76416,1
function_438bf0,保留原反编译函数体,74292,76460,1
function_438c50,保留原反编译函数体,74316,76484,1
function_438d40,保留原反编译函数体,74359,76527,1
function_438da0,保留原反编译函数体,74383,76551,1
function_438e70,保留原反编译函数体,74527,76695,1
function_438f00,已修改／替换的非空实现,74591,76759,1
function_439180,保留原反编译函数体,74930,77098,1
function_4391d0,保留原反编译函数体,74964,77132,1
function_439220,保留原反编译函数体,74983,77151,1
function_439300,保留原反编译函数体,75003,77171,1
function_4393e0,保留原反编译函数体,75023,77191,1
function_439460,保留原反编译函数体,75039,77207,1
function_439540,保留原反编译函数体,75059,77227,1
function_439620,保留原反编译函数体,75079,77247,1
function_439700,保留原反编译函数体,75099,77267,1
function_4397e0,保留原反编译函数体,75119,77287,1
function_439840,保留原反编译函数体,75146,77314,1
function_4398e0,保留原反编译函数体,75163,77331,1
function_439940,保留原反编译函数体,75240,77408,1
function_439a80,保留原反编译函数体,75286,77454,1
function_439bd0,保留原反编译函数体,75332,77500,1
function_439c20,保留原反编译函数体,75347,77515,1
function_439c50,保留原反编译函数体,75375,77543,1
function_439c80,保留原反编译函数体,75382,77550,1
function_439cb0,保留原反编译函数体,75406,77574,1
function_439ce0,保留原反编译函数体,75434,77602,1
function_439e10,保留原反编译函数体,75517,77685,1
function_439ef0,保留原反编译函数体,75592,77760,1
function_43a020,已修改／替换的非空实现,75676,77844,1
function_43a0ae,原版即为简单返回／空函数,75694,77862,1
function_43a0b6,保留原反编译函数体,75700,77868,1
function_43a0e0,原版即为简单返回／空函数,75708,77876,1
function_43a100,保留原反编译函数体,75714,77882,1
function_43a350,保留原反编译函数体,75982,78150,1
function_43a3b0,保留原反编译函数体,76013,78181,1
function_43a4c0,保留原反编译函数体,76060,78228,1
function_43a550,保留原反编译函数体,76077,78245,1
function_43a620,保留原反编译函数体,76199,78367,1
function_43a720,保留原反编译函数体,76338,78506,1
function_43a7b0,保留原反编译函数体,76359,78527,1
function_43a860,保留原反编译函数体,76425,78593,1
function_43a900,保留原反编译函数体,76488,78656,1
function_43a9f0,保留原反编译函数体,76565,78733,1
function_43aa40,保留原反编译函数体,76606,78774,1
function_43ab00,保留原反编译函数体,76675,78843,1
function_43ab60,保留原反编译函数体,76686,78854,1
function_43abc0,保留原反编译函数体,76698,78866,1
function_43adc0,保留原反编译函数体,76820,78988,1
function_43ade0,保留原反编译函数体,76841,79009,1
function_43ae60,保留原反编译函数体,76856,79024,1
function_43af30,保留原反编译函数体,76877,79045,1
function_43afd0,保留原反编译函数体,76894,79062,1
function_43b060,保留原反编译函数体,76910,79078,1
function_43b0e0,保留原反编译函数体,76925,79093,1
function_43b150,保留原反编译函数体,76938,79106,1
function_43b1b0,保留原反编译函数体,76950,79118,1
function_43b2f0,保留原反编译函数体,77173,79341,1
function_43b380,保留原反编译函数体,77194,79362,1
function_43b410,保留原反编译函数体,77215,79383,1
function_43b6c0,保留原反编译函数体,77500,79668,1
function_43b6f0,保留原反编译函数体,77532,79700,1
function_43b790,保留原反编译函数体,77590,79758,1
function_43b7d0,保留原反编译函数体,77626,79794,1
function_43b800,保留原反编译函数体,77658,79826,1
function_43b840,保留原反编译函数体,77690,79858,1
function_43b900,保留原反编译函数体,77754,79922,1
function_43b980,保留原反编译函数体,77772,79940,1
function_43bab0,保留原反编译函数体,77878,80046,1
function_43bb50,保留原反编译函数体,78054,80222,1
function_43bba0,保留原反编译函数体,78085,80253,1
function_43bc20,保留原反编译函数体,78209,80377,1
function_43bcc0,保留原反编译函数体,78231,80399,1
function_43bdc0,保留原反编译函数体,78347,80515,1
function_43be50,保留原反编译函数体,78388,80556,1
function_43bf40,保留原反编译函数体,78471,80639,1
function_43bfc0,保留原反编译函数体,78548,80716,1
function_43c070,保留原反编译函数体,78569,80737,1
function_43c140,保留原反编译函数体,78647,80815,1
function_43c1b0,原版即为简单返回／空函数,78696,80864,1
function_43c1c0,原版即为简单返回／空函数,78704,80872,1
function_43c1d0,原版即为简单返回／空函数,78712,80880,1
function_43c1e0,保留原反编译函数体,78720,80888,1
function_43c210,保留原反编译函数体,78740,80908,1
function_43c220,保留原反编译函数体,78750,80918,1
function_43c2b0,保留原反编译函数体,78794,80962,2
function_43c530,保留原反编译函数体,78874,81042,1
function_43c690,保留原反编译函数体,78940,81108,1
function_43c6b0,已修改／替换的非空实现,78953,81121,1
function_43c860,已修改／替换的非空实现,78986,81176,2
function_43c8c0,保留原反编译函数体,79012,81198,1
function_43c920,保留原反编译函数体,79039,81225,1
function_43ca40,保留原反编译函数体,79089,81275,1
function_43cc00,保留原反编译函数体,79121,81307,1
function_43cec0,原版即为简单返回／空函数,79251,81437,1
function_43ced0,已修改／替换的非空实现,79257,81443,1
function_43cf20,已修改／替换的非空实现,79274,81461,2
function_43cf30,保留原反编译函数体,79280,81476,1
function_43d010,保留原反编译函数体,79314,81510,1
function_43d110,已修改／替换的非空实现,79341,81909,2
function_43d520,保留原反编译函数体,79714,81930,1
function_43d5a0,保留原反编译函数体,79744,81960,1
function_43d6b0,保留原反编译函数体,79807,82023,1
function_43d720,保留原反编译函数体,79841,82057,1
function_43d7b0,保留原反编译函数体,79865,82081,1
function_43d7d0,原版即为简单返回／空函数,79873,82089,1
function_43d7e0,保留原反编译函数体,79879,82095,1
function_43d810,保留原反编译函数体,79893,82109,1
function_43d870,保留原反编译函数体,79920,82136,1
function_43d880,保留原反编译函数体,79927,82143,1
function_43da40,保留原反编译函数体,79963,82179,1
function_43db10,已修改／替换的非空实现,80107,82323,1
function_43dd90,保留原反编译函数体,80446,82662,1
function_43dde0,保留原反编译函数体,80480,82696,1
function_43de30,保留原反编译函数体,80499,82715,1
function_43df10,保留原反编译函数体,80519,82735,1
function_43dfb0,保留原反编译函数体,80536,82752,1
function_43e100,保留原反编译函数体,80584,82800,1
function_43e110,保留原反编译函数体,80591,82807,1
function_43e1f0,保留原反编译函数体,80666,82882,1
function_43e320,原版即为简单返回／空函数,80748,82964,1
function_43e340,保留原反编译函数体,80754,82970,1
function_43e590,保留原反编译函数体,81024,83240,1
function_43e6a0,保留原反编译函数体,81070,83286,1
function_43e730,保留原反编译函数体,81087,83303,1
function_43e7aa,保留原反编译函数体,81108,83324,1
function_43e7c0,保留原反编译函数体,81117,83333,1
function_43e83a,保留原反编译函数体,81138,83354,1
function_43e850,保留原反编译函数体,81149,83365,1
function_43e860,原版即为简单返回／空函数,81156,83372,1
function_43e870,原版即为简单返回／空函数,81162,83378,1
function_43e880,保留原反编译函数体,81170,83386,1
function_43e890,已修改／替换的非空实现,81178,83394,1
function_43eb80,保留原反编译函数体,81295,83511,1
function_43ec30,保留原反编译函数体,81322,83538,1
function_43eda0,保留原反编译函数体,81358,83574,2
function_43f5a0,保留原反编译函数体,81620,83836,1
function_43f750,保留原反编译函数体,81687,83903,1
function_43f770,已修改／替换的非空实现,81700,83916,1
function_43fb00,已修改／替换的非空实现,81764,83980,1
function_43fbe0,保留原反编译函数体,81800,84016,1
function_43fc40,已修改／替换的非空实现,81825,84041,1
function_440180,保留原反编译函数体,82295,84511,1
function_440350,已修改／替换的非空实现,82357,84573,1
function_440390,保留原反编译函数体,82374,84583,1
function_440560,保留原反编译函数体,82495,84704,1
function_440710,已修改／替换的非空实现,82597,84806,1
function_440770,保留原反编译函数体,82612,84821,1
function_4407a0,保留原反编译函数体,82627,84836,1
function_440900,保留原反编译函数体,82839,85048,1
function_440910,已修改／替换的非空实现,82847,85056,1
function_440ca0,保留原反编译函数体,82978,85179,1
function_440de0,保留原反编译函数体,83008,85209,1
function_440df0,已修改／替换的非空实现,83022,85223,1
function_440e20,保留原反编译函数体,83035,85236,1
function_440e30,保留原反编译函数体,83042,85243,1
function_440e60,保留原反编译函数体,83062,85263,1
function_440e70,保留原反编译函数体,83069,85270,1
function_440e90,保留原反编译函数体,83077,85278,1
function_440ea0,保留原反编译函数体,83084,85285,1
function_440ed0,保留原反编译函数体,83093,85294,1
function_440ee0,保留原反编译函数体,83100,85301,1
function_440f10,保留原反编译函数体,83109,85310,1
function_440f20,保留原反编译函数体,83116,85317,1
function_440f50,保留原反编译函数体,83125,85326,1
function_440f60,保留原反编译函数体,83132,85333,1
function_440f90,保留原反编译函数体,83141,85342,1
function_440fa0,保留原反编译函数体,83148,85349,1
function_440fd0,保留原反编译函数体,83157,85358,1
function_440fe0,保留原反编译函数体,83164,85365,1
function_441010,保留原反编译函数体,83173,85374,1
function_441020,保留原反编译函数体,83180,85381,1
function_441040,保留原反编译函数体,83188,85389,1
function_441050,保留原反编译函数体,83195,85396,1
function_441070,保留原反编译函数体,83203,85404,1
function_441080,保留原反编译函数体,83210,85411,1
function_441090,保留原反编译函数体,83218,85419,1
function_4410a0,保留原反编译函数体,83225,85426,1
function_4410b0,保留原反编译函数体,83232,85433,1
function_4410c0,已修改／替换的非空实现,83239,85440,1
function_441250,保留原反编译函数体,83395,85596,1
function_4413a0,保留原反编译函数体,83551,85752,1
function_441660,原版即为简单返回／空函数,83681,85882,1
function_441670,已修改／替换的非空实现,83687,85888,1
function_4416c0,原版即为简单返回／空函数,83704,85905,1
function_4416d0,保留原反编译函数体,83710,85911,1
function_4417a0,保留原反编译函数体,83733,85934,1
function_4418a0,保留原反编译函数体,83758,85959,1
function_441cb0,保留原反编译函数体,84131,86332,1
function_441df0,保留原反编译函数体,84441,86642,1
function_441e80,保留原反编译函数体,84563,86764,1
function_441ed0,保留原反编译函数体,84602,86803,1
function_442040,保留原反编译函数体,84673,86874,1
function_4420f0,保留原反编译函数体,84706,86907,1
function_442110,保留原反编译函数体,84716,86917,1
function_4422e0,保留原反编译函数体,84787,86988,1
function_442300,保留原反编译函数体,84798,86999,1
function_442430,保留原反编译函数体,84956,87157,1
function_442480,保留原反编译函数体,84978,87179,1
function_4424b0,保留原反编译函数体,85003,87204,1
function_4424f0,保留原反编译函数体,85030,87231,1
function_442570,保留原反编译函数体,85060,87261,1
function_442680,保留原反编译函数体,85123,87324,1
function_4426f0,保留原反编译函数体,85157,87358,1
function_442780,保留原反编译函数体,85183,87384,1
function_4427a0,原版即为简单返回／空函数,85193,87394,1
function_4427b0,保留原反编译函数体,85199,87400,1
function_4427e0,保留原反编译函数体,85211,87412,1
function_442840,保留原反编译函数体,85237,87438,1
function_4428b0,保留原反编译函数体,85266,87467,1
function_442900,保留原反编译函数体,85291,87492,1
function_442930,保留原反编译函数体,85311,87512,1
function_4429d0,保留原反编译函数体,85351,87552,1
function_442bd0,保留原反编译函数体,85498,87699,1
function_442d20,保留原反编译函数体,85605,87806,1
function_442da0,保留原反编译函数体,85687,87888,1
function_442db0,保留原反编译函数体,85694,87895,1
function_442f70,保留原反编译函数体,85730,87931,1
function_442fb0,已修改／替换的非空实现,85751,87952,1
function_442fe0,保留原反编译函数体,85761,87962,1
function_4430e0,保留原反编译函数体,85811,88012,1
function_443140,保留原反编译函数体,85835,88036,1
function_443170,保留原反编译函数体,85851,88052,1
function_443240,已修改／替换的非空实现,85995,88196,1
function_4434c0,保留原反编译函数体,86334,88535,1
function_443510,保留原反编译函数体,86368,88569,1
function_443560,保留原反编译函数体,86387,88588,1
function_443580,保留原反编译函数体,86408,88609,1
function_443660,保留原反编译函数体,86428,88629,1
function_443740,保留原反编译函数体,86448,88649,1
function_443820,保留原反编译函数体,86468,88669,1
function_4438a0,保留原反编译函数体,86485,88686,1
function_443920,保留原反编译函数体,86502,88703,1
function_4439a0,保留原反编译函数体,86516,88717,1
function_443a40,保留原反编译函数体,86533,88734,1
function_443b80,保留原反编译函数体,86579,88780,1
function_443cc0,保留原反编译函数体,86625,88826,1
function_443e00,保留原反编译函数体,86671,88872,1
function_443f50,保留原反编译函数体,86717,88918,1
function_444000,原版即为简单返回／空函数,86779,88980,1
function_444090,保留原反编译函数体,86785,88986,1
function_444120,保留原反编译函数体,86793,88994,1
function_4441b0,保留原反编译函数体,86813,89014,1
function_444290,保留原反编译函数体,86888,89089,1
function_4443c0,保留原反编译函数体,86970,89171,1
function_444430,保留原反编译函数体,86985,89186,1
function_444487,保留原反编译函数体,86994,89195,1
function_44449a,保留原反编译函数体,87003,89204,1
function_4444c0,保留原反编译函数体,87013,89214,1
function_44451b,保留原反编译函数体,87023,89224,1
function_44452e,保留原反编译函数体,87032,89233,1
function_444550,保留原反编译函数体,87042,89243,1
function_444570,已修改／替换的非空实现,87052,89253,1
function_4445fe,原版即为简单返回／空函数,87070,89271,1
function_444606,保留原反编译函数体,87076,89277,1
function_444630,原版即为简单返回／空函数,87086,89287,1
function_444650,保留原反编译函数体,87094,89295,1
function_4446a7,保留原反编译函数体,87103,89304,1
function_4446ba,保留原反编译函数体,87112,89313,1
function_4446e0,保留原反编译函数体,87120,89321,1
function_444930,保留原反编译函数体,87388,89589,1
function_4449c0,保留原反编译函数体,87405,89606,1
function_444a50,保留原反编译函数体,87426,89627,1
function_444ad0,保留原反编译函数体,87476,89677,1
function_444bf0,保留原反编译函数体,87530,89731,1
function_444e30,保留原反编译函数体,87656,89857,1
function_444f00,保留原反编译函数体,87687,89888,1
function_444fb0,保留原反编译函数体,87726,89927,1
function_4450f0,保留原反编译函数体,87751,89952,1
function_445220,原版即为简单返回／空函数,87877,90078,1
function_445230,保留原反编译函数体,87883,90084,1
function_445350,保留原反编译函数体,87924,90125,1
function_445410,保留原反编译函数体,87998,90199,1
function_445530,已修改／替换的非空实现,88090,90291,1
function_445580,保留原反编译函数体,88101,90309,1
function_4455e0,保留原反编译函数体,88112,90320,1
function_445650,保留原反编译函数体,88125,90333,1
function_4456c0,保留原反编译函数体,88139,90347,1
function_445730,已修改／替换的非空实现,88153,90361,1
function_445790,保留原反编译函数体,88165,90379,1
function_4457f0,保留原反编译函数体,88177,90391,1
function_445880,保留原反编译函数体,88198,90412,1
function_445910,保留原反编译函数体,88219,90433,1
function_4459a0,保留原反编译函数体,88240,90454,1
function_445a30,保留原反编译函数体,88261,90475,1
function_445b40,保留原反编译函数体,88355,90569,1
function_445ba0,保留原反编译函数体,88389,90603,1
function_445c50,保留原反编译函数体,88440,90654,1
function_445d40,保留原反编译函数体,88504,90718,1
function_445e90,保留原反编译函数体,88538,90752,1
function_445f50,保留原反编译函数体,88574,90788,1
function_445fb0,保留原反编译函数体,88597,90811,1
function_4460d0,保留原反编译函数体,88691,90905,1
function_4461b0,原版即为简单返回／空函数,88724,90938,1
function_4461c0,原版即为简单返回／空函数,88732,90946,1
function_4461d0,保留原反编译函数体,88740,90954,1
function_446210,保留原反编译函数体,88764,90978,1
function_446220,已修改／替换的非空实现,88774,90988,1
function_4462c0,保留原反编译函数体,88806,91020,1
function_446370,已修改／替换的非空实现,88864,91078,1
function_446520,保留原反编译函数体,88897,91111,1
function_4467e0,保留原反编译函数体,88988,91202,1
function_446920,保留原反编译函数体,89075,91289,1
function_446a30,保留原反编译函数体,89123,91337,1
function_446a90,保留原反编译函数体,89153,91367,1
function_446af0,保留原反编译函数体,89180,91394,1
function_446b70,保留原反编译函数体,89203,91417,1
function_446bd0,已修改／替换的非空实现,89214,91428,1
function_447050,保留原反编译函数体,89535,91749,1
function_447080,保留原反编译函数体,89556,91770,1
function_447340,原版即为简单返回／空函数,89686,91900,1
function_447350,已修改／替换的非空实现,89692,91906,1
function_4473a0,原版即为简单返回／空函数,89709,91923,1
function_4473b0,保留原反编译函数体,89715,91929,1
function_447470,保留原反编译函数体,89738,91952,1
function_447570,保留原反编译函数体,89763,91977,1
function_447980,保留原反编译函数体,90136,92350,1
function_447a00,保留原反编译函数体,90166,92380,1
function_447b20,保留原反编译函数体,90225,92439,1
function_447b90,保留原反编译函数体,90259,92473,1
function_447bb0,原版即为简单返回／空函数,90269,92483,1
function_447bc0,保留原反编译函数体,90275,92489,1
function_447bf0,保留原反编译函数体,90287,92501,1
function_447c50,保留原反编译函数体,90299,92513,1
function_447c60,保留原反编译函数体,90308,92522,1
function_447cf0,保留原反编译函数体,90332,92546,1
function_447dc0,保留原反编译函数体,90476,92690,1
function_447f80,已修改／替换的非空实现,90512,92726,1
function_448200,保留原反编译函数体,90851,93065,1
function_448250,保留原反编译函数体,90885,93099,1
function_4482a0,保留原反编译函数体,90904,93118,1
function_4483e0,保留原反编译函数体,90950,93164,1
function_448520,保留原反编译函数体,90996,93210,1
function_448670,保留原反编译函数体,91042,93256,1
function_448750,保留原反编译函数体,91062,93276,1
function_448830,保留原反编译函数体,91082,93296,1
function_448910,保留原反编译函数体,91102,93316,1
function_4489b0,保留原反编译函数体,91119,93333,1
function_448a90,保留原反编译函数体,91194,93408,1
function_448bc0,已修改／替换的非空实现,91278,93492,1
function_448c7b,原版即为简单返回／空函数,91301,93515,1
function_448c83,保留原反编译函数体,91307,93521,1
function_448cb0,保留原反编译函数体,91315,93529,1
function_448f00,保留原反编译函数体,91585,93799,1
function_449040,保留原反编译函数体,91639,93853,1
function_4490d0,保留原反编译函数体,91660,93874,1
function_449160,保留原反编译函数体,91681,93895,1
function_4491f0,保留原反编译函数体,91702,93916,1
function_449269,保留原反编译函数体,91723,93937,1
function_449300,原版即为简单返回／空函数,91743,93957,1
function_449310,原版即为简单返回／空函数,91751,93965,1
function_449320,保留原反编译函数体,91759,93973,1
function_449360,保留原反编译函数体,91776,93990,1
function_4493f0,已修改／替换的非空实现,91802,94016,1
function_4495a0,保留原反编译函数体,91835,94049,1
function_449860,保留原反编译函数体,91926,94140,1
function_4499a0,保留原反编译函数体,92014,94228,1
function_449ab0,保留原反编译函数体,92062,94276,1
function_449b10,保留原反编译函数体,92092,94306,1
function_449b70,保留原反编译函数体,92119,94333,1
function_449c10,保留原反编译函数体,92148,94362,1
function_449c50,保留原反编译函数体,92166,94380,1
function_449f10,原版即为简单返回／空函数,92296,94510,1
function_449f20,已修改／替换的非空实现,92302,94516,1
function_449f70,原版即为简单返回／空函数,92319,94533,1
function_449f80,保留原反编译函数体,92325,94539,1
function_44a070,保留原反编译函数体,92358,94572,1
function_44a170,保留原反编译函数体,92385,94599,1
function_44a580,保留原反编译函数体,92758,94972,1
function_44a600,保留原反编译函数体,92788,95002,1
function_44a720,保留原反编译函数体,92847,95061,1
function_44a790,保留原反编译函数体,92879,95093,1
function_44a7b0,原版即为简单返回／空函数,92887,95101,1
function_44a7c0,保留原反编译函数体,92893,95107,1
function_44a7f0,保留原反编译函数体,92905,95119,1
function_44a800,保留原反编译函数体,92914,95128,1
function_44a890,保留原反编译函数体,92938,95152,1
function_44a960,保留原反编译函数体,93082,95296,1
function_44ab20,已修改／替换的非空实现,93118,95332,1
function_44ada0,保留原反编译函数体,93457,95671,1
function_44ae00,保留原反编译函数体,93516,95730,1
function_44ae50,保留原反编译函数体,93550,95764,1
function_44aea0,保留原反编译函数体,93569,95783,1
function_44afe0,保留原反编译函数体,93614,95828,1
function_44b120,保留原反编译函数体,93660,95874,1
function_44b270,保留原反编译函数体,93706,95920,1
function_44b350,保留原反编译函数体,93726,95940,1
function_44b430,保留原反编译函数体,93746,95960,1
function_44b510,保留原反编译函数体,93766,95980,1
function_44b5b0,保留原反编译函数体,93783,95997,1
function_44b690,保留原反编译函数体,93858,96072,1
function_44b7c0,保留原反编译函数体,93942,96156,1
function_44b7e0,原版即为简单返回／空函数,93951,96165,1
function_44b800,原版即为简单返回／空函数,93957,96171,1
function_44b820,原版即为简单返回／空函数,93963,96177,1
function_44b840,保留原反编译函数体,93969,96183,1
function_44ba90,保留原反编译函数体,94237,96451,1
function_44bb10,保留原反编译函数体,94248,96462,1
function_44bbc0,保留原反编译函数体,94268,96482,1
function_44bc50,保留原反编译函数体,94285,96499,1
function_44bce0,保留原反编译函数体,94306,96520,1
function_44be20,保留原反编译函数体,94360,96574,1
function_44beb0,保留原反编译函数体,94381,96595,1
function_44bf29,保留原反编译函数体,94402,96616,1
function_44bf50,保留原反编译函数体,94414,96628,1
function_44c050,已修改／替换的非空实现,94465,96679,1
function_44c140,保留原反编译函数体,94507,96721,1
function_44c1c0,保留原反编译函数体,94566,96780,1
function_44c2a0,已修改／替换的非空实现,94618,96832,1
function_44c350,保留原反编译函数体,94631,96845,1
function_44c5c0,保留原反编译函数体,94711,96925,1
function_44c700,保留原反编译函数体,94797,97011,1
function_44c810,保留原反编译函数体,94843,97057,1
function_44c870,保留原反编译函数体,94867,97081,1
function_44c8d0,保留原反编译函数体,94892,97106,1
function_44c990,已修改／替换的非空实现,94917,97131,1
function_44ca60,保留原反编译函数体,94951,97165,1
function_44cad0,已修改／替换的非空实现,94989,97203,1
function_44cbb0,保留原反编译函数体,95061,97275,1
function_44ce70,原版即为简单返回／空函数,95191,97405,1
function_44ce80,已修改／替换的非空实现,95197,97411,1
function_44ced0,原版即为简单返回／空函数,95214,97428,1
function_44cee0,保留原反编译函数体,95220,97434,1
function_44cfb0,保留原反编译函数体,95243,97457,1
function_44d0b0,保留原反编译函数体,95268,97482,1
function_44d4c0,保留原反编译函数体,95639,97853,1
function_44d550,保留原反编译函数体,95761,97975,1
function_44d5a0,保留原反编译函数体,95771,97985,1
function_44d670,保留原反编译函数体,95861,98075,1
function_44d730,保留原反编译函数体,95921,98135,1
function_44d7b0,保留原反编译函数体,95951,98165,1
function_44d8d0,保留原反编译函数体,96010,98224,1
function_44d940,保留原反编译函数体,96044,98258,1
function_44d960,原版即为简单返回／空函数,96054,98268,1
function_44d970,保留原反编译函数体,96060,98274,1
function_44d9a0,已修改／替换的非空实现,96074,98288,1
function_44daa0,保留原反编译函数体,96124,98338,1
function_44dab0,保留原反编译函数体,96133,98347,1
function_44db40,保留原反编译函数体,96157,98371,1
function_44dc10,保留原反编译函数体,96186,98400,1
function_44dda0,保留原反编译函数体,96363,98577,1
function_44df60,保留原反编译函数体,96399,98613,1
function_44dfc0,保留原反编译函数体,96451,98665,1
function_44e080,保留原反编译函数体,96596,98810,1
function_44e170,已修改／替换的非空实现,96692,98906,1
function_44e3f0,已修改／替换的非空实现,97031,99245,1
function_44e6e0,保留原反编译函数体,97435,99649,1
function_44e730,保留原反编译函数体,97469,99683,1
function_44e780,已修改／替换的非空实现,97488,229022,1
function_44e9d0,保留原反编译函数体,97607,99821,1
function_44eb10,保留原反编译函数体,97653,99867,1
function_44ec50,保留原反编译函数体,97699,99913,1
function_44ed30,保留原反编译函数体,97719,99933,1
function_44ee10,保留原反编译函数体,97739,99953,1
function_44eeb0,保留原反编译函数体,97756,99970,1
function_44ef90,保留原反编译函数体,97831,100045,1
function_44f0c0,原版即为简单返回／空函数,97913,100127,1
function_44f0e0,保留原反编译函数体,97919,100133,1
function_44f140,保留原反编译函数体,97933,100147,1
function_44f390,保留原反编译函数体,98201,100415,1
function_44f420,保留原反编译函数体,98218,100432,1
function_44f4b0,保留原反编译函数体,98239,100453,1
function_44f6f0,保留原反编译函数体,98336,100550,1
function_44f720,保留原反编译函数体,98365,100579,1
function_44f7ab,保留原反编译函数体,98386,100600,1
function_44f7b0,保留原反编译函数体,98393,100607,1
function_44f829,保留原反编译函数体,98414,100628,1
function_44f8d0,保留原反编译函数体,98436,100650,1
function_44f960,保留原反编译函数体,98455,100669,1
function_44f9c0,保留原反编译函数体,98468,100682,1
function_44fa90,保留原反编译函数体,98505,100719,1
function_44fb50,保留原反编译函数体,98650,100864,1
function_44fbe0,保留原反编译函数体,98700,100914,1
function_44fc83,原版即为简单返回／空函数,98718,100932,1
function_44fca0,保留原反编译函数体,98724,100938,1
function_44fcc0,保留原反编译函数体,98745,100959,1
function_44fd10,原版即为简单返回／空函数,98799,101013,1
function_44fd20,保留原反编译函数体,98805,101019,1
function_44fd30,保留原反编译函数体,98814,101028,1
function_44fd60,保留原反编译函数体,98827,101041,1
function_44fdd0,已修改／替换的非空实现,98842,101056,1
function_44fde0,已修改／替换的非空实现,98851,101065,1
function_44ff90,保留原反编译函数体,98931,101145,1
function_450020,已修改／替换的非空实现,98965,101179,1
function_450350,保留原反编译函数体,99310,101186,2
function_450950,已修改／替换的非空实现,99454,101598,2
function_450d80,已修改／替换的非空实现,99719,101617,1
function_450e30,已修改／替换的非空实现,99756,104940,2
function_450f30,已修改／替换的非空实现,99784,104954,2
function_451270,保留原反编译函数体,99940,104981,1
function_4513f0,保留原反编译函数体,100020,105061,1
function_4514a0,已修改／替换的非空实现,100049,105187,2
function_451590,已修改／替换的非空实现,100098,105273,1
function_4515a0,已修改／替换的非空实现,100105,105278,1
function_4515c0,已修改／替换的非空实现,100113,105283,1
function_4515f0,已修改／替换的非空实现,100121,105288,1
function_451610,已修改／替换的非空实现,100136,105293,1
function_451620,已修改／替换的非空实现,100144,105298,1
function_451630,已修改／替换的非空实现,100153,105303,1
function_451640,已修改／替换的非空实现,100162,105308,1
function_4517c0,已修改／替换的非空实现,100297,105432,1
function_4558b0,保留原反编译函数体,100324,105459,3
function_455ee0,保留原反编译函数体,100361,105496,3
function_451b70,已修改／替换的非空实现,100447,105582,1
function_451f30,保留原反编译函数体,100598,105733,1
function_451f80,已修改／替换的非空实现,100632,105767,1
function_452010,保留原反编译函数体,100651,105786,1
function_452020,已修改／替换的非空实现,100659,105794,1
function_452040,已修改／替换的非空实现,100672,105809,1
function_452150,已修改／替换的非空实现,100720,105894,1
function_452220,已修改／替换的非空实现,100742,105916,1
function_452270,保留原反编译函数体,100757,105931,1
function_4522c0,保留原反编译函数体,100773,105947,1
function_4522f0,已修改／替换的非空实现,100788,106307,1
function_4525d0,已修改／替换的非空实现,101041,106922,1
function_452ac0,保留原反编译函数体,101595,107107,1
function_452ad0,保留原反编译函数体,101607,107119,1
function_452ba0,保留原反编译函数体,101649,107161,1
function_452be0,保留原反编译函数体,101664,107176,1
function_452c20,已修改／替换的非空实现,101698,107213,1
function_452cf0,保留原反编译函数体,101750,107265,1
function_452d40,已修改／替换的非空实现,101783,107298,1
function_453030,保留原反编译函数体,102147,107662,1
function_4530a0,保留原反编译函数体,102183,107698,1
function_453120,保留原反编译函数体,102213,107728,1
function_453240,保留原反编译函数体,102272,107787,1
function_4532b0,保留原反编译函数体,102304,107819,1
function_4532d0,原版即为简单返回／空函数,102312,107827,1
function_4532e0,保留原反编译函数体,102318,107833,1
function_453360,保留原反编译函数体,102347,107862,1
function_4533e0,保留原反编译函数体,102377,107892,1
function_453440,保留原反编译函数体,102411,107926,1
function_4534a0,保留原反编译函数体,102430,107945,1
function_4534c0,保留原反编译函数体,102451,107966,1
function_4534e0,保留原反编译函数体,102472,107987,1
function_4534f0,保留原反编译函数体,102481,107996,1
function_453580,保留原反编译函数体,102507,108022,1
function_4535c0,保留原反编译函数体,102525,108040,1
function_4536b0,保留原反编译函数体,102568,108083,1
function_4537b0,保留原反编译函数体,102615,108130,1
function_4537d0,保留原反编译函数体,102633,108148,1
function_453880,保留原反编译函数体,102772,108287,1
function_4538e0,保留原反编译函数体,102824,108339,1
function_4539b0,保留原反编译函数体,102968,108483,1
function_453b70,保留原反编译函数体,103004,108519,1
function_453bd0,保留原反编译函数体,103028,108543,1
function_453c30,保留原反编译函数体,103052,108567,1
function_453c80,已修改／替换的非空实现,103089,108604,1
function_453f00,保留原反编译函数体,103428,108943,1
function_453f40,保留原反编译函数体,103459,108974,1
function_453f90,保留原反编译函数体,103493,109008,1
function_453fe0,保留原反编译函数体,103512,109027,1
function_454030,保留原反编译函数体,103564,109079,1
function_454110,保留原反编译函数体,103584,109099,1
function_4541f0,保留原反编译函数体,103604,109119,1
function_4542d0,保留原反编译函数体,103624,109139,1
function_4543b0,保留原反编译函数体,103644,109159,1
function_454490,保留原反编译函数体,103664,109179,1
function_454560,保留原反编译函数体,103739,109254,1
function_454640,保留原反编译函数体,103814,109329,1
function_454770,保留原反编译函数体,103896,109411,1
function_454950,保留原反编译函数体,104117,109632,1
function_454ba0,保留原反编译函数体,104385,109900,1
function_454c20,保留原反编译函数体,104414,109929,1
function_454c80,保留原反编译函数体,104425,109940,1
function_454cf0,保留原反编译函数体,104442,109957,1
function_454d60,保留原反编译函数体,104458,109973,1
function_454dd0,保留原反编译函数体,104474,109989,1
function_454e40,保留原反编译函数体,104492,110007,1
function_454ed0,保留原反编译函数体,104509,110024,1
function_454f80,保留原反编译函数体,104535,110050,1
function_455010,保留原反编译函数体,104554,110069,1
function_455090,保留原反编译函数体,104588,110103,1
function_4550d0,保留原反编译函数体,104622,110137,1
function_455180,保留原反编译函数体,104696,110211,1
function_455230,保留原反编译函数体,104735,110250,1
function_4552e0,已修改／替换的非空实现,104787,110302,1
function_455330,已修改／替换的非空实现,104797,110321,1
function_455390,保留原反编译函数体,104810,110372,1
function_4554b0,保留原反编译函数体,104839,110401,1
function_455520,保留原反编译函数体,104852,110414,1
function_4555a0,已修改／替换的非空实现,104867,110429,1
function_4556c0,保留原反编译函数体,104896,110458,1
function_455730,保留原反编译函数体,104909,110471,1
function_4557a0,保留原反编译函数体,104922,110484,1
function_4557d0,保留原反编译函数体,104954,110516,1
function_455880,已修改／替换的非空实现,105016,110578,1
function_455890,已修改／替换的非空实现,105024,110588,1
function_455990,保留原反编译函数体,105108,110682,1
function_455a20,保留原反编译函数体,105166,110740,1
function_455c40,保留原反编译函数体,105437,111011,1
function_455ce0,保留原反编译函数体,105514,111088,1
function_455d30,已修改／替换的非空实现,105534,111108,1
function_455dc0,保留原反编译函数体,105621,111196,1
function_455e40,已修改／替换的非空实现,105652,111303,1
function_455ec0,已修改／替换的非空实现,105669,111317,1
function_455f50,保留原反编译函数体,105710,111358,1
function_455fd0,保留原反编译函数体,105751,111399,1
function_456210,保留原反编译函数体,105973,111621,1
function_456260,保留原反编译函数体,105995,111643,1
function_456290,保留原反编译函数体,106014,111662,1
function_456310,保留原反编译函数体,106030,111678,1
function_456360,保留原反编译函数体,106060,111708,1
function_4563b0,保留原反编译函数体,106086,111734,1
function_456690,保留原反编译函数体,106283,111931,1
function_4567d0,保留原反编译函数体,106316,111964,1
function_456870,保留原反编译函数体,106445,112093,1
function_4569f0,保留原反编译函数体,106576,112224,1
function_456a00,保留原反编译函数体,106587,112235,1
function_456b30,保留原反编译函数体,106627,112275,1
function_456b60,保留原反编译函数体,106647,112295,1
function_456ca0,保留原反编译函数体,106754,112402,1
function_456d00,保留原反编译函数体,106782,112430,1
function_456f00,保留原反编译函数体,107046,112694,1
function_456f60,保留原反编译函数体,107075,112723,1
function_457110,保留原反编译函数体,107165,112813,1
function_457170,已修改／替换的非空实现,107187,112835,1
function_457260,保留原反编译函数体,107282,112930,1
function_457270,保留原反编译函数体,107289,112937,1
function_457280,保留原反编译函数体,107296,112944,1
function_457310,保留原反编译函数体,107346,112994,1
function_457500,保留原反编译函数体,107553,113201,1
function_457660,保留原反编译函数体,107671,113319,1
function_4576e0,保留原反编译函数体,107708,113356,1
function_457810,已修改／替换的非空实现,107907,113555,1
function_457a10,已修改／替换的非空实现,108073,113779,2
function_457a80,保留原反编译函数体,108140,113798,1
function_457ac0,保留原反编译函数体,108166,113824,1
function_457b40,保留原反编译函数体,108202,113860,1
function_457c40,保留原反编译函数体,108253,113911,1
function_457ca0,保留原反编译函数体,108280,113938,1
function_457cf0,保留原反编译函数体,108307,113965,1
function_457e30,保留原反编译函数体,108408,114066,1
function_457f00,保留原反编译函数体,108455,114113,1
function_457f60,保留原反编译函数体,108477,114135,1
function_457fc0,已修改／替换的非空实现,108505,114163,1
function_458090,已修改／替换的非空实现,108564,229030,1
function_458200,已修改／替换的非空实现,108717,229149,1
function_4582c0,保留原反编译函数体,108789,114446,1
function_458330,保留原反编译函数体,108818,114475,1
function_4583a0,已修改／替换的非空实现,108832,229193,1
function_4583f0,保留原反编译函数体,108864,114521,1
function_458410,保留原反编译函数体,108897,114554,1
function_458440,保留原反编译函数体,108925,114582,1
function_458570,原版即为简单返回／空函数,108988,114645,1
function_458580,原版即为简单返回／空函数,108994,114651,1
function_458590,保留原反编译函数体,109002,114659,1
function_4585c0,已修改／替换的非空实现,109020,114677,1
function_458710,保留原反编译函数体,109199,114858,1
function_4587d0,保留原反编译函数体,109236,114895,1
function_4588a0,保留原反编译函数体,109279,114938,1
function_458a20,保留原反编译函数体,109376,115035,1
function_459150,保留原反编译函数体,109824,115483,1
function_459360,保留原反编译函数体,109974,115633,1
function_459420,保留原反编译函数体,110008,115667,1
function_4594a0,保留原反编译函数体,110036,115695,1
function_4594d0,保留原反编译函数体,110053,115712,1
function_4594f0,已修改／替换的非空实现,110066,115725,1
function_4595e0,保留原反编译函数体,110089,115750,1
function_459690,原版即为简单返回／空函数,110113,115774,1
function_4596a0,原版即为简单返回／空函数,110121,115782,1
function_4596b0,保留原反编译函数体,110127,115788,1
function_459780,保留原反编译函数体,110165,115826,1
function_459800,保留原反编译函数体,110208,115869,1
function_459840,保留原反编译函数体,110237,115898,1
function_4598a0,保留原反编译函数体,110264,115925,1
function_459920,保留原反编译函数体,110299,115960,1
function_459980,保留原反编译函数体,110323,115984,1
function_4599e0,保留原反编译函数体,110388,116049,1
function_459a40,保留原反编译函数体,110453,116114,1
function_459b40,原版即为简单返回／空函数,110547,116208,1
function_459b50,保留原反编译函数体,110555,116216,1
function_459bc0,保留原反编译函数体,110589,116250,1
function_459d00,保留原反编译函数体,110689,116350,1
function_459e90,保留原反编译函数体,110819,116480,1
function_459ec0,保留原反编译函数体,110850,116511,1
function_459f00,保留原反编译函数体,110872,116533,1
function_459fa0,保留原反编译函数体,110889,116550,1
function_459fe0,保留原反编译函数体,110909,116570,1
function_45a080,保留原反编译函数体,110928,116589,1
function_45a0a0,保留原反编译函数体,110941,116602,1
function_45a150,保留原反编译函数体,110958,116619,1
function_45a190,保留原反编译函数体,110978,116639,1
function_45a230,保留原反编译函数体,110997,116658,1
function_45a250,保留原反编译函数体,111012,116673,1
function_45a2f0,保留原反编译函数体,111029,116690,1
function_45a320,保留原反编译函数体,111047,116708,1
function_45a3c0,保留原反编译函数体,111066,116727,1
function_45a3e0,保留原反编译函数体,111079,116740,1
function_45a490,保留原反编译函数体,111096,116757,1
function_45a4c0,保留原反编译函数体,111113,116774,1
function_45a560,保留原反编译函数体,111132,116793,1
function_45a590,保留原反编译函数体,111153,116814,1
function_45a630,保留原反编译函数体,111170,116831,1
function_45a650,保留原反编译函数体,111181,116842,1
function_45a700,保留原反编译函数体,111200,116861,1
function_45a740,保留原反编译函数体,111229,116890,1
function_45a770,保留原反编译函数体,111245,116906,1
function_45a780,保留原反编译函数体,111254,116915,1
function_45a7b0,保留原反编译函数体,111272,116933,1
function_45a810,保留原反编译函数体,111298,116959,1
function_45a870,保留原反编译函数体,111327,116988,1
function_45a8d0,保留原反编译函数体,111355,117016,1
function_45a940,保留原反编译函数体,111387,117048,1
function_45a9a0,保留原反编译函数体,111416,117077,1
function_45aa00,保留原反编译函数体,111445,117106,1
function_45aa60,保留原反编译函数体,111474,117135,1
function_45aac0,保留原反编译函数体,111503,117164,1
function_45ab20,保留原反编译函数体,111530,117191,1
function_45ab70,保留原反编译函数体,111546,117207,1
function_45bb10,保留原反编译函数体,111571,117232,3
function_45ac00,保留原反编译函数体,111581,117242,1
function_45ac90,已修改／替换的非空实现,111624,117285,1
function_45ade0,已修改／替换的非空实现,111701,117362,1
function_45ae60,保留原反编译函数体,111735,117396,1
function_45ae70,保留原反编译函数体,111745,117406,1
function_45aea0,保留原反编译函数体,111758,117419,1
function_45aed0,保留原反编译函数体,111771,117432,1
function_45af50,保留原反编译函数体,111806,117467,1
function_45b0b0,保留原反编译函数体,111842,117503,1
function_45b140,已修改／替换的非空实现,111856,117517,1
function_45b1d0,保留原反编译函数体,111932,117593,1
function_45b220,保留原反编译函数体,111981,117642,1
function_45b2e0,已修改／替换的非空实现,112024,117685,1
function_45b460,保留原反编译函数体,112111,117772,1
function_45b560,保留原反编译函数体,112201,117862,1
function_45b5b0,保留原反编译函数体,112217,117878,1
function_45b640,保留原反编译函数体,112253,117914,1
function_45b6d0,已修改／替换的非空实现,112296,117957,1
function_45b820,已修改／替换的非空实现,112373,118034,1
function_45b8a0,保留原反编译函数体,112407,118068,1
function_45b8b0,已修改／替换的非空实现,112415,118076,1
function_45bb60,保留原反编译函数体,112539,118200,1
function_45bb90,保留原反编译函数体,112552,118213,1
function_45bbc0,保留原反编译函数体,112565,118226,1
function_45bc30,保留原反编译函数体,112597,118258,1
function_45bc40,保留原反编译函数体,112610,118271,1
function_45bd00,已修改／替换的非空实现,112635,118296,1
function_45bd80,已修改／替换的非空实现,112679,118340,1
function_45be30,保留原反编译函数体,112724,118385,1
function_45bee0,保留原反编译函数体,112805,118466,1
function_45c030,保留原反编译函数体,112912,118573,1
function_45c070,保留原反编译函数体,112935,118596,1
function_45c090,保留原反编译函数体,112952,118613,1
function_45c0f0,保留原反编译函数体,112984,118645,1
function_45c200,保留原反编译函数体,113096,118757,1
function_45c260,保留原反编译函数体,113111,118772,1
function_45c300,保留原反编译函数体,113174,118835,1
function_45c340,保留原反编译函数体,113188,118849,1
function_45c360,保留原反编译函数体,113201,118862,1
function_45c390,保留原反编译函数体,113220,118881,1
function_45c4e0,保留原反编译函数体,113333,118994,1
function_45c500,保留原反编译函数体,113348,119009,1
function_45c560,原版即为简单返回／空函数,113384,119045,1
function_45c590,保留原反编译函数体,113392,119053,1
function_45c620,保留原反编译函数体,113408,119069,1
function_45c680,保留原反编译函数体,113417,119078,1
function_45c6e0,保留原反编译函数体,113429,119090,1
function_45c770,保留原反编译函数体,113441,119102,1
function_45c780,保留原反编译函数体,113452,119113,1
function_45c7a0,保留原反编译函数体,113469,119130,1
function_45c830,原版即为简单返回／空函数,113479,119140,1
function_45c8b0,保留原反编译函数体,113487,119148,1
function_45c8d0,保留原反编译函数体,113503,119164,1
function_45c920,保留原反编译函数体,113533,119194,1
function_45c930,保留原反编译函数体,113542,119203,1
function_45ca20,保留原反编译函数体,113601,119262,1
function_45ca30,保留原反编译函数体,113610,119271,1
function_45cac0,保留原反编译函数体,113652,119313,1
function_45cb20,保留原反编译函数体,113682,119343,1
function_45cc60,已修改／替换的非空实现,113759,119420,1
function_45cd50,保留原反编译函数体,113782,119445,1
function_45ce00,保留原反编译函数体,113806,119469,1
function_45d120,原版即为简单返回／空函数,113907,119570,1
function_45d240,保留原反编译函数体,113915,119578,1
function_45d2f0,已修改／替换的非空实现,113979,119642,1
function_45d530,保留原反编译函数体,114077,119740,1
function_45d5a0,保留原反编译函数体,114096,119759,1
function_45d5f0,已修改／替换的非空实现,114114,119777,1
function_45d740,已修改／替换的非空实现,114191,119854,1
function_45d7c0,保留原反编译函数体,114225,119888,1
function_45d7d0,保留原反编译函数体,114233,119896,1
function_45d800,保留原反编译函数体,114246,119909,1
function_45d830,保留原反编译函数体,114259,119922,1
function_45d890,保留原反编译函数体,114295,119958,1
function_45d8e0,保留原反编译函数体,114327,119990,1
function_45d960,已修改／替换的非空实现,114362,120025,1
function_45d970,已修改／替换的非空实现,114369,120059,1
function_45d9a0,保留原反编译函数体,114382,120064,1
function_45d9c0,保留原反编译函数体,114393,120075,1
function_45d9f0,已修改／替换的非空实现,114406,120088,1
function_45da00,已修改／替换的非空实现,114416,120117,1
function_45da40,原版即为简单返回／空函数,114428,120133,1
function_45da50,已修改／替换的非空实现,114436,120141,1
function_45dac0,已修改／替换的非空实现,114450,120156,1
function_45db10,保留原反编译函数体,114473,120191,1
function_45db30,未找到同名入口，待核对替代,114495,,0
function_45db90,保留原反编译函数体,114505,120214,1
function_45dbc0,未找到同名入口，待核对替代,114515,,0
function_45dbd0,已修改／替换的非空实现,114524,120225,2
function_45de70,已修改／替换的非空实现,114842,120240,1
function_45de90,保留原反编译函数体,114850,120245,1
function_45df10,已修改／替换的非空实现,114905,120321,1
function_45dfb0,已修改／替换的非空实现,114922,120337,1
function_45e020,未找到同名入口，待核对替代,114950,,0
function_45e0e0,保留原反编译函数体,114984,120343,1
function_45e120,保留原反编译函数体,115014,120373,1
function_45e270,已修改／替换的非空实现,115083,120442,1
function_45e300,已修改／替换的非空实现,115106,120469,1
function_45e410,已修改／替换的非空实现,115146,120516,1
function_45e460,已修改／替换的非空实现,115163,120587,2
function_45e5e0,未找到同名入口，待核对替代,115244,,0
function_45eb00,已修改／替换的非空实现,115421,120834,2
function_45ec60,已修改／替换的非空实现,115468,123591,1
function_45f0c0,保留原反编译函数体,115869,120852,1
function_45f0f0,保留原反编译函数体,115882,120865,1
function_45f350,保留原反编译函数体,116027,121010,1
function_45f3b0,保留原反编译函数体,116075,121058,1
function_45f3e0,已修改／替换的非空实现,116082,121065,1
function_45f4f0,已修改／替换的非空实现,116121,121151,1
function_45f560,保留原反编译函数体,116137,121168,1
function_48a7d0,保留原反编译函数体,116140,103100,9
function_45f5a0,保留原反编译函数体,116149,121180,1
function_48a830,保留原反编译函数体,116152,121183,4
function_45f5e0,已修改／替换的非空实现,116161,121210,1
function_45f640,已修改／替换的非空实现,116181,121241,1
function_45f760,未找到同名入口，待核对替代,116238,,0
function_45f780,未找到同名入口，待核对替代,116247,,0
function_45f7a0,未找到同名入口，待核对替代,116255,,0
function_45f7e0,未找到同名入口，待核对替代,116264,,0
function_45f800,未找到同名入口，待核对替代,116272,,0
function_45f810,未找到同名入口，待核对替代,116279,,0
function_45f820,未找到同名入口，待核对替代,116286,,0
function_45f850,已修改／替换的非空实现,116293,121274,1
function_45f8c0,已修改／替换的非空实现,116320,121293,1
function_45f9d0,已修改／替换的非空实现,116344,121318,1
function_45fab0,已修改／替换的非空实现,116402,121384,1
function_4aa080,已修改／替换的非空实现,116437,212144,1
function_45fb90,未找到同名入口，待核对替代,116446,,0
function_45fcd0,未找到同名入口，待核对替代,116478,,0
function_45fd80,未找到同名入口，待核对替代,116498,,0
function_45fe80,未找到同名入口，待核对替代,116529,,0
function_45ff80,保留原反编译函数体,116572,121431,1
function_45ff90,原版即为简单返回／空函数,116579,121438,1
function_45ffa0,保留原反编译函数体,116585,121444,1
function_45ffb0,原版即为简单返回／空函数,116594,121453,1
function_45ffc0,保留原反编译函数体,116600,121459,1
function_45ffd0,原版即为简单返回／空函数,116607,121466,1
function_45ffe0,保留原反编译函数体,116613,121472,1
function_460540,已修改／替换的非空实现,116795,121764,1
function_4606d0,已修改／替换的非空实现,116864,121772,2
function_4607e0,已修改／替换的非空实现,116926,121830,1
function_460900,原版即为简单返回／空函数,116967,121873,1
function_460920,已修改／替换的非空实现,116973,121879,1
function_4609c0,已修改／替换的非空实现,116995,121904,1
function_460a60,已修改／替换的非空实现,117017,121929,1
function_460b00,已修改／替换的非空实现,117039,121954,1
function_460b50,已修改／替换的非空实现,117052,121968,1
function_460bc0,已修改／替换的非空实现,117067,121985,1
function_460c10,已修改／替换的非空实现,117081,121998,1
function_460c70,已修改／替换的非空实现,117095,122014,1
function_460cc0,已修改／替换的非空实现,117109,122027,1
function_460d10,未找到同名入口，待核对替代,117123,,0
function_460de0,原版即为简单返回／空函数,117164,122043,1
function_460e00,已修改／替换的非空实现,117170,122049,1
function_462250,保留原反编译函数体,117918,122743,1
function_462280,未找到同名入口，待核对替代,117934,,0
function_462480,保留原反编译函数体,118101,122764,1
function_4624a0,保留原反编译函数体,118115,122778,1
function_4624c0,保留原反编译函数体,118133,122796,1
function_4624e0,保留原反编译函数体,118151,122814,1
function_462530,保留原反编译函数体,118203,122866,1
function_462550,保留原反编译函数体,118221,122884,1
function_4625a0,保留原反编译函数体,118273,122936,1
function_462600,保留原反编译函数体,118300,122963,1
function_4627c0,已修改／替换的非空实现,118453,124249,2
function_462810,保留原反编译函数体,118500,124269,1
function_462870,保留原反编译函数体,118538,124307,1
function_4628b0,保留原反编译函数体,118551,124320,1
function_462910,保留原反编译函数体,118573,124342,1
function_462970,保留原反编译函数体,118611,124380,1
function_4629d0,保留原反编译函数体,118649,124418,1
function_4629f0,保留原反编译函数体,118668,124437,1
function_462a20,保留原反编译函数体,118689,124458,1
function_462b10,保留原反编译函数体,118765,124534,1
function_462bf0,保留原反编译函数体,118840,124609,1
function_462ce0,已修改／替换的非空实现,118915,124703,1
function_462e3e,未找到同名入口，待核对替代,118973,,0
function_462e80,已修改／替换的非空实现,118987,124726,1
function_462f30,已修改／替换的非空实现,119094,124756,1
function_462f80,保留原反编译函数体,119138,124761,1
function_462fe0,保留原反编译函数体,119176,124799,1
function_463210,保留原反编译函数体,119439,125062,1
function_463280,已修改／替换的非空实现,119474,125132,1
function_4634d0,已修改／替换的非空实现,119761,125419,1
function_463510,保留原反编译函数体,119792,125424,1
function_463580,保留原反编译函数体,119806,125438,1
function_4635e0,保留原反编译函数体,119878,125510,1
function_463610,保留原反编译函数体,119906,125538,1
function_463690,已修改／替换的非空实现,119959,125792,1
function_4636e0,保留原反编译函数体,120004,125837,1
function_463730,已修改／替换的非空实现,120049,125882,1
function_463800,已修改／替换的非空实现,120233,125932,2
function_463820,保留原反编译函数体,120243,125947,1
function_4638b0,保留原反编译函数体,120268,125972,1
function_4638f0,保留原反编译函数体,120277,125981,1
function_4639f0,保留原反编译函数体,120344,126048,1
function_463af0,已修改／替换的非空实现,120410,126132,1
function_463b40,未找到同名入口，待核对替代,120429,,0
function_463cf0,已修改／替换的非空实现,120505,126243,1
function_463d40,已修改／替换的非空实现,120520,126249,1
function_463e60,已修改／替换的非空实现,120667,126396,1
function_4641d0,已修改／替换的非空实现,121106,126443,1
function_4645b0,保留原反编译函数体,121378,126453,1
function_4645f0,保留原反编译函数体,121416,126491,1
function_4646f0,保留原反编译函数体,121479,126554,1
function_464790,保留原反编译函数体,121516,126591,1
function_464870,保留原反编译函数体,121565,126640,1
function_4648b0,保留原反编译函数体,121586,126661,1
function_464c90,保留原反编译函数体,121729,126804,1
function_464d90,已修改／替换的非空实现,121767,126842,1
function_464e20,已修改／替换的非空实现,121775,126847,1
function_464f80,已修改／替换的非空实现,121924,127515,1
function_465f70,已修改／替换的非空实现,123295,127525,1
function_466050,已修改／替换的非空实现,123444,127530,1
function_466090,已修改／替换的非空实现,123465,127582,1
function_4660c0,已修改／替换的非空实现,123484,127616,1
function_466100,已修改／替换的非空实现,123512,127658,1
function_466270,已修改／替换的非空实现,123600,127757,1
function_466320,保留原反编译函数体,123626,127793,1
function_4663c0,未找到同名入口，待核对替代,123669,,0
function_466470,未找到同名入口，待核对替代,123689,,0
function_466490,已修改／替换的非空实现,123702,127839,2
function_4664a0,保留原反编译函数体,123709,127852,1
function_466540,原版即为简单返回／空函数,123744,127887,1
function_466560,未找到同名入口，待核对替代,123750,,0
function_4665d0,原版即为简单返回／空函数,123763,127896,1
function_4665e0,未找到同名入口，待核对替代,123769,,0
function_466770,已修改／替换的非空实现,123838,127996,1
function_466890,已修改／替换的非空实现,123879,128038,1
function_466900,已修改／替换的非空实现,123894,128078,1
function_4669d0,已修改／替换的非空实现,123935,128086,1
function_466e20,保留原反编译函数体,124101,128264,1
function_4674b0,保留原反编译函数体,124120,128283,1
function_4677c0,保留原反编译函数体,124240,128403,1
function_467cd0,保留原反编译函数体,124526,128689,1
function_4681e0,已修改／替换的非空实现,124804,128997,2
function_4682a0,已修改／替换的非空实现,124915,129046,1
function_4683c0,保留原反编译函数体,125155,129053,1
function_468440,保留原反编译函数体,125228,129126,1
function_4684a0,保留原反编译函数体,125250,129148,1
function_468540,保留原反编译函数体,125359,129257,1
function_468580,保留原反编译函数体,125403,129301,1
function_468620,已修改／替换的非空实现,125532,129430,1
function_468790,保留原反编译函数体,125695,129530,1
function_4687d0,保留原反编译函数体,125728,129563,1
function_46889b,保留原反编译函数体,125779,129614,1
function_468950,保留原反编译函数体,125838,129673,1
function_4689d0,已修改／替换的非空实现,125869,129729,1
function_4693a0,已修改／替换的非空实现,126983,130869,1
function_469620,已修改／替换的非空实现,127182,130959,2
function_469640,已修改／替换的非空实现,127189,130977,1
function_469680,已修改／替换的非空实现,127200,131013,1
function_4696b0,已修改／替换的非空实现,127210,131025,1
function_469700,已修改／替换的非空实现,127219,131041,1
function_469710,已修改／替换的非空实现,127225,131049,1
function_469740,原版即为简单返回／空函数,127231,131057,1
function_469750,原版即为简单返回／空函数,127237,131063,1
function_469780,已修改／替换的非空实现,127243,131069,1
function_4697a0,原版即为简单返回／空函数,127249,131078,1
function_4697c0,已修改／替换的非空实现,127255,131084,1
function_4697e0,已修改／替换的非空实现,127261,131089,1
function_469820,原版即为简单返回／空函数,127267,131096,1
function_469840,已修改／替换的非空实现,127273,131102,1
function_469860,已修改／替换的非空实现,127279,131119,1
function_469870,已修改／替换的非空实现,127285,131126,1
function_469880,原版即为简单返回／空函数,127291,131134,1
function_4698a0,原版即为简单返回／空函数,127297,131140,1
function_4698c0,保留原反编译函数体,127303,131146,1
function_4698d0,保留原反编译函数体,127311,131154,1
function_469900,已修改／替换的非空实现,127324,131167,1
function_4699bf,未找到同名入口，待核对替代,127360,,0
function_469a03,保留原反编译函数体,127376,131235,1
function_469a20,已修改／替换的非空实现,127382,131244,1
function_469b30,保留原反编译函数体,127414,131297,1
function_469b40,已修改／替换的非空实现,127423,131306,1
function_469d10,已修改／替换的非空实现,127460,131354,1
function_469dd0,已修改／替换的非空实现,127481,131375,1
function_469ed0,保留原反编译函数体,127502,131388,1
function_469ef0,已修改／替换的非空实现,127522,131408,1
function_46a140,已修改／替换的非空实现,127809,131695,1
function_46a1d0,已修改／替换的非空实现,127844,131750,1
function_46a210,已修改／替换的非空实现,127870,131768,1
function_46a260,保留原反编译函数体,127886,131798,1
function_46a2d0,已修改／替换的非空实现,127980,131892,1
function_46a380,保留原反编译函数体,128015,132072,1
function_46a390,已修改／替换的非空实现,128025,132082,1
function_46a450,保留原反编译函数体,128060,132117,1
function_46a550,保留原反编译函数体,128172,132229,1
function_46a580,保留原反编译函数体,128185,132242,1
function_46a5b0,保留原反编译函数体,128210,132267,1
function_46a650,保留原反编译函数体,128349,132406,1
function_46a6f0,已修改／替换的非空实现,128490,132579,2
function_46a7a0,保留原反编译函数体,128540,132593,1
function_46a7e0,保留原反编译函数体,128552,132605,1
function_46a830,已修改／替换的非空实现,128568,132648,1
function_46a9c0,保留原反编译函数体,128764,132853,1
function_46aa60,已修改／替换的非空实现,128812,132901,1
function_46aae0,保留原反编译函数体,128839,132959,1
function_46ab10,已修改／替换的非空实现,128854,133166,1
function_46acb0,保留原反编译函数体,128965,133177,1
function_46acf0,保留原反编译函数体,129010,133222,1
function_46ad50,保留原反编译函数体,129023,133235,1
function_46afa0,保留原反编译函数体,129133,133249,1
function_46b080,保留原反编译函数体,129202,133318,1
function_46b420,保留原反编译函数体,129494,133610,1
function_46b450,保留原反编译函数体,129506,133622,1
function_48a8d0,保留原反编译函数体,129509,133625,6
function_46b490,已修改／替换的非空实现,129518,133636,1
function_46b500,已修改／替换的非空实现,129545,133657,1
function_46b610,已修改／替换的非空实现,129633,133675,1
function_46b6f0,已修改／替换的非空实现,129694,133694,1
function_46b7c0,已修改／替换的非空实现,129757,133716,1
function_46b880,已修改／替换的非空实现,129790,133741,1
function_46b9a0,已修改／替换的非空实现,129843,133787,1
function_46bbe0,已修改／替换的非空实现,129875,133871,1
function_46bc90,已修改／替换的非空实现,129908,133904,1
function_46be40,已修改／替换的非空实现,130032,133943,1
function_46bea0,保留原反编译函数体,130054,133965,1
function_46bf00,保留原反编译函数体,130076,133987,1
function_46bf60,保留原反编译函数体,130104,134015,2
function_46bfc0,保留原反编译函数体,130135,134046,1
function_46bff0,保留原反编译函数体,130159,134070,1
function_46c040,保留原反编译函数体,130193,134104,1
function_46c0f0,保留原反编译函数体,130219,134130,1
function_46c1a0,保留原反编译函数体,130298,134209,1
function_46c220,保留原反编译函数体,130343,134254,1
function_46c3d0,保留原反编译函数体,130496,134407,1
function_46c400,保留原反编译函数体,130510,134421,1
function_46c4e0,保留原反编译函数体,130550,134461,1
function_46c570,保留原反编译函数体,130557,134468,1
function_46c600,未找到同名入口，待核对替代,130579,,0
function_46c840,保留原反编译函数体,130762,134491,1
function_46c8b0,保留原反编译函数体,130796,134525,1
function_46c9e0,已修改／替换的非空实现,130972,134701,1
function_46cbb0,保留原反编译函数体,131122,134853,1
function_46cd90,保留原反编译函数体,131252,134983,1
function_46ce40,原版即为简单返回／空函数,131312,135043,1
function_46ce70,已修改／替换的非空实现,131318,135082,1
function_46cec0,已修改／替换的非空实现,131330,135091,1
function_46cf10,已修改／替换的非空实现,131342,135100,1
function_46cf60,已修改／替换的非空实现,131354,135109,1
function_46cfb0,未找到同名入口，待核对替代,131366,,0
function_46d080,保留原反编译函数体,131397,135119,1
function_46d130,保留原反编译函数体,131448,135170,1
function_46d190,保留原反编译函数体,131481,135203,1
function_46d2a0,保留原反编译函数体,131534,135256,1
function_46d400,保留原反编译函数体,131651,135373,1
function_46d460,未找到同名入口，待核对替代,131683,,0
function_46d6d0,保留原反编译函数体,131854,135406,1
function_46d750,保留原反编译函数体,131884,135436,1
function_46d8b0,未找到同名入口，待核对替代,131937,,0
function_46d950,已修改／替换的非空实现,131956,135492,1
function_46e480,保留原反编译函数体,132377,135925,1
function_46e530,未找到同名入口，待核对替代,132392,,0
function_46e6f0,已修改／替换的非空实现,132484,136008,1
function_46ed80,原版即为简单返回／空函数,132809,136014,1
function_46eda0,原版即为简单返回／空函数,132817,136022,1
function_46edb0,未找到同名入口，待核对替代,132823,,0
function_46edc0,已修改／替换的非空实现,132829,136056,1
function_46ee20,已修改／替换的非空实现,132853,136083,1
function_46eed0,未找到同名入口，待核对替代,132887,,0
function_46ef40,已修改／替换的非空实现,132898,136140,1
function_46efd0,保留原反编译函数体,132928,136146,2
function_46f020,保留原反编译函数体,132962,136180,1
function_46f0b0,已修改／替换的非空实现,132978,136196,1
function_46f0d0,保留原反编译函数体,132991,136231,1
function_46f100,保留原反编译函数体,132997,136237,1
function_46f140,已修改／替换的非空实现,133015,136255,1
function_46f200,已修改／替换的非空实现,133077,136261,1
function_46f320,保留原反编译函数体,133118,136303,1
function_46f450,保留原反编译函数体,133180,136365,1
function_46f620,已修改／替换的非空实现,133285,136402,1
function_46f6d0,已修改／替换的非空实现,133353,136620,1
function_46f9f0,未找到同名入口，待核对替代,133608,,0
function_46fac0,已修改／替换的非空实现,133647,136650,1
function_46fd70,已修改／替换的非空实现,133748,136757,1
function_46ff60,保留原反编译函数体,133923,136798,1
function_470030,已修改／替换的非空实现,133987,136862,1
function_4700b0,保留原反编译函数体,134015,136870,1
function_470100,已修改／替换的非空实现,134030,136885,1
function_4701b0,原版即为简单返回／空函数,134071,136926,1
function_4701d0,原版即为简单返回／空函数,134079,136934,1
function_4701e0,已修改／替换的非空实现,134085,136940,1
function_470220,已修改／替换的非空实现,134094,136951,1
function_470290,已修改／替换的非空实现,134123,136967,1
function_470300,已修改／替换的非空实现,134152,136982,1
function_470320,已修改／替换的非空实现,134163,136990,1
function_470360,已修改／替换的非空实现,134174,137001,1
function_470390,保留原反编译函数体,134187,137011,1
function_4703b0,已修改／替换的非空实现,134205,137035,1
function_4705e0,已修改／替换的非空实现,134466,137296,1
function_4706c0,已修改／替换的非空实现,134570,137436,1
function_470730,已修改／替换的非空实现,134604,137441,1
function_470890,已修改／替换的非空实现,134689,137526,1
function_470980,已修改／替换的非空实现,134852,137531,1
function_4709c0,已修改／替换的非空实现,134869,137586,1
function_470a30,已修改／替换的非空实现,134899,137616,1
function_470ab0,已修改／替换的非空实现,134941,137771,1
function_470d00,已修改／替换的非空实现,135215,137778,1
function_4aa1a0,已修改／替换的非空实现,135220,121246,4
function_470df0,已修改／替换的非空实现,135239,137820,1
function_48a890,已修改／替换的非空实现,135276,186264,2
function_470ee0,已修改／替换的非空实现,135313,137847,1
function_470f10,保留原反编译函数体,135321,137856,1
function_470f30,已修改／替换的非空实现,135329,137864,1
function_470f60,原版即为简单返回／空函数,135339,137874,1
function_470f80,保留原反编译函数体,135345,137880,1
function_470f90,原版即为简单返回／空函数,135352,137887,1
function_470fa0,已修改／替换的非空实现,135358,137893,1
function_471060,原版即为简单返回／空函数,135379,123626,2
function_471070,原版即为简单返回／空函数,135385,137924,1
function_471080,原版即为简单返回／空函数,135391,137930,1
function_4710a0,保留原反编译函数体,135397,137936,1
function_471100,保留原反编译函数体,135421,137960,1
function_471160,已修改／替换的非空实现,135444,137983,1
function_471240,保留原反编译函数体,135477,138009,1
function_471330,已修改／替换的非空实现,135508,138040,1
function_4713b0,未找到同名入口，待核对替代,135539,,0
function_471510,保留原反编译函数体,135578,138057,1
function_4715e0,保留原反编译函数体,135607,138086,1
function_4716b0,已修改／替换的非空实现,135665,138144,1
function_471720,已修改／替换的非空实现,135692,138161,1
function_471810,保留原反编译函数体,135723,138179,1
function_471880,已修改／替换的非空实现,135750,138210,1
function_471960,已修改／替换的非空实现,135765,138232,1
function_471a60,已修改／替换的非空实现,135790,138260,1
function_471b30,已修改／替换的非空实现,135844,138277,1
function_471bc0,已修改／替换的非空实现,135862,138426,1
function_471c10,已修改／替换的非空实现,135876,138435,1
function_48a920,已修改／替换的非空实现,135886,121686,3
function_471c70,已修改／替换的非空实现,135902,138440,1
function_471d30,已修改／替换的非空实现,135926,138461,1
function_471d90,已修改／替换的非空实现,135952,138482,1
function_471df0,已修改／替换的非空实现,135978,138495,1
function_471e50,已修改／替换的非空实现,136004,138533,1
function_471eb0,已修改／替换的非空实现,136030,138550,1
function_471f10,已修改／替换的非空实现,136056,138564,1
function_471f70,已修改／替换的非空实现,136082,138569,1
function_471fd0,已修改／替换的非空实现,136108,138587,1
function_472030,已修改／替换的非空实现,136134,138598,1
function_472080,已修改／替换的非空实现,136156,138609,1
function_4720e0,已修改／替换的非空实现,136182,138614,1
function_472140,已修改／替换的非空实现,136208,138619,1
function_4721a0,已修改／替换的非空实现,136234,138624,1
function_472240,已修改／替换的非空实现,136256,138652,1
function_4722e0,已修改／替换的非空实现,136278,138806,1
function_472820,已修改／替换的非空实现,136620,138928,1
function_4a9c60,已修改／替换的非空实现,136652,138950,2
function_472e50,已修改／替换的非空实现,137084,139092,1
function_473010,已修改／替换的非空实现,137124,139153,1
function_473af0,已修改／替换的非空实现,137714,139779,1
function_473b20,保留原反编译函数体,137722,139788,1
function_473dd8,保留原反编译函数体,137792,139890,1
function_473dde,原版即为简单返回／空函数,137798,139896,1
function_473ebb,原版即为简单返回／空函数,137804,139902,1
function_473ed0,保留原反编译函数体,137810,139908,1
function_473f30,保留原反编译函数体,137844,139942,1
function_474020,保留原反编译函数体,137904,140002,2
function_474110,保留原反编译函数体,137958,140056,1
function_475710,保留原反编译函数体,141613,143711,1
function_475760,保留原反编译函数体,141630,143728,1
function_475790,保留原反编译函数体,141645,143743,1
function_4757e0,已修改／替换的非空实现,141680,143778,1
function_475fc0,保留原反编译函数体,142428,144527,1
function_4760a0,保留原反编译函数体,142497,144596,1
function_476130,已修改／替换的非空实现,142526,144625,1
function_4762b0,保留原反编译函数体,142798,144898,1
function_476380,保留原反编译函数体,142877,144977,1
function_4764d0,保留原反编译函数体,143048,145148,1
function_4766b0,已修改／替换的非空实现,143208,145308,1
function_476a20,保留原反编译函数体,143493,145607,1
function_476eb0,保留原反编译函数体,143866,145980,1
function_476f40,保留原反编译函数体,143913,146027,1
function_477190,原版即为简单返回／空函数,144023,146137,1
function_4771a0,保留原反编译函数体,144034,146148,1
function_477440,保留原反编译函数体,144231,146345,1
function_477460,原版即为简单返回／空函数,144241,146355,1
function_477480,保留原反编译函数体,144247,146361,1
function_477490,保留原反编译函数体,144254,146368,1
function_477950,保留原反编译函数体,144822,146936,1
function_477e40,保留原反编译函数体,145308,147422,1
function_4780c0,保留原反编译函数体,145571,147685,1
function_478130,保留原反编译函数体,145611,147725,1
function_478200,保留原反编译函数体,145704,147818,1
function_478420,保留原反编译函数体,146025,148139,1
function_478510,保留原反编译函数体,146154,148268,1
function_478a20,保留原反编译函数体,146492,148606,1
function_478c80,保留原反编译函数体,146641,148755,1
function_479090,保留原反编译函数体,146842,148956,1
function_479160,保留原反编译函数体,146916,149030,1
function_4791e0,保留原反编译函数体,146947,149061,1
function_479260,保留原反编译函数体,146983,149097,1
function_4792f0,保留原反编译函数体,147031,149145,1
function_479360,保留原反编译函数体,147046,149160,1
function_4793f0,保留原反编译函数体,147088,149202,1
function_4795f0,保留原反编译函数体,147278,149392,1
function_4796c0,保留原反编译函数体,147327,149441,1
function_479760,保留原反编译函数体,147357,149471,1
function_479950,保留原反编译函数体,147451,149565,1
function_47aa44,保留原反编译函数体,147565,149679,1
function_47aa49,保留原反编译函数体,147572,149686,1
function_47aa54,保留原反编译函数体,147579,149693,1
function_47aa59,保留原反编译函数体,147586,149700,1
function_47aac4,保留原反编译函数体,147593,149707,1
function_47aac9,保留原反编译函数体,147600,149714,1
function_47aad4,保留原反编译函数体,147607,149721,1
function_47aad9,保留原反编译函数体,147614,149728,1
function_47acb4,原版即为简单返回／空函数,147621,149735,1
function_47acb9,原版即为简单返回／空函数,147627,149741,1
function_47acc4,原版即为简单返回／空函数,147633,149747,1
function_47acd4,保留原反编译函数体,147639,149753,1
function_47aed0,保留原反编译函数体,147781,149895,1
function_47afd0,保留原反编译函数体,147884,149998,1
function_47b020,保留原反编译函数体,147896,150010,1
function_47b140,保留原反编译函数体,147943,150057,1
function_47b290,原版即为简单返回／空函数,147951,150065,2
function_47b350,保留原反编译函数体,148134,150248,1
function_47b3c0,保留原反编译函数体,148160,150274,1
function_47b410,保留原反编译函数体,148186,150300,1
function_4c4c20,保留原反编译函数体,148201,150315,6
function_47b670,原版即为简单返回／空函数,148203,150317,3
function_47b510,保留原反编译函数体,148222,150336,1
function_47b630,保留原反编译函数体,148386,150500,1
function_47b890,保留原反编译函数体,148683,150797,1
function_4c4b40,保留原反编译函数体,148870,150984,2
function_47bb70,保留原反编译函数体,148969,151083,1
function_47bba0,保留原反编译函数体,148978,151092,2
function_47bc10,保留原反编译函数体,149020,151134,1
function_47bca0,保留原反编译函数体,149098,151212,1
function_47bfc0,保留原反编译函数体,149399,151513,1
function_47c5b0,保留原反编译函数体,150024,152138,1
function_47c8b0,保留原反编译函数体,150325,152439,1
function_47e130,保留原反编译函数体,150348,152462,2
function_47c930,保留原反编译函数体,150363,152477,1
function_47e840,保留原反编译函数体,150411,152525,2
function_47cc00,保留原反编译函数体,150671,152785,1
function_47cd00,保留原反编译函数体,150808,152922,1
function_47cdf0,保留原反编译函数体,150947,153061,1
function_47ce30,保留原反编译函数体,150972,153086,1
function_47d190,原版即为简单返回／空函数,151407,153521,1
function_47d1a0,保留原反编译函数体,151413,153527,1
function_47d1c0,保留原反编译函数体,151423,153537,1
function_47d230,保留原反编译函数体,151487,153601,1
function_47d250,保留原反编译函数体,151498,153612,1
function_47d280,保留原反编译函数体,151507,153621,1
function_47d3f0,保留原反编译函数体,151675,153789,1
function_47d4f0,保留原反编译函数体,151742,153856,1
function_47d520,保留原反编译函数体,151773,153887,1
function_4c5840,原版即为简单返回／空函数,151811,153925,11
function_47d600,保留原反编译函数体,151821,153935,1
function_47d6e0,保留原反编译函数体,151897,154011,1
function_481cb0,保留原反编译函数体,151924,154038,2
function_47d960,保留原反编译函数体,152176,154290,1
function_47d9b0,保留原反编译函数体,152193,154307,1
function_47da20,保留原反编译函数体,152225,154339,1
function_47da90,保留原反编译函数体,152278,154392,1
function_47daf0,保留原反编译函数体,152305,154419,2
function_47de90,保留原反编译函数体,152568,154682,1
function_47e0c0,保留原反编译函数体,152807,154921,1
function_47e160,保留原反编译函数体,152847,154961,1
function_47e7b0,保留原反编译函数体,153387,155501,1
function_47e810,保留原反编译函数体,153439,155553,1
function_47e990,保留原反编译函数体,153534,155648,1
function_47ea70,保留原反编译函数体,153579,155693,1
function_47eaf0,保留原反编译函数体,153613,155727,1
function_47eb10,保留原反编译函数体,153626,155740,1
function_47eb50,已修改／替换的非空实现,153639,155753,1
function_47f0a0,保留原反编译函数体,154698,156813,1
function_47f820,保留原反编译函数体,154984,157099,1
function_47f850,保留原反编译函数体,155024,157139,1
function_47f880,保留原反编译函数体,155064,157179,1
function_47f8a0,保留原反编译函数体,155094,157209,1
function_47f960,保留原反编译函数体,155166,157281,1
function_47f9c0,保留原反编译函数体,155202,157317,1
function_47fab0,保留原反编译函数体,155303,157418,1
function_480080,保留原反编译函数体,156193,158308,1
function_480120,保留原反编译函数体,156267,158382,1
function_480200,保留原反编译函数体,156459,158574,1
function_4802d0,保留原反编译函数体,156558,158673,1
function_480410,保留原反编译函数体,156768,158883,1
function_480570,保留原反编译函数体,156959,159074,1
function_480600,保留原反编译函数体,157043,159158,1
function_480750,保留原反编译函数体,157237,159352,1
function_480820,保留原反编译函数体,157244,159359,1
function_4808b0,保留原反编译函数体,157286,159401,1
function_480a10,保留原反编译函数体,157552,159667,1
function_480a60,保留原反编译函数体,157564,159679,1
function_480b30,保留原反编译函数体,157693,159808,1
function_480d80,原版即为简单返回／空函数,157949,160064,1
function_480da0,保留原反编译函数体,157955,160070,1
function_481190,保留原反编译函数体,158389,160504,1
function_481260,保留原反编译函数体,158483,160598,1
function_4812d0,保留原反编译函数体,158496,160611,1
function_4812e0,保留原反编译函数体,158516,160631,1
function_481330,已修改／替换的非空实现,158524,160639,1
function_4814b0,保留原反编译函数体,158768,160885,1
function_481520,保留原反编译函数体,158819,160936,1
function_481710,保留原反编译函数体,159142,161259,1
function_4817e0,保留原反编译函数体,159189,161306,1
function_481800,保留原反编译函数体,159202,161319,1
function_481860,保留原反编译函数体,159239,161356,1
function_4818c0,保留原反编译函数体,159253,161370,1
function_481c90,保留原反编译函数体,159764,161881,1
function_481ef0,保留原反编译函数体,160011,162128,1
function_481f30,保留原反编译函数体,160020,162137,1
function_482060,保留原反编译函数体,160153,162270,1
function_4820c0,保留原反编译函数体,160161,162278,1
function_4822c0,保留原反编译函数体,160418,162535,1
function_482650,保留原反编译函数体,160944,163061,2
function_4827d0,保留原反编译函数体,161133,163250,1
function_482990,保留原反编译函数体,161367,163484,1
function_482a70,保留原反编译函数体,161458,163575,2
function_482a90,保留原反编译函数体,161464,163581,1
function_482af0,保留原反编译函数体,161495,163612,1
function_482b20,保留原反编译函数体,161507,163624,1
function_482cb6,保留原反编译函数体,161784,163901,1
function_482cbe,保留原反编译函数体,161793,163910,1
function_482cd0,保留原反编译函数体,161806,163923,1
function_482e90,保留原反编译函数体,162151,164268,1
function_483300,保留原反编译函数体,162871,164988,1
function_483eb0,保留原反编译函数体,166186,168303,1
function_483ef0,保留原反编译函数体,166198,168315,1
function_483f10,保留原反编译函数体,166209,168326,1
function_4840a0,保留原反编译函数体,166647,168764,1
function_4840e0,保留原反编译函数体,166674,168791,1
function_4842c0,保留原反编译函数体,166832,168949,1
function_484300,保留原反编译函数体,166861,168978,1
function_484810,保留原反编译函数体,167884,170001,1
function_484d10,保留原反编译函数体,168083,170200,1
function_484da0,保留原反编译函数体,168109,170226,1
function_484ec0,保留原反编译函数体,168409,170526,1
function_485340,原版即为简单返回／空函数,169318,171435,1
function_485350,保留原反编译函数体,169324,171441,1
function_485480,保留原反编译函数体,169394,171511,1
function_4854a0,保留原反编译函数体,169407,171524,1
function_4855f0,保留原反编译函数体,169554,171671,1
function_485610,保留原反编译函数体,169580,171697,1
function_4857e0,保留原反编译函数体,169745,171862,1
function_486160,保留原反编译函数体,171048,173165,1
function_486190,保留原反编译函数体,171054,173171,1
function_486500,保留原反编译函数体,171522,173639,1
function_486520,保留原反编译函数体,171535,173652,1
function_4865a0,保留原反编译函数体,171596,173713,1
function_486690,保留原反编译函数体,171712,173829,1
function_4866b0,保留原反编译函数体,171732,173849,1
function_4867f0,保留原反编译函数体,171856,173973,1
function_4869d0,保留原反编译函数体,172074,174191,1
function_486a30,保留原反编译函数体,172118,174235,1
function_486c50,保留原反编译函数体,172799,174916,1
function_486d70,保留原反编译函数体,173013,175130,1
function_486dd0,保留原反编译函数体,173054,175171,1
function_486f90,保留原反编译函数体,173312,175429,1
function_487200,保留原反编译函数体,174085,176202,1
function_487260,已修改／替换的非空实现,174129,176246,1
function_487490,保留原反编译函数体,174929,177047,1
function_4874f0,保留原反编译函数体,174973,177091,1
function_487530,保留原反编译函数体,174999,177117,1
function_4876d0,保留原反编译函数体,175215,177333,1
function_487830,保留原反编译函数体,175392,177510,1
function_4879d0,保留原反编译函数体,175792,177910,1
function_4879f0,保留原反编译函数体,175805,177923,1
function_487a10,保留原反编译函数体,175818,177936,1
function_487bd0,保留原反编译函数体,176043,178161,1
function_487e00,保留原反编译函数体,176347,178465,1
function_488020,保留原反编译函数体,176593,178711,1
function_488040,保留原反编译函数体,176599,178717,1
function_488500,保留原反编译函数体,177152,179270,1
function_488550,保留原反编译函数体,177166,179284,1
function_488740,保留原反编译函数体,177361,179479,1
function_488770,保留原反编译函数体,177372,179490,1
function_488980,保留原反编译函数体,177551,179669,1
function_488bb0,保留原反编译函数体,177779,179897,1
function_488be0,保留原反编译函数体,177793,179911,1
function_488c90,已修改／替换的非空实现,177844,179962,1
function_489280,保留原反编译函数体,178668,180788,1
function_489310,保留原反编译函数体,178703,180823,1
function_489600,保留原反编译函数体,178982,181102,1
function_489710,保留原反编译函数体,179083,181203,1
function_4897d0,保留原反编译函数体,179121,181241,1
function_4897f0,保留原反编译函数体,179134,181254,1
function_489850,保留原反编译函数体,179173,181293,1
function_489910,保留原反编译函数体,179229,181349,1
function_489940,保留原反编译函数体,179240,181360,1
function_489a80,保留原反编译函数体,179423,181543,1
function_489b00,保留原反编译函数体,179441,181561,1
function_489c60,保留原反编译函数体,179601,181721,1
function_489de0,保留原反编译函数体,179931,182051,1
function_489e30,保留原反编译函数体,179941,182061,1
function_489e80,原版即为简单返回／空函数,179951,182071,1
function_489e90,保留原反编译函数体,179957,182077,1
function_489ef0,已修改／替换的非空实现,179976,182108,2
function_489f20,保留原反编译函数体,179989,182125,1
function_489f30,未找到同名入口，待核对替代,179998,,0
function_489f50,未找到同名入口，待核对替代,180020,,0
function_489fa0,已修改／替换的非空实现,180042,182253,1
function_48a0a0,已修改／替换的非空实现,180065,182293,11
function_48a170,已修改／替换的非空实现,180101,185838,1
function_492890,已修改／替换的非空实现,180139,194208,2
function_48a230,已修改／替换的非空实现,180152,185885,1
function_48a2d0,保留原反编译函数体,180194,185919,1
function_48a300,已修改／替换的非空实现,180205,185930,1
function_48a370,保留原反编译函数体,180243,185942,1
function_48a3e0,保留原反编译函数体,180281,185980,1
function_48a400,已修改／替换的非空实现,180289,185988,1
function_48a430,已修改／替换的非空实现,180301,186002,1
function_48a460,已修改／替换的非空实现,180312,186016,1
function_48a480,已修改／替换的非空实现,180318,186023,1
function_48a4f0,已修改／替换的非空实现,180343,186062,1
function_48a530,已修改／替换的非空实现,180363,186072,1
function_48a580,已修改／替换的非空实现,180384,186081,1
function_48a5c0,已修改／替换的非空实现,180404,186090,1
function_48a600,已修改／替换的非空实现,180424,186099,1
function_48a670,已修改／替换的非空实现,180457,186120,1
function_48a690,已修改／替换的非空实现,180463,186131,1
function_48a6b0,已修改／替换的非空实现,180469,186142,1
function_48a720,已修改／替换的非空实现,180489,186171,1
function_48a790,保留原反编译函数体,180517,186194,1
function_48a980,保留原反编译函数体,180632,186313,2
function_48a9e0,保留原反编译函数体,180656,186337,1
function_48aa20,原版即为简单返回／空函数,180668,102760,20
function_48aa30,已修改／替换的非空实现,180674,186355,1
function_48aa50,已修改／替换的非空实现,180680,186361,1
function_48aa60,已修改／替换的非空实现,180686,186367,1
function_48aa80,已修改／替换的非空实现,180692,186374,1
function_48ab40,已修改／替换的非空实现,180734,121227,3
function_48ab90,已修改／替换的非空实现,180749,186426,1
function_48abe0,保留原反编译函数体,180773,186469,1
function_48ac00,已修改／替换的非空实现,180781,186477,1
function_48ac70,已修改／替换的非空实现,180803,186485,1
function_48acc0,原版即为简单返回／空函数,180834,186492,1
function_48ace0,已修改／替换的非空实现,180840,186498,5
function_48ada0,已修改／替换的非空实现,180881,186612,1
function_48adb0,已修改／替换的非空实现,180887,186617,1
function_48af30,保留原反编译函数体,180980,186622,1
function_48afa0,保留原反编译函数体,181019,186661,1
function_48b050,已修改／替换的非空实现,181042,186684,1
function_48b160,原版即为简单返回／空函数,181048,186712,1
function_48b180,已修改／替换的非空实现,181054,186718,1
function_48b1a0,保留原反编译函数体,181060,186730,1
function_498a30,保留原反编译函数体,181072,186742,2
function_48b320,保留原反编译函数体,181131,186801,1
function_48b410,保留原反编译函数体,181191,186861,1
function_48b490,已修改／替换的非空实现,181213,103284,5
function_48b510,已修改／替换的非空实现,181235,186941,1
function_48b5a0,保留原反编译函数体,181265,186973,1
function_48b630,已修改／替换的非空实现,181299,187062,2
function_48b840,保留原反编译函数体,181403,187067,1
function_48b870,已修改／替换的非空实现,181417,187081,1
function_48b8b0,保留原反编译函数体,181427,187096,1
function_48b8d0,原版即为简单返回／空函数,181434,187103,1
function_48b8f0,已修改／替换的非空实现,181440,187109,1
function_48b900,原版即为简单返回／空函数,181446,187115,1
function_48b910,原版即为简单返回／空函数,181452,187121,1
function_48b920,保留原反编译函数体,181458,187127,1
function_48b980,保留原反编译函数体,181520,187211,1
function_48b9f0,保留原反编译函数体,181544,187235,1
function_48ba10,原版即为简单返回／空函数,181556,187247,1
function_48ba20,已修改／替换的非空实现,181564,187287,1
function_48bb10,已修改／替换的非空实现,181608,187316,2
function_48bb30,已修改／替换的非空实现,181615,187331,1
function_48bba0,已修改／替换的非空实现,181629,187296,1
function_48bc70,已修改／替换的非空实现,181660,187343,2
function_48bca0,已修改／替换的非空实现,181673,187360,1
function_48bd40,已修改／替换的非空实现,181700,187407,2
function_48bd60,已修改／替换的非空实现,181707,187445,1
function_48be40,已修改／替换的非空实现,181740,187463,2
function_48be70,已修改／替换的非空实现,181755,187483,2
function_48be80,已修改／替换的非空实现,181763,187548,2
function_48bec0,保留原反编译函数体,181770,187563,1
function_48bf50,已修改／替换的非空实现,181797,187591,2
function_48bfe0,已修改／替换的非空实现,181821,187607,1
function_48c080,未找到同名入口，待核对替代,181873,,0
function_48c170,保留原反编译函数体,181944,187716,1
function_48c1c0,已修改／替换的非空实现,181953,187725,1
function_48c1f0,已修改／替换的非空实现,181960,187732,1
function_48c2f0,已修改／替换的非空实现,182007,187743,1
function_48c350,已修改／替换的非空实现,182022,187772,2
function_48c400,已修改／替换的非空实现,182071,187822,1
function_48c580,已修改／替换的非空实现,182219,187853,1
function_48c620,保留原反编译函数体,182255,187858,2
function_48c690,保留原反编译函数体,182291,187894,2
function_48c700,保留原反编译函数体,182315,187918,3
function_48c780,已修改／替换的非空实现,182351,187954,1
function_48c7f0,保留原反编译函数体,182379,187981,1
function_48c840,已修改／替换的非空实现,182398,103304,6
function_48c890,保留原反编译函数体,182418,102892,21
function_48c910,已修改／替换的非空实现,182452,188065,1
function_48c950,已修改／替换的非空实现,182480,103561,2
function_48ca10,已修改／替换的非空实现,182513,188147,1
function_493cd0,已修改／替换的非空实现,182534,195517,1
function_48cb10,已修改／替换的非空实现,182570,188178,1
function_491880,原版即为简单返回／空函数,182580,188188,2
function_48cc70,已修改／替换的非空实现,182659,188271,1
function_48e520,已修改／替换的非空实现,182714,190056,1
function_48cd50,已修改／替换的非空实现,182724,188337,1
function_48ce70,已修改／替换的非空实现,182791,188438,4
function_48cfa0,已修改／替换的非空实现,182879,188553,1
function_48d0b0,已修改／替换的非空实现,182942,188575,2
function_48d0f0,保留原反编译函数体,182948,188586,1
function_48d1b0,保留原反编译函数体,183064,188702,1
function_48d220,已修改／替换的非空实现,183099,188737,1
function_48d310,保留原反编译函数体,183188,188826,1
function_48d390,已修改／替换的非空实现,183234,188899,1
function_48d430,保留原反编译函数体,183257,188922,1
function_48d450,保留原反编译函数体,183266,188931,1
function_48d4e0,已修改／替换的非空实现,183290,188955,1
function_48d550,已修改／替换的非空实现,183306,188971,1
function_48d5a0,已修改／替换的非空实现,183316,188981,1
function_48d620,保留原反编译函数体,183345,189010,2
function_48d6d0,保留原反编译函数体,183381,189046,1
function_48d720,已修改／替换的非空实现,183402,189075,2
function_48d770,已修改／替换的非空实现,183412,189090,1
function_48d7e0,已修改／替换的非空实现,183445,189125,1
function_48d850,已修改／替换的非空实现,183466,189146,1
function_48d940,已修改／替换的非空实现,183598,189233,1
function_48d9f0,保留原反编译函数体,183663,189238,1
function_48da60,已修改／替换的非空实现,183710,189285,1
function_48dac0,未找到同名入口，待核对替代,183728,,0
function_48db40,已修改／替换的非空实现,183763,189303,1
function_48dc10,已修改／替换的非空实现,183801,189332,1
function_48dd10,已修改／替换的非空实现,183853,189367,1
function_48dda0,已修改／替换的非空实现,183883,189372,1
function_49ab80,已修改／替换的非空实现,183897,189386,4
function_48de90,已修改／替换的非空实现,183914,189506,1
function_48e030,已修改／替换的非空实现,184015,189645,1
function_48e0e0,保留原反编译函数体,184052,189683,1
function_48e120,保留原反编译函数体,184067,189698,1
function_48e160,保留原反编译函数体,184087,189718,1
function_48e180,保留原反编译函数体,184109,189740,1
function_48e260,保留原反编译函数体,184155,189786,1
function_48e2e0,保留原反编译函数体,184195,189826,1
function_48e460,原版即为简单返回／空函数,184304,189935,1
function_48e480,已修改／替换的非空实现,184310,189941,1
function_48e4a0,已修改／替换的非空实现,184319,189977,2
function_48e4b0,保留原反编译函数体,184326,189992,1
function_48e4d0,保留原反编译函数体,184339,190005,1
function_48e4f0,已修改／替换的非空实现,184357,190041,2
function_48e580,已修改／替换的非空实现,184416,190103,1
function_48e600,已修改／替换的非空实现,184447,190135,1
function_48e640,已修改／替换的非空实现,184481,190182,1
function_48e680,已修改／替换的非空实现,184491,190189,1
function_48e6c0,保留原反编译函数体,184507,190195,1
function_48e6e0,保留原反编译函数体,184514,190202,1
function_48e730,保留原反编译函数体,184532,190220,1
function_48e800,已修改／替换的非空实现,184586,190274,1
function_48e9d0,保留原反编译函数体,184663,190360,1
function_48ee90,保留原反编译函数体,185106,190803,1
function_48ef10,保留原反编译函数体,185142,190839,1
function_48ef70,保留原反编译函数体,185168,190865,1
function_48eff0,保留原反编译函数体,185234,190931,1
function_48f040,保留原反编译函数体,185260,190957,1
function_48f050,保留原反编译函数体,185269,190966,1
function_48f1c0,保留原反编译函数体,185470,191167,1
function_48f240,保留原反编译函数体,185501,191198,1
function_48f280,已修改／替换的非空实现,185513,191210,1
function_48f300,保留原反编译函数体,185580,191227,1
function_48f380,已修改／替换的非空实现,185601,191566,1
function_48fac0,保留原反编译函数体,186312,191576,1
function_48fba0,保留原反编译函数体,186384,191648,1
function_48fc00,保留原反编译函数体,186429,191693,1
function_48fd00,保留原反编译函数体,186522,191786,1
function_48fd70,保留原反编译函数体,186569,191833,1
function_48fdf0,保留原反编译函数体,186632,191896,1
function_48fe70,已修改／替换的非空实现,186685,191972,2
function_48fed0,已修改／替换的非空实现,186729,191993,2
function_48ffd0,已修改／替换的非空实现,186877,192012,1
function_490040,已修改／替换的非空实现,186907,192048,1
function_4900d0,保留原反编译函数体,186926,192075,1
function_490280,保留原反编译函数体,187063,192212,1
function_490320,保留原反编译函数体,187088,192237,1
function_490370,已修改／替换的非空实现,187115,192264,2
function_490630,已修改／替换的非空实现,187359,192269,1
function_4908d0,保留原反编译函数体,187633,192274,1
function_4909e0,已修改／替换的非空实现,187727,192369,1
function_490b20,保留原反编译函数体,187798,192478,1
function_490b50,保留原反编译函数体,187821,192501,1
function_490b60,保留原反编译函数体,187830,192510,1
function_490c40,已修改／替换的非空实现,187916,192596,1
function_490c80,已修改／替换的非空实现,187933,192601,1
function_490d50,已修改／替换的非空实现,187995,192624,4
function_490d90,保留原反编译函数体,188027,192643,1
function_490fa0,保留原反编译函数体,188208,192824,1
function_490fc0,保留原反编译函数体,188222,192838,1
function_4910c0,已修改／替换的非空实现,188272,192896,2
function_4910e0,已修改／替换的非空实现,188279,192911,1
function_491150,已修改／替换的非空实现,188293,192985,2
function_491230,已修改／替换的非空实现,188329,192994,2
function_491260,已修改／替换的非空实现,188342,193016,1
function_4912e0,已修改／替换的非空实现,188387,193058,1
function_491340,保留原反编译函数体,188423,193080,1
function_491400,已修改／替换的非空实现,188468,193158,1
function_4914a0,已修改／替换的非空实现,188493,193267,1
function_491500,已修改／替换的非空实现,188550,193272,1
function_4915b0,已修改／替换的非空实现,188585,193277,2
function_4916a0,未找到同名入口，待核对替代,188643,,0
function_491760,已修改／替换的非空实现,188748,193325,1
function_4917b0,已修改／替换的非空实现,188785,193330,1
function_491820,已修改／替换的非空实现,188869,193335,1
function_491870,已修改／替换的非空实现,188904,193345,1
function_4918a0,已修改／替换的非空实现,188920,193359,1
function_4918b0,保留原反编译函数体,188927,193364,1
function_491910,已修改／替换的非空实现,188993,193485,2
function_4919b0,已修改／替换的非空实现,189033,193543,2
function_491a50,保留原反编译函数体,189072,193560,1
function_491bf0,保留原反编译函数体,189164,193652,1
function_491c10,保留原反编译函数体,189173,193661,1
function_491de0,保留原反编译函数体,189325,193813,1
function_491f30,保留原反编译函数体,189377,193865,1
function_491fe0,已修改／替换的非空实现,189396,193884,1
function_4920a0,已修改／替换的非空实现,189455,194020,1
function_497850,已修改／替换的非空实现,189664,194063,2
function_492370,未找到同名入口，待核对替代,189712,,0
function_492440,已修改／替换的非空实现,189761,194028,1
function_492640,已修改／替换的非空实现,189932,194093,1
function_4927b0,保留原反编译函数体,190001,194141,1
function_492a80,已修改／替换的非空实现,190155,194227,1
function_492c90,保留原反编译函数体,190271,194326,1
function_492d00,已修改／替换的非空实现,190296,194351,1
function_492dc0,已修改／替换的非空实现,190330,194366,1
function_492ed0,已修改／替换的非空实现,190383,194851,1
function_493310,已修改／替换的非空实现,190657,195112,1
function_493710,已修改／替换的非空实现,190899,195191,2
function_493a40,已修改／替换的非空实现,191129,195323,1
function_493e70,已修改／替换的非空实现,191387,195762,1
function_4940f0,保留原反编译函数体,191544,195769,1
function_494120,已修改／替换的非空实现,191557,195782,1
function_4944b0,已修改／替换的非空实现,191807,196274,1
function_494710,已修改／替换的非空实现,192064,196279,1
function_494770,已修改／替换的非空实现,192100,196292,1
function_4948a0,已修改／替换的非空实现,192168,196369,3
function_494990,已修改／替换的非空实现,192252,196542,1
function_494bf0,已修改／替换的非空实现,192418,196547,1
function_494da0,已修改／替换的非空实现,192533,196637,1
function_4950c0,已修改／替换的非空实现,192747,196657,1
function_495360,未找到同名入口，待核对替代,192990,,0
function_497680,已修改／替换的非空实现,195860,198857,1
function_497940,保留原反编译函数体,195989,198914,1
function_497990,已修改／替换的非空实现,196018,198945,2
function_497a00,已修改／替换的非空实现,196074,198964,3
function_497b10,已修改／替换的非空实现,196207,198989,2
function_497d30,保留原反编译函数体,196482,199008,1
function_497e30,已修改／替换的非空实现,196551,199079,2
function_497f10,已修改／替换的非空实现,196679,199101,2
function_497fd0,保留原反编译函数体,196780,199119,1
function_497ff0,保留原反编译函数体,196789,199128,1
function_498080,已修改／替换的非空实现,196822,199168,2
function_4980a0,已修改／替换的非空实现,196829,199188,2
function_4981e0,已修改／替换的非空实现,196961,199207,2
function_498200,已修改／替换的非空实现,196970,199224,2
function_4982f0,已修改／替换的非空实现,197033,199243,2
function_498320,已修改／替换的非空实现,197046,199262,2
function_498440,已修改／替换的非空实现,197182,199281,2
function_498580,已修改／替换的非空实现,197256,199296,1
function_498590,已修改／替换的非空实现,197262,199302,1
function_4985b0,已修改／替换的非空实现,197268,199315,1
function_4985d0,已修改／替换的非空实现,197275,199322,1
function_498690,保留原反编译函数体,197317,199340,1
function_4986b0,保留原反编译函数体,197342,199365,1
function_498730,保留原反编译函数体,197384,199407,1
function_498770,保留原反编译函数体,197400,199423,1
function_4987a0,保留原反编译函数体,197425,199499,1
function_4988e0,保留原反编译函数体,197469,199543,1
function_498b60,保留原反编译函数体,197603,199677,1
function_498c20,已修改／替换的非空实现,197676,199782,2
function_498c60,保留原反编译函数体,197691,199801,1
function_498d30,已修改／替换的非空实现,197759,200011,2
function_498da0,已修改／替换的非空实现,197855,200076,2
function_498e30,已修改／替换的非空实现,197881,200148,2
function_498e90,保留原反编译函数体,197919,200171,1
function_498f50,已修改／替换的非空实现,197996,200248,1
function_499080,已修改／替换的非空实现,198122,200299,1
function_499130,已修改／替换的非空实现,198152,200389,2
function_4992c0,已修改／替换的非空实现,198217,200403,1
function_499380,已修改／替换的非空实现,198246,200440,2
function_4993b0,已修改／替换的非空实现,198253,200497,1
function_49a000,已修改／替换的非空实现,198307,201076,1
function_499610,保留原反编译函数体,198364,200617,1
function_4996c0,已修改／替换的非空实现,198401,200655,2
function_4996f0,已修改／替换的非空实现,198414,200674,1
function_499800,已修改／替换的非空实现,198469,200702,1
function_499940,已修改／替换的非空实现,198549,200449,2
function_499970,已修改／替换的非空实现,198562,200766,2
function_499a20,已修改／替换的非空实现,198612,200802,1
function_499b00,已修改／替换的非空实现,198658,200831,1
function_499b50,已修改／替换的非空实现,198692,200843,1
function_499ca0,已修改／替换的非空实现,198738,200898,1
function_499d30,已修改／替换的非空实现,198759,200941,1
function_499df0,已修改／替换的非空实现,198790,200966,1
function_499f80,已修改／替换的非空实现,198976,201037,1
function_499fd0,保留原反编译函数体,199004,201062,1
function_49a0c0,保留原反编译函数体,199046,201104,1
function_49a140,保留原反编译函数体,199116,201174,1
function_49a170,保留原反编译函数体,199132,201190,1
function_49a1b0,已修改／替换的非空实现,199156,201214,1
function_49a220,保留原反编译函数体,199185,201268,1
function_49a280,保留原反编译函数体,199265,201365,1
function_49a2a0,保留原反编译函数体,199272,201372,1
function_49a2e0,保留原反编译函数体,199314,201414,1
function_49a360,保留原反编译函数体,199345,201445,1
function_49a3e0,保留原反编译函数体,199391,201507,1
function_49a400,保留原反编译函数体,199400,201516,1
function_49a430,保留原反编译函数体,199411,201527,1
function_49a4b0,保留原反编译函数体,199475,201591,1
function_49a520,已修改／替换的非空实现,199523,202124,1
function_49a670,保留原反编译函数体,199576,202133,1
function_49a680,保留原反编译函数体,199584,202141,1
function_49a790,保留原反编译函数体,199713,202270,1
function_49a8c0,保留原反编译函数体,199837,202394,1
function_49a8e0,已修改／替换的非空实现,199846,202403,1
function_49aa40,保留原反编译函数体,200063,202622,1
function_49aaa0,保留原反编译函数体,200090,202649,1
function_49ad60,已修改／替换的非空实现,200313,203012,1
function_49af80,已修改／替换的非空实现,200458,203313,1
function_49c350,未找到同名入口，待核对替代,201361,,0
function_49c9e0,未找到同名入口，待核对替代,201757,,0
function_49ca00,未找到同名入口，待核对替代,201768,,0
function_49cb20,未找到同名入口，待核对替代,201831,,0
function_49cb60,未找到同名入口，待核对替代,201837,,0
function_49cbb0,未找到同名入口，待核对替代,201878,,0
function_49cc80,未找到同名入口，待核对替代,201952,,0
function_49cce0,未找到同名入口，待核对替代,201962,,0
function_49cdf0,未找到同名入口，待核对替代,201982,,0
function_49ce50,未找到同名入口，待核对替代,201994,,0
function_49cf80,未找到同名入口，待核对替代,202202,,0
function_49d110,未找到同名入口，待核对替代,202298,,0
function_49d190,未找到同名入口，待核对替代,202354,,0
function_49d230,未找到同名入口，待核对替代,202391,,0
function_49d450,未找到同名入口，待核对替代,202613,,0
function_49d600,未找到同名入口，待核对替代,202680,,0
function_49d680,未找到同名入口，待核对替代,202696,,0
function_49d6c0,未找到同名入口，待核对替代,202736,,0
function_49d700,保留原反编译函数体,202776,204615,1
function_49d790,未找到同名入口，待核对替代,202806,,0
function_49d8a0,未找到同名入口，待核对替代,202844,,0
function_49d970,未找到同名入口，待核对替代,202896,,0
function_49da60,未找到同名入口，待核对替代,202928,,0
function_49ddd0,未找到同名入口，待核对替代,203253,,0
function_49e080,未找到同名入口，待核对替代,203271,,0
function_49e290,未找到同名入口，待核对替代,203376,,0
function_49e300,未找到同名入口，待核对替代,203389,,0
function_49e3f0,未找到同名入口，待核对替代,203457,,0
function_4a4b30,已修改／替换的非空实现,203820,206757,2
function_4a46d0,已修改／替换的非空实现,203858,206542,1
function_49ec10,未找到同名入口，待核对替代,203974,,0
function_49ef30,未找到同名入口，待核对替代,204249,,0
function_49f060,未找到同名入口，待核对替代,204348,,0
function_49f0e0,未找到同名入口，待核对替代,204384,,0
function_49f200,未找到同名入口，待核对替代,204464,,0
function_49f4f0,未找到同名入口，待核对替代,204601,,0
function_49f560,未找到同名入口，待核对替代,204642,,0
function_49f5d0,未找到同名入口，待核对替代,204683,,0
function_49f640,未找到同名入口，待核对替代,204724,,0
function_49f7e0,未找到同名入口，待核对替代,204833,,0
function_49f8d0,未找到同名入口，待核对替代,204881,,0
function_49fbb0,未找到同名入口，待核对替代,205087,,0
function_49fc80,未找到同名入口，待核对替代,205167,,0
function_49ffe0,未找到同名入口，待核对替代,205348,,0
function_4a0030,未找到同名入口，待核对替代,205374,,0
function_4a01f0,未找到同名入口，待核对替代,205562,,0
function_4a0410,未找到同名入口，待核对替代,205703,,0
function_4a0620,未找到同名入口，待核对替代,205841,,0
function_4a0a00,未找到同名入口，待核对替代,206172,,0
function_4a0c80,未找到同名入口，待核对替代,206388,,0
function_4a1230,未找到同名入口，待核对替代,206722,,0
function_4a15b0,已修改／替换的非空实现,206910,204646,1
function_4a16a0,已修改／替换的非空实现,206933,204677,3
function_4a1760,原版即为简单返回／空函数,206995,204684,1
function_4a1770,保留原反编译函数体,207001,204690,1
function_4a1790,保留原反编译函数体,207009,204698,1
function_4a17b0,保留原反编译函数体,207016,204705,1
function_4a17d0,保留原反编译函数体,207023,204712,1
function_4a1810,保留原反编译函数体,207035,204724,1
function_4a1850,保留原反编译函数体,207047,204736,1
function_4a1870,保留原反编译函数体,207054,204743,1
function_4a1890,保留原反编译函数体,207061,204750,1
function_4a18c0,已修改／替换的非空实现,207068,204757,1
function_4a1a00,保留原反编译函数体,207157,204800,1
function_4a1a40,已修改／替换的非空实现,207168,204942,1
function_4a1b40,保留原反编译函数体,207236,204948,1
function_4a1b90,已修改／替换的非空实现,207244,204956,1
function_4a1c10,已修改／替换的非空实现,207261,204962,1
function_4a1c60,已修改／替换的非空实现,207270,204967,1
function_4a1c70,保留原反编译函数体,207276,204972,1
function_4a1d20,已修改／替换的非空实现,207295,204991,1
function_4a1e20,已修改／替换的非空实现,207414,205043,1
function_4a1eb0,已修改／替换的非空实现,207430,205173,1
function_4a2120,已修改／替换的非空实现,207531,205178,1
function_4a2360,保留原反编译函数体,207643,205183,1
function_4a2380,保留原反编译函数体,207650,205190,1
function_4a23a0,原版即为简单返回／空函数,207657,205197,1
function_4a23c0,保留原反编译函数体,207663,205203,1
function_4a2480,保留原反编译函数体,207694,205234,1
function_4a24a0,保留原反编译函数体,207700,205240,1
function_4a24e0,原版即为简单返回／空函数,207713,205253,1
function_4a2500,保留原反编译函数体,207719,205259,1
function_4a2520,原版即为简单返回／空函数,207725,205265,1
function_4a2540,保留原反编译函数体,207731,205271,1
function_4a2580,原版即为简单返回／空函数,207740,205280,1
function_4a25a0,已修改／替换的非空实现,207746,205286,1
function_4a25c0,已修改／替换的非空实现,207752,205291,3
function_4a2670,已修改／替换的非空实现,207778,205313,1
function_4a27d0,保留原反编译函数体,207822,205379,1
function_4a2890,保留原反编译函数体,207851,205408,1
function_4a2990,保留原反编译函数体,207901,205458,1
function_4a2a90,已修改／替换的非空实现,207951,205508,1
function_4a2ac0,已修改／替换的非空实现,207958,205514,1
function_4a2af0,保留原反编译函数体,207965,205520,1
function_4a2b10,保留原反编译函数体,207971,205526,1
function_4a2c80,已修改／替换的非空实现,208025,205580,1
function_4a2df0,已修改／替换的非空实现,208115,205585,1
function_4a2fa0,已修改／替换的非空实现,208198,205590,1
function_4a3030,保留原反编译函数体,208224,205595,1
function_4a3050,保留原反编译函数体,208230,205601,1
function_4a3070,保留原反编译函数体,208236,205607,1
function_4a3090,保留原反编译函数体,208242,205613,1
function_4a30b0,保留原反编译函数体,208248,205619,1
function_4a30d0,已修改／替换的非空实现,208254,205625,1
function_4a3120,已修改／替换的非空实现,208267,205632,1
function_4a3530,已修改／替换的非空实现,208676,205685,1
function_4a35a0,保留原反编译函数体,208694,205705,1
function_4a3610,原版即为简单返回／空函数,208731,205742,1
function_4a3630,原版即为简单返回／空函数,208737,205748,1
function_4a3650,保留原反编译函数体,208743,205754,1
function_4a36d0,已修改／替换的非空实现,208769,205780,1
function_4a3840,已修改／替换的非空实现,208851,205785,1
function_4a3a50,已修改／替换的非空实现,208986,205864,1
function_4a41a0,已修改／替换的非空实现,209448,206326,1
function_4a4300,已修改／替换的非空实现,209526,206404,1
function_4a4450,已修改／替换的非空实现,209603,206482,1
function_4a4520,已修改／替换的非空实现,209645,206511,1
function_4a4540,已修改／替换的非空实现,209652,206517,1
function_4a47e0,已修改／替换的非空实现,209772,206605,1
function_4a48c0,已修改／替换的非空实现,209799,206630,1
function_4a49c0,保留原反编译函数体,209840,206658,1
function_4a49e0,保留原反编译函数体,209852,206670,1
function_4a4a40,已修改／替换的非空实现,209862,206680,1
function_4a4a80,已修改／替换的非空实现,209875,206695,1
function_4a4af0,已修改／替换的非空实现,209911,206733,1
function_4a4b00,已修改／替换的非空实现,209919,206743,1
function_4a4b80,已修改／替换的非空实现,209969,206797,1
function_4a4bc0,已修改／替换的非空实现,209996,206826,1
function_4a5030,已修改／替换的非空实现,210369,207201,1
function_4a5070,已修改／替换的非空实现,210380,207229,1
function_4a50d0,已修改／替换的非空实现,210446,207256,1
function_4a51b0,已修改／替换的非空实现,210490,207295,1
function_4a5270,已修改／替换的非空实现,210567,207322,1
function_4a5320,已修改／替换的非空实现,210598,207358,1
function_4a5390,已修改／替换的非空实现,210626,207395,1
function_4a55f0,已修改／替换的非空实现,210751,207445,1
function_4a5680,保留原反编译函数体,210781,207470,1
function_4a56d0,保留原反编译函数体,210797,207486,1
function_4a57b0,已修改／替换的非空实现,210833,207655,1
function_4a58b0,已修改／替换的非空实现,210966,207761,1
function_4a5960,保留原反编译函数体,210996,207766,1
function_4a5ba0,已修改／替换的非空实现,211157,207949,1
function_4a5c30,保留原反编译函数体,211188,207955,1
function_4a5eb0,已修改／替换的非空实现,211468,208320,1
function_4a5fa0,已修改／替换的非空实现,211518,208472,1
function_4a6200,已修改／替换的非空实现,211624,208528,1
function_4a6270,已修改／替换的非空实现,211655,208533,1
function_4a6290,已修改／替换的非空实现,211662,208543,1
function_4a62d0,保留原反编译函数体,211677,208562,1
function_4a6470,已修改／替换的非空实现,211758,208643,1
function_4a64e0,已修改／替换的非空实现,211816,208703,1
function_4a65e0,保留原反编译函数体,211849,208738,1
function_4a6650,保留原反编译函数体,211919,208808,1
function_4a6680,原版即为简单返回／空函数,211951,208840,4
function_4a66a0,保留原反编译函数体,211957,208846,1
function_4a66e0,原版即为简单返回／空函数,212005,208894,1
function_4a6700,保留原反编译函数体,212011,208900,1
function_4a6720,已修改／替换的非空实现,212023,208912,1
function_4a6730,已修改／替换的非空实现,212033,208924,1
function_4a67a0,已修改／替换的非空实现,212048,208943,1
function_4a7b10,已修改／替换的非空实现,212955,209854,1
function_4a7b70,已修改／替换的非空实现,212982,209884,1
function_4a8060,已修改／替换的非空实现,213372,210279,1
function_4a8470,已修改／替换的非空实现,213805,210723,1
function_4a8540,已修改／替换的非空实现,213882,210803,1
function_4a8c50,已修改／替换的非空实现,214329,211252,1
function_4a8c90,已修改／替换的非空实现,214348,211267,1
function_4a8cc0,已修改／替换的非空实现,214356,211280,1
function_4a8d60,未找到同名入口，待核对替代,214382,,0
function_4a8db0,已修改／替换的非空实现,214404,211324,1
function_4a8ea0,已修改／替换的非空实现,214476,211393,1
function_4a8f90,已修改／替换的非空实现,214515,211432,1
function_4a90c0,已修改／替换的非空实现,214561,211478,1
function_4a91c0,已修改／替换的非空实现,214597,211484,1
function_4a9250,已修改／替换的非空实现,214609,211496,1
function_4a92e0,已修改／替换的非空实现,214621,211509,1
function_4a9370,已修改／替换的非空实现,214633,211515,1
function_4a9490,保留原反编译函数体,214721,211603,1
function_4a9500,已修改／替换的非空实现,214745,211635,1
function_4a9540,保留原反编译函数体,214759,211653,1
function_4a9570,已修改／替换的非空实现,214771,211692,1
function_4a95c0,保留原反编译函数体,214795,211697,1
function_4a9600,保留原反编译函数体,214807,211709,1
function_4a9660,已修改／替换的非空实现,214825,211727,1
function_4a96c0,保留原反编译函数体,214838,211744,1
function_4a9730,保留原反编译函数体,214871,211759,1
function_4a97b0,已修改／替换的非空实现,214884,211772,1
function_4a9840,保留原反编译函数体,214900,211802,1
function_4a98d0,保留原反编译函数体,214915,211817,1
function_4a9950,已修改／替换的非空实现,214928,211830,1
function_4a99f0,已修改／替换的非空实现,214945,211867,1
function_4a9a40,已修改／替换的非空实现,214965,211886,1
function_4a9ac0,已修改／替换的非空实现,214983,211911,1
function_4a9b40,已修改／替换的非空实现,215001,211936,1
function_4a9bb0,保留原反编译函数体,215018,211959,1
function_4a9c10,保留原反编译函数体,215033,211974,1
function_4a9d30,保留原反编译函数体,215078,212019,1
function_4a9d50,原版即为简单返回／空函数,215085,212051,1
function_4a9d70,未找到同名入口，待核对替代,215093,,0
function_4a9dc0,保留原反编译函数体,215118,212064,1
function_4a9e30,已修改／替换的非空实现,215133,212079,1
function_4a9f60,已修改／替换的非空实现,215186,212084,1
function_4aa000,保留原反编译函数体,215211,212109,1
function_4aa110,已修改／替换的非空实现,215248,212213,1
function_4aa210,已修改／替换的非空实现,215288,212251,1
function_4aa2d0,保留原反编译函数体,215315,212259,1
function_4aa3a0,已修改／替换的非空实现,215341,212285,1
function_4aa470,保留原反编译函数体,215366,212310,1
function_4aa490,已修改／替换的非空实现,215374,212318,1
function_4aa4b0,保留原反编译函数体,215382,212330,1
function_4aa4d0,保留原反编译函数体,215390,212338,1
function_4aa4f0,保留原反编译函数体,215398,212346,1
function_4aa540,已修改／替换的非空实现,215429,184370,2
function_4aa5e0,已修改／替换的非空实现,215457,212408,1
function_4aa750,未找到同名入口，待核对替代,215525,,0
function_4aa970,保留原反编译函数体,215625,212452,1
function_4ab170,原版即为简单返回／空函数,215747,212574,2
function_4aab60,已修改／替换的非空实现,215822,212937,1
function_4aabd0,已修改／替换的非空实现,215839,212957,1
function_4aac40,保留原反编译函数体,215856,212981,1
function_4aaf30,已修改／替换的非空实现,216142,213267,1
function_4aafa0,已修改／替换的非空实现,216159,213285,1
function_4ab010,原版即为简单返回／空函数,216180,213307,1
function_4ab020,未找到同名入口，待核对替代,216186,,0
function_4ab302,保留原反编译函数体,216311,213340,1
function_4ab330,保留原反编译函数体,216318,213347,1
function_4ab3e4,保留原反编译函数体,216325,213354,1
function_4ab4a9,保留原反编译函数体,216341,213370,1
function_4ab701,原版即为简单返回／空函数,216355,213384,1
function_4ab704,保留原反编译函数体,216361,213390,1
function_4ab92d,保留原反编译函数体,216380,213409,1
function_4ab9d0,保留原反编译函数体,216435,213464,1
function_4ab9d9,保留原反编译函数体,216442,213471,1
function_4abc67,原版即为简单返回／空函数,216449,213478,1
function_4abca1,保留原反编译函数体,216457,213486,1
function_4ac8b2,保留原反编译函数体,216476,213505,1
function_4ac9e3,原版即为简单返回／空函数,216483,213512,1
function_4ac9e5,保留原反编译函数体,216489,213518,1
function_4aca13,保留原反编译函数体,216499,213528,1
function_4aca90,原版即为简单返回／空函数,216514,213543,1
function_4aca9a,原版即为简单返回／空函数,216520,213549,1
function_4ad000,保留原反编译函数体,216561,213590,1
function_4ad02e,原版即为简单返回／空函数,216577,213606,1
function_4ad16b,保留原反编译函数体,216583,213612,1
function_4ad2c0,保留原反编译函数体,216590,213619,1
function_4ad562,原版即为简单返回／空函数,216597,213626,1
function_4ad624,保留原反编译函数体,216603,213632,1
function_4ad7f2,保留原反编译函数体,216730,213759,1
function_4ad8af,保留原反编译函数体,216746,213775,1
function_4ade56,保留原反编译函数体,216795,213824,1
function_4adf39,保留原反编译函数体,216802,213831,1
function_4ae181,保留原反编译函数体,216809,213838,1
function_4ae2a4,保留原反编译函数体,216816,213845,1
function_4ae55b,保留原反编译函数体,216823,213852,1
function_4ae565,保留原反编译函数体,216830,213859,1
function_4ae567,保留原反编译函数体,216837,213866,1
function_4aecbb,保留原反编译函数体,216856,213885,1
function_4aecca,原版即为简单返回／空函数,216869,213898,1
function_4aece1,保留原反编译函数体,216875,213904,1
function_4aecf7,保留原反编译函数体,216882,213911,1
function_4aed07,保留原反编译函数体,216896,213925,1
function_4aed16,保留原反编译函数体,216910,213939,1
function_4aee9f,保留原反编译函数体,216917,213946,1
function_4aef60,原版即为简单返回／空函数,216991,214020,1
function_4aef74,保留原反编译函数体,216997,214026,1
function_4af0cd,保留原反编译函数体,217010,214039,1
function_4af0e0,保留原反编译函数体,217017,214046,2
function_4af520,保留原反编译函数体,217060,214089,1
function_4afd36,保留原反编译函数体,217155,214184,1
function_4aff32,保留原反编译函数体,217162,214191,1
function_4aff46,保留原反编译函数体,217170,214199,1
function_4b005d,原版即为简单返回／空函数,217179,214208,1
function_4b0548,原版即为简单返回／空函数,217192,214221,1
function_4b07d6,保留原反编译函数体,217212,214241,1
function_4b0978,保留原反编译函数体,217220,214249,1
function_4b0a1a,保留原反编译函数体,217234,214263,1
function_4b0b09,保留原反编译函数体,217241,214270,1
function_4b0bba,原版即为简单返回／空函数,217249,214278,1
function_4b0bc3,保留原反编译函数体,217255,214284,1
function_4b0c29,保留原反编译函数体,217299,214328,1
function_4b0c45,保留原反编译函数体,217309,214338,1
function_4b0c50,保留原反编译函数体,217318,214347,1
function_4b0eca,原版即为简单返回／空函数,217345,214374,1
function_4b15e9,原版即为简单返回／空函数,217363,214392,1
function_4b15f2,原版即为简单返回／空函数,217369,214398,1
function_4b17a8,原版即为简单返回／空函数,217375,214404,1
function_4b17b4,原版即为简单返回／空函数,217381,214410,1
function_4b26a3,原版即为简单返回／空函数,217387,214416,1
function_4b26ad,原版即为简单返回／空函数,217393,214422,1
function_4b26b4,保留原反编译函数体,217399,214428,1
function_4b26bb,保留原反编译函数体,217406,214435,1
function_4b26c2,保留原反编译函数体,217413,214442,1
function_4b26ed,保留原反编译函数体,217428,214457,1
function_4b2717,保留原反编译函数体,217437,214466,1
function_4b2756,保留原反编译函数体,217454,214483,1
function_4b2758,保留原反编译函数体,217461,214490,1
function_4b275d,保留原反编译函数体,217468,214497,1
function_4b2769,保留原反编译函数体,217475,214504,1
function_4b2773,保留原反编译函数体,217483,214512,1
function_4b28b5,保留原反编译函数体,217497,214526,1
function_4b41ca,已修改／替换的非空实现,217511,214540,1
function_4b4aa0,保留原反编译函数体,217518,214547,1
function_4b4aa9,保留原反编译函数体,217525,214554,1
function_4b4ab2,原版即为简单返回／空函数,217532,214561,1
function_4b4acb,保留原反编译函数体,217538,214567,1
function_4b4adc,保留原反编译函数体,217547,214576,1
function_4b4b0c,保留原反编译函数体,217562,214591,1
function_4b4b15,保留原反编译函数体,217569,214598,1
function_4b4b31,原版即为简单返回／空函数,217576,214605,1
function_4b4b38,保留原反编译函数体,217582,214611,1
function_4b4c0c,保留原反编译函数体,217589,214618,1
function_4b4c13,保留原反编译函数体,217598,214627,1
function_4b5d4f,原版即为简单返回／空函数,217796,214825,1
function_4b611e,原版即为简单返回／空函数,217802,214831,1
function_4b6127,保留原反编译函数体,217808,214837,1
function_4b64a2,原版即为简单返回／空函数,217815,214844,1
function_4b71fc,原版即为简单返回／空函数,217821,214850,1
function_4b7208,原版即为简单返回／空函数,217827,214856,1
function_4b7dea,原版即为简单返回／空函数,217833,214862,1
function_4b7df6,原版即为简单返回／空函数,217839,214868,1
function_4b7dff,保留原反编译函数体,217845,214874,1
function_4b7e01,保留原反编译函数体,217852,214881,1
function_4b7e27,保留原反编译函数体,217860,214889,1
function_4b8c20,保留原反编译函数体,218552,215581,1
function_4b8db1,原版即为简单返回／空函数,218561,215590,2
function_4b8c88,保留原反编译函数体,218570,215599,1
function_4b8c9a,保留原反编译函数体,218578,215607,1
function_4b8cb4,保留原反编译函数体,218587,215616,1
function_4b8cc4,保留原反编译函数体,218595,215624,1
function_4b8d20,保留原反编译函数体,218607,215636,1
function_4b8d4f,保留原反编译函数体,218623,215652,1
function_4b8d61,保留原反编译函数体,218631,215660,1
function_4b8d6e,保留原反编译函数体,218638,215667,1
function_4b8de5,保留原反编译函数体,218689,215718,1
function_4b923b,原版即为简单返回／空函数,218835,215864,1
function_4b9403,保留原反编译函数体,218841,215870,1
function_4b9589,保留原反编译函数体,218848,215877,1
function_4b9714,保留原反编译函数体,218855,215884,1
function_4b9743,原版即为简单返回／空函数,218863,215892,1
function_4b9795,保留原反编译函数体,218869,215898,1
function_4b9f6f,保留原反编译函数体,218882,215911,1
function_4ba421,原版即为简单返回／空函数,218901,215930,1
function_4ba523,原版即为简单返回／空函数,218907,215936,1
function_4ba52c,保留原反编译函数体,218913,215942,1
function_4ba5e1,原版即为简单返回／空函数,218925,215954,1
function_4badb3,保留原反编译函数体,218931,215960,1
function_4bb17c,原版即为简单返回／空函数,218938,215967,1
function_4bb266,保留原反编译函数体,218944,215973,1
function_4bb518,原版即为简单返回／空函数,218951,215980,1
function_4bb71d,保留原反编译函数体,218963,215992,1
function_4bb72c,保留原反编译函数体,218976,216005,1
function_4bb730,保留原反编译函数体,218983,216012,1
function_4bbf40,保留原反编译函数体,219241,216270,1
function_4bbf75,保留原反编译函数体,219255,216284,1
function_4bbf90,保留原反编译函数体,219263,216292,1
function_4bc177,保留原反编译函数体,219271,216300,1
function_4bcadf,保留原反编译函数体,219286,216315,1
function_4bcae6,保留原反编译函数体,219293,216322,1
function_4bcd8c,保留原反编译函数体,219300,216329,1
function_4c1f83,原版即为简单返回／空函数,219313,216342,1
function_4c205d,保留原反编译函数体,219319,216348,1
function_4c2086,原版即为简单返回／空函数,219326,216355,1
function_4c29d8,保留原反编译函数体,219332,216361,1
function_4c3cd4,保留原反编译函数体,219359,216388,1
function_4c3d09,保留原反编译函数体,219368,216397,1
function_4c3d28,保留原反编译函数体,219385,216414,1
function_4c3d2c,保留原反编译函数体,219394,216423,1
function_4c3d30,原版即为简单返回／空函数,219401,216430,1
function_4c3ee0,原版即为简单返回／空函数,219407,216436,1
function_4c427a,保留原反编译函数体,219413,216442,1
function_4c4283,保留原反编译函数体,219420,216449,1
function_4c47f4,原版即为简单返回／空函数,219427,216456,1
function_4c4a04,原版即为简单返回／空函数,219433,216462,1
function_4c4b00,原版即为简单返回／空函数,219439,216468,1
function_4c4b10,原版即为简单返回／空函数,219445,216474,1
function_4c4b20,原版即为简单返回／空函数,219451,216480,1
function_4c4b30,原版即为简单返回／空函数,219457,216486,1
function_4c4c50,保留原反编译函数体,219485,216514,1
function_4c4c80,保留原反编译函数体,219495,216524,1
function_4c4cf0,保留原反编译函数体,219513,216542,1
function_4c4d40,保留原反编译函数体,219542,216571,1
function_4c4df0,保留原反编译函数体,219602,216631,1
function_4c4e20,保留原反编译函数体,219618,216647,1
function_4c4e70,保留原反编译函数体,219636,216665,1
function_4c4e90,保留原反编译函数体,219646,216675,1
function_4c4ec0,保留原反编译函数体,219663,216692,1
function_4c4f40,保留原反编译函数体,219700,216729,1
function_4c4f60,保留原反编译函数体,219713,216742,1
function_4c50b0,保留原反编译函数体,219813,216842,1
function_4c53a0,保留原反编译函数体,220025,217054,1
function_4c53c0,保留原反编译函数体,220036,217065,1
function_4c5410,保留原反编译函数体,220055,217084,1
function_4c5430,原版即为简单返回／空函数,220063,217092,1
function_4c5450,保留原反编译函数体,220069,217098,1
function_4c5580,原版即为简单返回／空函数,220155,217184,1
function_4c55a0,保留原反编译函数体,220161,217190,1
function_4c55e0,保留原反编译函数体,220183,217212,1
function_4c56e0,保留原反编译函数体,220243,217272,1
function_4c5700,保留原反编译函数体,220255,217284,1
function_4c5730,保留原反编译函数体,220267,217296,1
function_4c5760,保留原反编译函数体,220280,217309,1
function_4c5810,保留原反编译函数体,220321,217350,1
function_4c5910,保留原反编译函数体,220398,217427,1
function_4c5930,已修改／替换的非空实现,220404,217436,1
function_4c5bc0,已修改／替换的非空实现,220721,217490,1
function_4c5c40,已修改／替换的非空实现,220739,217504,1
function_4c5c80,已修改／替换的非空实现,220745,217513,1
function_4c5cb0,保留原反编译函数体,220753,217520,1
function_4c5e30,保留原反编译函数体,220884,217651,1
function_4c60fc,保留原反编译函数体,221026,217793,1
function_4c6160,保留原反编译函数体,221081,217848,1
function_4c6190,保留原反编译函数体,221121,217888,1
function_4c61f0,保留原反编译函数体,221134,217901,1
function_4c6230,保留原反编译函数体,221144,217911,1
function_4c6280,保留原反编译函数体,221157,217924,1
function_4c6340,保留原反编译函数体,221205,217972,1
function_4c6360,保留原反编译函数体,221212,217979,1
function_4c63d0,已修改／替换的非空实现,221229,218012,1
function_4c6430,已修改／替换的非空实现,221242,218020,1
function_4c64d0,已修改／替换的非空实现,221267,218045,1
function_4c65b0,保留原反编译函数体,221328,218093,1
function_4c65f0,保留原反编译函数体,221336,218101,1
function_4c6650,保留原反编译函数体,221353,218118,1
function_4c6670,已修改／替换的非空实现,221360,218126,1
function_4c6780,保留原反编译函数体,221495,218136,1
function_4c67d0,保留原反编译函数体,221508,218149,1
function_4c67f0,保留原反编译函数体,221515,218156,1
function_4c6820,已修改／替换的非空实现,221525,218174,1
function_4c6860,已修改／替换的非空实现,221536,218182,1
function_4c68a0,已修改／替换的非空实现,221545,218191,1
function_4c68e0,已修改／替换的非空实现,221556,218205,1
function_4c6920,已修改／替换的非空实现,221567,218219,1
function_4c6960,已修改／替换的非空实现,221578,218227,1
function_4c69a0,已修改／替换的非空实现,221589,218235,1
function_4c69e0,已修改／替换的非空实现,221600,218243,1
function_4c6a20,已修改／替换的非空实现,221611,218251,1
function_4c6a60,已修改／替换的非空实现,221622,218259,1
function_4c6aa0,已修改／替换的非空实现,221633,218267,1
function_4c6af0,已修改／替换的非空实现,221646,218276,1
function_4c6b40,已修改／替换的非空实现,221659,218285,1
function_4c6b90,已修改／替换的非空实现,221668,218294,1
function_4c6be0,已修改／替换的非空实现,221677,218303,1
function_4c6c20,已修改／替换的非空实现,221688,218311,1
function_4c6d00,保留原反编译函数体,221791,218323,2
function_4c6d80,保留原反编译函数体,221825,218357,1
function_4c6df0,保留原反编译函数体,221843,218375,1
function_4c6e20,保留原反编译函数体,221853,218385,1
function_4c6e40,保留原反编译函数体,221863,218395,1
function_4c6ec0,保留原反编译函数体,221894,218426,1
function_4c6f40,保留原反编译函数体,221925,218457,1
function_4c6fe0,保留原反编译函数体,221947,218479,1
function_4c7070,保留原反编译函数体,221966,218498,1
function_4c7130,保留原反编译函数体,221996,218528,1
function_4c7150,保留原反编译函数体,222003,218535,1
function_4c7180,保留原反编译函数体,222013,218545,1
function_4c71b0,保留原反编译函数体,222022,218554,1
function_4c71f0,保留原反编译函数体,222033,218565,1
function_4c7230,保留原反编译函数体,222043,218575,1
function_4c7270,保留原反编译函数体,222054,218586,2
function_4c72b0,保留原反编译函数体,222067,218599,1
function_4c72f0,保留原反编译函数体,222079,218611,1
function_4c73a0,已修改／替换的非空实现,222104,218636,1
function_4c73d0,保留原反编译函数体,222112,218645,1
function_4c7430,保留原反编译函数体,222151,218684,1
function_4c7440,保留原反编译函数体,222160,218693,1
function_4c7450,保留原反编译函数体,222170,218703,1
function_4c7490,保留原反编译函数体,222186,218719,1
function_4c74f0,保留原反编译函数体,222222,218755,1
function_4c7540,保留原反编译函数体,222246,218779,1
function_4c7620,原版即为简单返回／空函数,222301,218834,1
function_4c7630,原版即为简单返回／空函数,222307,218840,1
function_4c7640,原版即为简单返回／空函数,222313,218846,1
function_4c7650,保留原反编译函数体,222319,218852,1
function_4c76b0,原版即为简单返回／空函数,222339,218872,1
function_4c76c0,原版即为简单返回／空函数,222345,218878,1
function_4c76d0,原版即为简单返回／空函数,222351,218884,1
function_4c76e0,保留原反编译函数体,222357,218890,1
function_4c7700,原版即为简单返回／空函数,222364,218897,1
function_4c7720,保留原反编译函数体,222370,218903,1
function_4c77c0,保留原反编译函数体,222402,218935,1
function_4c77f0,保留原反编译函数体,222414,218947,1
function_4c7880,保留原反编译函数体,222467,219000,1
function_4c78b0,保留原反编译函数体,222480,219013,1
function_4c78f0,保留原反编译函数体,222492,219025,1
function_4c7920,原版即为简单返回／空函数,222498,219031,1
function_4c7940,保留原反编译函数体,222504,219037,2
function_4c7aa0,保留原反编译函数体,222576,219109,1
function_4c7b10,保留原反编译函数体,222596,219129,1
function_4c7b80,保留原反编译函数体,222608,219141,1
function_4c7be0,保留原反编译函数体,222622,219155,1
function_4c7c20,保留原反编译函数体,222631,219164,1
function_4c7c90,已修改／替换的非空实现,222646,219179,1
function_4c7d50,保留原反编译函数体,222668,219214,1
function_4c7d70,保留原反编译函数体,222677,219223,1
function_4c7d90,保留原反编译函数体,222686,219232,1
function_4c7da0,保留原反编译函数体,222695,219241,1
function_4c7db0,保留原反编译函数体,222704,219250,1
function_4c7df0,保留原反编译函数体,222713,219259,1
function_4c7e10,保留原反编译函数体,222722,219268,1
function_4c7e20,保留原反编译函数体,222731,219277,1
function_4c7e40,保留原反编译函数体,222740,219286,1
function_4c7e90,保留原反编译函数体,222764,219310,1
function_4c7fc0,保留原反编译函数体,222847,219393,1
function_4c8030,已修改／替换的非空实现,222880,219426,1
function_4c8070,保留原反编译函数体,222924,219465,1
function_4c8110,保留原反编译函数体,222957,219498,1
function_4c8140,保留原反编译函数体,222965,219506,1
function_4c82a0,保留原反编译函数体,222997,219538,1
function_4c83f0,保留原反编译函数体,223024,219565,1
function_4c8460,保留原反编译函数体,223076,219617,1
function_4c8720,保留原反编译函数体,223258,219799,1
function_4c87b0,保留原反编译函数体,223293,219834,4
function_4c8980,保留原反编译函数体,223384,219925,2
function_4c89e0,保留原反编译函数体,223471,220012,2
function_4c8e00,保留原反编译函数体,223837,220378,1
function_4c8e60,保留原反编译函数体,223868,220409,1
function_4c8eb0,已修改／替换的非空实现,223892,220433,1
function_4c8f40,保留原反编译函数体,224013,220554,1
function_4c8f80,原版即为简单返回／空函数,224024,220565,1
function_4c8f90,保留原反编译函数体,224030,220571,1
function_4c8fd0,保留原反编译函数体,224042,220583,1
function_4c90c0,保留原反编译函数体,224087,220628,1
function_4c91b0,已修改／替换的非空实现,224120,220661,1
function_4c9400,保留原反编译函数体,224139,220680,1
function_4c94f0,保留原反编译函数体,224192,220733,1
function_4c9684,保留原反编译函数体,224218,220759,1
function_4c9780,保留原反编译函数体,224266,220807,1
function_4c9800,保留原反编译函数体,224283,220824,1
function_4c9880,保留原反编译函数体,224300,220841,1
function_4c9920,保留原反编译函数体,224323,220864,1
function_4c99c0,已修改／替换的非空实现,224346,220887,1
function_4c9ae0,已修改／替换的非空实现,224445,220972,1
function_4c9c8c,原版即为简单返回／空函数,224669,220984,1
function_4c9d80,保留原反编译函数体,224675,220990,1
function_4c9eef,保留原反编译函数体,224687,221002,1
function_4ca03f,保留原反编译函数体,224756,221071,1
function_4ca0a6,原版即为简单返回／空函数,224781,221096,1
function_4ca0ab,保留原反编译函数体,224787,221102,1
function_4ca147,原版即为简单返回／空函数,224797,221112,1
function_4ca151,原版即为简单返回／空函数,224803,221118,1
function_4ca1ef,保留原反编译函数体,224809,221124,1
function_4cb70b,保留原反编译函数体,225635,221950,1
function_4cb740,未找到同名入口，待核对替代,225642,,0
function_4cb770,未找到同名入口，待核对替代,225648,,0
function_4cb77b,未找到同名入口，待核对替代,225654,,0
function_4cb786,未找到同名入口，待核对替代,225660,,0
function_4cb7b0,未找到同名入口，待核对替代,225666,,0
function_4cb7e0,未找到同名入口，待核对替代,225672,,0
function_4cb830,原版即为简单返回／空函数,225678,221958,1
function_4cb83b,原版即为简单返回／空函数,225684,221964,1
function_4cb846,未找到同名入口，待核对替代,225690,,0
function_4cb851,未找到同名入口，待核对替代,225696,,0
function_4cb85c,未找到同名入口，待核对替代,225702,,0
function_4cb867,未找到同名入口，待核对替代,225708,,0
function_4cb872,未找到同名入口，待核对替代,225714,,0
function_4cb87d,未找到同名入口，待核对替代,225720,,0
function_4cb8b0,原版即为简单返回／空函数,225726,221971,1
function_4cb8bb,原版即为简单返回／空函数,225732,221977,1
function_4cb8c6,未找到同名入口，待核对替代,225738,,0
function_4cb8d1,未找到同名入口，待核对替代,225744,,0
function_4cb8dc,未找到同名入口，待核对替代,225750,,0
function_4cb8e7,未找到同名入口，待核对替代,225756,,0
function_4cb8f2,未找到同名入口，待核对替代,225762,,0
function_4cb8fd,未找到同名入口，待核对替代,225768,,0
function_4cb908,未找到同名入口，待核对替代,225774,,0
function_4cb930,未找到同名入口，待核对替代,225780,,0
function_4cb938,未找到同名入口，待核对替代,225786,,0
function_4cb940,未找到同名入口，待核对替代,225792,,0
function_4cb948,原版即为简单返回／空函数,225798,221984,1
function_4cb950,未找到同名入口，待核对替代,225804,,0
function_4cb958,未找到同名入口，待核对替代,225810,,0
function_4cb960,未找到同名入口，待核对替代,225816,,0
function_4cb968,未找到同名入口，待核对替代,225822,,0
function_4cb970,未找到同名入口，待核对替代,225828,,0
function_4cb978,未找到同名入口，待核对替代,225834,,0
function_4cb9a0,未找到同名入口，待核对替代,225840,,0
function_4cb9d0,原版即为简单返回／空函数,225846,221991,1
function_4cb9d8,未找到同名入口，待核对替代,225852,,0
function_4cba00,未找到同名入口，待核对替代,225858,,0
function_4cba08,未找到同名入口，待核对替代,225864,,0
function_4cba10,未找到同名入口，待核对替代,225870,,0
function_4cba40,未找到同名入口，待核对替代,225876,,0
function_4cba48,未找到同名入口，待核对替代,225882,,0
function_4cba50,未找到同名入口，待核对替代,225888,,0
function_4cba58,未找到同名入口，待核对替代,225894,,0
function_4cba60,未找到同名入口，待核对替代,225900,,0
function_4cba90,未找到同名入口，待核对替代,225906,,0
function_4cba98,未找到同名入口，待核对替代,225912,,0
function_4cbaa0,未找到同名入口，待核对替代,225918,,0
function_4cbaa8,未找到同名入口，待核对替代,225924,,0
function_4cbab0,未找到同名入口，待核对替代,225930,,0
function_4cbae0,未找到同名入口，待核对替代,225936,,0
function_4cbae8,未找到同名入口，待核对替代,225942,,0
function_4cbaf0,未找到同名入口，待核对替代,225948,,0
function_4cbaf8,未找到同名入口，待核对替代,225954,,0
function_4cbb20,未找到同名入口，待核对替代,225960,,0
function_4cbb28,未找到同名入口，待核对替代,225966,,0
function_4cbb30,未找到同名入口，待核对替代,225972,,0
function_4cbb38,未找到同名入口，待核对替代,225978,,0
function_4cbb40,未找到同名入口，待核对替代,225984,,0
function_4cbb48,未找到同名入口，待核对替代,225990,,0
function_4cbb70,未找到同名入口，待核对替代,225996,,0
function_4cbba0,未找到同名入口，待核对替代,226002,,0
function_4cbba8,未找到同名入口，待核对替代,226008,,0
function_4cbbd0,未找到同名入口，待核对替代,226014,,0
function_4cbbd8,未找到同名入口，待核对替代,226020,,0
function_4cbbe0,未找到同名入口，待核对替代,226026,,0
function_4cbbe8,未找到同名入口，待核对替代,226032,,0
function_4cbbf0,未找到同名入口，待核对替代,226038,,0
function_4cbbf8,未找到同名入口，待核对替代,226044,,0
function_4cbc20,未找到同名入口，待核对替代,226050,,0
function_4cbc28,未找到同名入口，待核对替代,226056,,0
function_4cbc50,未找到同名入口，待核对替代,226062,,0
function_4cbc58,未找到同名入口，待核对替代,226068,,0
function_4cbc60,未找到同名入口，待核对替代,226074,,0
function_4cbc90,未找到同名入口，待核对替代,226080,,0
function_4cbc98,未找到同名入口，待核对替代,226086,,0
function_4cbca3,未找到同名入口，待核对替代,226092,,0
function_4cbcae,未找到同名入口，待核对替代,226098,,0
function_4cbcb9,保留原反编译函数体,226104,221998,1
function_4cbcf0,原版即为简单返回／空函数,226112,222006,1
function_4cbd60,原版即为简单返回／空函数,226118,222012,1
function_4cbd6b,原版即为简单返回／空函数,226124,222018,1
function_4cbd76,保留原反编译函数体,226130,222024,1
function_4cbda0,原版即为简单返回／空函数,226138,222032,1
function_4cbdd0,原版即为简单返回／空函数,226144,222038,1
function_4cbddb,原版即为简单返回／空函数,226150,222044,1
function_4cbde6,原版即为简单返回／空函数,226156,222050,1
function_4cbdf1,原版即为简单返回／空函数,226162,222056,1
function_4cbdfc,原版即为简单返回／空函数,226168,222062,1
function_4cbe07,原版即为简单返回／空函数,226174,222068,1
function_4cbe12,原版即为简单返回／空函数,226180,222074,1
function_4cbe1d,保留原反编译函数体,226186,222080,1
function_4cbe50,原版即为简单返回／空函数,226194,222088,1
function_4cbe80,保留原反编译函数体,226200,222094,1
function_4cbe8b,保留原反编译函数体,226207,222101,1
function_4cbec0,未找到同名入口，待核对替代,226214,,0
function_4cbef0,未找到同名入口，待核对替代,226220,,0
function_4cbefb,未找到同名入口，待核对替代,226226,,0
function_4cbf30,未找到同名入口，待核对替代,226232,,0
function_4cbf38,未找到同名入口，待核对替代,226238,,0
function_4cbf60,未找到同名入口，待核对替代,226244,,0
function_4cbf6b,未找到同名入口，待核对替代,226250,,0
function_4cbf76,未找到同名入口，待核对替代,226256,,0
function_4cbf7e,未找到同名入口，待核对替代,226262,,0
function_4cbfb0,未找到同名入口，待核对替代,226268,,0
function_4cbfb8,未找到同名入口，待核对替代,226274,,0
function_4cbfc0,未找到同名入口，待核对替代,226280,,0
function_4cbfc8,未找到同名入口，待核对替代,226286,,0
function_4cbff0,原版即为简单返回／空函数,226292,222109,1
function_4cc040,原版即为简单返回／空函数,226298,222115,1
function_4cc048,原版即为简单返回／空函数,226304,222121,1
function_4cc070,未找到同名入口，待核对替代,226310,,0
function_4cc0a0,未找到同名入口，待核对替代,226316,,0
function_4cc0d0,未找到同名入口，待核对替代,226322,,0
function_4cc0d8,未找到同名入口，待核对替代,226328,,0
function_4cc0e0,未找到同名入口，待核对替代,226334,,0
function_4cc0e8,未找到同名入口，待核对替代,226340,,0
function_4cc0f0,未找到同名入口，待核对替代,226346,,0
function_4cc0f8,未找到同名入口，待核对替代,226352,,0
function_4cc100,未找到同名入口，待核对替代,226358,,0
function_4cc130,未找到同名入口，待核对替代,226364,,0
function_4cc138,未找到同名入口，待核对替代,226370,,0
function_4cc140,未找到同名入口，待核对替代,226376,,0
function_4cc148,未找到同名入口，待核对替代,226382,,0
function_4cc180,未找到同名入口，待核对替代,226397,,0
function_4cc1b0,未找到同名入口，待核对替代,226403,,0
function_4cc1b8,未找到同名入口，待核对替代,226409,,0
function_4cc1c0,未找到同名入口，待核对替代,226415,,0
function_4cc1f0,原版即为简单返回／空函数,226421,222128,1
function_4cc1f8,原版即为简单返回／空函数,226427,222134,1
function_4cc203,原版即为简单返回／空函数,226433,222140,1
function_4cc20e,原版即为简单返回／空函数,226439,222146,1
function_4cc240,原版即为简单返回／空函数,226445,222152,1
function_4cc248,原版即为简单返回／空函数,226451,222158,1
function_4cc253,原版即为简单返回／空函数,226457,222164,1
function_4cc25e,原版即为简单返回／空函数,226463,222170,1
function_4cc269,原版即为简单返回／空函数,226469,222176,1
function_4cc290,原版即为简单返回／空函数,226475,222182,1
function_4cc2c0,原版即为简单返回／空函数,226481,222188,1
function_4cc2c8,保留原反编译函数体,226487,222194,1
function_4cc2d3,原版即为简单返回／空函数,226494,222201,1
function_4cc300,原版即为简单返回／空函数,226500,222207,1
function_4cc330,未找到同名入口，待核对替代,226506,,0
function_4cc338,原版即为简单返回／空函数,226512,222214,1
function_4cc343,原版即为简单返回／空函数,226518,222220,1
function_4cc351,原版即为简单返回／空函数,226524,222226,1
function_4cc359,原版即为简单返回／空函数,226530,222232,1
function_4cc390,未找到同名入口，待核对替代,226536,,0
function_4cc398,原版即为简单返回／空函数,226542,222239,1
function_4cc3a3,原版即为简单返回／空函数,226548,222245,1
function_4cc3d0,原版即为简单返回／空函数,226554,222251,1
function_4cc3db,原版即为简单返回／空函数,226560,222257,1
function_4cc3e6,原版即为简单返回／空函数,226566,222263,1
function_4cc410,原版即为简单返回／空函数,226572,222269,1
function_4cc41b,保留原反编译函数体,226578,222275,1
function_4cc426,原版即为简单返回／空函数,226585,222282,1
function_4cc42e,原版即为简单返回／空函数,226591,222288,1
function_4cc439,原版即为简单返回／空函数,226597,222294,1
function_4cc444,原版即为简单返回／空函数,226603,222300,1
function_4cc44f,原版即为简单返回／空函数,226609,222306,1
function_4cc45a,原版即为简单返回／空函数,226615,222312,1
function_4cc465,原版即为简单返回／空函数,226621,222318,1
function_4cc490,原版即为简单返回／空函数,226627,222324,1
function_4cc498,原版即为简单返回／空函数,226633,222330,1
function_4cc4a3,原版即为简单返回／空函数,226639,222336,1
function_4cc4ae,原版即为简单返回／空函数,226645,222342,1
function_4cc4b9,原版即为简单返回／空函数,226651,222348,1
function_4cc4c1,原版即为简单返回／空函数,226657,222354,1
function_4cc4c9,原版即为简单返回／空函数,226663,222360,1
function_4cc4f0,未找到同名入口，待核对替代,226669,,0
function_4cc4fa,未找到同名入口，待核对替代,226675,,0
function_4cc520,未找到同名入口，待核对替代,226681,,0
function_4cc550,原版即为简单返回／空函数,226687,222367,1
function_4cc5b0,未找到同名入口，待核对替代,226693,,0
function_4cc630,未找到同名入口，待核对替代,226708,,0
function_4cc638,未找到同名入口，待核对替代,226714,,0
function_4cc640,未找到同名入口，待核对替代,226720,,0
function_4cc648,未找到同名入口，待核对替代,226726,,0
function_4cc650,未找到同名入口，待核对替代,226732,,0
function_4cc680,未找到同名入口，待核对替代,226738,,0
function_4cc68b,保留原反编译函数体,226744,222374,1
function_4cc6c0,未找到同名入口，待核对替代,226752,,0
function_4cc6c8,原版即为简单返回／空函数,226758,222383,1
function_4cc6f0,未找到同名入口，待核对替代,226764,,0
function_4cc720,保留原反编译函数体,226770,222390,1
function_4cc72b,保留原反编译函数体,226777,222397,1
function_4cc736,未找到同名入口，待核对替代,226784,,0
function_4cc73e,未找到同名入口，待核对替代,226790,,0
function_4cc746,未找到同名入口，待核对替代,226796,,0
function_4cc74e,未找到同名入口，待核对替代,226802,,0
function_4cc756,未找到同名入口，待核对替代,226808,,0
function_4cc780,未找到同名入口，待核对替代,226814,,0
function_4cc788,未找到同名入口，待核对替代,226820,,0
function_4cc790,未找到同名入口，待核对替代,226826,,0
function_4cc798,未找到同名入口，待核对替代,226832,,0
function_4cc7c0,未找到同名入口，待核对替代,226838,,0
function_4cc7c8,未找到同名入口，待核对替代,226844,,0
function_4cc7d0,未找到同名入口，待核对替代,226850,,0
function_4cc7d8,未找到同名入口，待核对替代,226856,,0
function_4cc7e0,未找到同名入口，待核对替代,226862,,0
function_4cc830,保留原反编译函数体,226868,222405,1
function_4cc838,原版即为简单返回／空函数,226875,222412,1
function_4cc840,保留原反编译函数体,226881,222418,1
function_4cc870,原版即为简单返回／空函数,226889,222426,1
function_4cc8a0,未找到同名入口，待核对替代,226895,,0
function_4cc8a8,未找到同名入口，待核对替代,226901,,0
function_4cc8d0,未找到同名入口，待核对替代,226907,,0
function_4cc8d8,未找到同名入口，待核对替代,226913,,0
function_4cc8e0,保留原反编译函数体,226919,222433,1
function_4cc910,未找到同名入口，待核对替代,226927,,0
function_4cc940,未找到同名入口，待核对替代,226933,,0
function_4cc948,未找到同名入口，待核对替代,226939,,0
function_4cc970,未找到同名入口，待核对替代,226945,,0
function_4cc978,未找到同名入口，待核对替代,226951,,0
function_4cc980,未找到同名入口，待核对替代,226957,,0
function_4cc9b0,原版即为简单返回／空函数,226963,222442,1
function_4cc9b8,未找到同名入口，待核对替代,226969,,0
function_4cc9e0,未找到同名入口，待核对替代,226975,,0
function_4cca10,未找到同名入口，待核对替代,226981,,0
function_4cca18,原版即为简单返回／空函数,226987,222449,1
function_4cca20,未找到同名入口，待核对替代,226993,,0
function_4cca28,原版即为简单返回／空函数,226999,222456,1
function_4cca30,未找到同名入口，待核对替代,227005,,0
function_4cca38,未找到同名入口，待核对替代,227011,,0
function_4cca43,未找到同名入口，待核对替代,227017,,0
function_4cca4e,未找到同名入口，待核对替代,227023,,0
function_4cca56,未找到同名入口，待核对替代,227029,,0
function_4cca61,未找到同名入口，待核对替代,227035,,0
function_4cca6c,未找到同名入口，待核对替代,227041,,0
function_4cca74,保留原反编译函数体,227047,222463,1
function_4ccaa0,未找到同名入口，待核对替代,227055,,0
function_4ccaa8,未找到同名入口，待核对替代,227061,,0
function_4ccab0,未找到同名入口，待核对替代,227067,,0
function_4ccab8,未找到同名入口，待核对替代,227073,,0
function_4ccac0,原版即为简单返回／空函数,227079,222472,1
function_4ccaf0,未找到同名入口，待核对替代,227085,,0
function_4ccaf8,原版即为简单返回／空函数,227091,222479,1
function_4ccb03,原版即为简单返回／空函数,227097,222485,1
function_4ccb0e,保留原反编译函数体,227103,222491,1
function_4ccb40,未找到同名入口，待核对替代,227111,,0
function_4ccb48,原版即为简单返回／空函数,227117,222500,1
function_4ccb53,原版即为简单返回／空函数,227123,222506,1
function_4ccb5e,保留原反编译函数体,227129,222512,1
function_4ccb90,原版即为简单返回／空函数,227137,222520,1
function_4ccb98,未找到同名入口，待核对替代,227143,,0
function_4ccba0,未找到同名入口，待核对替代,227149,,0
function_4ccba8,未找到同名入口，待核对替代,227155,,0
function_4ccbb0,未找到同名入口，待核对替代,227161,,0
function_4ccbb8,未找到同名入口，待核对替代,227167,,0
function_4ccbc0,未找到同名入口，待核对替代,227173,,0
function_4ccbc8,未找到同名入口，待核对替代,227179,,0
function_4ccbd0,未找到同名入口，待核对替代,227185,,0
function_4ccc00,原版即为简单返回／空函数,227191,222527,1
function_4ccc08,未找到同名入口，待核对替代,227197,,0
function_4ccc13,未找到同名入口，待核对替代,227203,,0
function_4ccc1e,原版即为简单返回／空函数,227209,222534,1
function_4ccc29,原版即为简单返回／空函数,227215,222540,1
function_4ccc34,未找到同名入口，待核对替代,227221,,0
function_4ccc60,原版即为简单返回／空函数,227227,222547,1
function_4ccc68,未找到同名入口，待核对替代,227233,,0
function_4ccc73,未找到同名入口，待核对替代,227239,,0
function_4ccc7e,原版即为简单返回／空函数,227245,222554,1
function_4ccc89,原版即为简单返回／空函数,227251,222560,1
function_4cccb0,原版即为简单返回／空函数,227257,222566,1
function_4cccb8,原版即为简单返回／空函数,227263,222572,1
function_4cccc3,原版即为简单返回／空函数,227269,222578,1
function_4cccce,未找到同名入口，待核对替代,227275,,0
function_4cccd9,未找到同名入口，待核对替代,227281,,0
function_4ccd00,原版即为简单返回／空函数,227287,222585,1
function_4ccd11,原版即为简单返回／空函数,227293,222591,1
function_4ccd40,原版即为简单返回／空函数,227299,222597,1
function_4ccd70,原版即为简单返回／空函数,227305,222603,1
function_4ccd78,原版即为简单返回／空函数,227311,222609,1
function_4ccd83,未找到同名入口，待核对替代,227317,,0
function_4ccdb0,原版即为简单返回／空函数,227323,222616,1
function_4ccdb8,原版即为简单返回／空函数,227329,222622,1
function_4ccde0,原版即为简单返回／空函数,227335,222628,1
function_4cce10,未找到同名入口，待核对替代,227341,,0
function_4cce40,未找到同名入口，待核对替代,227347,,0
function_4cce70,未找到同名入口，待核对替代,227353,,0
function_4ccea0,未找到同名入口，待核对替代,227359,,0
function_4ccea8,未找到同名入口，待核对替代,227365,,0
function_4cceb0,未找到同名入口，待核对替代,227371,,0
function_4cceb8,未找到同名入口，待核对替代,227377,,0
function_4ccec0,未找到同名入口，待核对替代,227383,,0
function_4ccec8,原版即为简单返回／空函数,227389,222635,1
function_4cced0,未找到同名入口，待核对替代,227395,,0
function_4cced8,未找到同名入口，待核对替代,227401,,0
function_4ccf00,原版即为简单返回／空函数,227407,222642,1
function_4ccf30,未找到同名入口，待核对替代,227413,,0
function_4ccf60,原版即为简单返回／空函数,227419,222649,1
function_4ccf68,未找到同名入口，待核对替代,227425,,0
function_4ccf90,未找到同名入口，待核对替代,227431,,0
function_4ccfc0,未找到同名入口，待核对替代,227437,,0
function_4ccff0,未找到同名入口，待核对替代,227443,,0
function_4cd009,未找到同名入口，待核对替代,227458,,0
function_4cd022,未找到同名入口，待核对替代,227473,,0
function_4cd03b,未找到同名入口，待核对替代,227488,,0
function_4cd070,原版即为简单返回／空函数,227503,222656,1
function_4cd078,未找到同名入口，待核对替代,227509,,0
function_4cd083,原版即为简单返回／空函数,227515,222663,1
function_4cd08e,原版即为简单返回／空函数,227521,222669,1
function_4cd099,原版即为简单返回／空函数,227527,222675,1
function_4cd0a4,原版即为简单返回／空函数,227533,222681,1
function_4cd0af,未找到同名入口，待核对替代,227539,,0
function_4cd0e0,原版即为简单返回／空函数,227545,222688,1
function_4cd0e8,未找到同名入口，待核对替代,227551,,0
function_4cd0f3,原版即为简单返回／空函数,227557,222695,1
function_4cd0fe,原版即为简单返回／空函数,227563,222701,1
function_4cd109,原版即为简单返回／空函数,227569,222707,1
function_4cd114,原版即为简单返回／空函数,227575,222713,1
function_4cd140,原版即为简单返回／空函数,227581,222719,1
function_4cd170,原版即为简单返回／空函数,227587,222725,1
function_4cd1a0,原版即为简单返回／空函数,227593,222731,1
function_4cd1a8,原版即为简单返回／空函数,227599,222737,1
function_4cd1b3,原版即为简单返回／空函数,227605,222743,1
function_4cd1be,未找到同名入口，待核对替代,227611,,0
function_4cd1c9,未找到同名入口，待核对替代,227617,,0
function_4cd1d4,未找到同名入口，待核对替代,227623,,0
function_4cd1df,未找到同名入口，待核对替代,227629,,0
function_4cd1ea,未找到同名入口，待核对替代,227635,,0
function_4cd1f5,原版即为简单返回／空函数,227641,222750,1
function_4cd200,原版即为简单返回／空函数,227647,222756,1
function_4cd230,未找到同名入口，待核对替代,227653,,0
function_4cd238,未找到同名入口，待核对替代,227659,,0
function_4cd240,未找到同名入口，待核对替代,227665,,0
function_4cd270,未找到同名入口，待核对替代,227671,,0
function_4cd278,原版即为简单返回／空函数,227677,222763,1
function_4cd280,原版即为简单返回／空函数,227683,222769,1
function_4cd291,未找到同名入口，待核对替代,227689,,0
function_4cd2c0,未找到同名入口，待核对替代,227695,,0
function_4cd2c8,原版即为简单返回／空函数,227701,222776,1
function_4cd2d9,未找到同名入口，待核对替代,227707,,0
function_4cd2e1,未找到同名入口，待核对替代,227713,,0
function_4cd310,未找到同名入口，待核对替代,227719,,0
function_4cd318,原版即为简单返回／空函数,227725,222783,1
function_4cd320,未找到同名入口，待核对替代,227731,,0
function_4cd350,未找到同名入口，待核对替代,227737,,0
function_4cd358,未找到同名入口，待核对替代,227743,,0
function_4cd360,未找到同名入口，待核对替代,227749,,0
function_4cd390,未找到同名入口，待核对替代,227755,,0
function_4cd398,未找到同名入口，待核对替代,227761,,0
function_4cd3a0,未找到同名入口，待核对替代,227767,,0
function_4cd3d0,原版即为简单返回／空函数,227773,222790,1
function_4cd3d8,未找到同名入口，待核对替代,227779,,0
function_4cd3e0,未找到同名入口，待核对替代,227785,,0
function_4cd410,未找到同名入口，待核对替代,227791,,0
function_4cd418,未找到同名入口，待核对替代,227797,,0
function_4cd420,未找到同名入口，待核对替代,227803,,0
function_4cd428,未找到同名入口，待核对替代,227809,,0
function_4cd430,原版即为简单返回／空函数,227815,222797,1
function_4cd441,未找到同名入口，待核对替代,227821,,0
function_4cd470,未找到同名入口，待核对替代,227827,,0
function_4cd478,未找到同名入口，待核对替代,227833,,0
function_4cd480,未找到同名入口，待核对替代,227839,,0
function_4cd4b0,未找到同名入口，待核对替代,227845,,0
function_4cd4e0,原版即为简单返回／空函数,227851,222804,1
function_4cd4f1,未找到同名入口，待核对替代,227857,,0
function_4cd520,原版即为简单返回／空函数,227863,222811,1
function_4cd528,未找到同名入口，待核对替代,227869,,0
function_4cd530,未找到同名入口，待核对替代,227875,,0
function_4cd538,未找到同名入口，待核对替代,227881,,0
function_4cd540,原版即为简单返回／空函数,227887,222818,1
function_4cd551,未找到同名入口，待核对替代,227893,,0
function_4cd55c,原版即为简单返回／空函数,227899,222825,1
function_4cd56d,未找到同名入口，待核对替代,227905,,0
function_4cd578,未找到同名入口，待核对替代,227911,,0
function_4cd580,未找到同名入口，待核对替代,227917,,0
function_4cd588,未找到同名入口，待核对替代,227923,,0
function_4cd590,未找到同名入口，待核对替代,227929,,0
function_4cd598,未找到同名入口，待核对替代,227935,,0
function_4cd5a0,未找到同名入口，待核对替代,227941,,0
function_4cd5a8,未找到同名入口，待核对替代,227947,,0
function_4cd5b0,未找到同名入口，待核对替代,227953,,0
function_4cd5b8,未找到同名入口，待核对替代,227959,,0
function_4cd5e0,未找到同名入口，待核对替代,227965,,0
function_4cd5e8,未找到同名入口，待核对替代,227971,,0
function_4cd610,原版即为简单返回／空函数,227977,222832,1
function_4cd640,未找到同名入口，待核对替代,227983,,0
function_4cd670,原版即为简单返回／空函数,227989,222839,1
function_4cd678,未找到同名入口，待核对替代,227995,,0
function_4cd6a0,原版即为简单返回／空函数,228001,222846,1
function_4cd6b1,未找到同名入口，待核对替代,228007,,0
function_4cd6b9,未找到同名入口，待核对替代,228013,,0
function_4cd6c1,未找到同名入口，待核对替代,228019,,0
function_4cd6f0,未找到同名入口，待核对替代,228025,,0
function_4cd6f8,未找到同名入口，待核对替代,228031,,0
function_4cd720,未找到同名入口，待核对替代,228037,,0
function_4cd750,未找到同名入口，待核对替代,228043,,0
function_4cd780,原版即为简单返回／空函数,228049,222853,1
function_4cd788,保留原反编译函数体,228055,222859,1
function_4cd7c0,原版即为简单返回／空函数,228063,222867,1
function_4cd7c8,保留原反编译函数体,228069,222873,1
function_4cd800,原版即为简单返回／空函数,228077,222881,1
function_4cd808,保留原反编译函数体,228083,222887,1
function_4cd840,原版即为简单返回／空函数,228091,222895,1
function_4cd85c,未找到同名入口，待核对替代,228097,,0
function_4cd880,原版即为简单返回／空函数,228103,222902,1
function_4cd888,未找到同名入口，待核对替代,228109,,0
function_4cd890,原版即为简单返回／空函数,228115,222909,1
function_4cd898,未找到同名入口，待核对替代,228121,,0
function_4cd8a0,未找到同名入口，待核对替代,228127,,0
function_4cd8d0,原版即为简单返回／空函数,228133,222916,1
function_4cd8d8,原版即为简单返回／空函数,228139,222922,1
function_4cd8e3,原版即为简单返回／空函数,228145,222928,1
function_4cd8ee,原版即为简单返回／空函数,228151,222934,1
function_4cd8f9,未找到同名入口，待核对替代,228157,,0
function_4cd920,未找到同名入口，待核对替代,228163,,0
function_4cd928,原版即为简单返回／空函数,228169,222941,1
function_4cd930,未找到同名入口，待核对替代,228175,,0
function_4cd938,原版即为简单返回／空函数,228181,222948,1
function_4cd940,未找到同名入口，待核对替代,228187,,0
function_4cd970,原版即为简单返回／空函数,228193,222955,1
function_4cd9a0,原版即为简单返回／空函数,228199,222961,1
function_4cd9a8,未找到同名入口，待核对替代,228205,,0
function_4cd9b0,原版即为简单返回／空函数,228211,222968,1
function_4cd9f0,原版即为简单返回／空函数,228217,222974,1
function_4cd9f8,原版即为简单返回／空函数,228223,222980,1
function_4cda03,原版即为简单返回／空函数,228229,222986,1
function_4cda0e,原版即为简单返回／空函数,228235,222992,1
function_4cda19,未找到同名入口，待核对替代,228241,,0
function_4cda24,未找到同名入口，待核对替代,228247,,0
function_4cda2c,原版即为简单返回／空函数,228253,222999,1
function_4cda60,未找到同名入口，待核对替代,228259,,0
function_4cda90,未找到同名入口，待核对替代,228265,,0
function_4cda98,未找到同名入口，待核对替代,228271,,0
function_4cdaa0,未找到同名入口，待核对替代,228277,,0
function_4cdad0,未找到同名入口，待核对替代,228283,,0
function_4cdb00,原版即为简单返回／空函数,228289,223006,1
function_4cdb11,未找到同名入口，待核对替代,228295,,0
function_4cdb19,未找到同名入口，待核对替代,228301,,0
function_4cdb21,未找到同名入口，待核对替代,228307,,0
function_4cdb50,原版即为简单返回／空函数,228313,223013,1
function_4cdb64,原版即为简单返回／空函数,228319,223019,1
function_4cdb75,未找到同名入口，待核对替代,228325,,0
function_4cdb7d,未找到同名入口，待核对替代,228331,,0
function_4cdb85,未找到同名入口，待核对替代,228337,,0
function_4cdb8d,未找到同名入口，待核对替代,228343,,0
function_4cdb95,未找到同名入口，待核对替代,228349,,0
function_4cdb9d,未找到同名入口，待核对替代,228355,,0
function_4cdba5,未找到同名入口，待核对替代,228361,,0
function_4cdbad,未找到同名入口，待核对替代,228367,,0
function_4cdbb5,未找到同名入口，待核对替代,228373,,0
function_4cdbbd,未找到同名入口，待核对替代,228379,,0
function_4cdbc5,未找到同名入口，待核对替代,228385,,0
function_4cdbcd,未找到同名入口，待核对替代,228391,,0
function_4cdbd5,未找到同名入口，待核对替代,228397,,0
function_4cdbdd,未找到同名入口，待核对替代,228403,,0
function_4cdbe5,未找到同名入口，待核对替代,228409,,0
function_4cdbed,未找到同名入口，待核对替代,228415,,0
function_4cdbf5,未找到同名入口，待核对替代,228421,,0
function_4cdbfd,未找到同名入口，待核对替代,228427,,0
function_4cdc05,未找到同名入口，待核对替代,228433,,0
function_4cdc0d,未找到同名入口，待核对替代,228439,,0
function_4cdc15,未找到同名入口，待核对替代,228445,,0
function_4cdc1d,未找到同名入口，待核对替代,228451,,0
function_4cdc25,未找到同名入口，待核对替代,228457,,0
function_4cdc2d,未找到同名入口，待核对替代,228463,,0
function_4cdc35,未找到同名入口，待核对替代,228469,,0
function_4cdc3d,未找到同名入口，待核对替代,228475,,0
function_4cdc45,未找到同名入口，待核对替代,228481,,0
function_4cdc4d,未找到同名入口，待核对替代,228487,,0
function_4cdc55,未找到同名入口，待核对替代,228493,,0
function_4cdc5d,未找到同名入口，待核对替代,228499,,0
function_4cdc65,未找到同名入口，待核对替代,228505,,0
function_4cdc6d,未找到同名入口，待核对替代,228511,,0
function_4cdc75,未找到同名入口，待核对替代,228517,,0
function_4cdc7d,未找到同名入口，待核对替代,228523,,0
function_4cdc85,未找到同名入口，待核对替代,228529,,0
function_4cdc8d,未找到同名入口，待核对替代,228535,,0
function_4cdc95,未找到同名入口，待核对替代,228541,,0
function_4cdc9d,未找到同名入口，待核对替代,228547,,0
function_4cdca5,未找到同名入口，待核对替代,228553,,0
function_4cdcad,未找到同名入口，待核对替代,228559,,0
function_4cdcb5,未找到同名入口，待核对替代,228565,,0
function_4cdcbd,未找到同名入口，待核对替代,228571,,0
function_4cdcc5,未找到同名入口，待核对替代,228577,,0
function_4cdccd,未找到同名入口，待核对替代,228583,,0
function_4cdcd5,未找到同名入口，待核对替代,228589,,0
function_4cdcdd,未找到同名入口，待核对替代,228595,,0
function_4cdce5,未找到同名入口，待核对替代,228601,,0
function_4cdced,未找到同名入口，待核对替代,228607,,0
function_4cdcf5,未找到同名入口，待核对替代,228613,,0
function_4cdcfd,未找到同名入口，待核对替代,228619,,0
function_4cdd05,未找到同名入口，待核对替代,228625,,0
function_4cdd0d,未找到同名入口，待核对替代,228631,,0
function_4cdd15,未找到同名入口，待核对替代,228637,,0
function_4cdd1d,原版即为简单返回／空函数,228643,223026,1
function_4cdd2e,未找到同名入口，待核对替代,228649,,0
function_4cdd36,原版即为简单返回／空函数,228655,223033,1
function_4cdd47,未找到同名入口，待核对替代,228661,,0
function_4cdd4f,未找到同名入口，待核对替代,228667,,0
function_4cdd57,未找到同名入口，待核对替代,228673,,0
function_4cdd5f,未找到同名入口，待核对替代,228679,,0
function_4cdd67,未找到同名入口，待核对替代,228685,,0
function_4cdd6f,未找到同名入口，待核对替代,228691,,0
function_4cdd77,未找到同名入口，待核对替代,228697,,0
function_4cdd7f,未找到同名入口，待核对替代,228703,,0
function_4cdd87,未找到同名入口，待核对替代,228709,,0
function_4cdd8f,未找到同名入口，待核对替代,228715,,0
function_4cdd97,未找到同名入口，待核对替代,228721,,0
function_4cddc0,未找到同名入口，待核对替代,228727,,0
function_4cddcb,原版即为简单返回／空函数,228733,223040,1
function_4cddd6,未找到同名入口，待核对替代,228739,,0
function_4cdde1,未找到同名入口，待核对替代,228745,,0
function_4cddec,未找到同名入口，待核对替代,228751,,0
function_4cddf7,未找到同名入口，待核对替代,228757,,0
function_4cde02,未找到同名入口，待核对替代,228763,,0
function_4cde0d,未找到同名入口，待核对替代,228769,,0
function_4cde18,未找到同名入口，待核对替代,228775,,0
function_4cde23,未找到同名入口，待核对替代,228781,,0
function_4cde2e,未找到同名入口，待核对替代,228787,,0
function_4cde39,未找到同名入口，待核对替代,228793,,0
function_4cde44,未找到同名入口，待核对替代,228799,,0
function_4cde52,未找到同名入口，待核对替代,228805,,0
function_4cde60,未找到同名入口，待核对替代,228811,,0
function_4cde6e,未找到同名入口，待核对替代,228817,,0
function_4cdea0,未找到同名入口，待核对替代,228823,,0
function_4cdea8,未找到同名入口，待核对替代,228829,,0
function_4cdeb0,未找到同名入口，待核对替代,228835,,0
function_4cdee0,未找到同名入口，待核对替代,228841,,0
function_4cdee8,未找到同名入口，待核对替代,228847,,0
function_4cdef0,未找到同名入口，待核对替代,228853,,0
function_4cdef8,未找到同名入口，待核对替代,228859,,0
function_4cdf00,未找到同名入口，待核对替代,228865,,0
function_4cdf30,未找到同名入口，待核对替代,228871,,0
function_4cdf3b,原版即为简单返回／空函数,228877,223047,1
function_4cdf70,未找到同名入口，待核对替代,228883,,0
function_4cdf7b,原版即为简单返回／空函数,228889,223054,1
function_4cdf86,原版即为简单返回／空函数,228895,223060,1
function_4cdf91,未找到同名入口，待核对替代,228901,,0
function_4cdfc0,未找到同名入口，待核对替代,228907,,0
function_4cdff0,未找到同名入口，待核对替代,228913,,0
function_4cdff8,未找到同名入口，待核对替代,228919,,0
function_4ce020,原版即为简单返回／空函数,228925,223067,1
function_4ce050,未找到同名入口，待核对替代,228931,,0
function_4ce058,未找到同名入口，待核对替代,228937,,0
function_4ce080,原版即为简单返回／空函数,228943,223074,1
function_4ce08b,未找到同名入口，待核对替代,228949,,0
function_4ce093,未找到同名入口，待核对替代,228955,,0
function_4ce09b,未找到同名入口，待核对替代,228961,,0
function_4ce0a3,保留原反编译函数体,228967,223081,1
function_4ce0d0,原版即为简单返回／空函数,228974,223088,1
function_4ce0db,未找到同名入口，待核对替代,228980,,0
function_4ce0e6,原版即为简单返回／空函数,228986,223095,1
function_4ce0f1,保留原反编译函数体,228992,223101,1
function_4ce120,未找到同名入口，待核对替代,229000,,0
function_4ce128,未找到同名入口，待核对替代,229006,,0
function_4ce130,未找到同名入口，待核对替代,229012,,0
function_4ce138,未找到同名入口，待核对替代,229018,,0
function_4ce160,未找到同名入口，待核对替代,229024,,0
function_4ce168,未找到同名入口，待核对替代,229030,,0
function_4ce190,未找到同名入口，待核对替代,229036,,0
function_4ce1c0,未找到同名入口，待核对替代,229042,,0
function_4ce1c8,未找到同名入口，待核对替代,229048,,0
function_4ce1d0,未找到同名入口，待核对替代,229054,,0
function_4ce200,未找到同名入口，待核对替代,229060,,0
function_4ce208,未找到同名入口，待核对替代,229066,,0
function_4ce230,未找到同名入口，待核对替代,229072,,0
function_4ce238,未找到同名入口，待核对替代,229078,,0
function_4ce240,未找到同名入口，待核对替代,229084,,0
function_4ce270,原版即为简单返回／空函数,229090,223110,1
function_4ce281,原版即为简单返回／空函数,229096,223116,1
function_4ce292,未找到同名入口，待核对替代,229102,,0
function_4ce29a,未找到同名入口，待核对替代,229108,,0
function_4ce2a2,未找到同名入口，待核对替代,229114,,0
function_4ce2aa,未找到同名入口，待核对替代,229120,,0
function_4ce2b2,未找到同名入口，待核对替代,229126,,0
function_4ce2ba,未找到同名入口，待核对替代,229132,,0
function_4ce2c2,未找到同名入口，待核对替代,229138,,0
function_4ce2ca,未找到同名入口，待核对替代,229144,,0
function_4ce2d2,未找到同名入口，待核对替代,229150,,0
function_4ce2da,未找到同名入口，待核对替代,229156,,0
function_4ce2e2,未找到同名入口，待核对替代,229162,,0
function_4ce2ea,未找到同名入口，待核对替代,229168,,0
function_4ce2f2,未找到同名入口，待核对替代,229174,,0
function_4ce2fa,未找到同名入口，待核对替代,229180,,0
function_4ce302,未找到同名入口，待核对替代,229186,,0
function_4ce30a,未找到同名入口，待核对替代,229192,,0
function_4ce312,原版即为简单返回／空函数,229198,223123,1
function_4ce323,未找到同名入口，待核对替代,229204,,0
function_4ce32b,未找到同名入口，待核对替代,229210,,0
function_4ce333,未找到同名入口，待核对替代,229216,,0
function_4ce360,原版即为简单返回／空函数,229222,223130,1
function_4ce371,原版即为简单返回／空函数,229228,223136,1
function_4ce382,未找到同名入口，待核对替代,229234,,0
function_4ce3b0,未找到同名入口，待核对替代,229240,,0
function_4ce3bb,未找到同名入口，待核对替代,229246,,0
function_4ce3f0,未找到同名入口，待核对替代,229252,,0
function_4ce3f8,未找到同名入口，待核对替代,229258,,0
function_4ce400,未找到同名入口，待核对替代,229264,,0
function_4ce430,未找到同名入口，待核对替代,229270,,0
function_4ce438,未找到同名入口，待核对替代,229276,,0
function_4ce460,未找到同名入口，待核对替代,229282,,0
function_4ce468,未找到同名入口，待核对替代,229288,,0
function_4ce490,原版即为简单返回／空函数,229294,223143,1
function_4ce4a1,未找到同名入口，待核对替代,229300,,0
function_4ce4a9,未找到同名入口，待核对替代,229306,,0
function_4ce4d0,未找到同名入口，待核对替代,229312,,0
function_4ce4d8,未找到同名入口，待核对替代,229318,,0
function_4ce4e0,未找到同名入口，待核对替代,229324,,0
function_4ce510,原版即为简单返回／空函数,229330,223150,1
function_4ce521,未找到同名入口，待核对替代,229336,,0
function_4ce550,原版即为简单返回／空函数,229342,223157,1
function_4ce580,原版即为简单返回／空函数,229348,223163,1
function_4ce58b,原版即为简单返回／空函数,229354,223169,1
function_4ce596,原版即为简单返回／空函数,229360,223175,1
function_4ce5a1,原版即为简单返回／空函数,229366,223181,1
function_4ce5ac,原版即为简单返回／空函数,229372,223187,1
function_4ce5b7,原版即为简单返回／空函数,229378,223193,1
function_4ce5c2,原版即为简单返回／空函数,229384,223199,1
function_4ce5cd,原版即为简单返回／空函数,229390,223205,1
function_4ce5d8,原版即为简单返回／空函数,229396,223211,1
function_4ce5e3,未找到同名入口，待核对替代,229402,,0
function_4ce5ee,未找到同名入口，待核对替代,229408,,0
function_4ce5fc,未找到同名入口，待核对替代,229414,,0
function_4ce60a,未找到同名入口，待核对替代,229420,,0
function_4ce618,原版即为简单返回／空函数,229426,223218,1
function_4ce626,原版即为简单返回／空函数,229432,223224,1
function_4ce634,原版即为简单返回／空函数,229438,223230,1
function_4ce642,原版即为简单返回／空函数,229444,223236,1
function_4ce650,原版即为简单返回／空函数,229450,223242,1
function_4ce65e,原版即为简单返回／空函数,229456,223248,1
function_4ce66f,未找到同名入口，待核对替代,229462,,0
function_4ce677,原版即为简单返回／空函数,229468,223255,1
function_4ce688,未找到同名入口，待核对替代,229474,,0
function_4ce6b0,未找到同名入口，待核对替代,229480,,0
function_4ce6e0,未找到同名入口，待核对替代,229486,,0
function_4ce6e8,未找到同名入口，待核对替代,229492,,0
function_4ce710,未找到同名入口，待核对替代,229498,,0
function_4ce718,未找到同名入口，待核对替代,229504,,0
function_4ce740,未找到同名入口，待核对替代,229510,,0
function_4ce770,未找到同名入口，待核对替代,229516,,0
function_4ce778,未找到同名入口，待核对替代,229522,,0
function_4ce780,原版即为简单返回／空函数,229528,223262,1
function_4ce788,未找到同名入口，待核对替代,229534,,0
function_4ce790,未找到同名入口，待核对替代,229540,,0
function_4ce798,原版即为简单返回／空函数,229546,223269,1
function_4ce7a0,未找到同名入口，待核对替代,229552,,0
function_4ce7a8,未找到同名入口，待核对替代,229558,,0
function_4ce7b0,原版即为简单返回／空函数,229564,223276,1
function_4ce7b8,未找到同名入口，待核对替代,229570,,0
function_4ce7e0,原版即为简单返回／空函数,229576,223283,1
function_4ce7eb,原版即为简单返回／空函数,229582,223289,1
function_4ce7f6,原版即为简单返回／空函数,229588,223295,1
function_4ce801,原版即为简单返回／空函数,229594,223301,1
function_4ce80c,原版即为简单返回／空函数,229600,223307,1
function_4ce817,原版即为简单返回／空函数,229606,223313,1
function_4ce822,原版即为简单返回／空函数,229612,223319,1
function_4ce82d,原版即为简单返回／空函数,229618,223325,1
function_4ce838,原版即为简单返回／空函数,229624,223331,1
function_4ce843,未找到同名入口，待核对替代,229630,,0
function_4ce84e,未找到同名入口，待核对替代,229636,,0
function_4ce85c,未找到同名入口，待核对替代,229642,,0
function_4ce86a,未找到同名入口，待核对替代,229648,,0
function_4ce878,原版即为简单返回／空函数,229654,223338,1
function_4ce886,原版即为简单返回／空函数,229660,223344,1
function_4ce894,原版即为简单返回／空函数,229666,223350,1
function_4ce8a2,原版即为简单返回／空函数,229672,223356,1
function_4ce8b0,原版即为简单返回／空函数,229678,223362,1
function_4ce8e0,未找到同名入口，待核对替代,229684,,0
function_4ce8e8,未找到同名入口，待核对替代,229690,,0
function_4ce8f0,未找到同名入口，待核对替代,229696,,0
function_4ce920,原版即为简单返回／空函数,229702,223369,1
function_4ce950,原版即为简单返回／空函数,229708,223375,1
function_4ce961,未找到同名入口，待核对替代,229714,,0
function_4ce969,未找到同名入口，待核对替代,229720,,0
function_4ce971,未找到同名入口，待核对替代,229726,,0
function_4ce979,未找到同名入口，待核对替代,229732,,0
function_4ce981,未找到同名入口，待核对替代,229738,,0
function_4ce989,未找到同名入口，待核对替代,229744,,0
function_4ce991,未找到同名入口，待核对替代,229750,,0
function_4ce999,未找到同名入口，待核对替代,229756,,0
function_4ce9a1,未找到同名入口，待核对替代,229762,,0
function_4ce9a9,未找到同名入口，待核对替代,229768,,0
function_4ce9b1,未找到同名入口，待核对替代,229774,,0
function_4ce9b9,未找到同名入口，待核对替代,229780,,0
function_4ce9c1,未找到同名入口，待核对替代,229786,,0
function_4ce9c9,未找到同名入口，待核对替代,229792,,0
function_4ce9d1,未找到同名入口，待核对替代,229798,,0
function_4ce9d9,未找到同名入口，待核对替代,229804,,0
function_4ce9e1,未找到同名入口，待核对替代,229810,,0
function_4ce9e9,未找到同名入口，待核对替代,229816,,0
function_4ce9f1,未找到同名入口，待核对替代,229822,,0
function_4ce9f9,未找到同名入口，待核对替代,229828,,0
function_4cea01,未找到同名入口，待核对替代,229834,,0
function_4cea09,未找到同名入口，待核对替代,229840,,0
function_4cea11,未找到同名入口，待核对替代,229846,,0
function_4cea19,未找到同名入口，待核对替代,229852,,0
function_4cea21,未找到同名入口，待核对替代,229858,,0
function_4cea29,未找到同名入口，待核对替代,229864,,0
function_4cea31,未找到同名入口，待核对替代,229870,,0
function_4cea39,未找到同名入口，待核对替代,229876,,0
function_4cea41,未找到同名入口，待核对替代,229882,,0
function_4cea49,未找到同名入口，待核对替代,229888,,0
function_4cea51,未找到同名入口，待核对替代,229894,,0
function_4cea59,未找到同名入口，待核对替代,229900,,0
function_4cea61,未找到同名入口，待核对替代,229906,,0
function_4cea69,未找到同名入口，待核对替代,229912,,0
function_4cea71,未找到同名入口，待核对替代,229918,,0
function_4cea79,未找到同名入口，待核对替代,229924,,0
function_4cea81,未找到同名入口，待核对替代,229930,,0
function_4cea89,未找到同名入口，待核对替代,229936,,0
function_4cea91,未找到同名入口，待核对替代,229942,,0
function_4cea99,未找到同名入口，待核对替代,229948,,0
function_4ceaa1,未找到同名入口，待核对替代,229954,,0
function_4ceaa9,未找到同名入口，待核对替代,229960,,0
function_4ceab1,未找到同名入口，待核对替代,229966,,0
function_4ceab9,未找到同名入口，待核对替代,229972,,0
function_4ceac1,未找到同名入口，待核对替代,229978,,0
function_4ceac9,未找到同名入口，待核对替代,229984,,0
function_4cead1,未找到同名入口，待核对替代,229990,,0
function_4cead9,未找到同名入口，待核对替代,229996,,0
function_4ceae1,未找到同名入口，待核对替代,230002,,0
function_4ceae9,未找到同名入口，待核对替代,230008,,0
function_4ceaf1,未找到同名入口，待核对替代,230014,,0
function_4ceaf9,未找到同名入口，待核对替代,230020,,0
function_4ceb01,未找到同名入口，待核对替代,230026,,0
function_4ceb09,未找到同名入口，待核对替代,230032,,0
function_4ceb11,未找到同名入口，待核对替代,230038,,0
function_4ceb19,未找到同名入口，待核对替代,230044,,0
function_4ceb21,未找到同名入口，待核对替代,230050,,0
function_4ceb29,未找到同名入口，待核对替代,230056,,0
function_4ceb31,未找到同名入口，待核对替代,230062,,0
function_4ceb39,未找到同名入口，待核对替代,230068,,0
function_4ceb41,未找到同名入口，待核对替代,230074,,0
function_4ceb49,未找到同名入口，待核对替代,230080,,0
function_4ceb51,未找到同名入口，待核对替代,230086,,0
function_4ceb59,未找到同名入口，待核对替代,230092,,0
function_4ceb61,未找到同名入口，待核对替代,230098,,0
function_4ceb69,未找到同名入口，待核对替代,230104,,0
function_4ceb71,未找到同名入口，待核对替代,230110,,0
function_4ceb79,未找到同名入口，待核对替代,230116,,0
function_4ceb81,未找到同名入口，待核对替代,230122,,0
function_4ceb89,未找到同名入口，待核对替代,230128,,0
function_4ceb91,未找到同名入口，待核对替代,230134,,0
function_4ceb99,未找到同名入口，待核对替代,230140,,0
function_4ceba1,未找到同名入口，待核对替代,230146,,0
function_4ceba9,未找到同名入口，待核对替代,230152,,0
function_4cebb1,未找到同名入口，待核对替代,230158,,0
function_4cebb9,未找到同名入口，待核对替代,230164,,0
function_4cebe0,保留原反编译函数体,230170,223382,1
function_4cec10,未找到同名入口，待核对替代,230177,,0
function_4cec50,未找到同名入口，待核对替代,230192,,0
function_4cec90,未找到同名入口，待核对替代,230207,,0
function_4cecd0,未找到同名入口，待核对替代,230222,,0
function_4ced10,未找到同名入口，待核对替代,230237,,0
function_4ced40,未找到同名入口，待核对替代,230243,,0
function_4ced4b,保留原反编译函数体,230249,223390,1
function_4ced80,未找到同名入口，待核对替代,230257,,0
function_4ced8b,未找到同名入口，待核对替代,230263,,0
function_4ced96,保留原反编译函数体,230269,223399,1
function_4cedc0,未找到同名入口，待核对替代,230277,,0
function_4cedc8,未找到同名入口，待核对替代,230283,,0
function_4cedd0,未找到同名入口，待核对替代,230289,,0
function_4cee00,未找到同名入口，待核对替代,230295,,0
function_4cee3e,原版即为简单返回／空函数,230301,223408,1
function_4cee61,原版即为简单返回／空函数,230307,223414,1
function_4cee69,原版即为简单返回／空函数,230313,223420,1
function_4cee90,原版即为简单返回／空函数,230319,223426,1
function_4cee98,原版即为简单返回／空函数,230325,223432,1
function_4ceea3,原版即为简单返回／空函数,230331,223438,1
function_4ceeae,原版即为简单返回／空函数,230337,223444,1
function_4ceeb9,原版即为简单返回／空函数,230343,223450,1
function_4ceee0,原版即为简单返回／空函数,230349,223456,1
function_4ceee8,保留原反编译函数体,230355,223462,1
function_4cf550,原版即为简单返回／空函数,230362,223469,1
function_4cf558,原版即为简单返回／空函数,230368,223475,1
function_4cf563,原版即为简单返回／空函数,230374,223481,1
function_4cf56e,原版即为简单返回／空函数,230380,223487,1
function_4cf579,原版即为简单返回／空函数,230386,223493,1
function_4cf5a0,原版即为简单返回／空函数,230392,223499,1
function_4cf5a8,原版即为简单返回／空函数,230398,223505,1
function_4cf5d0,原版即为简单返回／空函数,230404,223511,1
function_4cf600,原版即为简单返回／空函数,230410,223517,1
function_4cf60b,原版即为简单返回／空函数,230416,223523,1
function_4cf616,原版即为简单返回／空函数,230422,223529,1
function_4cf621,原版即为简单返回／空函数,230428,223535,1
function_4cf650,原版即为简单返回／空函数,230434,223541,1
function_4cf680,保留原反编译函数体,230440,223547,1
function_4cf6a0,原版即为简单返回／空函数,230447,223554,1
function_4cf6ab,原版即为简单返回／空函数,230453,223560,1
function_4cf6b9,原版即为简单返回／空函数,230459,223566,1
function_4cf6f0,原版即为简单返回／空函数,230465,223572,1
function_4cf720,原版即为简单返回／空函数,230471,223578,1
function_4cf750,原版即为简单返回／空函数,230477,223584,1
function_4cf758,原版即为简单返回／空函数,230483,223590,1
function_4cf790,原版即为简单返回／空函数,230489,223596,1
function_4cf7c0,原版即为简单返回／空函数,230495,223602,1
function_4cf7c8,原版即为简单返回／空函数,230501,223608,1
function_4cf7d3,原版即为简单返回／空函数,230507,223614,1
function_4cf7de,原版即为简单返回／空函数,230513,223620,1
function_4cf810,原版即为简单返回／空函数,230519,223626,1
function_4cf81b,原版即为简单返回／空函数,230525,223632,1
function_4cf826,原版即为简单返回／空函数,230531,223638,1
function_4cf831,原版即为简单返回／空函数,230537,223644,1
function_4cf83c,原版即为简单返回／空函数,230543,223650,1
function_4cf870,原版即为简单返回／空函数,230549,223656,1
function_4cf878,原版即为简单返回／空函数,230555,223662,1
function_4cf883,原版即为简单返回／空函数,230561,223668,1
function_4cf88e,原版即为简单返回／空函数,230567,223674,1
function_4cf8c0,原版即为简单返回／空函数,230573,223680,1
function_4cf8f0,原版即为简单返回／空函数,230579,223686,1
function_4cf8f8,原版即为简单返回／空函数,230585,223692,1
function_4cf903,原版即为简单返回／空函数,230591,223698,1
function_4cf90e,原版即为简单返回／空函数,230597,223704,1
function_4cf940,原版即为简单返回／空函数,230603,223710,1
function_4cf948,原版即为简单返回／空函数,230609,223716,1
function_4cf980,原版即为简单返回／空函数,230615,223722,1
function_4cf9d0,原版即为简单返回／空函数,230621,223728,1
function_4cfa20,原版即为简单返回／空函数,230627,223734,1
function_4cfa50,原版即为简单返回／空函数,230633,223740,1
function_4cfa80,保留原反编译函数体,230639,223746,1
function_4cfa8b,原版即为简单返回／空函数,230646,223753,1
function_4cfac0,原版即为简单返回／空函数,230652,223759,1
function_4cfacb,原版即为简单返回／空函数,230658,223765,1
function_4cfb00,原版即为简单返回／空函数,230664,223771,1
function_4cfb08,原版即为简单返回／空函数,230670,223777,1
function_4cfb50,原版即为简单返回／空函数,230676,223783,1
function_4cfb80,原版即为简单返回／空函数,230682,223789,1
function_4cfbf0,保留原反编译函数体,230688,223795,1
function_4cfc20,原版即为简单返回／空函数,230695,223802,1
function_4cfc50,原版即为简单返回／空函数,230701,223808,1
function_4cfc80,保留原反编译函数体,230707,223814,1
function_4cfc8b,保留原反编译函数体,230714,223821,1
function_4cfca5,原版即为简单返回／空函数,230730,223837,1
function_4cfcd0,原版即为简单返回／空函数,230736,223843,1
function_4cfd00,原版即为简单返回／空函数,230742,223849,1
function_4cfd30,原版即为简单返回／空函数,230748,223855,1
function_4cfd3b,原版即为简单返回／空函数,230754,223861,1
function_4cfd46,原版即为简单返回／空函数,230760,223867,1
function_4cfd51,原版即为简单返回／空函数,230766,223873,1
function_4cfd5c,原版即为简单返回／空函数,230772,223879,1
function_4cfd90,原版即为简单返回／空函数,230778,223885,1
function_4cfd9b,原版即为简单返回／空函数,230784,223891,1
function_4cfda6,原版即为简单返回／空函数,230790,223897,1
function_4cfdb1,原版即为简单返回／空函数,230796,223903,1
function_4cfdbc,原版即为简单返回／空函数,230802,223909,1
function_4cfdf0,原版即为简单返回／空函数,230808,223915,1
function_4cfdf8,原版即为简单返回／空函数,230814,223921,1
function_4cfe20,原版即为简单返回／空函数,230820,223927,1
function_4cfe50,原版即为简单返回／空函数,230826,223933,1
function_4cfe58,保留原反编译函数体,230832,223939,1
function_4cfe80,原版即为简单返回／空函数,230839,223946,1
function_4cfe88,原版即为简单返回／空函数,230845,223952,1
function_4cfe93,原版即为简单返回／空函数,230851,223958,1
function_4cfe9e,原版即为简单返回／空函数,230857,223964,1
function_4cfed0,原版即为简单返回／空函数,230863,223970,1
function_4cfed8,原版即为简单返回／空函数,230869,223976,1
function_4cfee3,原版即为简单返回／空函数,230875,223982,1
function_4cfeee,原版即为简单返回／空函数,230881,223988,1
function_4cff20,原版即为简单返回／空函数,230887,223994,1
function_4cff28,原版即为简单返回／空函数,230893,224000,1
function_4cff33,保留原反编译函数体,230899,224006,1
function_4cff4b,保留原反编译函数体,230907,224014,1
function_4cff63,保留原反编译函数体,230915,224022,1
function_4cff72,保留原反编译函数体,230922,224029,1
function_4cffa0,原版即为简单返回／空函数,230929,224036,1
function_4cffa8,原版即为简单返回／空函数,230935,224042,1
function_4cffb3,保留原反编译函数体,230941,224048,1
function_4cfff0,原版即为简单返回／空函数,230949,224056,1
function_4cfff8,原版即为简单返回／空函数,230955,224062,1
function_4d0003,原版即为简单返回／空函数,230961,224068,1
function_4d0030,原版即为简单返回／空函数,230967,224074,1
function_4d0038,原版即为简单返回／空函数,230973,224080,1
function_4d0043,原版即为简单返回／空函数,230979,224086,1
function_4d0070,原版即为简单返回／空函数,230985,224092,1
function_4d0078,原版即为简单返回／空函数,230991,224098,1
function_4d0083,原版即为简单返回／空函数,230997,224104,1
function_4d008e,原版即为简单返回／空函数,231003,224110,1
function_4d00e0,保留原反编译函数体,231009,224116,1
function_4d0110,原版即为简单返回／空函数,231016,224123,1
function_4d0140,保留原反编译函数体,231022,224129,1
function_4d014d,原版即为简单返回／空函数,231029,224136,1
function_4d0170,原版即为简单返回／空函数,231035,224142,1
function_4d0178,保留原反编译函数体,231041,224148,1
function_4d01a0,已修改／替换的非空实现,231048,224155,1
function_4d01a8,原版即为简单返回／空函数,231055,224162,1
function_4d01b0,原版即为简单返回／空函数,231061,224168,1
function_4d01e0,已修改／替换的非空实现,231067,224174,1
function_4d0210,原版即为简单返回／空函数,231074,224181,1
function_4d0218,原版即为简单返回／空函数,231080,224187,1
function_4d0220,原版即为简单返回／空函数,231086,224193,1
function_4d0250,保留原反编译函数体,231092,224199,1
function_4d025d,原版即为简单返回／空函数,231099,224206,1
function_4d0280,原版即为简单返回／空函数,231105,224212,1
function_4d02b0,保留原反编译函数体,231111,224218,1
function_4d02bd,原版即为简单返回／空函数,231118,224225,1
function_4d02e0,原版即为简单返回／空函数,231124,224231,1
function_4d0310,原版即为简单返回／空函数,231130,224237,1
function_4d0340,原版即为简单返回／空函数,231136,224243,1
function_4d03b0,原版即为简单返回／空函数,231142,224249,1
function_4d03b8,原版即为简单返回／空函数,231148,224255,1
function_4d03e0,保留原反编译函数体,231154,224261,1
function_4d03ea,原版即为简单返回／空函数,231161,224268,1
function_4d03f5,原版即为简单返回／空函数,231167,224274,1
function_4d0440,原版即为简单返回／空函数,231173,224280,1
function_4d0470,原版即为简单返回／空函数,231179,224286,1
function_4d04c0,原版即为简单返回／空函数,231185,224292,1
function_4d04c8,原版即为简单返回／空函数,231191,224298,1
function_4d0500,原版即为简单返回／空函数,231197,224304,1
function_4d0508,原版即为简单返回／空函数,231203,224310,1
function_4d0510,保留原反编译函数体,231209,224316,1
function_4d0540,原版即为简单返回／空函数,231217,224324,1
function_4d054b,原版即为简单返回／空函数,231223,224330,1
function_4d0556,原版即为简单返回／空函数,231229,224336,1
function_4d0564,原版即为简单返回／空函数,231235,224342,1
function_4d0572,原版即为简单返回／空函数,231241,224348,1
function_4d0580,原版即为简单返回／空函数,231247,224354,1
function_4d058d,原版即为简单返回／空函数,231253,224360,1
function_4d05c0,原版即为简单返回／空函数,231259,224366,1
function_4d05c8,原版即为简单返回／空函数,231265,224372,1
function_4d05f0,原版即为简单返回／空函数,231271,224378,1
function_4d0620,原版即为简单返回／空函数,231277,224384,1
function_4d0650,原版即为简单返回／空函数,231283,224390,1
function_4d0680,保留原反编译函数体,231289,224396,1
function_4d06b0,保留原反编译函数体,231296,224403,1
function_4d06e0,原版即为简单返回／空函数,231303,224410,1
function_4d06eb,原版即为简单返回／空函数,231309,224416,1
function_4d06f6,保留原反编译函数体,231315,224422,1
function_4d0704,保留原反编译函数体,231322,224429,1
function_4d0730,原版即为简单返回／空函数,231330,224437,1
function_4d0738,原版即为简单返回／空函数,231336,224443,1
function_4d0760,原版即为简单返回／空函数,231342,224449,1
function_4d0790,原版即为简单返回／空函数,231348,224455,1
function_4d0798,原版即为简单返回／空函数,231354,224461,1
function_4d07a3,原版即为简单返回／空函数,231360,224467,1
function_4d07ae,原版即为简单返回／空函数,231366,224473,1
function_4d07b9,原版即为简单返回／空函数,231372,224479,1
function_4d07e0,原版即为简单返回／空函数,231378,224485,1
function_4d07e8,原版即为简单返回／空函数,231384,224491,1
function_4d07f3,原版即为简单返回／空函数,231390,224497,1
function_4d0820,原版即为简单返回／空函数,231396,224503,1
function_4d0828,原版即为简单返回／空函数,231402,224509,1
function_4d0833,原版即为简单返回／空函数,231408,224515,1
function_4d083e,原版即为简单返回／空函数,231414,224521,1
function_4d0849,原版即为简单返回／空函数,231420,224527,1
function_4d0857,原版即为简单返回／空函数,231426,224533,1
function_4d0880,原版即为简单返回／空函数,231432,224539,1
function_4d0888,原版即为简单返回／空函数,231438,224545,1
function_4d0890,未找到同名入口，待核对替代,231444,,0
function_4d0898,未找到同名入口，待核对替代,231450,,0
function_4d08c0,未找到同名入口，待核对替代,231456,,0
function_4d08cb,未找到同名入口，待核对替代,231462,,0
function_4d08d6,未找到同名入口，待核对替代,231468,,0
function_4d08e1,保留原反编译函数体,231474,224552,1
function_4d0910,原版即为简单返回／空函数,231482,224560,1
function_4d0940,保留原反编译函数体,231488,224566,1
function_4d094d,原版即为简单返回／空函数,231495,224573,1
function_4d0955,原版即为简单返回／空函数,231501,224579,1
function_4d0980,原版即为简单返回／空函数,231507,224585,1
function_4d09b0,原版即为简单返回／空函数,231513,224591,1
function_4d09e0,保留原反编译函数体,231519,224597,1
function_4d09e8,原版即为简单返回／空函数,231526,224604,1
function_4d09f6,原版即为简单返回／空函数,231532,224610,1
function_4d0a04,原版即为简单返回／空函数,231538,224616,1
function_4d0a12,原版即为简单返回／空函数,231544,224622,1
function_4d0a20,原版即为简单返回／空函数,231550,224628,1
function_4d0a50,原版即为简单返回／空函数,231556,224634,1
function_4d0a80,原版即为简单返回／空函数,231562,224640,1
function_4d0a8b,原版即为简单返回／空函数,231568,224646,1
function_4d0a96,原版即为简单返回／空函数,231574,224652,1
function_4d0aa1,原版即为简单返回／空函数,231580,224658,1
function_4d0aac,保留原反编译函数体,231586,224664,1
function_4d0ab9,原版即为简单返回／空函数,231593,224671,1
function_4d0ac7,原版即为简单返回／空函数,231599,224677,1
function_4d0acf,原版即为简单返回／空函数,231605,224683,1
function_4d0b00,原版即为简单返回／空函数,231611,224689,1
function_4d0b0b,原版即为简单返回／空函数,231617,224695,1
function_4d0b16,原版即为简单返回／空函数,231623,224701,1
function_4d0b21,原版即为简单返回／空函数,231629,224707,1
function_4d0b50,原版即为简单返回／空函数,231635,224713,1
function_4d0b58,原版即为简单返回／空函数,231641,224719,1
function_4d0b63,原版即为简单返回／空函数,231647,224725,1
function_4d0b6e,原版即为简单返回／空函数,231653,224731,1
function_4d0b79,保留原反编译函数体,231659,224737,1
function_4d0b88,原版即为简单返回／空函数,231666,224744,1
function_4d0bb0,原版即为简单返回／空函数,231672,224750,1
function_4d0be0,原版即为简单返回／空函数,231678,224756,1
function_4d0be8,保留原反编译函数体,231684,224762,1
function_4d0c30,原版即为简单返回／空函数,231691,224769,1
function_4d0c60,原版即为简单返回／空函数,231697,224775,1
function_4d0c90,原版即为简单返回／空函数,231703,224781,1
function_4d0c9b,原版即为简单返回／空函数,231709,224787,1
function_4d0ca3,原版即为简单返回／空函数,231715,224793,1
function_4d0ce0,原版即为简单返回／空函数,231721,224799,1
function_4d0d30,原版即为简单返回／空函数,231727,224805,1
function_4d0d60,原版即为简单返回／空函数,231733,224811,1
function_4d0d90,原版即为简单返回／空函数,231739,224817,1
function_4d0d98,原版即为简单返回／空函数,231745,224823,1
function_4d0da0,原版即为简单返回／空函数,231751,224829,1
function_4d0dd0,原版即为简单返回／空函数,231757,224835,1
function_4d0dd8,原版即为简单返回／空函数,231763,224841,1
function_4d0de0,原版即为简单返回／空函数,231769,224847,1
function_4d0e10,原版即为简单返回／空函数,231775,224853,1
function_4d0e18,原版即为简单返回／空函数,231781,224859,1
function_4d0e50,原版即为简单返回／空函数,231787,224865,1
function_4d0e58,保留原反编译函数体,231793,224871,1
function_4d0e80,原版即为简单返回／空函数,231801,224879,1
function_4d0e88,保留原反编译函数体,231807,224885,1
function_4d0eb0,原版即为简单返回／空函数,231815,224893,1
function_4d0eb8,保留原反编译函数体,231821,224899,1
function_4d0ee0,原版即为简单返回／空函数,231829,224907,1
function_4d0f10,原版即为简单返回／空函数,231835,224913,1
function_4d0f40,原版即为简单返回／空函数,231841,224919,1
function_4d0f70,原版即为简单返回／空函数,231847,224925,1
function_4d0fa0,原版即为简单返回／空函数,231853,224931,1
function_4d0fd0,原版即为简单返回／空函数,231859,224937,1
function_4d1000,原版即为简单返回／空函数,231865,224943,1
function_4d100b,保留原反编译函数体,231871,224949,1
function_4d1040,原版即为简单返回／空函数,231879,224957,1
function_4d104b,保留原反编译函数体,231885,224963,1
function_4d1080,原版即为简单返回／空函数,231893,224971,1
function_4d108b,保留原反编译函数体,231899,224977,1
function_4d10c0,原版即为简单返回／空函数,231907,224985,1
function_4d10f0,原版即为简单返回／空函数,231913,224991,1
function_4d1120,原版即为简单返回／空函数,231919,224997,1
function_4d1150,原版即为简单返回／空函数,231925,225003,1
function_4d1158,保留原反编译函数体,231931,225009,1
function_4d1180,原版即为简单返回／空函数,231939,225017,1
function_4d1188,原版即为简单返回／空函数,231945,225023,1
function_4d11c0,原版即为简单返回／空函数,231951,225029,1
function_4d11f0,原版即为简单返回／空函数,231957,225035,1
function_4d11f8,保留原反编译函数体,231963,225041,1
function_4d1220,保留原反编译函数体,231971,225049,1
function_4d122b,保留原反编译函数体,231978,225056,1
function_4d1280,已修改／替换的非空实现,231993,225071,1
function_4d1288,原版即为简单返回／空函数,232000,225078,1
function_4d1290,原版即为简单返回／空函数,232006,225084,1
function_4d12e0,原版即为简单返回／空函数,232012,225090,1
function_4d1310,原版即为简单返回／空函数,232018,225096,1
function_4d1318,原版即为简单返回／空函数,232024,225102,1
function_4d1329,保留原反编译函数体,232030,225108,1
function_4d1333,原版即为简单返回／空函数,232037,225115,1
function_4d13a0,原版即为简单返回／空函数,232043,225121,1
function_4d13ab,原版即为简单返回／空函数,232049,225127,1
function_4d13b3,原版即为简单返回／空函数,232055,225133,1
function_4d13be,原版即为简单返回／空函数,232061,225139,1
function_4d13c9,原版即为简单返回／空函数,232067,225145,1
function_4d13f0,原版即为简单返回／空函数,232073,225151,1
function_4d13f8,原版即为简单返回／空函数,232079,225157,1
function_4d1420,原版即为简单返回／空函数,232085,225163,1
function_4d1470,原版即为简单返回／空函数,232091,225169,1
function_4d147b,原版即为简单返回／空函数,232097,225175,1
function_4d1492,保留原反编译函数体,232103,225181,1
function_4d14c0,原版即为简单返回／空函数,232111,225189,1
function_4d14cb,原版即为简单返回／空函数,232117,225195,1
function_4d14d6,原版即为简单返回／空函数,232123,225201,1
function_4d14e1,保留原反编译函数体,232129,225207,1
function_4d14f0,原版即为简单返回／空函数,232136,225214,1
function_4d1520,保留原反编译函数体,232142,225220,1
function_4d152e,原版即为简单返回／空函数,232149,225227,1
function_4d1536,原版即为简单返回／空函数,232155,225233,1
function_4d153e,原版即为简单返回／空函数,232161,225239,1
function_4d1590,保留原反编译函数体,232167,225245,1
function_4d159e,原版即为简单返回／空函数,232174,225252,1
function_4d15a6,原版即为简单返回／空函数,232180,225258,1
function_4d15ae,原版即为简单返回／空函数,232186,225264,1
function_4d15b6,原版即为简单返回／空函数,232192,225270,1
function_4d15be,原版即为简单返回／空函数,232198,225276,1
function_4d15f0,原版即为简单返回／空函数,232204,225282,1
function_4d15fb,原版即为简单返回／空函数,232210,225288,1
function_4d1609,原版即为简单返回／空函数,232216,225294,1
function_4d1617,原版即为简单返回／空函数,232222,225300,1
function_4d1640,保留原反编译函数体,232228,225306,1
function_4d164e,原版即为简单返回／空函数,232235,225313,1
function_4d1656,原版即为简单返回／空函数,232241,225319,1
function_4d165e,原版即为简单返回／空函数,232247,225325,1
function_4d1690,原版即为简单返回／空函数,232253,225331,1
function_4d169b,原版即为简单返回／空函数,232259,225337,1
function_4d16a6,原版即为简单返回／空函数,232265,225343,1
function_4d16b1,原版即为简单返回／空函数,232271,225349,1
function_4d16bf,原版即为简单返回／空函数,232277,225355,1
function_4d1710,原版即为简单返回／空函数,232283,225361,1
function_4d1740,原版即为简单返回／空函数,232289,225367,1
function_4d174b,原版即为简单返回／空函数,232295,225373,1
function_4d1756,原版即为简单返回／空函数,232301,225379,1
function_4d1764,原版即为简单返回／空函数,232307,225385,1
function_4d1772,原版即为简单返回／空函数,232313,225391,1
function_4d1780,原版即为简单返回／空函数,232319,225397,1
function_4d178d,原版即为简单返回／空函数,232325,225403,1
function_4d17c0,原版即为简单返回／空函数,232331,225409,1
function_4d17c8,原版即为简单返回／空函数,232337,225415,1
function_4d17d0,原版即为简单返回／空函数,232343,225421,1
function_4d17d8,原版即为简单返回／空函数,232349,225427,1
function_4d17e0,原版即为简单返回／空函数,232355,225433,1
function_4d1810,原版即为简单返回／空函数,232361,225439,1
function_4d1840,原版即为简单返回／空函数,232367,225445,1
function_4d1870,原版即为简单返回／空函数,232373,225451,1
function_4d1878,保留原反编译函数体,232379,225457,1
function_4d18a0,保留原反编译函数体,232387,225465,1
function_4d18d0,原版即为简单返回／空函数,232394,225472,1
function_4d1930,保留原反编译函数体,232400,225478,1
function_4d1970,原版即为简单返回／空函数,232415,225493,1
function_4d19a0,原版即为简单返回／空函数,232421,225499,1
function_4d19a8,原版即为简单返回／空函数,232427,225505,1
function_4d19e0,原版即为简单返回／空函数,232433,225511,1
function_4d19e8,已修改／替换的非空实现,232439,225517,1
function_4d19f0,保留原反编译函数体,232446,225524,1
function_4d19fb,原版即为简单返回／空函数,232453,225531,1
function_4d1a03,原版即为简单返回／空函数,232459,225537,1
function_4d1a0b,保留原反编译函数体,232465,225543,1
function_4d1a16,原版即为简单返回／空函数,232472,225550,1
function_4d1a1e,保留原反编译函数体,232478,225556,1
function_4d1a40,原版即为简单返回／空函数,232485,225563,1
function_4d1a48,已修改／替换的非空实现,232491,225569,1
function_4d1a50,保留原反编译函数体,232498,225576,1
function_4d1a5b,原版即为简单返回／空函数,232505,225583,1
function_4d1a63,原版即为简单返回／空函数,232511,225589,1
function_4d1a6b,原版即为简单返回／空函数,232517,225595,1
function_4d1a73,保留原反编译函数体,232523,225601,1
function_4d1a90,已修改／替换的非空实现,232530,225608,1
function_4d1ac0,原版即为简单返回／空函数,232537,225615,1
function_4d1af0,保留原反编译函数体,232543,225621,1
function_4d1b20,原版即为简单返回／空函数,232550,225628,1
function_4d1b50,保留原反编译函数体,232556,225634,1
function_4d1b80,保留原反编译函数体,232563,225641,1
function_4d1bb0,原版即为简单返回／空函数,232570,225648,1
function_4d1c00,保留原反编译函数体,232576,225654,1
function_4d1c30,原版即为简单返回／空函数,232583,225661,1
function_4d1c38,原版即为简单返回／空函数,232589,225667,1
function_4d1c40,原版即为简单返回／空函数,232595,225673,1
function_4d1c48,保留原反编译函数体,232601,225679,1
function_4d1c70,原版即为简单返回／空函数,232609,225687,1
function_4d1c78,原版即为简单返回／空函数,232615,225693,1
function_4d1c80,原版即为简单返回／空函数,232621,225699,1
function_4d1c88,原版即为简单返回／空函数,232627,225705,1
function_4d1c90,保留原反编译函数体,232633,225711,1
function_4d1cc0,原版即为简单返回／空函数,232641,225719,1
function_4d1d10,原版即为简单返回／空函数,232647,225725,1
function_4d1d60,原版即为简单返回／空函数,232653,225731,1
function_4d1d90,保留原反编译函数体,232659,225737,1
function_4d1dc0,原版即为简单返回／空函数,232666,225744,1
function_4d1dcb,保留原反编译函数体,232672,225750,1
function_4d1dd9,原版即为简单返回／空函数,232679,225757,1
function_4d1de1,原版即为简单返回／空函数,232685,225763,1
function_4d1e10,原版即为简单返回／空函数,232691,225769,1
function_4d1e21,原版即为简单返回／空函数,232697,225775,1
function_4d1e50,原版即为简单返回／空函数,232703,225781,1
function_4d1e58,保留原反编译函数体,232709,225787,1
function_4d1e80,原版即为简单返回／空函数,232717,225795,1
function_4d1eb0,原版即为简单返回／空函数,232723,225801,1
function_4d1eb8,原版即为简单返回／空函数,232729,225807,1
function_4d1ec0,保留原反编译函数体,232735,225813,1
function_4d1ee0,原版即为简单返回／空函数,232742,225820,1
function_4d1f10,保留原反编译函数体,232748,225826,1
function_4d1f40,保留原反编译函数体,232755,225833,1
function_4d1f4a,原版即为简单返回／空函数,232762,225840,1
function_4d1f52,保留原反编译函数体,232768,225846,1
function_4d1f5c,保留原反编译函数体,232775,225853,1
function_4d1f6a,原版即为简单返回／空函数,232782,225860,1
function_4d1f72,原版即为简单返回／空函数,232788,225866,1
function_4d1f7a,原版即为简单返回／空函数,232794,225872,1
function_4d1f82,原版即为简单返回／空函数,232800,225878,1
function_4d1f8a,原版即为简单返回／空函数,232806,225884,1
function_4d1f92,原版即为简单返回／空函数,232812,225890,1
function_4d1f9a,原版即为简单返回／空函数,232818,225896,1
function_4d1fa2,原版即为简单返回／空函数,232824,225902,1
function_4d1faa,保留原反编译函数体,232830,225908,1
function_4d1fd0,原版即为简单返回／空函数,232837,225915,1
function_4d2000,原版即为简单返回／空函数,232843,225921,1
function_4d2008,原版即为简单返回／空函数,232849,225927,1
function_4d2010,原版即为简单返回／空函数,232855,225933,1
function_4d2040,原版即为简单返回／空函数,232861,225939,1
function_4d2048,保留原反编译函数体,232867,225945,1
function_4d2052,原版即为简单返回／空函数,232874,225952,1
function_4d205a,原版即为简单返回／空函数,232880,225958,1
function_4d2080,原版即为简单返回／空函数,232886,225964,1
function_4d2088,原版即为简单返回／空函数,232892,225970,1
function_4d2090,原版即为简单返回／空函数,232898,225976,1
function_4d20c0,原版即为简单返回／空函数,232904,225982,1
function_4d20c8,原版即为简单返回／空函数,232910,225988,1
function_4d20d0,原版即为简单返回／空函数,232916,225994,1
function_4d2100,保留原反编译函数体,232922,226000,1
function_4d2130,原版即为简单返回／空函数,232929,226007,1
function_4d2138,原版即为简单返回／空函数,232935,226013,1
function_4d2140,原版即为简单返回／空函数,232941,226019,1
function_4d2148,原版即为简单返回／空函数,232947,226025,1
function_4d2150,保留原反编译函数体,232953,226031,1
function_4d2180,原版即为简单返回／空函数,232961,226039,1
function_4d21b0,保留原反编译函数体,232967,226045,1
function_4d21e0,原版即为简单返回／空函数,232974,226052,1
function_4d21e8,原版即为简单返回／空函数,232980,226058,1
function_4d2220,原版即为简单返回／空函数,232986,226064,1
function_4d2228,原版即为简单返回／空函数,232992,226070,1
function_4d2250,原版即为简单返回／空函数,232998,226076,1
function_4d2258,原版即为简单返回／空函数,233004,226082,1
function_4d2260,原版即为简单返回／空函数,233010,226088,1
function_4d2290,原版即为简单返回／空函数,233016,226094,1
function_4d2298,保留原反编译函数体,233022,226100,1
function_4d22c0,保留原反编译函数体,233030,226108,1
function_4d2300,原版即为简单返回／空函数,233045,226123,1
function_4d2330,原版即为简单返回／空函数,233051,226129,1
function_4d2338,保留原反编译函数体,233057,226135,1
function_4d2360,原版即为简单返回／空函数,233065,226143,1
function_4d2390,原版即为简单返回／空函数,233071,226149,1
function_4d23e0,原版即为简单返回／空函数,233077,226155,1
function_4d23f1,原版即为简单返回／空函数,233083,226161,1
function_4d2420,原版即为简单返回／空函数,233089,226167,1
function_4d242b,保留原反编译函数体,233095,226173,1
function_4d2460,原版即为简单返回／空函数,233103,226181,1
function_4d2468,原版即为简单返回／空函数,233109,226187,1
function_4d2473,保留原反编译函数体,233115,226193,1
function_4d2480,原版即为简单返回／空函数,233122,226200,1
function_4d24b0,原版即为简单返回／空函数,233128,226206,1
function_4d24bb,原版即为简单返回／空函数,233134,226212,1
function_4d24c3,原版即为简单返回／空函数,233140,226218,1
function_4d24ce,保留原反编译函数体,233146,226224,1
function_4d2500,保留原反编译函数体,233154,226232,1
function_4d2540,原版即为简单返回／空函数,233169,226247,1
function_4d2590,原版即为简单返回／空函数,233175,226253,1
function_4d25c0,原版即为简单返回／空函数,233181,226259,1
function_4d25f0,原版即为简单返回／空函数,233187,226265,1
function_4d25f8,原版即为简单返回／空函数,233193,226271,1
function_4d2630,原版即为简单返回／空函数,233199,226277,1
function_4d2638,保留原反编译函数体,233205,226283,1
function_4d2660,未找到同名入口，待核对替代,233212,,0
function_4d2668,保留原反编译函数体,233218,226291,1
function_4d2673,保留原反编译函数体,233225,226298,1
function_4d2680,原版即为简单返回／空函数,233232,226305,1
function_4d268b,未找到同名入口，待核对替代,233238,,0
function_4d2696,原版即为简单返回／空函数,233244,226312,1
function_4d26a1,未找到同名入口，待核对替代,233250,,0
function_4d26ac,未找到同名入口，待核对替代,233256,,0
function_4d26b7,未找到同名入口，待核对替代,233262,,0
function_4d26c2,未找到同名入口，待核对替代,233268,,0
function_4d26cd,未找到同名入口，待核对替代,233274,,0
function_4d26d8,未找到同名入口，待核对替代,233280,,0
function_4d26e3,原版即为简单返回／空函数,233286,226319,1
function_4d26ee,保留原反编译函数体,233292,226325,1
function_4d2720,原版即为简单返回／空函数,233300,226333,1
function_4d2728,原版即为简单返回／空函数,233306,226339,1
function_4d2730,原版即为简单返回／空函数,233312,226345,1
function_4d2738,原版即为简单返回／空函数,233318,226351,1
function_4d2740,原版即为简单返回／空函数,233324,226357,1
function_4d2748,原版即为简单返回／空函数,233330,226363,1
function_4d2750,原版即为简单返回／空函数,233336,226369,1
function_4d2780,原版即为简单返回／空函数,233342,226375,1
function_4d2788,原版即为简单返回／空函数,233348,226381,1
function_4d27c0,原版即为简单返回／空函数,233354,226387,1
function_4d27c8,原版即为简单返回／空函数,233360,226393,1
function_4d27d0,原版即为简单返回／空函数,233366,226399,1
function_4d27d8,原版即为简单返回／空函数,233372,226405,1
function_4d2810,原版即为简单返回／空函数,233378,226411,1
function_4d2818,保留原反编译函数体,233384,226417,1
function_4d2840,原版即为简单返回／空函数,233392,226425,1
function_4d284b,保留原反编译函数体,233398,226431,1
function_4d2859,原版即为简单返回／空函数,233405,226438,1
function_4d2890,保留原反编译函数体,233411,226444,1
function_4d289e,原版即为简单返回／空函数,233418,226451,1
function_4d28a6,原版即为简单返回／空函数,233424,226457,1
function_4d28ae,原版即为简单返回／空函数,233430,226463,1
function_4d28b6,保留原反编译函数体,233436,226469,1
function_4d28e0,原版即为简单返回／空函数,233443,226476,1
function_4d2910,原版即为简单返回／空函数,233449,226482,1
function_4d2940,保留原反编译函数体,233455,226488,1
function_4d2970,保留原反编译函数体,233462,226495,1
function_4d297e,原版即为简单返回／空函数,233469,226502,1
function_4d2986,原版即为简单返回／空函数,233475,226508,1
function_4d298e,原版即为简单返回／空函数,233481,226514,1
function_4d2996,保留原反编译函数体,233487,226520,1
function_4d29c0,原版即为简单返回／空函数,233494,226527,1
function_4d29c8,原版即为简单返回／空函数,233500,226533,1
function_4d29d0,保留原反编译函数体,233506,226539,1
function_4d2a00,保留原反编译函数体,233514,226547,1
function_4d2a0e,原版即为简单返回／空函数,233521,226554,1
function_4d2a16,原版即为简单返回／空函数,233527,226560,1
function_4d2a1e,原版即为简单返回／空函数,233533,226566,1
function_4d2a26,保留原反编译函数体,233539,226572,1
function_4d2a90,原版即为简单返回／空函数,233546,226579,1
function_4d2ac0,原版即为简单返回／空函数,233552,226585,1
function_4d2af0,保留原反编译函数体,233558,226591,1
function_4d2afe,原版即为简单返回／空函数,233565,226598,1
function_4d2b06,原版即为简单返回／空函数,233571,226604,1
function_4d2b0e,原版即为简单返回／空函数,233577,226610,1
function_4d2b40,原版即为简单返回／空函数,233583,226616,1
function_4d2b4b,原版即为简单返回／空函数,233589,226622,1
function_4d2b56,原版即为简单返回／空函数,233595,226628,1
function_4d2b61,保留原反编译函数体,233601,226634,1
function_4d2b70,原版即为简单返回／空函数,233608,226641,1
function_4d2ba0,原版即为简单返回／空函数,233614,226647,1
function_4d2bb1,原版即为简单返回／空函数,233620,226653,1
function_4d2be0,原版即为简单返回／空函数,233626,226659,1
function_4d2be8,保留原反编译函数体,233632,226665,1
function_4d2c01,保留原反编译函数体,233647,226680,1
function_4d2c1a,保留原反编译函数体,233662,226695,1
function_4d2c25,原版即为简单返回／空函数,233669,226702,1
function_4d2c2d,原版即为简单返回／空函数,233675,226708,1
function_4d2c35,保留原反编译函数体,233681,226714,1
function_4d2c60,保留原反编译函数体,233689,226722,1
function_4d2c6e,原版即为简单返回／空函数,233696,226729,1
function_4d2c76,原版即为简单返回／空函数,233702,226735,1
function_4d2c7e,原版即为简单返回／空函数,233708,226741,1
function_4d2c86,原版即为简单返回／空函数,233714,226747,1
function_4d2c8e,原版即为简单返回／空函数,233720,226753,1
function_4d2c96,保留原反编译函数体,233726,226759,1
function_4d2cc0,原版即为简单返回／空函数,233733,226766,1
function_4d2cc8,原版即为简单返回／空函数,233739,226772,1
function_4d2cd0,原版即为简单返回／空函数,233745,226778,1
function_4d2cd8,原版即为简单返回／空函数,233751,226784,1
function_4d2ce0,原版即为简单返回／空函数,233757,226790,1
function_4d2ce8,原版即为简单返回／空函数,233763,226796,1
function_4d2cf0,原版即为简单返回／空函数,233769,226802,1
function_4d2cf8,保留原反编译函数体,233775,226808,1
function_4d2d20,保留原反编译函数体,233783,226816,1
function_4d2d2b,保留原反编译函数体,233790,226823,1
function_4d2d35,保留原反编译函数体,233797,226830,1
function_4d2d3f,原版即为简单返回／空函数,233804,226837,1
function_4d2d47,原版即为简单返回／空函数,233810,226843,1
function_4d2d4f,原版即为简单返回／空函数,233816,226849,1
function_4d2d57,保留原反编译函数体,233822,226855,1
function_4d2d90,原版即为简单返回／空函数,233830,226863,1
function_4d2d9b,保留原反编译函数体,233836,226869,1
function_4d2da9,原版即为简单返回／空函数,233843,226876,1
function_4d2de0,保留原反编译函数体,233849,226882,1
function_4d2e20,原版即为简单返回／空函数,233864,226897,1
function_4d2e28,保留原反编译函数体,233870,226903,1
function_4d2e50,原版即为简单返回／空函数,233877,226910,1
function_4d2e80,原版即为简单返回／空函数,233883,226916,1
function_4d2e88,原版即为简单返回／空函数,233889,226922,1
function_4d2e90,保留原反编译函数体,233895,226928,1
function_4d2eb0,原版即为简单返回／空函数,233902,226935,1
function_4d2eb8,原版即为简单返回／空函数,233908,226941,1
function_4d2ec0,保留原反编译函数体,233914,226947,1
function_4d2ed9,原版即为简单返回／空函数,233929,226962,1
function_4d2f10,原版即为简单返回／空函数,233935,226968,1
function_4d2f18,原版即为简单返回／空函数,233941,226974,1
function_4d2f20,保留原反编译函数体,233947,226980,1
function_4d2f60,原版即为简单返回／空函数,233954,226987,1
function_4d2f90,保留原反编译函数体,233960,226993,1
function_4d2f9e,原版即为简单返回／空函数,233967,227000,1
function_4d2fa6,原版即为简单返回／空函数,233973,227006,1
function_4d2fae,原版即为简单返回／空函数,233979,227012,1
function_4d2fe0,保留原反编译函数体,233985,227018,1
function_4d2feb,原版即为简单返回／空函数,233992,227025,1
function_4d3020,原版即为简单返回／空函数,233998,227031,1
function_4d3028,原版即为简单返回／空函数,234004,227037,1
function_4d3030,原版即为简单返回／空函数,234010,227043,1
function_4d3038,原版即为简单返回／空函数,234016,227049,1
function_4d3040,原版即为简单返回／空函数,234022,227055,1
function_4d3048,原版即为简单返回／空函数,234028,227061,1
function_4d3050,原版即为简单返回／空函数,234034,227067,1
function_4d3058,原版即为简单返回／空函数,234040,227073,1
function_4d3060,保留原反编译函数体,234046,227079,1
function_4d3090,原版即为简单返回／空函数,234054,227087,1
function_4d3098,原版即为简单返回／空函数,234060,227093,1
function_4d30d0,原版即为简单返回／空函数,234066,227099,1
function_4d30d8,原版即为简单返回／空函数,234072,227105,1
function_4d30e0,原版即为简单返回／空函数,234078,227111,1
function_4d30e8,原版即为简单返回／空函数,234084,227117,1
function_4d3120,已修改／替换的非空实现,234090,227123,1
function_4d3128,原版即为简单返回／空函数,234097,227130,1
function_4d3130,保留原反编译函数体,234103,227136,1
function_4d3150,保留原反编译函数体,234110,227143,1
function_4d315e,原版即为简单返回／空函数,234117,227150,1
function_4d3166,原版即为简单返回／空函数,234123,227156,1
function_4d316e,原版即为简单返回／空函数,234129,227162,1
function_4d31a0,原版即为简单返回／空函数,234135,227168,1
function_4d31a8,保留原反编译函数体,234141,227174,1
function_4d31ca,保留原反编译函数体,234156,227189,1
function_4d31e9,原版即为简单返回／空函数,234171,227204,1
function_4d31f1,原版即为简单返回／空函数,234177,227210,1
function_4d31f9,原版即为简单返回／空函数,234183,227216,1
function_4d3204,原版即为简单返回／空函数,234189,227222,1
function_4d320c,原版即为简单返回／空函数,234195,227228,1
function_4d3217,原版即为简单返回／空函数,234201,227234,1
function_4d321f,原版即为简单返回／空函数,234207,227240,1
function_4d322a,保留原反编译函数体,234213,227246,1
function_4d3260,原版即为简单返回／空函数,234221,227254,1
function_4d3268,保留原反编译函数体,234227,227260,1
function_4d32b0,原版即为简单返回／空函数,234235,227268,1
function_4d32e0,原版即为简单返回／空函数,234241,227274,1
function_4d32e8,保留原反编译函数体,234247,227280,1
function_4d3320,原版即为简单返回／空函数,234255,227288,1
function_4d3328,保留原反编译函数体,234261,227294,1
function_4d3350,原版即为简单返回／空函数,234269,227302,1
function_4d3380,原版即为简单返回／空函数,234275,227308,1
function_4d33b0,原版即为简单返回／空函数,234281,227314,1
function_4d33b8,保留原反编译函数体,234287,227320,1
function_4d33d1,保留原反编译函数体,234302,227335,1
function_4d3410,原版即为简单返回／空函数,234317,227350,1
function_4d3418,原版即为简单返回／空函数,234323,227356,1
function_4d3420,原版即为简单返回／空函数,234329,227362,1
function_4d3428,原版即为简单返回／空函数,234335,227368,1
function_4d3430,保留原反编译函数体,234341,227374,1
function_4d3450,原版即为简单返回／空函数,234348,227381,1
function_4d3458,原版即为简单返回／空函数,234354,227387,1
function_4d3460,原版即为简单返回／空函数,234360,227393,1
function_4d3468,原版即为简单返回／空函数,234366,227399,1
function_4d3470,原版即为简单返回／空函数,234372,227405,1
function_4d3478,原版即为简单返回／空函数,234378,227411,1
function_4d3480,保留原反编译函数体,234384,227417,1
function_4d34b0,原版即为简单返回／空函数,234391,227424,1
function_4d34e0,原版即为简单返回／空函数,234397,227430,1
function_4d34e8,保留原反编译函数体,234403,227436,1
function_4d3510,原版即为简单返回／空函数,234410,227443,1
function_4d3540,原版即为简单返回／空函数,234416,227449,1
function_4d3570,原版即为简单返回／空函数,234422,227455,1
function_4d35a0,原版即为简单返回／空函数,234428,227461,1
function_4d35c0,原版即为简单返回／空函数,234434,227467,1
function_4d35e0,原版即为简单返回／空函数,234440,227473,1
function_4d3600,原版即为简单返回／空函数,234446,227479,1
function_4d3620,原版即为简单返回／空函数,234452,227485,1
function_4d3640,原版即为简单返回／空函数,234458,227491,1
function_4d3660,原版即为简单返回／空函数,234464,227497,1
function_4d3680,原版即为简单返回／空函数,234470,227503,1
function_4d36a0,原版即为简单返回／空函数,234476,227509,1
function_4d36c0,原版即为简单返回／空函数,234482,227515,1
function_4d36e0,原版即为简单返回／空函数,234488,227521,1
function_4d3700,原版即为简单返回／空函数,234494,227527,1
function_4d3720,保留原反编译函数体,234500,227533,1
function_4d3740,保留原反编译函数体,234507,227540,1
function_4d3780,原版即为简单返回／空函数,234514,227547,1
function_4d3790,保留原反编译函数体,234520,227553,1
function_4d37b0,保留原反编译函数体,234527,227560,1
function_4d37d0,保留原反编译函数体,234536,227569,1
function_4d37f0,保留原反编译函数体,234543,227576,1
function_4d3820,原版即为简单返回／空函数,234550,227583,1
function_4d3830,保留原反编译函数体,234556,227589,1
function_4d3850,保留原反编译函数体,234563,227596,1
function_4d3870,保留原反编译函数体,234570,227603,1
function_4d3890,原版即为简单返回／空函数,234577,227610,1
function_4d38a0,原版即为简单返回／空函数,234583,227616,1
function_4d38b0,保留原反编译函数体,234589,227622,1
function_4d38d0,原版即为简单返回／空函数,234596,227629,1
function_4d38e0,保留原反编译函数体,234602,227635,1
function_4d3900,保留原反编译函数体,234611,227644,1
function_4d39a0,保留原反编译函数体,234643,227676,1
function_4d39c0,保留原反编译函数体,234650,227683,1
function_4d39e0,保留原反编译函数体,234657,227690,1
function_4d3a40,保留原反编译函数体,234664,227697,1
function_4d3a60,保留原反编译函数体,234671,227704,1
function_4d3a80,保留原反编译函数体,234678,227711,1
function_4d3aa0,保留原反编译函数体,234685,227718,1
function_4d3ac0,保留原反编译函数体,234692,227725,1
function_4d3ae0,保留原反编译函数体,234699,227732,1
function_4d3b00,保留原反编译函数体,234706,227739,1
function_4d3b20,保留原反编译函数体,234713,227746,1
function_4d3b40,保留原反编译函数体,234720,227753,1
function_4d3b60,保留原反编译函数体,234727,227760,1
function_4d3bc0,保留原反编译函数体,234738,227771,1
function_4d3c20,保留原反编译函数体,234749,227782,1
function_4d3ce0,保留原反编译函数体,234763,227796,1
function_4d3dc0,未找到同名入口，待核对替代,234785,,0
function_4d3e40,原版即为简单返回／空函数,234798,227819,1
function_4d3e50,已修改／替换的非空实现,234806,227825,1
function_4d3f50,保留原反编译函数体,234837,227833,1
function_4d3fe0,原版即为简单返回／空函数,234868,227864,1
function_4d3ff0,原版即为简单返回／空函数,234874,227870,1
function_4d4000,原版即为简单返回／空函数,234880,227876,1
function_4d4010,原版即为简单返回／空函数,234886,227882,1
function_4d4040,原版即为简单返回／空函数,234892,227888,1
function_4d404c,原版即为简单返回／空函数,234898,227894,1
function_4d4058,原版即为简单返回／空函数,234904,227900,1
function_4d4064,原版即为简单返回／空函数,234910,227906,1
function_4d4070,原版即为简单返回／空函数,234916,227912,1
function_4d407c,原版即为简单返回／空函数,234922,227918,1
function_4d40b4,原版即为简单返回／空函数,234928,227924,1
function_4d40c0,保留原反编译函数体,234934,227930,1
function_4d40d0,原版即为简单返回／空函数,234941,227937,1
function_4d40f0,原版即为简单返回／空函数,234954,227944,1
function_4d4100,原版即为简单返回／空函数,234960,227950,1
function_4d4110,保留原反编译函数体,234966,227956,1
function_4d4120,原版即为简单返回／空函数,234973,227963,1
function_4d4130,保留原反编译函数体,234979,227969,1
function_4d4140,原版即为简单返回／空函数,234986,227976,1
function_4d4150,保留原反编译函数体,234992,227982,1
function_4d4160,保留原反编译函数体,234999,227989,1
function_4d4180,原版即为简单返回／空函数,235011,228001,1
function_4d4190,保留原反编译函数体,235017,228007,1
function_4d41a0,保留原反编译函数体,235024,228014,1
function_4d41b0,保留原反编译函数体,235031,228021,1
function_4d4210,保留原反编译函数体,235042,228032,1
function_4d4220,保留原反编译函数体,235049,228039,1
function_4d4280,保留原反编译函数体,235060,228050,1
function_4d4290,保留原反编译函数体,235067,228057,1
function_4d42f0,保留原反编译函数体,235076,228066,1
function_4d4300,原版即为简单返回／空函数,235083,228073,1
function_4d4310,保留原反编译函数体,235089,228079,1
function_4d4380,保留原反编译函数体,235124,228114,1
function_4d4390,保留原反编译函数体,235131,228121,1
function_4d43f0,保留原反编译函数体,235142,228132,1
function_4d4400,保留原反编译函数体,235149,228139,1
function_4d4460,保留原反编译函数体,235158,228148,1
function_4d4470,保留原反编译函数体,235165,228155,1
function_4d44d0,保留原反编译函数体,235176,228166,1
function_4d44e0,保留原反编译函数体,235183,228173,1
function_4d4540,保留原反编译函数体,235194,228184,1
function_4d4550,保留原反编译函数体,235201,228191,1
function_4d45b0,保留原反编译函数体,235212,228202,1
function_4d45c0,保留原反编译函数体,235219,228209,1
function_4d4620,保留原反编译函数体,235230,228220,1
function_4d4630,保留原反编译函数体,235237,228227,1
function_4d4690,保留原反编译函数体,235248,228238,1
function_4d46a0,保留原反编译函数体,235255,228245,1
function_4d4700,保留原反编译函数体,235264,228254,1
function_4d4760,保留原反编译函数体,235275,228265,1
function_4d4790,原版即为简单返回／空函数,235293,228283,1
function_4d47a0,原版即为简单返回／空函数,235299,228289,1
function_4d47b0,原版即为简单返回／空函数,235305,228295,1
function_4d47f0,保留原反编译函数体,235332,228302,1
function_4d4860,已修改／替换的非空实现,235379,228343,1
function_4d48c0,未找到同名入口，待核对替代,235389,,0
function_4d4930,保留原反编译函数体,235400,228348,1
function_4d4990,原版即为简单返回／空函数,235440,228388,1
function_4d49d0,保留原反编译函数体,235467,228402,1
function_4d4a30,保留原反编译函数体,235479,228414,1
function_4d4a60,保留原反编译函数体,235498,228433,1
function_4d4a90,保留原反编译函数体,235517,228452,1
function_4d4ac0,保留原反编译函数体,235536,228471,1
function_4d4af0,保留原反编译函数体,235555,228490,1
function_4d4b30,已修改／替换的非空实现,235581,228510,1
function_4d4b90,保留原反编译函数体,235614,228543,1
function_4d4b9b,保留原反编译函数体,235622,228551,1
function_4d4ba6,保留原反编译函数体,235630,228559,1
function_4d4bb1,原版即为简单返回／空函数,235638,228567,1
function_4d4bbb,原版即为简单返回／空函数,235644,228573,1
function_4d4bd9,原版即为简单返回／空函数,235664,228593,1
function_c000000,保留原反编译函数体,235670,228599,1
function_c47acb9,保留原反编译函数体,235677,228606,1
function_56ffffb4,保留原反编译函数体,235684,228613,1
