function,category,original_line,current_line,variants
function_401000,保留原反编译函数体,8585,7881,1
function_401010,保留原反编译函数体,8595,7891,1
function_401040,已修改／替换的非空实现,8611,7907,1
function_4011b0,已修改／替换的非空实现,8679,7975,2
function_4013d0,已修改／替换的非空实现,8788,8103,1
function_4014d0,保留原反编译函数体,8847,8162,1
function_401600,已修改／替换的非空实现,8880,8195,1
function_401660,已修改／替换的非空实现,8905,8223,1
function_4016e0,已修改／替换的非空实现,8956,8263,1
function_401740,保留原反编译函数体,8992,8299,1
function_401760,已修改／替换的非空实现,9002,8309,1
function_401790,已修改／替换的非空实现,9015,8336,1
function_4017b0,已修改／替换的非空实现,9022,8348,3
function_401820,已修改／替换的非空实现,9057,8380,1
function_401850,保留原反编译函数体,9065,8402,1
function_401a30,保留原反编译函数体,9175,8512,1
function_401ae0,已修改／替换的非空实现,9190,8527,1
function_401ba0,保留原反编译函数体,9208,8573,1
function_401da0,保留原反编译函数体,9360,8725,1
function_401dc0,已修改／替换的非空实现,9367,8732,1
function_401e60,保留原反编译函数体,9400,8765,1
function_401ee0,保留原反编译函数体,9412,8777,1
function_401f80,已修改／替换的非空实现,9551,8916,1
function_4021e0,已修改／替换的非空实现,9923,9288,1
function_402230,保留原反编译函数体,9960,9325,1
function_402290,保留原反编译函数体,9994,9359,1
function_4022f0,保留原反编译函数体,10013,9378,1
function_402310,保留原反编译函数体,10034,9399,1
function_402360,保留原反编译函数体,10086,9451,1
function_402430,保留原反编译函数体,10157,9522,1
function_402610,保留原反编译函数体,10410,9775,1
function_402670,保留原反编译函数体,10441,9806,1
function_4026e0,已修改／替换的非空实现,10480,9845,1
function_402770,已修改／替换的非空实现,10505,9867,1
function_4028d0,已修改／替换的非空实现,10673,9971,1
function_402930,保留原反编译函数体,10721,10001,1
function_402970,已修改／替换的非空实现,10730,10010,1
function_4029b0,未找到同名入口，待核对替代,10755,,0
function_4029d0,保留原反编译函数体,10763,10032,1
function_4029f0,保留原反编译函数体,10780,10049,1
function_402a10,保留原反编译函数体,10791,10060,1
function_402a20,保留原反编译函数体,10800,10069,1
function_402a50,未找到同名入口，待核对替代,10812,,0
function_402aa0,已修改／替换的非空实现,10824,10084,1
function_402ac0,保留原反编译函数体,10831,10102,1
function_402ad0,原版即为简单返回／空函数,10838,10109,1
function_402af0,已修改／替换的非空实现,10844,10115,1
function_402b90,已修改／替换的非空实现,10855,10126,1
function_4a96d0,已修改／替换的非空实现,10875,10146,2
function_402d30,原版即为简单返回／空函数,10952,10229,1
function_402d40,已修改／替换的非空实现,10958,10270,1
function_403000,已修改／替换的非空实现,10989,10385,1
function_4a9a30,已修改／替换的非空实现,10995,117910,2
function_40bf10,已修改／替换的非空实现,11021,22556,1
function_40c560,已修改／替换的非空实现,11376,22902,1
function_403790,保留原反编译函数体,11798,10392,1
function_4037e0,保留原反编译函数体,11808,10402,1
function_403820,保留原反编译函数体,11817,10411,2
function_403830,保留原反编译函数体,11824,10418,1
function_4038c0,已修改／替换的非空实现,11908,10633,1
function_4039e0,已修改／替换的非空实现,11998,10675,4
function_403a90,保留原反编译函数体,12053,10717,1
function_403ad0,保留原反编译函数体,12063,10727,1
function_403b90,保留原反编译函数体,12092,10756,1
function_403bf0,已修改／替换的非空实现,12119,10783,1
function_403ce0,已修改／替换的非空实现,12198,10609,4
function_403db6,保留原反编译函数体,12237,10891,1
function_403dbc,已修改／替换的非空实现,12244,10899,1
function_403e50,未找到同名入口，待核对替代,12269,,0
function_403e80,保留原反编译函数体,12284,10916,1
function_403f00,保留原反编译函数体,12300,10932,1
function_403f20,保留原反编译函数体,12310,10942,1
function_403fc0,保留原反编译函数体,12400,11032,1
function_403fe0,保留原反编译函数体,12409,11041,1
function_404040,保留原反编译函数体,12447,11079,1
function_404090,保留原反编译函数体,12460,11092,1
function_4040d0,已修改／替换的非空实现,12471,11103,1
function_404130,已修改／替换的非空实现,12479,11109,1
function_404180,保留原反编译函数体,12487,11115,1
function_404230,保留原反编译函数体,12533,11161,1
function_404270,保留原反编译函数体,12556,11184,1
function_404390,已修改／替换的非空实现,12618,11246,1
function_477160,已修改／替换的非空实现,12622,142556,1
function_404430,已修改／替换的非空实现,12644,11267,1
function_474000,已修改／替换的非空实现,12648,136423,1
function_4044d0,保留原反编译函数体,12670,11288,1
function_4045c0,已修改／替换的非空实现,12761,11379,2
function_404610,保留原反编译函数体,12800,11389,1
function_404640,保留原反编译函数体,12809,11398,1
function_404770,保留原反编译函数体,12927,11516,1
function_4049c0,保留原反编译函数体,13167,11756,1
function_404bc0,保留原反编译函数体,13379,11968,1
function_404e10,保留原反编译函数体,13619,12208,1
function_404eb0,保留原反编译函数体,13638,12227,1
function_404ee0,保留原反编译函数体,13645,12234,1
function_405040,保留原反编译函数体,13795,12384,1
function_405060,保留原反编译函数体,13804,12393,1
function_405080,保留原反编译函数体,13813,12402,1
function_405140,保留原反编译函数体,13841,12430,1
function_405180,保留原反编译函数体,13856,12445,1
function_4051e0,保留原反编译函数体,13871,12460,1
function_405220,保留原反编译函数体,13886,12475,1
function_405280,保留原反编译函数体,13901,12490,1
function_4052c0,保留原反编译函数体,13916,12505,1
function_405320,保留原反编译函数体,13931,12520,1
function_405720,保留原反编译函数体,14432,13021,1
function_405800,已修改／替换的非空实现,14458,13210,2
function_405900,保留原反编译函数体,14489,13230,2
function_405980,已修改／替换的非空实现,14566,13307,1
function_405990,保留原反编译函数体,14574,13315,1
function_4059c0,保留原反编译函数体,14582,13323,1
function_405a50,保留原反编译函数体,14600,13341,1
function_405aa0,保留原反编译函数体,14616,13357,1
function_405b30,已修改／替换的非空实现,14637,13378,1
function_405bd0,已修改／替换的非空实现,14670,13411,1
function_405c90,保留原反编译函数体,14680,13421,1
function_405d60,已修改／替换的非空实现,14689,13512,1
function_405e30,已修改／替换的非空实现,14765,13521,1
function_405ea0,已修改／替换的非空实现,14785,13557,1
function_405f80,已修改／替换的非空实现,14808,13580,1
function_406180,已修改／替换的非空实现,14894,13666,1
function_4062d0,已修改／替换的非空实现,14971,13743,1
function_406350,保留原反编译函数体,15007,13779,1
function_406360,保留原反编译函数体,15014,13786,1
function_406370,已修改／替换的非空实现,15022,13794,1
function_4065a0,保留原反编译函数体,15091,13863,1
function_4065d0,保留原反编译函数体,15104,13876,1
function_406600,已修改／替换的非空实现,15117,13889,20
function_406670,保留原反编译函数体,15149,13921,1
function_406690,保留原反编译函数体,15159,13931,1
function_4067f0,已修改／替换的非空实现,15270,13964,1
function_406880,保留原反编译函数体,15309,14003,1
function_4068f0,保留原反编译函数体,15401,14095,1
function_406a50,保留原反编译函数体,15437,14131,1
function_406ac0,保留原反编译函数体,15459,14153,1
function_406cc0,已修改／替换的非空实现,15579,14273,1
function_406db0,保留原反编译函数体,15662,14356,1
function_406df0,保留原反编译函数体,15694,14388,1
function_406ee0,保留原反编译函数体,15742,14436,1
function_406fc0,保留原反编译函数体,15999,14693,1
function_407000,保留原反编译函数体,16041,14735,1
function_407070,保留原反编译函数体,16089,14783,1
function_407130,保留原反编译函数体,16131,14825,1
function_407190,保留原反编译函数体,16158,14852,1
function_407210,保留原反编译函数体,16197,14891,1
function_407250,保留原反编译函数体,16222,14916,1
function_407270,保留原反编译函数体,16239,14933,1
function_4072b0,已修改／替换的非空实现,16257,14951,1
function_4072d0,已修改／替换的非空实现,16266,14960,1
function_407300,已修改／替换的非空实现,16276,14977,1
function_407310,保留原反编译函数体,16285,14991,1
function_407340,保留原反编译函数体,16303,15009,1
function_407350,保留原反编译函数体,16311,15017,1
function_407360,已修改／替换的非空实现,16319,15025,1
function_407370,已修改／替换的非空实现,16325,10305,8
function_407450,保留原反编译函数体,16412,15191,1
function_407480,保留原反编译函数体,16422,15201,1
function_4074b0,保留原反编译函数体,16435,15214,1
function_4074c0,保留原反编译函数体,16443,15222,1
function_407500,已修改／替换的非空实现,16461,15403,1
function_4077c0,已修改／替换的非空实现,16754,15696,1
function_4082b0,保留原反编译函数体,18542,17484,1
function_4082d0,保留原反编译函数体,18552,17494,1
function_408320,已修改／替换的非空实现,18572,17514,1
function_4083e0,已修改／替换的非空实现,18656,17597,1
function_408430,已修改／替换的非空实现,18689,17631,1
function_408530,保留原反编译函数体,18787,17729,1
function_408550,保留原反编译函数体,18796,17738,1
function_408590,保留原反编译函数体,18816,17758,1
function_408600,保留原反编译函数体,18846,17788,1
function_408650,已修改／替换的非空实现,18866,17808,1
function_4086e0,已修改／替换的非空实现,18884,17839,1
function_4087b0,已修改／替换的非空实现,18903,17870,1
function_4087e0,已修改／替换的非空实现,18917,17884,1
function_408800,已修改／替换的非空实现,18928,17906,1
function_408830,已修改／替换的非空实现,18944,17922,1
function_408850,已修改／替换的非空实现,18953,17931,1
function_408860,已修改／替换的非空实现,18960,17938,1
function_408870,保留原反编译函数体,18967,17945,1
function_408930,已修改／替换的非空实现,19002,17980,1
function_4089c0,已修改／替换的非空实现,19026,18005,1
function_408b10,保留原反编译函数体,19131,18039,1
function_408b30,已修改／替换的非空实现,19138,18046,2
function_408bf0,已修改／替换的非空实现,19164,18092,2
function_408c80,已修改／替换的非空实现,19183,18103,1
function_408d00,已修改／替换的非空实现,19256,18140,2
function_408e60,已修改／替换的非空实现,19285,18183,1
function_408e80,已修改／替换的非空实现,19292,18188,1
function_408eb0,已修改／替换的非空实现,19309,18194,1
function_409030,原版即为简单返回／空函数,19376,18200,1
function_4090a0,保留原反编译函数体,19382,18206,1
function_4090d0,保留原反编译函数体,19398,18222,1
function_409130,保留原反编译函数体,19416,18240,1
function_4093b0,保留原反编译函数体,19518,18342,1
function_4093f0,保留原反编译函数体,19531,18355,1
function_409450,保留原反编译函数体,19555,18379,1
function_409480,保留原反编译函数体,19576,18400,1
function_4094b0,保留原反编译函数体,19608,18432,1
function_4094e0,保留原反编译函数体,19642,18466,1
function_409540,保留原反编译函数体,19667,18491,1
function_409620,保留原反编译函数体,19735,18559,1
function_4096d0,保留原反编译函数体,19765,18589,2
function_409840,保留原反编译函数体,19868,18692,1
function_4098a0,保留原反编译函数体,19898,18722,1
function_409930,保留原反编译函数体,19954,18778,1
function_4099c0,保留原反编译函数体,19996,18820,1
function_409da0,保留原反编译函数体,20216,19040,1
function_40a0f0,已修改／替换的非空实现,20528,21074,1
function_40a3d0,已修改／替换的非空实现,20713,21084,1
function_40a460,已修改／替换的非空实现,20733,21139,1
function_40a5d0,保留原反编译函数体,20886,21174,1
function_40a5f0,已修改／替换的非空实现,20893,21181,1
function_40a6c0,已修改／替换的非空实现,20957,21245,1
function_40a7f0,已修改／替换的非空实现,21009,21297,1
function_40a890,已修改／替换的非空实现,21049,21337,1
function_40a8d0,已修改／替换的非空实现,21064,21352,1
function_40a950,已修改／替换的非空实现,21099,21387,1
function_40a9a0,已修改／替换的非空实现,21118,21406,1
function_40a9f0,已修改／替换的非空实现,21137,21425,1
function_40aaa0,已修改／替换的非空实现,21198,21436,1
function_40aac0,已修改／替换的非空实现,21210,21451,1
function_40aae0,已修改／替换的非空实现,21221,21476,1
function_40adb0,已修改／替换的非空实现,21545,21488,1
function_40ae70,已修改／替换的非空实现,21592,21535,1
function_40af70,保留原反编译函数体,21712,21655,1
function_40af80,保留原反编译函数体,21722,21665,1
function_40afb0,保留原反编译函数体,21735,21678,1
function_40afe0,已修改／替换的非空实现,21750,21693,1
function_40b160,已修改／替换的非空实现,21859,21802,1
function_40b210,已修改／替换的非空实现,21921,21864,1
function_40b2c0,保留原反编译函数体,21964,21907,1
function_40b2d0,保留原反编译函数体,21976,21919,1
function_40b3a0,已修改／替换的非空实现,21997,21940,1
function_40b520,已修改／替换的非空实现,22123,21948,1
function_40b6f0,保留原反编译函数体,22303,21953,1
function_40b760,保留原反编译函数体,22387,22037,1
function_411b90,保留原反编译函数体,22403,22053,2
function_40b840,保留原反编译函数体,22435,22085,1
function_40b8a0,已修改／替换的非空实现,22460,22110,1
function_40b9a0,保留原反编译函数体,22589,22116,1
function_40ba20,已修改／替换的非空实现,22638,22165,1
function_40bb70,已修改／替换的非空实现,22715,22242,1
function_40bbf0,保留原反编译函数体,22749,22276,1
function_40bc00,已修改／替换的非空实现,22759,22286,1
function_40bd10,已修改／替换的非空实现,22835,22362,1
function_40bd90,保留原反编译函数体,22869,22396,1
function_40bda0,保留原反编译函数体,22877,22404,1
function_40bdf0,保留原反编译函数体,22919,22446,1
function_40be40,保留原反编译函数体,22963,22490,1
function_40be70,保留原反编译函数体,22976,22503,1
function_40bea0,保留原反编译函数体,22991,22518,1
function_40bed0,保留原反编译函数体,23004,22531,1
function_40bf00,保留原反编译函数体,23017,22544,1
function_40c010,保留原反编译函数体,23075,22602,1
function_40c2e0,保留原反编译函数体,23283,22810,1
function_4429b0,原版即为简单返回／空函数,23286,22813,6
function_40c370,保留原反编译函数体,23296,22823,1
function_40c410,已修改／替换的非空实现,23326,22853,1
function_40c4b0,保留原反编译函数体,23347,22874,1
function_40c5f0,保留原反编译函数体,23412,22939,1
function_40c670,原版即为简单返回／空函数,23452,22979,1
function_40c6d0,保留原反编译函数体,23460,22987,1
function_40c790,保留原反编译函数体,23528,23055,1
function_40c870,保留原反编译函数体,23610,23137,1
function_40c8a0,保留原反编译函数体,23623,23150,1
function_40c900,保留原反编译函数体,23647,23174,1
function_40ca50,保留原反编译函数体,23754,23281,1
function_40cba0,已修改／替换的非空实现,23861,23388,1
function_40cc80,保留原反编译函数体,23942,23469,1
function_40ccc0,保留原反编译函数体,23957,23484,1
function_40cdd0,原版即为简单返回／空函数,24010,23537,1
function_40ce60,保留原反编译函数体,24016,23543,1
function_40d0a0,保留原反编译函数体,24142,23669,1
function_40d1e0,保留原反编译函数体,24256,23783,1
function_40d240,保留原反编译函数体,24290,23817,1
function_40d2f0,保留原反编译函数体,24341,23868,1
function_40d330,保留原反编译函数体,24372,23899,1
function_40d400,保留原反编译函数体,24411,23938,1
function_40d500,保留原反编译函数体,24536,24063,1
function_40d520,保留原反编译函数体,24553,24080,1
function_40d560,保留原反编译函数体,24571,24098,1
function_40d590,保留原反编译函数体,24581,24108,1
function_40d5b0,保留原反编译函数体,24590,24117,1
function_40d5e0,已修改／替换的非空实现,24608,24135,1
function_40d790,已修改／替换的非空实现,24690,24217,2
function_40d940,已修改／替换的非空实现,24824,24392,1
function_40da60,已修改／替换的非空实现,24892,24493,1
function_40db30,已修改／替换的非空实现,24943,24556,1
function_40dbe0,已修改／替换的非空实现,25084,24595,1
function_40df60,已修改／替换的非空实现,25365,24600,1
function_40e130,已修改／替换的非空实现,25645,25052,1
function_40e220,已修改／替换的非空实现,25749,25094,1
function_40e2b0,已修改／替换的非空实现,25789,25125,1
function_40e2d0,已修改／替换的非空实现,25801,25140,1
function_40e2f0,保留原反编译函数体,25813,25155,1
function_40e320,已修改／替换的非空实现,25825,25167,1
function_40e3f0,保留原反编译函数体,26032,25222,1
function_40e460,已修改／替换的非空实现,26068,25258,1
function_40e540,已修改／替换的非空实现,26128,25320,1
function_40e590,已修改／替换的非空实现,26150,25333,1
function_40e5d0,已修改／替换的非空实现,26161,25344,2
function_40e630,已修改／替换的非空实现,26181,25365,1
function_40e850,已修改／替换的非空实现,26313,25514,1
function_40eae0,已修改／替换的非空实现,26434,25637,1
function_40ebf0,保留原反编译函数体,26479,25682,1
function_40ec30,保留原反编译函数体,26494,25697,1
function_40ec70,保留原反编译函数体,26511,25714,1
function_40ed40,保留原反编译函数体,26563,25766,1
function_40ee30,保留原反编译函数体,26674,25877,1
function_40efd0,保留原反编译函数体,26806,26009,1
function_40f130,保留原反编译函数体,26867,26070,1
function_40f1c0,已修改／替换的非空实现,26936,26139,1
function_40f2e0,保留原反编译函数体,27015,26218,1
function_40f370,已修改／替换的非空实现,27095,26298,1
function_40f5e0,已修改／替换的非空实现,27154,26357,1
function_40f790,已修改／替换的非空实现,27182,26385,1
function_40fe30,保留原反编译函数体,27508,26711,1
function_40ffb0,保留原反编译函数体,27648,26851,1
function_4100c0,保留原反编译函数体,27879,27082,1
function_4100f0,已修改／替换的非空实现,27900,27103,1
function_410110,保留原反编译函数体,27919,27122,1
function_410160,保留原反编译函数体,27941,27144,1
function_410190,保留原反编译函数体,27949,27152,1
function_4101a0,保留原反编译函数体,27956,27159,1
function_4101e0,保留原反编译函数体,27967,27170,1
function_410230,保留原反编译函数体,27985,27188,1
function_410260,保留原反编译函数体,28006,27209,1
function_410270,已修改／替换的非空实现,28015,27218,1
function_4103b0,已修改／替换的非空实现,28061,27264,1
function_410480,保留原反编译函数体,28084,27287,1
function_410500,已修改／替换的非空实现,28104,27405,1
function_410750,已修改／替换的非空实现,28212,27496,1
function_4109a0,保留原反编译函数体,28308,27529,1
function_4109d0,已修改／替换的非空实现,28327,27549,1
function_410b90,已修改／替换的非空实现,28460,27592,1
function_410c00,已修改／替换的非空实现,28498,27634,1
function_410c80,保留原反编译函数体,28530,27673,1
function_410cb0,保留原反编译函数体,28547,27690,1
function_410d90,保留原反编译函数体,28620,27763,1
function_410e00,保留原反编译函数体,28654,27797,1
function_410e80,保留原反编译函数体,28684,27827,1
function_410ef0,保留原反编译函数体,28756,27899,1
function_411000,保留原反编译函数体,28800,27943,1
function_411040,保留原反编译函数体,28842,27985,1
function_411100,已修改／替换的非空实现,28987,28130,1
function_411390,保留原反编译函数体,29379,28522,1
function_4113f0,保留原反编译函数体,29413,28556,1
function_411450,保留原反编译函数体,29432,28575,1
function_411520,保留原反编译函数体,29513,28656,1
function_411720,保留原反编译函数体,29793,28936,1
function_411870,保留原反编译函数体,29934,29077,1
function_411930,保留原反编译函数体,30059,29202,1
function_411980,保留原反编译函数体,30076,29219,1
function_4119a0,保留原反编译函数体,30088,29231,1
function_4119e0,保留原反编译函数体,30108,29251,1
function_411a10,保留原反编译函数体,30125,29268,1
function_411ff0,原版即为简单返回／空函数,30128,29271,3
function_411aa0,保留原反编译函数体,30138,29281,1
function_411d10,保留原反编译函数体,30322,29465,1
function_411d30,保留原反编译函数体,30335,29478,1
function_411d80,已修改／替换的非空实现,30349,29492,1
function_411f90,保留原反编译函数体,30423,29620,1
function_412060,保留原反编译函数体,30461,29658,1
function_4120c0,保留原反编译函数体,30474,29671,1
function_4120d0,已修改／替换的非空实现,30481,29678,1
function_412210,原版即为简单返回／空函数,30560,29757,1
function_412240,已修改／替换的非空实现,30566,29763,1
function_412350,保留原反编译函数体,30729,29927,1
function_4123a0,保留原反编译函数体,30739,29937,1
function_4123c0,原版即为简单返回／空函数,30746,29944,1
function_4123e0,已修改／替换的非空实现,30752,29950,1
function_4125d0,原版即为简单返回／空函数,30782,29982,1
function_4125e0,已修改／替换的非空实现,30788,29988,1
function_412610,保留原反编译函数体,30799,29999,1
function_412660,保留原反编译函数体,30829,30029,1
function_412680,保留原反编译函数体,30842,30042,1
function_412720,保留原反编译函数体,30879,30079,1
function_4127b0,保留原反编译函数体,30911,30111,1
function_412890,已修改／替换的非空实现,30934,30134,1
function_412ad0,已修改／替换的非空实现,31094,30331,1
function_412b80,已修改／替换的非空实现,31216,30500,1
function_412c10,已修改／替换的非空实现,31247,30544,1
function_412ca0,已修改／替换的非空实现,31290,30576,1
function_412d30,保留原反编译函数体,31302,30594,1
function_412da0,保留原反编译函数体,31316,30608,1
function_412ef0,保留原反编译函数体,31374,30666,1
function_413000,保留原反编译函数体,31433,30725,1
function_4130a0,保留原反编译函数体,31508,30800,1
function_4131b0,保留原反编译函数体,31580,30872,1
function_4131e0,保留原反编译函数体,31598,25057,2
function_413470,保留原反编译函数体,31761,31053,1
function_4134e0,保留原反编译函数体,31785,31077,1
function_413500,已修改／替换的非空实现,31799,31091,1
function_413f18,保留原反编译函数体,32552,31848,1
function_414010,已修改／替换的非空实现,32582,31878,1
function_4141e0,保留原反编译函数体,32620,31945,1
function_4145b0,已修改／替换的非空实现,33409,32734,1
function_4146a0,已修改／替换的非空实现,33438,32765,1
function_414850,已修改／替换的非空实现,33464,32793,1
function_414930,已修改／替换的非空实现,33479,32810,1
function_414a30,保留原反编译函数体,33494,32827,1
function_414ad0,保留原反编译函数体,33527,32860,1
function_414b80,保留原反编译函数体,33572,32905,1
function_414c10,保留原反编译函数体,33621,32954,1
function_414c70,保留原反编译函数体,33661,32994,1
function_414cb0,保留原反编译函数体,33676,33009,1
function_414d60,原版即为简单返回／空函数,33712,33045,1
function_414d80,保留原反编译函数体,33720,33053,1
function_414db0,原版即为简单返回／空函数,33751,33084,1
function_414dd0,保留原反编译函数体,33759,33092,1
function_414e00,保留原反编译函数体,33790,33123,1
function_414e10,保留原反编译函数体,33799,33132,1
function_414e40,保留原反编译函数体,33808,33141,1
function_414e50,保留原反编译函数体,33817,33150,1
function_414e80,保留原反编译函数体,33826,33159,1
function_414ed0,保留原反编译函数体,33852,33185,1
function_414fa0,保留原反编译函数体,33927,33260,1
function_414fe0,保留原反编译函数体,33946,33279,1
function_415070,保留原反编译函数体,33986,33319,1
function_4150a0,原版即为简单返回／空函数,33999,33332,1
function_4150b0,保留原反编译函数体,34007,33340,1
function_4150e0,保留原反编译函数体,34022,33355,1
function_415110,保留原反编译函数体,34034,33367,1
function_415130,保留原反编译函数体,34048,33381,2
function_415190,保留原反编译函数体,34065,33398,1
function_4151a0,保留原反编译函数体,34073,33406,1
function_4151d0,保留原反编译函数体,34088,33421,1
function_4151e0,保留原反编译函数体,34094,33427,1
function_4151f0,保留原反编译函数体,34102,33435,1
function_415220,保留原反编译函数体,34118,33451,1
function_415230,保留原反编译函数体,34126,33459,1
function_4152a0,保留原反编译函数体,34143,33476,1
function_415350,已修改／替换的非空实现,34176,33509,1
function_48a6f0,保留原反编译函数体,34180,33513,6
function_4153e0,保留原反编译函数体,34206,33539,1
function_415420,保留原反编译函数体,34220,33553,1
function_415480,保留原反编译函数体,34247,33580,1
function_415550,保留原反编译函数体,34281,33614,1
function_4155d0,保留原反编译函数体,34298,33639,1
function_4156d0,保留原反编译函数体,34332,33673,1
function_415750,保留原反编译函数体,34353,33694,1
function_415790,保留原反编译函数体,34370,33711,1
function_415810,已修改／替换的非空实现,34395,33738,1
function_415870,保留原反编译函数体,34406,33745,1
function_4158e0,保留原反编译函数体,34420,33759,1
function_4159a0,保留原反编译函数体,34459,33798,1
function_4159d0,保留原反编译函数体,34479,33818,1
function_4159f0,保留原反编译函数体,34494,33833,1
function_415b00,保留原反编译函数体,34533,33872,1
function_48afc0,原版即为简单返回／空函数,34540,33879,1
function_415b50,原版即为简单返回／空函数,34550,33889,1
function_415b80,保留原反编译函数体,34558,33897,1
function_415c50,保留原反编译函数体,34592,33931,1
function_415e20,已修改／替换的非空实现,34945,34284,1
function_415ea0,已修改／替换的非空实现,34955,34294,1
function_415f60,已修改／替换的非空实现,34982,34321,1
function_415fd0,保留原反编译函数体,35004,34343,2
function_416427,原版即为简单返回／空函数,35253,34592,1
function_41642d,原版即为简单返回／空函数,35259,34598,1
function_416440,保留原反编译函数体,35267,34606,1
function_416510,保留原反编译函数体,35328,34667,1
function_416700,保留原反编译函数体,35451,34790,1
function_416790,已修改／替换的非空实现,35489,34828,1
function_416b8d,原版即为简单返回／空函数,35596,34937,1
function_416b93,保留原反编译函数体,35602,34943,1
function_416b98,原版即为简单返回／空函数,35609,34950,1
function_416ba0,保留原反编译函数体,35615,34956,1
function_416bd0,保留原反编译函数体,35626,34967,1
function_416bf0,保留原反编译函数体,35642,34983,1
function_416c50,保留原反编译函数体,35666,35007,1
function_416c60,保留原反编译函数体,35675,35016,1
function_416ce0,保留原反编译函数体,35715,35056,1
function_416d60,原版即为简单返回／空函数,35755,35096,1
function_416d70,原版即为简单返回／空函数,35761,35102,1
function_416d80,原版即为简单返回／空函数,35767,35108,1
function_416d90,原版即为简单返回／空函数,35773,35114,1
function_416da0,原版即为简单返回／空函数,35779,35120,1
function_416db0,保留原反编译函数体,35785,35126,1
function_416de0,保留原反编译函数体,35801,35142,1
function_416ec0,保留原反编译函数体,35903,35244,1
function_416fa0,保留原反编译函数体,36019,35360,1
function_416fd0,保留原反编译函数体,36030,35371,1
function_417000,保留原反编译函数体,36041,35382,1
function_417010,保留原反编译函数体,36048,35389,1
function_417100,保留原反编译函数体,36097,35438,1
function_4173c0,原版即为简单返回／空函数,36227,35568,1
function_4173d0,已修改／替换的非空实现,36233,35574,1
function_417420,原版即为简单返回／空函数,36250,35591,1
function_417430,保留原反编译函数体,36256,35597,1
function_4174f0,保留原反编译函数体,36279,35620,1
function_4175f0,保留原反编译函数体,36304,35645,1
function_417a00,保留原反编译函数体,36675,36016,1
function_417a30,已修改／替换的非空实现,36688,36029,1
function_417c90,保留原反编译函数体,37011,36352,1
function_417d00,保留原反编译函数体,37045,36386,1
function_417d30,保留原反编译函数体,37062,36403,1
function_417d70,保留原反编译函数体,37080,36421,1
function_417da0,保留原反编译函数体,37093,36434,1
function_417dd0,保留原反编译函数体,37107,36448,1
function_417e30,保留原反编译函数体,37136,36477,1
function_417e50,保留原反编译函数体,37147,36488,1
function_417ee0,保留原反编译函数体,37198,36539,2
function_4180a0,保留原反编译函数体,37327,36668,1
function_4180c0,保留原反编译函数体,37339,36680,1
function_4180e0,已修改／替换的非空实现,37351,36692,1
function_418370,保留原反编译函数体,37745,37086,1
function_418400,保留原反编译函数体,37809,37150,1
function_418410,保留原反编译函数体,37816,37157,4
function_418430,保留原反编译函数体,37825,37166,1
function_418480,保留原反编译函数体,37859,37200,1
function_4184d0,保留原反编译函数体,37878,37219,1
function_4184e0,保留原反编译函数体,37885,37226,1
function_4184f0,保留原反编译函数体,37892,37233,1
function_418500,已修改／替换的非空实现,37899,37240,1
function_4185b0,保留原反编译函数体,37967,37308,1
function_418660,保留原反编译函数体,38001,37342,1
function_418750,保留原反编译函数体,38047,37388,1
function_418820,保留原反编译函数体,38193,37534,1
function_418880,保留原反编译函数体,38227,37568,1
function_4188e0,保留原反编译函数体,38246,37587,1
function_418980,保留原反编译函数体,38382,37723,1
function_4189d0,保留原反编译函数体,38434,37775,1
function_4189f0,保留原反编译函数体,38441,37782,1
function_418a10,保留原反编译函数体,38450,37791,1
function_418a20,保留原反编译函数体,38459,37800,1
function_418a30,已修改／替换的非空实现,38468,37809,1
function_418a80,已修改／替换的非空实现,38488,37829,1
function_418ad0,已修改／替换的非空实现,38508,37849,1
function_418b20,保留原反编译函数体,38528,37869,1
function_418b70,保留原反编译函数体,38546,37887,1
function_418bd0,保留原反编译函数体,38584,37925,1
function_418bf0,保留原反编译函数体,38591,37932,1
function_418c10,保留原反编译函数体,38599,37940,1
function_418cc0,保留原反编译函数体,38634,37975,1
function_418d20,保留原反编译函数体,38705,38046,1
function_418e60,保留原反编译函数体,38814,38155,1
function_418fa0,保留原反编译函数体,38860,38201,1
function_4190e0,保留原反编译函数体,38906,38247,1
function_419150,保留原反编译函数体,38920,38261,1
function_419290,保留原反编译函数体,39029,38370,1
function_4192d0,保留原反编译函数体,39041,38382,1
function_4192e0,保留原反编译函数体,39049,38390,1
function_419450,保留原反编译函数体,39169,38510,1
function_419510,保留原反编译函数体,39243,38584,1
function_4195d0,原版即为简单返回／空函数,39279,38620,1
function_4195f0,保留原反编译函数体,39285,38626,1
function_419740,保留原反编译函数体,39445,38786,1
function_419970,保留原反编译函数体,39710,39051,1
function_419a8f,保留原反编译函数体,39775,39116,1
function_419aa0,保留原反编译函数体,39782,39123,1
function_419b00,保留原反编译函数体,39813,39154,1
function_419c50,保留原反编译函数体,39869,39210,1
function_419ce0,保留原反编译函数体,39890,39231,1
function_419d10,保留原反编译函数体,39898,39239,1
function_419d30,原版即为简单返回／空函数,39907,39248,1
function_419d40,保留原反编译函数体,39913,39254,1
function_419dd0,保留原反编译函数体,39934,39275,1
function_419e49,保留原反编译函数体,39957,39298,1
function_419f50,保留原反编译函数体,39986,39327,1
function_41a010,保留原反编译函数体,40007,39348,1
function_41a1c0,原版即为简单返回／空函数,40048,39389,1
function_41a1d0,保留原反编译函数体,40054,39395,1
function_41a310,保留原反编译函数体,40108,39449,1
function_41a350,已修改／替换的非空实现,40121,39462,1
function_41a3f0,已修改／替换的非空实现,40143,39484,1
function_41a420,保留原反编译函数体,40157,39498,1
function_41a480,保留原反编译函数体,40175,39516,1
function_41a4d0,保留原反编译函数体,40190,39531,1
function_41a680,保留原反编译函数体,40261,39602,1
function_41a77e,保留原反编译函数体,40330,39671,1
function_41a7bd,保留原反编译函数体,40348,39689,1
function_41a820,保留原反编译函数体,40374,39715,1
function_41a850,保留原反编译函数体,40385,39726,1
function_41a890,保留原反编译函数体,40397,39738,1
function_41a910,保留原反编译函数体,40419,39760,1
function_41a950,已修改／替换的非空实现,40440,39781,1
function_41db20,保留原反编译函数体,40547,39892,42
function_41abc0,保留原反编译函数体,40568,39913,1
function_41ad10,保留原反编译函数体,40646,39991,1
function_41ae60,保留原反编译函数体,40724,40069,1
function_41af90,保留原反编译函数体,40770,40115,1
function_41b0c0,保留原反编译函数体,40814,40159,1
function_41b220,保留原反编译函数体,40886,40231,1
function_41b380,保留原反编译函数体,40958,40303,1
function_41b460,已修改／替换的非空实现,40991,40336,1
function_41b550,保留原反编译函数体,41023,40369,1
function_41b640,保留原反编译函数体,41052,40398,1
function_41b790,保留原反编译函数体,41130,40476,1
function_41b7c0,保留原反编译函数体,41143,40489,1
function_41d520,保留原反编译函数体,41506,40852,15
function_41bc30,保留原反编译函数体,41760,41106,1
function_41c7b0,已修改／替换的非空实现,43628,42974,1
function_41c870,保留原反编译函数体,43677,43023,1
function_41d570,保留原反编译函数体,45751,45097,1
function_41d5c0,已修改／替换的非空实现,45788,45134,1
function_41d610,保留原反编译函数体,45804,45150,1
function_41d630,保留原反编译函数体,45812,45158,1
function_41d770,保留原反编译函数体,45921,45267,1
function_41d9b0,保留原反编译函数体,46170,45516,1
function_41da60,保留原反编译函数体,46187,45533,1
function_41dbc0,保留原反编译函数体,46338,45684,1
function_41dc80,已修改／替换的非空实现,46351,45697,1
function_41de70,已修改／替换的非空实现,46475,45821,1
function_41df30,原版即为简单返回／空函数,46542,45888,1
function_41df40,原版即为简单返回／空函数,46550,45896,1
function_41df50,原版即为简单返回／空函数,46558,45904,1
function_41df60,原版即为简单返回／空函数,46564,45910,1
function_41df70,已修改／替换的非空实现,46570,45916,3
function_41e0c0,已修改／替换的非空实现,46708,46054,1
function_41e190,保留原反编译函数体,46735,46081,1
function_41e1e0,保留原反编译函数体,46755,46101,1
function_41e200,保留原反编译函数体,46772,46118,1
function_41e260,未找到同名入口，待核对替代,46791,,0
function_48ce00,已修改／替换的非空实现,46794,181043,1
function_41e2c0,未找到同名入口，待核对替代,46805,,0
function_41e320,保留原反编译函数体,46820,46143,1
function_41e390,已修改／替换的非空实现,46838,46161,1
function_41e790,已修改／替换的非空实现,47036,46359,1
function_41ea50,保留原反编译函数体,47087,46410,1
function_41eca0,保留原反编译函数体,47275,46598,1
function_41eed0,保留原反编译函数体,47373,46696,1
function_41ef20,保留原反编译函数体,47398,46721,1
function_41ef50,保留原反编译函数体,47414,46737,1
function_41efb0,已修改／替换的非空实现,47477,46800,1
function_41eff0,保留原反编译函数体,47493,46829,2
function_41f580,保留原反编译函数体,47636,46972,1
function_41f800,保留原反编译函数体,47765,47101,1
function_41f990,保留原反编译函数体,47908,47244,1
function_41fbd0,保留原反编译函数体,48183,47519,1
function_41fe90,原版即为简单返回／空函数,48313,47649,1
function_41fea0,已修改／替换的非空实现,48319,47655,1
function_41fef0,原版即为简单返回／空函数,48336,47672,1
function_41ff00,原版即为简单返回／空函数,48342,47678,1
function_41ff10,保留原反编译函数体,48348,47684,1
function_41ffe0,保留原反编译函数体,48371,47707,1
function_4200e0,保留原反编译函数体,48398,47734,1
function_4204f0,保留原反编译函数体,48769,48105,1
function_420530,保留原反编译函数体,48787,48123,1
function_4205b0,保留原反编译函数体,48817,48153,1
function_4206d0,保留原反编译函数体,48876,48212,1
function_420740,保留原反编译函数体,48908,48244,1
function_4207c0,保留原反编译函数体,48924,48260,1
function_4207e0,原版即为简单返回／空函数,48932,48268,1
function_4207f0,保留原反编译函数体,48940,48276,1
function_420830,保留原反编译函数体,48960,48296,1
function_420900,保留原反编译函数体,49004,48340,1
function_420980,保留原反编译函数体,49039,48375,1
function_4209b0,保留原反编译函数体,49053,48389,1
function_420a10,保留原反编译函数体,49081,48417,1
function_420a30,保留原反编译函数体,49092,48428,1
function_420a80,保留原反编译函数体,49117,48453,1
function_420a90,保留原反编译函数体,49126,48462,1
function_420b20,保留原反编译函数体,49150,48486,1
function_420b90,保留原反编译函数体,49172,48508,1
function_420dc0,保留原反编译函数体,49321,48657,1
function_420e40,保留原反编译函数体,49332,48668,1
function_420ec0,保留原反编译函数体,49343,48679,1
function_420f40,保留原反编译函数体,49354,48690,1
function_420fc0,保留原反编译函数体,49365,48701,1
function_4211d0,保留原反编译函数体,49638,48974,1
function_4213d0,保留原反编译函数体,49791,49127,1
function_421440,保留原反编译函数体,49800,49136,1
function_421495,原版即为简单返回／空函数,49819,49155,1
function_4214a0,保留原反编译函数体,49825,49161,1
function_4215af,保留原反编译函数体,49887,49223,1
function_4216a0,保留原反编译函数体,50048,49384,1
function_421860,已修改／替换的非空实现,50084,49420,1
function_421dc0,保留原反编译函数体,50478,49814,1
function_421e40,保留原反编译函数体,50529,49865,1
function_4220c0,保留原反编译函数体,50718,50054,1
function_422130,保留原反编译函数体,50807,50143,1
function_422190,已修改／替换的非空实现,50892,50228,1
function_422410,保留原反编译函数体,51231,50567,1
function_4224b0,保留原反编译函数体,51290,50626,1
function_422500,保留原反编译函数体,51324,50660,1
function_422550,保留原反编译函数体,51343,50679,1
function_422690,保留原反编译函数体,51389,50725,1
function_4227d0,保留原反编译函数体,51435,50771,1
function_422910,保留原反编译函数体,51481,50817,1
function_422a60,保留原反编译函数体,51527,50863,1
function_422b40,保留原反编译函数体,51547,50883,1
function_422c20,保留原反编译函数体,51567,50903,1
function_422d00,保留原反编译函数体,51587,50923,1
function_422de0,保留原反编译函数体,51607,50943,1
function_422ec0,保留原反编译函数体,51627,50963,1
function_422fc0,保留原反编译函数体,51647,50983,1
function_4230a0,保留原反编译函数体,51681,51017,1
function_4231e0,保留原反编译函数体,51790,51126,1
function_423350,保留原反编译函数体,51935,51271,1
function_423430,保留原反编译函数体,52010,51346,1
function_423560,保留原反编译函数体,52092,51428,1
function_423620,保留原反编译函数体,52132,51468,1
function_423640,已修改／替换的非空实现,52142,51478,1
function_4236d4,原版即为简单返回／空函数,52163,51499,1
function_4236dc,保留原反编译函数体,52169,51505,1
function_423700,保留原反编译函数体,52179,51515,1
function_423757,保留原反编译函数体,52190,51526,1
function_42376a,保留原反编译函数体,52199,51535,1
function_423790,保留原反编译函数体,52209,51545,1
function_4237b0,保留原反编译函数体,52216,51552,1
function_423990,保留原反编译函数体,52478,51814,1
function_423be0,保留原反编译函数体,52748,52084,1
function_423cf0,保留原反编译函数体,52796,52132,1
function_423d60,保留原反编译函数体,52813,52149,1
function_423dd0,保留原反编译函数体,52829,52165,1
function_423e70,保留原反编译函数体,52846,52182,1
function_423f00,保留原反编译函数体,52867,52203,1
function_423f50,保留原反编译函数体,52881,52217,1
function_423f90,原版即为简单返回／空函数,52889,52225,1
function_423fd0,保留原反编译函数体,52895,52231,1
function_424060,保留原反编译函数体,52916,52252,1
function_4240f0,保留原反编译函数体,52937,52273,1
function_424180,保留原反编译函数体,52958,52294,1
function_4241f9,保留原反编译函数体,52979,52315,1
function_424280,保留原反编译函数体,52996,52332,1
function_424320,保留原反编译函数体,53015,52351,1
function_424350,保留原反编译函数体,53047,52383,1
function_424430,保留原反编译函数体,53076,52412,1
function_4247f0,保留原反编译函数体,53085,52421,2
function_424f60,保留原反编译函数体,53103,52439,2
function_424640,保留原反编译函数体,53138,52474,1
function_4248e0,保留原反编译函数体,53145,52481,2
function_424720,保留原反编译函数体,53158,52494,1
function_4249d0,保留原反编译函数体,53301,52637,1
function_424bb0,保留原反编译函数体,53383,52719,1
function_424d60,保留原反编译函数体,53454,52790,1
function_424da0,保留原反编译函数体,53474,52810,1
function_425030,保留原反编译函数体,53631,52967,1
function_4250e0,保留原反编译函数体,53663,52999,1
function_4252d0,原版即为简单返回／空函数,53734,53070,1
function_4252e0,保留原反编译函数体,53740,53076,1
function_4252f0,原版即为简单返回／空函数,53747,53083,1
function_425300,保留原反编译函数体,53755,53091,1
function_425320,保留原反编译函数体,53770,53106,1
function_425350,已修改／替换的非空实现,53789,53125,1
function_4253d0,保留原反编译函数体,53801,53137,1
function_425420,保留原反编译函数体,53827,53163,1
function_425510,保留原反编译函数体,53915,53251,1
function_4255e0,保留原反编译函数体,53988,53324,1
function_4258a0,原版即为简单返回／空函数,54118,53454,1
function_4258b0,已修改／替换的非空实现,54124,53460,1
function_425900,原版即为简单返回／空函数,54141,53477,1
function_425910,保留原反编译函数体,54147,53483,1
function_4259e0,保留原反编译函数体,54176,53512,1
function_425ae0,保留原反编译函数体,54201,53537,1
function_425ef0,保留原反编译函数体,54572,53908,1
function_426090,保留原反编译函数体,54608,53944,2
function_425fd0,保留原反编译函数体,54617,53953,1
function_426030,保留原反编译函数体,54667,54003,1
function_426060,保留原反编译函数体,54679,54015,1
function_4260d0,保留原反编译函数体,54713,54049,1
function_426120,保留原反编译函数体,54740,54076,1
function_4261f0,保留原反编译函数体,54781,54117,1
function_426250,保留原反编译函数体,54805,54141,1
function_426390,保留原反编译函数体,54851,54187,1
function_4263c0,原版即为简单返回／空函数,54875,54211,1
function_4263e0,保留原反编译函数体,54881,54217,1
function_426470,保留原反编译函数体,54902,54238,1
function_426500,保留原反编译函数体,54923,54259,1
function_426530,原版即为简单返回／空函数,54959,54295,1
function_426540,保留原反编译函数体,54967,54303,1
function_426560,保留原反编译函数体,54981,54317,1
function_4265e0,保留原反编译函数体,55013,54349,1
function_426650,保留原反编译函数体,55042,54378,1
function_426740,保留原反编译函数体,55078,54414,1
function_426840,已修改／替换的非空实现,55139,54475,1
function_4269f0,保留原反编译函数体,55204,54540,1
function_426b30,原版即为简单返回／空函数,55280,54616,1
function_426b40,已修改／替换的非空实现,55286,54622,1
function_426b90,原版即为简单返回／空函数,55303,54639,1
function_426ba0,保留原反编译函数体,55309,54645,1
function_426c70,保留原反编译函数体,55337,54673,1
function_426d70,保留原反编译函数体,55362,54698,1
function_4271b0,保留原反编译函数体,55733,55069,1
function_4272f0,原版即为简单返回／空函数,55778,55114,1
function_427310,保留原反编译函数体,55784,55120,1
function_4273a0,保留原反编译函数体,55805,55141,1
function_427520,原版即为简单返回／空函数,55873,55209,1
function_427530,已修改／替换的非空实现,55881,55470,2
function_427610,保留原反编译函数体,55919,55509,1
function_427750,已修改／替换的非空实现,55995,55585,1
function_427950,未找到同名入口，待核对替代,56034,,0
function_428000,已修改／替换的非空实现,56668,57331,3
function_428150,保留原反编译函数体,56690,57364,1
function_428720,保留原反编译函数体,57160,57834,1
function_4289c0,已修改／替换的非空实现,57460,58134,1
function_428af0,保留原反编译函数体,57612,58286,1
function_428bd0,保留原反编译函数体,57746,58420,1
function_428cc0,保留原反编译函数体,57882,58556,1
function_428f80,原版即为简单返回／空函数,58012,58686,1
function_428f90,已修改／替换的非空实现,58018,58692,1
function_428fe0,原版即为简单返回／空函数,58035,58709,1
function_428ff0,已修改／替换的非空实现,58041,58715,1
function_4290c0,保留原反编译函数体,58064,58738,1
function_4291c0,保留原反编译函数体,58091,58765,1
function_4295d0,保留原反编译函数体,58461,59135,1
function_429630,保留原反编译函数体,58511,59185,1
function_4296a0,保留原反编译函数体,58544,59218,1
function_429720,保留原反编译函数体,58583,59257,1
function_429780,保留原反编译函数体,58613,59287,1
function_4297e0,保留原反编译函数体,58640,59314,1
function_429840,保留原反编译函数体,58669,59343,1
function_4298a0,保留原反编译函数体,58696,59370,1
function_4298d0,保留原反编译函数体,58708,59382,1
function_429910,保留原反编译函数体,58737,59411,1
function_429920,保留原反编译函数体,58744,59418,1
function_4299c0,已修改／替换的非空实现,58883,59557,1
function_429c20,保留原反编译函数体,59255,59929,1
function_429c70,已修改／替换的非空实现,59292,59966,1
function_429cb0,保留原反编译函数体,59323,59971,1
function_429d10,保留原反编译函数体,59357,60005,1
function_429d70,保留原反编译函数体,59376,60024,1
function_429d90,保留原反编译函数体,59397,60045,1
function_429de0,保留原反编译函数体,59449,60097,1
function_429e00,保留原反编译函数体,59470,60118,1
function_429f40,保留原反编译函数体,59516,60164,1
function_42a080,保留原反编译函数体,59562,60210,1
function_42a1d0,保留原反编译函数体,59608,60256,1
function_42a310,保留原反编译函数体,59654,60302,1
function_42a3e0,保留原反编译函数体,59729,60377,1
function_42a510,保留原反编译函数体,59814,60462,1
function_42a530,原版即为简单返回／空函数,59823,60471,1
function_42a570,原版即为简单返回／空函数,59829,60477,1
function_42a5a0,原版即为简单返回／空函数,59835,60483,1
function_42a5c0,保留原反编译函数体,59841,60489,1
function_42a7a0,保留原反编译函数体,60094,60742,1
function_42a800,保留原反编译函数体,60123,60771,1
function_42a900,保留原反编译函数体,60175,60823,1
function_42a9a0,保留原反编译函数体,60216,60864,1
function_42aa30,保留原反编译函数体,60237,60885,1
function_42aac0,保留原反编译函数体,60258,60906,1
function_42ab50,保留原反编译函数体,60279,60927,1
function_42abe0,保留原反编译函数体,60302,60950,1
function_42ac10,原版即为简单返回／空函数,60315,60963,1
function_42ac20,保留原反编译函数体,60321,60969,1
function_42b280,未找到同名入口，待核对替代,60545,,0
function_42b2a0,未找到同名入口，待核对替代,60558,,0
function_42b2d0,未找到同名入口，待核对替代,60572,,0
function_42b3a0,保留原反编译函数体,60586,61193,1
function_42b3f0,保留原反编译函数体,60594,61201,1
function_42b470,原版即为简单返回／空函数,60611,61218,1
function_42b480,保留原反编译函数体,60619,61226,1
function_42b4a0,保留原反编译函数体,60634,61241,1
function_42b550,保留原反编译函数体,60664,61271,1
function_42b560,保留原反编译函数体,60674,61281,1
function_42b580,保留原反编译函数体,60685,61292,1
function_42b5c0,保留原反编译函数体,60702,61309,1
function_42b6d0,保留原反编译函数体,60731,61338,2
function_42ba50,保留原反编译函数体,60827,61434,1
function_42bcc0,未找到同名入口，待核对替代,60908,,0
function_42bd00,已修改／替换的非空实现,60926,62239,1
function_42c030,保留原反编译函数体,60983,62296,1
function_42c0a0,保留原反编译函数体,61013,62326,1
function_42c100,未找到同名入口，待核对替代,61040,,0
function_42c300,未找到同名入口，待核对替代,61128,,0
function_42c470,保留原反编译函数体,61161,62476,1
function_42c510,保留原反编译函数体,61196,62511,1
function_42c520,保留原反编译函数体,61203,62518,1
function_42c550,保留原反编译函数体,61212,62527,1
function_42c560,保留原反编译函数体,61219,62534,1
function_42c590,保留原反编译函数体,61228,62543,1
function_42c5a0,保留原反编译函数体,61235,62550,1
function_42c5d0,保留原反编译函数体,61246,62561,1
function_42c890,原版即为简单返回／空函数,61376,62691,1
function_42c8a0,已修改／替换的非空实现,61382,62697,1
function_42c8f0,原版即为简单返回／空函数,61399,62714,1
function_42c900,保留原反编译函数体,61405,62720,1
function_42c9c0,保留原反编译函数体,61428,62743,1
function_42cac0,保留原反编译函数体,61455,62770,1
function_42ced0,保留原反编译函数体,61828,63143,1
function_42cf50,保留原反编译函数体,61858,63173,1
function_42d060,保留原反编译函数体,61921,63236,1
function_42d0d0,保留原反编译函数体,61955,63270,1
function_42d160,保留原反编译函数体,61979,63294,1
function_42d180,原版即为简单返回／空函数,61987,63302,1
function_42d190,保留原反编译函数体,61993,63308,1
function_42d1c0,保留原反编译函数体,62005,63320,1
function_42d230,保留原反编译函数体,62033,63348,1
function_42d240,保留原反编译函数体,62040,63355,1
function_42d400,保留原反编译函数体,62076,63391,1
function_42d4d0,已修改／替换的非空实现,62220,63535,1
function_42d750,保留原反编译函数体,62559,63874,1
function_42d7a0,保留原反编译函数体,62593,63908,1
function_42d7f0,保留原反编译函数体,62612,63927,1
function_42d850,保留原反编译函数体,62646,63961,1
function_42d930,保留原反编译函数体,62666,63981,1
function_42da10,保留原反编译函数体,62686,64001,1
function_42da80,保留原反编译函数体,62713,64028,1
function_42db20,保留原反编译函数体,62730,64045,1
function_42dc70,保留原反编译函数体,62776,64091,1
function_42ddb0,保留原反编译函数体,62822,64137,1
function_42de90,保留原反编译函数体,62897,64212,1
function_42dfc0,保留原反编译函数体,62979,64294,1
function_42e030,保留原反编译函数体,62995,64310,1
function_42e050,原版即为简单返回／空函数,63004,64319,1
function_42e070,保留原反编译函数体,63010,64325,1
function_42e2c0,保留原反编译函数体,63280,64595,1
function_42e3d0,保留原反编译函数体,63326,64641,1
function_42e430,保留原反编译函数体,63338,64653,1
function_42e4c0,保留原反编译函数体,63355,64670,1
function_42e539,保留原反编译函数体,63376,64691,1
function_42e5b0,保留原反编译函数体,63392,64707,1
function_42e640,保留原反编译函数体,63413,64728,1
function_42e6b9,保留原反编译函数体,63434,64749,1
function_42e6e0,原版即为简单返回／空函数,63444,64759,1
function_42e6f0,原版即为简单返回／空函数,63452,64767,1
function_42e700,保留原反编译函数体,63460,64775,1
function_42e7d0,保留原反编译函数体,63497,64812,1
function_42e940,已修改／替换的非空实现,63720,65035,1
function_42ea80,保留原反编译函数体,63740,65057,1
function_42ed30,已修改／替换的非空实现,63915,65232,1
function_42ef00,已修改／替换的非空实现,63970,65287,1
function_42f120,已修改／替换的非空实现,64060,65377,1
function_42f1b0,保留原反编译函数体,64088,65405,1
function_42f2a0,已修改／替换的非空实现,64153,65470,1
function_42f350,保留原反编译函数体,64168,65485,1
function_42f6c0,保留原反编译函数体,64283,65600,1
function_42f800,保留原反编译函数体,64371,65688,1
function_42f910,保留原反编译函数体,64419,65736,1
function_42f970,保留原反编译函数体,64445,65762,1
function_42f9d0,保留原反编译函数体,64472,65789,1
function_42fa50,保留原反编译函数体,64493,65810,1
function_42fae0,已修改／替换的非空实现,64526,65843,1
function_42fe10,保留原反编译函数体,64690,66007,1
function_42fe80,保留原反编译函数体,64748,66065,1
function_42fee0,保留原反编译函数体,64783,66100,1
function_42ff70,保留原反编译函数体,64816,66133,3
function_42ffb0,保留原反编译函数体,64836,66153,1
function_430080,保留原反编译函数体,64887,66204,1
function_4300d0,保留原反编译函数体,64924,66241,1
function_430140,保留原反编译函数体,64958,66275,1
function_430180,保留原反编译函数体,64975,66292,1
function_430280,保留原反编译函数体,65034,66351,1
function_430540,原版即为简单返回／空函数,65164,66481,1
function_430550,已修改／替换的非空实现,65170,66487,1
function_4305a0,原版即为简单返回／空函数,65187,66504,1
function_4305b0,保留原反编译函数体,65193,66510,1
function_430670,保留原反编译函数体,65216,66533,1
function_430770,保留原反编译函数体,65243,66560,1
function_430bd0,保留原反编译函数体,65616,66933,1
function_430c50,保留原反编译函数体,65646,66963,1
function_430d70,保留原反编译函数体,65705,67022,1
function_430de0,保留原反编译函数体,65737,67054,1
function_430e00,原版即为简单返回／空函数,65745,67062,1
function_430e10,保留原反编译函数体,65753,67070,1
function_430ea0,保留原反编译函数体,65777,67094,1
function_430ec0,原版即为简单返回／空函数,65785,67102,1
function_430ed0,保留原反编译函数体,65791,67108,1
function_430f00,保留原反编译函数体,65803,67120,1
function_430f40,保留原反编译函数体,65834,67151,1
function_430f50,保留原反编译函数体,65841,67158,1
function_430fc0,保留原反编译函数体,65870,67187,1
function_430fd0,保留原反编译函数体,65879,67196,1
function_431060,保留原反编译函数体,65903,67220,1
function_431220,保留原反编译函数体,65939,67256,1
function_4312c0,保留原反编译函数体,66078,67395,1
function_4313a2,保留原反编译函数体,66123,67440,1
function_431490,保留原反编译函数体,66281,67598,1
function_431650,未找到同名入口，待核对替代,66317,,0
function_431670,已修改／替换的非空实现,66324,67637,1
function_4318d0,保留原反编译函数体,66696,68009,1
function_431920,已修改／替换的非空实现,66748,68061,1
function_431ba0,保留原反编译函数体,67087,68400,1
function_431c00,保留原反编译函数体,67121,68434,1
function_431c60,保留原反编译函数体,67140,68453,1
function_431c80,保留原反编译函数体,67161,68474,1
function_431cd0,保留原反编译函数体,67195,68508,1
function_431d20,保留原反编译函数体,67214,68527,1
function_431d80,已修改／替换的非空实现,67233,68546,1
function_431e40,保留原反编译函数体,67283,68596,1
function_431ee0,保留原反编译函数体,67299,68612,1
function_432020,保留原反编译函数体,67345,68658,1
function_432160,保留原反编译函数体,67391,68704,1
function_432240,保留原反编译函数体,67411,68724,1
function_432320,保留原反编译函数体,67431,68744,1
function_432400,保留原反编译函数体,67451,68764,1
function_4324e0,保留原反编译函数体,67471,68784,1
function_4325c0,保留原反编译函数体,67491,68804,1
function_432660,保留原反编译函数体,67508,68821,1
function_4326a0,保留原反编译函数体,67547,68860,1
function_432770,保留原反编译函数体,67618,68931,1
function_432850,保留原反编译函数体,67693,69006,1
function_432980,保留原反编译函数体,67777,69090,1
function_4329a0,原版即为简单返回／空函数,67786,69099,1
function_4329c0,保留原反编译函数体,67792,69105,1
function_432ba0,保留原反编译函数体,68045,69358,1
function_432df0,保留原反编译函数体,68313,69626,1
function_432e50,保留原反编译函数体,68342,69655,1
function_432f70,保留原反编译函数体,68424,69737,1
function_433080,保留原反编译函数体,68470,69783,1
function_4330e0,保留原反编译函数体,68482,69795,1
function_433160,保留原反编译函数体,68494,69807,1
function_4331d0,保留原反编译函数体,68506,69819,1
function_433260,保留原反编译函数体,68523,69836,1
function_4332df,保留原反编译函数体,68544,69857,1
function_433300,保留原反编译函数体,68552,69865,1
function_433390,保留原反编译函数体,68573,69886,1
function_4333d0,保留原反编译函数体,68618,69931,1
function_4333f0,保留原反编译函数体,68634,69947,1
function_433480,保留原反编译函数体,68655,69968,1
function_4334f9,保留原反编译函数体,68676,69989,1
function_4335a0,保留原反编译函数体,68697,70010,1
function_433630,保留原反编译函数体,68713,70026,1
function_4336e0,保留原反编译函数体,68773,70086,1
function_433710,原版即为简单返回／空函数,68789,70102,1
function_433720,原版即为简单返回／空函数,68797,70110,1
function_433730,保留原反编译函数体,68803,70116,1
function_433740,保留原反编译函数体,68810,70123,1
function_433760,保留原反编译函数体,68820,70133,1
function_433770,保留原反编译函数体,68827,70140,1
function_433780,保留原反编译函数体,68837,70150,1
function_4338d0,保留原反编译函数体,68896,70209,1
function_433aa0,保留原反编译函数体,69027,70340,1
function_433ae0,保留原反编译函数体,69045,70358,1
function_433c90,保留原反编译函数体,69081,70394,2
function_4341f0,保留原反编译函数体,69228,70541,1
function_434380,保留原反编译函数体,69297,70610,1
function_434760,已修改／替换的非空实现,69669,70982,1
function_434920,保留原反编译函数体,69702,71015,1
function_434a50,保留原反编译函数体,69780,71093,1
function_434b40,未找到同名入口，待核对替代,69862,,0
function_434b60,未找到同名入口，待核对替代,69871,,0
function_434f40,未找到同名入口，待核对替代,70193,,0
function_435220,保留原反编译函数体,70352,71173,1
function_4355f0,保留原反编译函数体,70794,71615,1
function_435720,保留原反编译函数体,70888,71709,1
function_435860,保留原反编译函数体,70996,71817,1
function_435af0,保留原反编译函数体,71204,72025,1
function_435b20,保留原反编译函数体,71218,72039,1
function_435d00,保留原反编译函数体,71424,72245,2
function_435e80,保留原反编译函数体,71504,72325,1
function_435ee0,保留原反编译函数体,71526,72347,1
function_435f00,保留原反编译函数体,71539,72360,1
function_435fc0,保留原反编译函数体,71625,72446,1
function_435fd0,保留原反编译函数体,71633,72454,1
function_4360c0,保留原反编译函数体,71679,72500,1
function_436110,保留原反编译函数体,71700,72521,1
function_436140,保留原反编译函数体,71718,72539,1
function_436180,保留原反编译函数体,71737,72558,1
function_4361c0,保留原反编译函数体,71755,72576,1
function_436290,保留原反编译函数体,71784,72605,1
function_4362f0,保留原反编译函数体,71831,72652,1
function_436350,保留原反编译函数体,71885,72706,1
function_4363b0,保留原反编译函数体,71933,72754,1
function_436450,保留原反编译函数体,71973,72794,1
function_436710,原版即为简单返回／空函数,72103,72924,1
function_436720,已修改／替换的非空实现,72109,72930,1
function_436770,原版即为简单返回／空函数,72126,72947,1
function_436780,保留原反编译函数体,72132,72953,1
function_436840,保留原反编译函数体,72155,72976,1
function_436940,保留原反编译函数体,72180,73001,1
function_436d50,保留原反编译函数体,72551,73372,1
function_437e10,保留原反编译函数体,72592,73413,2
function_436e60,保留原反编译函数体,72601,73422,1
function_436ec0,保留原反编译函数体,72650,73471,1
function_436fe0,保留原反编译函数体,72707,73528,1
function_437f40,保留原反编译函数体,72747,73568,2
function_437170,保留原反编译函数体,72778,73599,1
function_437220,保留原反编译函数体,72810,73631,1
function_437260,保留原反编译函数体,72825,73646,1
function_437290,保留原反编译函数体,72841,73662,1
function_438080,保留原反编译函数体,72886,73707,2
function_4373b0,保留原反编译函数体,72895,73716,1
function_437440,保留原反编译函数体,72946,73767,1
function_437470,保留原反编译函数体,72960,73781,1
function_438190,保留原反编译函数体,73006,73827,2
function_4375c0,保留原反编译函数体,73015,73836,1
function_437690,保留原反编译函数体,73064,73885,1
function_438270,保留原反编译函数体,73111,73932,2
function_4377f0,保留原反编译函数体,73120,73941,1
function_4378c0,保留原反编译函数体,73160,73981,1
function_4379e0,保留原反编译函数体,73219,74040,1
function_437a60,保留原反编译函数体,73249,74070,1
function_437b70,保留原反编译函数体,73312,74133,1
function_437be0,保留原反编译函数体,73346,74167,1
function_437c70,保留原反编译函数体,73372,74193,1
function_437c90,原版即为简单返回／空函数,73382,74203,1
function_437ca0,保留原反编译函数体,73390,74211,1
function_437d30,保留原反编译函数体,73416,74237,1
function_437d50,原版即为简单返回／空函数,73426,74247,1
function_437d60,保留原反编译函数体,73432,74253,1
function_437d90,保留原反编译函数体,73444,74265,1
function_437df0,保留原反编译函数体,73473,74294,1
function_437e50,保留原反编译函数体,73513,74334,1
function_437ea0,保留原反编译函数体,73540,74361,1
function_437ee0,保留原反编译函数体,73567,74388,1
function_437f90,保留原反编译函数体,73625,74446,1
function_437fb0,保留原反编译函数体,73650,74471,1
function_438030,保留原反编译函数体,73680,74501,1
function_4380c0,保留原反编译函数体,73748,74569,1
function_438140,保留原反编译函数体,73778,74599,1
function_4381d0,保留原反编译函数体,73837,74658,1
function_4381f0,保留原反编译函数体,73855,74676,1
function_4382b0,保留原反编译函数体,73910,74731,1
function_438330,保留原反编译函数体,73939,74760,1
function_438370,保留原反编译函数体,73966,74787,1
function_438380,保留原反编译函数体,73973,74794,1
function_438540,保留原反编译函数体,74009,74830,1
function_438700,保留原反编译函数体,74045,74866,1
function_4387d0,保留原反编译函数体,74087,74908,1
function_438820,保留原反编译函数体,74111,74932,1
function_438940,保留原反编译函数体,74154,74975,1
function_4389a0,保留原反编译函数体,74178,74999,1
function_438a90,保留原反编译函数体,74226,75047,1
function_438af0,保留原反编译函数体,74248,75069,1
function_438bf0,保留原反编译函数体,74292,75113,1
function_438c50,保留原反编译函数体,74316,75137,1
function_438d40,保留原反编译函数体,74359,75180,1
function_438da0,保留原反编译函数体,74383,75204,1
function_438e70,保留原反编译函数体,74527,75348,1
function_438f00,已修改／替换的非空实现,74591,75412,1
function_439180,保留原反编译函数体,74930,75751,1
function_4391d0,保留原反编译函数体,74964,75785,1
function_439220,保留原反编译函数体,74983,75804,1
function_439300,保留原反编译函数体,75003,75824,1
function_4393e0,保留原反编译函数体,75023,75844,1
function_439460,保留原反编译函数体,75039,75860,1
function_439540,保留原反编译函数体,75059,75880,1
function_439620,保留原反编译函数体,75079,75900,1
function_439700,保留原反编译函数体,75099,75920,1
function_4397e0,保留原反编译函数体,75119,75940,1
function_439840,保留原反编译函数体,75146,75967,1
function_4398e0,保留原反编译函数体,75163,75984,1
function_439940,保留原反编译函数体,75240,76061,1
function_439a80,保留原反编译函数体,75286,76107,1
function_439bd0,保留原反编译函数体,75332,76153,1
function_439c20,保留原反编译函数体,75347,76168,1
function_439c50,保留原反编译函数体,75375,76196,1
function_439c80,保留原反编译函数体,75382,76203,1
function_439cb0,保留原反编译函数体,75406,76227,1
function_439ce0,保留原反编译函数体,75434,76255,1
function_439e10,保留原反编译函数体,75517,76338,1
function_439ef0,保留原反编译函数体,75592,76413,1
function_43a020,已修改／替换的非空实现,75676,76497,1
function_43a0ae,原版即为简单返回／空函数,75694,76515,1
function_43a0b6,保留原反编译函数体,75700,76521,1
function_43a0e0,原版即为简单返回／空函数,75708,76529,1
function_43a100,保留原反编译函数体,75714,76535,1
function_43a350,保留原反编译函数体,75982,76803,1
function_43a3b0,保留原反编译函数体,76013,76834,1
function_43a4c0,保留原反编译函数体,76060,76881,1
function_43a550,保留原反编译函数体,76077,76898,1
function_43a620,保留原反编译函数体,76199,77020,1
function_43a720,保留原反编译函数体,76338,77159,1
function_43a7b0,保留原反编译函数体,76359,77180,1
function_43a860,保留原反编译函数体,76425,77246,1
function_43a900,保留原反编译函数体,76488,77309,1
function_43a9f0,保留原反编译函数体,76565,77386,1
function_43aa40,保留原反编译函数体,76606,77427,1
function_43ab00,保留原反编译函数体,76675,77496,1
function_43ab60,保留原反编译函数体,76686,77507,1
function_43abc0,保留原反编译函数体,76698,77519,1
function_43adc0,保留原反编译函数体,76820,77641,1
function_43ade0,保留原反编译函数体,76841,77662,1
function_43ae60,保留原反编译函数体,76856,77677,1
function_43af30,保留原反编译函数体,76877,77698,1
function_43afd0,保留原反编译函数体,76894,77715,1
function_43b060,保留原反编译函数体,76910,77731,1
function_43b0e0,保留原反编译函数体,76925,77746,1
function_43b150,保留原反编译函数体,76938,77759,1
function_43b1b0,保留原反编译函数体,76950,77771,1
function_43b2f0,保留原反编译函数体,77173,77994,1
function_43b380,保留原反编译函数体,77194,78015,1
function_43b410,保留原反编译函数体,77215,78036,1
function_43b6c0,保留原反编译函数体,77500,78321,1
function_43b6f0,保留原反编译函数体,77532,78353,1
function_43b790,保留原反编译函数体,77590,78411,1
function_43b7d0,保留原反编译函数体,77626,78447,1
function_43b800,保留原反编译函数体,77658,78479,1
function_43b840,保留原反编译函数体,77690,78511,1
function_43b900,保留原反编译函数体,77754,78575,1
function_43b980,保留原反编译函数体,77772,78593,1
function_43bab0,保留原反编译函数体,77878,78699,1
function_43bb50,保留原反编译函数体,78054,78875,1
function_43bba0,保留原反编译函数体,78085,78906,1
function_43bc20,保留原反编译函数体,78209,79030,1
function_43bcc0,保留原反编译函数体,78231,79052,1
function_43bdc0,保留原反编译函数体,78347,79168,1
function_43be50,保留原反编译函数体,78388,79209,1
function_43bf40,保留原反编译函数体,78471,79292,1
function_43bfc0,保留原反编译函数体,78548,79369,1
function_43c070,保留原反编译函数体,78569,79390,1
function_43c140,保留原反编译函数体,78647,79468,1
function_43c1b0,原版即为简单返回／空函数,78696,79517,1
function_43c1c0,原版即为简单返回／空函数,78704,79525,1
function_43c1d0,原版即为简单返回／空函数,78712,79533,1
function_43c1e0,保留原反编译函数体,78720,79541,1
function_43c210,保留原反编译函数体,78740,79561,1
function_43c220,保留原反编译函数体,78750,79571,1
function_43c2b0,保留原反编译函数体,78794,79615,2
function_43c530,保留原反编译函数体,78874,79695,1
function_43c690,保留原反编译函数体,78940,79761,1
function_43c6b0,已修改／替换的非空实现,78953,79774,1
function_43c860,未找到同名入口，待核对替代,78986,,0
function_43c8c0,保留原反编译函数体,79012,79832,1
function_43c920,保留原反编译函数体,79039,79859,1
function_43ca40,保留原反编译函数体,79089,79909,1
function_43cc00,保留原反编译函数体,79121,79941,1
function_43cec0,原版即为简单返回／空函数,79251,80071,1
function_43ced0,已修改／替换的非空实现,79257,80077,1
function_43cf20,已修改／替换的非空实现,79274,80095,2
function_43cf30,保留原反编译函数体,79280,80110,1
function_43d010,保留原反编译函数体,79314,80144,1
function_43d110,已修改／替换的非空实现,79341,80543,2
function_43d520,保留原反编译函数体,79714,80564,1
function_43d5a0,保留原反编译函数体,79744,80594,1
function_43d6b0,保留原反编译函数体,79807,80657,1
function_43d720,保留原反编译函数体,79841,80691,1
function_43d7b0,保留原反编译函数体,79865,80715,1
function_43d7d0,原版即为简单返回／空函数,79873,80723,1
function_43d7e0,保留原反编译函数体,79879,80729,1
function_43d810,保留原反编译函数体,79893,80743,1
function_43d870,保留原反编译函数体,79920,80770,1
function_43d880,保留原反编译函数体,79927,80777,1
function_43da40,保留原反编译函数体,79963,80813,1
function_43db10,已修改／替换的非空实现,80107,80957,1
function_43dd90,保留原反编译函数体,80446,81296,1
function_43dde0,保留原反编译函数体,80480,81330,1
function_43de30,保留原反编译函数体,80499,81349,1
function_43df10,保留原反编译函数体,80519,81369,1
function_43dfb0,保留原反编译函数体,80536,81386,1
function_43e100,保留原反编译函数体,80584,81434,1
function_43e110,保留原反编译函数体,80591,81441,1
function_43e1f0,保留原反编译函数体,80666,81516,1
function_43e320,原版即为简单返回／空函数,80748,81598,1
function_43e340,保留原反编译函数体,80754,81604,1
function_43e590,保留原反编译函数体,81024,81874,1
function_43e6a0,保留原反编译函数体,81070,81920,1
function_43e730,保留原反编译函数体,81087,81937,1
function_43e7aa,保留原反编译函数体,81108,81958,1
function_43e7c0,保留原反编译函数体,81117,81967,1
function_43e83a,保留原反编译函数体,81138,81988,1
function_43e850,保留原反编译函数体,81149,81999,1
function_43e860,原版即为简单返回／空函数,81156,82006,1
function_43e870,原版即为简单返回／空函数,81162,82012,1
function_43e880,保留原反编译函数体,81170,82020,1
function_43e890,已修改／替换的非空实现,81178,82028,1
function_43eb80,保留原反编译函数体,81295,82145,1
function_43ec30,保留原反编译函数体,81322,82172,1
function_43eda0,保留原反编译函数体,81358,82208,2
function_43f5a0,保留原反编译函数体,81620,82470,1
function_43f750,保留原反编译函数体,81687,82537,1
function_43f770,已修改／替换的非空实现,81700,82550,1
function_43fb00,已修改／替换的非空实现,81764,82614,1
function_43fbe0,保留原反编译函数体,81800,82650,1
function_43fc40,已修改／替换的非空实现,81825,82675,1
function_440180,保留原反编译函数体,82295,83145,1
function_440350,已修改／替换的非空实现,82357,83207,1
function_440390,保留原反编译函数体,82374,83217,1
function_440560,保留原反编译函数体,82495,83338,1
function_440710,已修改／替换的非空实现,82597,83440,1
function_440770,保留原反编译函数体,82612,83455,1
function_4407a0,保留原反编译函数体,82627,83470,1
function_440900,保留原反编译函数体,82839,83682,1
function_440910,已修改／替换的非空实现,82847,83690,1
function_440ca0,保留原反编译函数体,82978,83813,1
function_440de0,保留原反编译函数体,83008,83843,1
function_440df0,已修改／替换的非空实现,83022,83857,1
function_440e20,保留原反编译函数体,83035,83870,1
function_440e30,保留原反编译函数体,83042,83877,1
function_440e60,保留原反编译函数体,83062,83897,1
function_440e70,保留原反编译函数体,83069,83904,1
function_440e90,保留原反编译函数体,83077,83912,1
function_440ea0,保留原反编译函数体,83084,83919,1
function_440ed0,保留原反编译函数体,83093,83928,1
function_440ee0,保留原反编译函数体,83100,83935,1
function_440f10,保留原反编译函数体,83109,83944,1
function_440f20,保留原反编译函数体,83116,83951,1
function_440f50,保留原反编译函数体,83125,83960,1
function_440f60,保留原反编译函数体,83132,83967,1
function_440f90,保留原反编译函数体,83141,83976,1
function_440fa0,保留原反编译函数体,83148,83983,1
function_440fd0,保留原反编译函数体,83157,83992,1
function_440fe0,保留原反编译函数体,83164,83999,1
function_441010,保留原反编译函数体,83173,84008,1
function_441020,保留原反编译函数体,83180,84015,1
function_441040,保留原反编译函数体,83188,84023,1
function_441050,保留原反编译函数体,83195,84030,1
function_441070,保留原反编译函数体,83203,84038,1
function_441080,保留原反编译函数体,83210,84045,1
function_441090,保留原反编译函数体,83218,84053,1
function_4410a0,保留原反编译函数体,83225,84060,1
function_4410b0,保留原反编译函数体,83232,84067,1
function_4410c0,已修改／替换的非空实现,83239,84074,1
function_441250,保留原反编译函数体,83395,84230,1
function_4413a0,保留原反编译函数体,83551,84386,1
function_441660,原版即为简单返回／空函数,83681,84516,1
function_441670,已修改／替换的非空实现,83687,84522,1
function_4416c0,原版即为简单返回／空函数,83704,84539,1
function_4416d0,保留原反编译函数体,83710,84545,1
function_4417a0,保留原反编译函数体,83733,84568,1
function_4418a0,保留原反编译函数体,83758,84593,1
function_441cb0,保留原反编译函数体,84131,84966,1
function_441df0,保留原反编译函数体,84441,85276,1
function_441e80,保留原反编译函数体,84563,85398,1
function_441ed0,保留原反编译函数体,84602,85437,1
function_442040,保留原反编译函数体,84673,85508,1
function_4420f0,保留原反编译函数体,84706,85541,1
function_442110,保留原反编译函数体,84716,85551,1
function_4422e0,保留原反编译函数体,84787,85622,1
function_442300,保留原反编译函数体,84798,85633,1
function_442430,保留原反编译函数体,84956,85791,1
function_442480,保留原反编译函数体,84978,85813,1
function_4424b0,保留原反编译函数体,85003,85838,1
function_4424f0,保留原反编译函数体,85030,85865,1
function_442570,保留原反编译函数体,85060,85895,1
function_442680,保留原反编译函数体,85123,85958,1
function_4426f0,保留原反编译函数体,85157,85992,1
function_442780,保留原反编译函数体,85183,86018,1
function_4427a0,原版即为简单返回／空函数,85193,86028,1
function_4427b0,保留原反编译函数体,85199,86034,1
function_4427e0,保留原反编译函数体,85211,86046,1
function_442840,保留原反编译函数体,85237,86072,1
function_4428b0,保留原反编译函数体,85266,86101,1
function_442900,保留原反编译函数体,85291,86126,1
function_442930,保留原反编译函数体,85311,86146,1
function_4429d0,保留原反编译函数体,85351,86186,1
function_442bd0,保留原反编译函数体,85498,86333,1
function_442d20,保留原反编译函数体,85605,86440,1
function_442da0,保留原反编译函数体,85687,86522,1
function_442db0,保留原反编译函数体,85694,86529,1
function_442f70,保留原反编译函数体,85730,86565,1
function_442fb0,已修改／替换的非空实现,85751,86586,1
function_442fe0,保留原反编译函数体,85761,86596,1
function_4430e0,保留原反编译函数体,85811,86646,1
function_443140,保留原反编译函数体,85835,86670,1
function_443170,保留原反编译函数体,85851,86686,1
function_443240,已修改／替换的非空实现,85995,86830,1
function_4434c0,保留原反编译函数体,86334,87169,1
function_443510,保留原反编译函数体,86368,87203,1
function_443560,保留原反编译函数体,86387,87222,1
function_443580,保留原反编译函数体,86408,87243,1
function_443660,保留原反编译函数体,86428,87263,1
function_443740,保留原反编译函数体,86448,87283,1
function_443820,保留原反编译函数体,86468,87303,1
function_4438a0,保留原反编译函数体,86485,87320,1
function_443920,保留原反编译函数体,86502,87337,1
function_4439a0,保留原反编译函数体,86516,87351,1
function_443a40,保留原反编译函数体,86533,87368,1
function_443b80,保留原反编译函数体,86579,87414,1
function_443cc0,保留原反编译函数体,86625,87460,1
function_443e00,保留原反编译函数体,86671,87506,1
function_443f50,保留原反编译函数体,86717,87552,1
function_444000,原版即为简单返回／空函数,86779,87614,1
function_444090,保留原反编译函数体,86785,87620,1
function_444120,保留原反编译函数体,86793,87628,1
function_4441b0,保留原反编译函数体,86813,87648,1
function_444290,保留原反编译函数体,86888,87723,1
function_4443c0,保留原反编译函数体,86970,87805,1
function_444430,保留原反编译函数体,86985,87820,1
function_444487,保留原反编译函数体,86994,87829,1
function_44449a,保留原反编译函数体,87003,87838,1
function_4444c0,保留原反编译函数体,87013,87848,1
function_44451b,保留原反编译函数体,87023,87858,1
function_44452e,保留原反编译函数体,87032,87867,1
function_444550,保留原反编译函数体,87042,87877,1
function_444570,已修改／替换的非空实现,87052,87887,1
function_4445fe,原版即为简单返回／空函数,87070,87905,1
function_444606,保留原反编译函数体,87076,87911,1
function_444630,原版即为简单返回／空函数,87086,87921,1
function_444650,保留原反编译函数体,87094,87929,1
function_4446a7,保留原反编译函数体,87103,87938,1
function_4446ba,保留原反编译函数体,87112,87947,1
function_4446e0,保留原反编译函数体,87120,87955,1
function_444930,保留原反编译函数体,87388,88223,1
function_4449c0,保留原反编译函数体,87405,88240,1
function_444a50,保留原反编译函数体,87426,88261,1
function_444ad0,保留原反编译函数体,87476,88311,1
function_444bf0,保留原反编译函数体,87530,88365,1
function_444e30,保留原反编译函数体,87656,88491,1
function_444f00,保留原反编译函数体,87687,88522,1
function_444fb0,保留原反编译函数体,87726,88561,1
function_4450f0,保留原反编译函数体,87751,88586,1
function_445220,原版即为简单返回／空函数,87877,88712,1
function_445230,保留原反编译函数体,87883,88718,1
function_445350,保留原反编译函数体,87924,88759,1
function_445410,保留原反编译函数体,87998,88833,1
function_445530,已修改／替换的非空实现,88090,88925,1
function_445580,保留原反编译函数体,88101,88943,1
function_4455e0,保留原反编译函数体,88112,88954,1
function_445650,保留原反编译函数体,88125,88967,1
function_4456c0,保留原反编译函数体,88139,88981,1
function_445730,未找到同名入口，待核对替代,88153,,0
function_445790,保留原反编译函数体,88165,88998,1
function_4457f0,保留原反编译函数体,88177,89010,1
function_445880,保留原反编译函数体,88198,89031,1
function_445910,保留原反编译函数体,88219,89052,1
function_4459a0,保留原反编译函数体,88240,89073,1
function_445a30,保留原反编译函数体,88261,89094,1
function_445b40,保留原反编译函数体,88355,89188,1
function_445ba0,保留原反编译函数体,88389,89222,1
function_445c50,保留原反编译函数体,88440,89273,1
function_445d40,保留原反编译函数体,88504,89337,1
function_445e90,保留原反编译函数体,88538,89371,1
function_445f50,保留原反编译函数体,88574,89407,1
function_445fb0,保留原反编译函数体,88597,89430,1
function_4460d0,保留原反编译函数体,88691,89524,1
function_4461b0,原版即为简单返回／空函数,88724,89557,1
function_4461c0,原版即为简单返回／空函数,88732,89565,1
function_4461d0,保留原反编译函数体,88740,89573,1
function_446210,保留原反编译函数体,88764,89597,1
function_446220,已修改／替换的非空实现,88774,89607,1
function_4462c0,保留原反编译函数体,88806,89639,1
function_446370,已修改／替换的非空实现,88864,89697,1
function_446520,保留原反编译函数体,88897,89730,1
function_4467e0,保留原反编译函数体,88988,89821,1
function_446920,保留原反编译函数体,89075,89908,1
function_446a30,保留原反编译函数体,89123,89956,1
function_446a90,保留原反编译函数体,89153,89986,1
function_446af0,保留原反编译函数体,89180,90013,1
function_446b70,保留原反编译函数体,89203,90036,1
function_446bd0,已修改／替换的非空实现,89214,90047,1
function_447050,保留原反编译函数体,89535,90368,1
function_447080,保留原反编译函数体,89556,90389,1
function_447340,原版即为简单返回／空函数,89686,90519,1
function_447350,已修改／替换的非空实现,89692,90525,1
function_4473a0,原版即为简单返回／空函数,89709,90542,1
function_4473b0,保留原反编译函数体,89715,90548,1
function_447470,保留原反编译函数体,89738,90571,1
function_447570,保留原反编译函数体,89763,90596,1
function_447980,保留原反编译函数体,90136,90969,1
function_447a00,保留原反编译函数体,90166,90999,1
function_447b20,保留原反编译函数体,90225,91058,1
function_447b90,保留原反编译函数体,90259,91092,1
function_447bb0,原版即为简单返回／空函数,90269,91102,1
function_447bc0,保留原反编译函数体,90275,91108,1
function_447bf0,保留原反编译函数体,90287,91120,1
function_447c50,保留原反编译函数体,90299,91132,1
function_447c60,保留原反编译函数体,90308,91141,1
function_447cf0,保留原反编译函数体,90332,91165,1
function_447dc0,保留原反编译函数体,90476,91309,1
function_447f80,已修改／替换的非空实现,90512,91345,1
function_448200,保留原反编译函数体,90851,91684,1
function_448250,保留原反编译函数体,90885,91718,1
function_4482a0,保留原反编译函数体,90904,91737,1
function_4483e0,保留原反编译函数体,90950,91783,1
function_448520,保留原反编译函数体,90996,91829,1
function_448670,保留原反编译函数体,91042,91875,1
function_448750,保留原反编译函数体,91062,91895,1
function_448830,保留原反编译函数体,91082,91915,1
function_448910,保留原反编译函数体,91102,91935,1
function_4489b0,保留原反编译函数体,91119,91952,1
function_448a90,保留原反编译函数体,91194,92027,1
function_448bc0,已修改／替换的非空实现,91278,92111,1
function_448c7b,原版即为简单返回／空函数,91301,92134,1
function_448c83,保留原反编译函数体,91307,92140,1
function_448cb0,保留原反编译函数体,91315,92148,1
function_448f00,保留原反编译函数体,91585,92418,1
function_449040,保留原反编译函数体,91639,92472,1
function_4490d0,保留原反编译函数体,91660,92493,1
function_449160,保留原反编译函数体,91681,92514,1
function_4491f0,保留原反编译函数体,91702,92535,1
function_449269,保留原反编译函数体,91723,92556,1
function_449300,原版即为简单返回／空函数,91743,92576,1
function_449310,原版即为简单返回／空函数,91751,92584,1
function_449320,保留原反编译函数体,91759,92592,1
function_449360,保留原反编译函数体,91776,92609,1
function_4493f0,已修改／替换的非空实现,91802,92635,1
function_4495a0,保留原反编译函数体,91835,92668,1
function_449860,保留原反编译函数体,91926,92759,1
function_4499a0,保留原反编译函数体,92014,92847,1
function_449ab0,保留原反编译函数体,92062,92895,1
function_449b10,保留原反编译函数体,92092,92925,1
function_449b70,保留原反编译函数体,92119,92952,1
function_449c10,保留原反编译函数体,92148,92981,1
function_449c50,保留原反编译函数体,92166,92999,1
function_449f10,原版即为简单返回／空函数,92296,93129,1
function_449f20,已修改／替换的非空实现,92302,93135,1
function_449f70,原版即为简单返回／空函数,92319,93152,1
function_449f80,保留原反编译函数体,92325,93158,1
function_44a070,保留原反编译函数体,92358,93191,1
function_44a170,保留原反编译函数体,92385,93218,1
function_44a580,保留原反编译函数体,92758,93591,1
function_44a600,保留原反编译函数体,92788,93621,1
function_44a720,保留原反编译函数体,92847,93680,1
function_44a790,保留原反编译函数体,92879,93712,1
function_44a7b0,原版即为简单返回／空函数,92887,93720,1
function_44a7c0,保留原反编译函数体,92893,93726,1
function_44a7f0,保留原反编译函数体,92905,93738,1
function_44a800,保留原反编译函数体,92914,93747,1
function_44a890,保留原反编译函数体,92938,93771,1
function_44a960,保留原反编译函数体,93082,93915,1
function_44ab20,已修改／替换的非空实现,93118,93951,1
function_44ada0,保留原反编译函数体,93457,94290,1
function_44ae00,保留原反编译函数体,93516,94349,1
function_44ae50,保留原反编译函数体,93550,94383,1
function_44aea0,保留原反编译函数体,93569,94402,1
function_44afe0,保留原反编译函数体,93614,94447,1
function_44b120,保留原反编译函数体,93660,94493,1
function_44b270,保留原反编译函数体,93706,94539,1
function_44b350,保留原反编译函数体,93726,94559,1
function_44b430,保留原反编译函数体,93746,94579,1
function_44b510,保留原反编译函数体,93766,94599,1
function_44b5b0,保留原反编译函数体,93783,94616,1
function_44b690,保留原反编译函数体,93858,94691,1
function_44b7c0,保留原反编译函数体,93942,94775,1
function_44b7e0,原版即为简单返回／空函数,93951,94784,1
function_44b800,原版即为简单返回／空函数,93957,94790,1
function_44b820,原版即为简单返回／空函数,93963,94796,1
function_44b840,保留原反编译函数体,93969,94802,1
function_44ba90,保留原反编译函数体,94237,95070,1
function_44bb10,保留原反编译函数体,94248,95081,1
function_44bbc0,保留原反编译函数体,94268,95101,1
function_44bc50,保留原反编译函数体,94285,95118,1
function_44bce0,保留原反编译函数体,94306,95139,1
function_44be20,保留原反编译函数体,94360,95193,1
function_44beb0,保留原反编译函数体,94381,95214,1
function_44bf29,保留原反编译函数体,94402,95235,1
function_44bf50,保留原反编译函数体,94414,95247,1
function_44c050,已修改／替换的非空实现,94465,95298,1
function_44c140,保留原反编译函数体,94507,95340,1
function_44c1c0,保留原反编译函数体,94566,95399,1
function_44c2a0,已修改／替换的非空实现,94618,95451,1
function_44c350,保留原反编译函数体,94631,95464,1
function_44c5c0,保留原反编译函数体,94711,95544,1
function_44c700,保留原反编译函数体,94797,95630,1
function_44c810,保留原反编译函数体,94843,95676,1
function_44c870,保留原反编译函数体,94867,95700,1
function_44c8d0,保留原反编译函数体,94892,95725,1
function_44c990,已修改／替换的非空实现,94917,95750,1
function_44ca60,保留原反编译函数体,94951,95784,1
function_44cad0,已修改／替换的非空实现,94989,95822,1
function_44cbb0,保留原反编译函数体,95061,95894,1
function_44ce70,原版即为简单返回／空函数,95191,96024,1
function_44ce80,已修改／替换的非空实现,95197,96030,1
function_44ced0,原版即为简单返回／空函数,95214,96047,1
function_44cee0,保留原反编译函数体,95220,96053,1
function_44cfb0,保留原反编译函数体,95243,96076,1
function_44d0b0,保留原反编译函数体,95268,96101,1
function_44d4c0,保留原反编译函数体,95639,96472,1
function_44d550,保留原反编译函数体,95761,96594,1
function_44d5a0,保留原反编译函数体,95771,96604,1
function_44d670,保留原反编译函数体,95861,96694,1
function_44d730,保留原反编译函数体,95921,96754,1
function_44d7b0,保留原反编译函数体,95951,96784,1
function_44d8d0,保留原反编译函数体,96010,96843,1
function_44d940,保留原反编译函数体,96044,96877,1
function_44d960,原版即为简单返回／空函数,96054,96887,1
function_44d970,保留原反编译函数体,96060,96893,1
function_44d9a0,已修改／替换的非空实现,96074,96907,1
function_44daa0,保留原反编译函数体,96124,96957,1
function_44dab0,保留原反编译函数体,96133,96966,1
function_44db40,保留原反编译函数体,96157,96990,1
function_44dc10,保留原反编译函数体,96186,97019,1
function_44dda0,保留原反编译函数体,96363,97196,1
function_44df60,保留原反编译函数体,96399,97232,1
function_44dfc0,保留原反编译函数体,96451,97284,1
function_44e080,保留原反编译函数体,96596,97429,1
function_44e170,已修改／替换的非空实现,96692,97525,1
function_44e3f0,已修改／替换的非空实现,97031,97864,1
function_44e6e0,保留原反编译函数体,97435,98268,1
function_44e730,保留原反编译函数体,97469,98302,1
function_44e780,已修改／替换的非空实现,97488,193782,1
function_44e9d0,保留原反编译函数体,97607,98440,1
function_44eb10,保留原反编译函数体,97653,98486,1
function_44ec50,保留原反编译函数体,97699,98532,1
function_44ed30,保留原反编译函数体,97719,98552,1
function_44ee10,保留原反编译函数体,97739,98572,1
function_44eeb0,保留原反编译函数体,97756,98589,1
function_44ef90,保留原反编译函数体,97831,98664,1
function_44f0c0,原版即为简单返回／空函数,97913,98746,1
function_44f0e0,保留原反编译函数体,97919,98752,1
function_44f140,保留原反编译函数体,97933,98766,1
function_44f390,保留原反编译函数体,98201,99034,1
function_44f420,保留原反编译函数体,98218,99051,1
function_44f4b0,保留原反编译函数体,98239,99072,1
function_44f6f0,保留原反编译函数体,98336,99169,1
function_44f720,保留原反编译函数体,98365,99198,1
function_44f7ab,保留原反编译函数体,98386,99219,1
function_44f7b0,保留原反编译函数体,98393,99226,1
function_44f829,保留原反编译函数体,98414,99247,1
function_44f8d0,保留原反编译函数体,98436,99269,1
function_44f960,保留原反编译函数体,98455,99288,1
function_44f9c0,保留原反编译函数体,98468,99301,1
function_44fa90,保留原反编译函数体,98505,99338,1
function_44fb50,保留原反编译函数体,98650,99483,1
function_44fbe0,保留原反编译函数体,98700,99533,1
function_44fc83,原版即为简单返回／空函数,98718,99551,1
function_44fca0,保留原反编译函数体,98724,99557,1
function_44fcc0,保留原反编译函数体,98745,99578,1
function_44fd10,原版即为简单返回／空函数,98799,99632,1
function_44fd20,保留原反编译函数体,98805,99638,1
function_44fd30,保留原反编译函数体,98814,99647,1
function_44fd60,保留原反编译函数体,98827,99660,1
function_44fdd0,已修改／替换的非空实现,98842,99675,1
function_44fde0,已修改／替换的非空实现,98851,99684,1
function_44ff90,保留原反编译函数体,98931,99764,1
function_450020,已修改／替换的非空实现,98965,99798,1
function_450350,保留原反编译函数体,99310,99805,2
function_450950,未找到同名入口，待核对替代,99454,,0
function_450d80,已修改／替换的非空实现,99719,100223,1
function_450e30,未找到同名入口，待核对替代,99756,,0
function_450f30,已修改／替换的非空实现,99784,102621,2
function_451270,保留原反编译函数体,99940,102643,1
function_4513f0,保留原反编译函数体,100020,102723,1
function_4514a0,未找到同名入口，待核对替代,100049,,0
function_451590,已修改／替换的非空实现,100098,102907,1
function_4515a0,已修改／替换的非空实现,100105,102912,1
function_4515c0,已修改／替换的非空实现,100113,102917,1
function_4515f0,已修改／替换的非空实现,100121,102922,1
function_451610,已修改／替换的非空实现,100136,102927,1
function_451620,已修改／替换的非空实现,100144,102932,1
function_451630,已修改／替换的非空实现,100153,102937,1
function_451640,已修改／替换的非空实现,100162,102942,1
function_4517c0,已修改／替换的非空实现,100297,103066,1
function_4558b0,保留原反编译函数体,100324,103093,3
function_455ee0,保留原反编译函数体,100361,103130,3
function_451b70,已修改／替换的非空实现,100447,103216,1
function_451f30,保留原反编译函数体,100598,103367,1
function_451f80,已修改／替换的非空实现,100632,103401,1
function_452010,保留原反编译函数体,100651,103420,1
function_452020,已修改／替换的非空实现,100659,103428,1
function_452040,已修改／替换的非空实现,100672,103443,1
function_452150,已修改／替换的非空实现,100720,103528,1
function_452220,已修改／替换的非空实现,100742,103550,1
function_452270,保留原反编译函数体,100757,103565,1
function_4522c0,保留原反编译函数体,100773,103581,1
function_4522f0,已修改／替换的非空实现,100788,103941,1
function_4525d0,已修改／替换的非空实现,101041,104556,1
function_452ac0,保留原反编译函数体,101595,104741,1
function_452ad0,保留原反编译函数体,101607,104753,1
function_452ba0,保留原反编译函数体,101649,104795,1
function_452be0,保留原反编译函数体,101664,104810,1
function_452c20,已修改／替换的非空实现,101698,104847,1
function_452cf0,保留原反编译函数体,101750,104899,1
function_452d40,已修改／替换的非空实现,101783,104932,1
function_453030,保留原反编译函数体,102147,105296,1
function_4530a0,保留原反编译函数体,102183,105332,1
function_453120,保留原反编译函数体,102213,105362,1
function_453240,保留原反编译函数体,102272,105421,1
function_4532b0,保留原反编译函数体,102304,105453,1
function_4532d0,原版即为简单返回／空函数,102312,105461,1
function_4532e0,保留原反编译函数体,102318,105467,1
function_453360,保留原反编译函数体,102347,105496,1
function_4533e0,保留原反编译函数体,102377,105526,1
function_453440,保留原反编译函数体,102411,105560,1
function_4534a0,保留原反编译函数体,102430,105579,1
function_4534c0,保留原反编译函数体,102451,105600,1
function_4534e0,保留原反编译函数体,102472,105621,1
function_4534f0,保留原反编译函数体,102481,105630,1
function_453580,保留原反编译函数体,102507,105656,1
function_4535c0,保留原反编译函数体,102525,105674,1
function_4536b0,保留原反编译函数体,102568,105717,1
function_4537b0,保留原反编译函数体,102615,105764,1
function_4537d0,保留原反编译函数体,102633,105782,1
function_453880,保留原反编译函数体,102772,105921,1
function_4538e0,保留原反编译函数体,102824,105973,1
function_4539b0,保留原反编译函数体,102968,106117,1
function_453b70,保留原反编译函数体,103004,106153,1
function_453bd0,保留原反编译函数体,103028,106177,1
function_453c30,保留原反编译函数体,103052,106201,1
function_453c80,已修改／替换的非空实现,103089,106238,1
function_453f00,保留原反编译函数体,103428,106577,1
function_453f40,保留原反编译函数体,103459,106608,1
function_453f90,保留原反编译函数体,103493,106642,1
function_453fe0,保留原反编译函数体,103512,106661,1
function_454030,保留原反编译函数体,103564,106713,1
function_454110,保留原反编译函数体,103584,106733,1
function_4541f0,保留原反编译函数体,103604,106753,1
function_4542d0,保留原反编译函数体,103624,106773,1
function_4543b0,保留原反编译函数体,103644,106793,1
function_454490,保留原反编译函数体,103664,106813,1
function_454560,保留原反编译函数体,103739,106888,1
function_454640,保留原反编译函数体,103814,106963,1
function_454770,保留原反编译函数体,103896,107045,1
function_454950,保留原反编译函数体,104117,107266,1
function_454ba0,保留原反编译函数体,104385,107534,1
function_454c20,保留原反编译函数体,104414,107563,1
function_454c80,保留原反编译函数体,104425,107574,1
function_454cf0,保留原反编译函数体,104442,107591,1
function_454d60,保留原反编译函数体,104458,107607,1
function_454dd0,保留原反编译函数体,104474,107623,1
function_454e40,保留原反编译函数体,104492,107641,1
function_454ed0,保留原反编译函数体,104509,107658,1
function_454f80,保留原反编译函数体,104535,107684,1
function_455010,保留原反编译函数体,104554,107703,1
function_455090,保留原反编译函数体,104588,107737,1
function_4550d0,保留原反编译函数体,104622,107771,1
function_455180,保留原反编译函数体,104696,107845,1
function_455230,保留原反编译函数体,104735,107884,1
function_4552e0,未找到同名入口，待核对替代,104787,,0
function_455330,已修改／替换的非空实现,104797,107939,1
function_455390,保留原反编译函数体,104810,107990,1
function_4554b0,保留原反编译函数体,104839,108019,1
function_455520,保留原反编译函数体,104852,108032,1
function_4555a0,未找到同名入口，待核对替代,104867,,0
function_4556c0,保留原反编译函数体,104896,108050,1
function_455730,保留原反编译函数体,104909,108063,1
function_4557a0,保留原反编译函数体,104922,108076,1
function_4557d0,保留原反编译函数体,104954,108108,1
function_455880,已修改／替换的非空实现,105016,108170,1
function_455890,已修改／替换的非空实现,105024,108180,1
function_455990,保留原反编译函数体,105108,108274,1
function_455a20,保留原反编译函数体,105166,108332,1
function_455c40,保留原反编译函数体,105437,108603,1
function_455ce0,保留原反编译函数体,105514,108680,1
function_455d30,已修改／替换的非空实现,105534,108700,1
function_455dc0,保留原反编译函数体,105621,108788,1
function_455e40,已修改／替换的非空实现,105652,108895,1
function_455ec0,已修改／替换的非空实现,105669,108909,1
function_455f50,保留原反编译函数体,105710,108950,1
function_455fd0,保留原反编译函数体,105751,108991,1
function_456210,保留原反编译函数体,105973,109213,1
function_456260,保留原反编译函数体,105995,109235,1
function_456290,保留原反编译函数体,106014,109254,1
function_456310,保留原反编译函数体,106030,109270,1
function_456360,保留原反编译函数体,106060,109300,1
function_4563b0,保留原反编译函数体,106086,109326,1
function_456690,保留原反编译函数体,106283,109523,1
function_4567d0,保留原反编译函数体,106316,109556,1
function_456870,保留原反编译函数体,106445,109685,1
function_4569f0,保留原反编译函数体,106576,109816,1
function_456a00,保留原反编译函数体,106587,109827,1
function_456b30,保留原反编译函数体,106627,109867,1
function_456b60,保留原反编译函数体,106647,109887,1
function_456ca0,保留原反编译函数体,106754,109994,1
function_456d00,保留原反编译函数体,106782,110022,1
function_456f00,保留原反编译函数体,107046,110286,1
function_456f60,保留原反编译函数体,107075,110315,1
function_457110,保留原反编译函数体,107165,110405,1
function_457170,已修改／替换的非空实现,107187,110427,1
function_457260,保留原反编译函数体,107282,110522,1
function_457270,保留原反编译函数体,107289,110529,1
function_457280,保留原反编译函数体,107296,110536,1
function_457310,保留原反编译函数体,107346,110586,1
function_457500,保留原反编译函数体,107553,110793,1
function_457660,保留原反编译函数体,107671,110911,1
function_4576e0,保留原反编译函数体,107708,110948,1
function_457810,已修改／替换的非空实现,107907,111147,1
function_457a10,未找到同名入口，待核对替代,108073,,0
function_457a80,保留原反编译函数体,108140,111374,1
function_457ac0,保留原反编译函数体,108166,111400,1
function_457b40,保留原反编译函数体,108202,111436,1
function_457c40,保留原反编译函数体,108253,111487,1
function_457ca0,保留原反编译函数体,108280,111514,1
function_457cf0,保留原反编译函数体,108307,111541,1
function_457e30,保留原反编译函数体,108408,111642,1
function_457f00,保留原反编译函数体,108455,111689,1
function_457f60,保留原反编译函数体,108477,111711,1
function_457fc0,已修改／替换的非空实现,108505,111739,1
function_458090,已修改／替换的非空实现,108564,193790,1
function_458200,已修改／替换的非空实现,108717,193909,1
function_4582c0,保留原反编译函数体,108789,112022,1
function_458330,保留原反编译函数体,108818,112051,1
function_4583a0,已修改／替换的非空实现,108832,193953,1
function_4583f0,保留原反编译函数体,108864,112097,1
function_458410,保留原反编译函数体,108897,112130,1
function_458440,保留原反编译函数体,108925,112158,1
function_458570,原版即为简单返回／空函数,108988,112221,1
function_458580,原版即为简单返回／空函数,108994,112227,1
function_458590,保留原反编译函数体,109002,112235,1
function_4585c0,已修改／替换的非空实现,109020,112253,1
function_458710,保留原反编译函数体,109199,112434,1
function_4587d0,保留原反编译函数体,109236,112471,1
function_4588a0,保留原反编译函数体,109279,112514,1
function_458a20,保留原反编译函数体,109376,112611,1
function_459150,保留原反编译函数体,109824,113059,1
function_459360,保留原反编译函数体,109974,113209,1
function_459420,保留原反编译函数体,110008,113243,1
function_4594a0,保留原反编译函数体,110036,113271,1
function_4594d0,保留原反编译函数体,110053,113288,1
function_4594f0,已修改／替换的非空实现,110066,113301,1
function_4595e0,保留原反编译函数体,110089,113326,1
function_459690,原版即为简单返回／空函数,110113,113350,1
function_4596a0,原版即为简单返回／空函数,110121,113358,1
function_4596b0,保留原反编译函数体,110127,113364,1
function_459780,保留原反编译函数体,110165,113402,1
function_459800,保留原反编译函数体,110208,113445,1
function_459840,保留原反编译函数体,110237,113474,1
function_4598a0,保留原反编译函数体,110264,113501,1
function_459920,保留原反编译函数体,110299,113536,1
function_459980,保留原反编译函数体,110323,113560,1
function_4599e0,保留原反编译函数体,110388,113625,1
function_459a40,保留原反编译函数体,110453,113690,1
function_459b40,原版即为简单返回／空函数,110547,113784,1
function_459b50,保留原反编译函数体,110555,113792,1
function_459bc0,保留原反编译函数体,110589,113826,1
function_459d00,保留原反编译函数体,110689,113926,1
function_459e90,保留原反编译函数体,110819,114056,1
function_459ec0,保留原反编译函数体,110850,114087,1
function_459f00,保留原反编译函数体,110872,114109,1
function_459fa0,保留原反编译函数体,110889,114126,1
function_459fe0,保留原反编译函数体,110909,114146,1
function_45a080,保留原反编译函数体,110928,114165,1
function_45a0a0,保留原反编译函数体,110941,114178,1
function_45a150,保留原反编译函数体,110958,114195,1
function_45a190,保留原反编译函数体,110978,114215,1
function_45a230,保留原反编译函数体,110997,114234,1
function_45a250,保留原反编译函数体,111012,114249,1
function_45a2f0,保留原反编译函数体,111029,114266,1
function_45a320,保留原反编译函数体,111047,114284,1
function_45a3c0,保留原反编译函数体,111066,114303,1
function_45a3e0,保留原反编译函数体,111079,114316,1
function_45a490,保留原反编译函数体,111096,114333,1
function_45a4c0,保留原反编译函数体,111113,114350,1
function_45a560,保留原反编译函数体,111132,114369,1
function_45a590,保留原反编译函数体,111153,114390,1
function_45a630,保留原反编译函数体,111170,114407,1
function_45a650,保留原反编译函数体,111181,114418,1
function_45a700,保留原反编译函数体,111200,114437,1
function_45a740,保留原反编译函数体,111229,114466,1
function_45a770,保留原反编译函数体,111245,114482,1
function_45a780,保留原反编译函数体,111254,114491,1
function_45a7b0,保留原反编译函数体,111272,114509,1
function_45a810,保留原反编译函数体,111298,114535,1
function_45a870,保留原反编译函数体,111327,114564,1
function_45a8d0,保留原反编译函数体,111355,114592,1
function_45a940,保留原反编译函数体,111387,114624,1
function_45a9a0,保留原反编译函数体,111416,114653,1
function_45aa00,保留原反编译函数体,111445,114682,1
function_45aa60,保留原反编译函数体,111474,114711,1
function_45aac0,保留原反编译函数体,111503,114740,1
function_45ab20,保留原反编译函数体,111530,114767,1
function_45ab70,保留原反编译函数体,111546,114783,1
function_45bb10,保留原反编译函数体,111571,114808,3
function_45ac00,保留原反编译函数体,111581,114818,1
function_45ac90,已修改／替换的非空实现,111624,114861,1
function_45ade0,已修改／替换的非空实现,111701,114938,1
function_45ae60,保留原反编译函数体,111735,114972,1
function_45ae70,保留原反编译函数体,111745,114982,1
function_45aea0,保留原反编译函数体,111758,114995,1
function_45aed0,保留原反编译函数体,111771,115008,1
function_45af50,保留原反编译函数体,111806,115043,1
function_45b0b0,保留原反编译函数体,111842,115079,1
function_45b140,已修改／替换的非空实现,111856,115093,1
function_45b1d0,保留原反编译函数体,111932,115169,1
function_45b220,保留原反编译函数体,111981,115218,1
function_45b2e0,已修改／替换的非空实现,112024,115261,1
function_45b460,保留原反编译函数体,112111,115348,1
function_45b560,保留原反编译函数体,112201,115438,1
function_45b5b0,保留原反编译函数体,112217,115454,1
function_45b640,保留原反编译函数体,112253,115490,1
function_45b6d0,已修改／替换的非空实现,112296,115533,1
function_45b820,已修改／替换的非空实现,112373,115610,1
function_45b8a0,保留原反编译函数体,112407,115644,1
function_45b8b0,已修改／替换的非空实现,112415,115652,1
function_45bb60,保留原反编译函数体,112539,115776,1
function_45bb90,保留原反编译函数体,112552,115789,1
function_45bbc0,保留原反编译函数体,112565,115802,1
function_45bc30,保留原反编译函数体,112597,115834,1
function_45bc40,保留原反编译函数体,112610,115847,1
function_45bd00,已修改／替换的非空实现,112635,115872,1
function_45bd80,已修改／替换的非空实现,112679,115916,1
function_45be30,保留原反编译函数体,112724,115961,1
function_45bee0,保留原反编译函数体,112805,116042,1
function_45c030,保留原反编译函数体,112912,116149,1
function_45c070,保留原反编译函数体,112935,116172,1
function_45c090,保留原反编译函数体,112952,116189,1
function_45c0f0,保留原反编译函数体,112984,116221,1
function_45c200,保留原反编译函数体,113096,116333,1
function_45c260,保留原反编译函数体,113111,116348,1
function_45c300,保留原反编译函数体,113174,116411,1
function_45c340,保留原反编译函数体,113188,116425,1
function_45c360,保留原反编译函数体,113201,116438,1
function_45c390,保留原反编译函数体,113220,116457,1
function_45c4e0,保留原反编译函数体,113333,116570,1
function_45c500,保留原反编译函数体,113348,116585,1
function_45c560,原版即为简单返回／空函数,113384,116621,1
function_45c590,保留原反编译函数体,113392,116629,1
function_45c620,保留原反编译函数体,113408,116645,1
function_45c680,保留原反编译函数体,113417,116654,1
function_45c6e0,保留原反编译函数体,113429,116666,1
function_45c770,保留原反编译函数体,113441,116678,1
function_45c780,保留原反编译函数体,113452,116689,1
function_45c7a0,保留原反编译函数体,113469,116706,1
function_45c830,原版即为简单返回／空函数,113479,116716,1
function_45c8b0,保留原反编译函数体,113487,116724,1
function_45c8d0,保留原反编译函数体,113503,116740,1
function_45c920,保留原反编译函数体,113533,116770,1
function_45c930,保留原反编译函数体,113542,116779,1
function_45ca20,保留原反编译函数体,113601,116838,1
function_45ca30,保留原反编译函数体,113610,116847,1
function_45cac0,保留原反编译函数体,113652,116889,1
function_45cb20,保留原反编译函数体,113682,116919,1
function_45cc60,已修改／替换的非空实现,113759,116996,1
function_45cd50,保留原反编译函数体,113782,117021,1
function_45ce00,保留原反编译函数体,113806,117045,1
function_45d120,原版即为简单返回／空函数,113907,117146,1
function_45d240,保留原反编译函数体,113915,117154,1
function_45d2f0,已修改／替换的非空实现,113979,117218,1
function_45d530,保留原反编译函数体,114077,117316,1
function_45d5a0,保留原反编译函数体,114096,117335,1
function_45d5f0,已修改／替换的非空实现,114114,117353,1
function_45d740,已修改／替换的非空实现,114191,117430,1
function_45d7c0,保留原反编译函数体,114225,117464,1
function_45d7d0,保留原反编译函数体,114233,117472,1
function_45d800,保留原反编译函数体,114246,117485,1
function_45d830,保留原反编译函数体,114259,117498,1
function_45d890,保留原反编译函数体,114295,117534,1
function_45d8e0,保留原反编译函数体,114327,117566,1
function_45d960,已修改／替换的非空实现,114362,117601,1
function_45d970,已修改／替换的非空实现,114369,117619,1
function_45d9a0,保留原反编译函数体,114382,117624,1
function_45d9c0,保留原反编译函数体,114393,117635,1
function_45d9f0,已修改／替换的非空实现,114406,117648,1
function_45da00,已修改／替换的非空实现,114416,117663,1
function_45da40,原版即为简单返回／空函数,114428,117679,1
function_45da50,已修改／替换的非空实现,114436,117687,1
function_45dac0,已修改／替换的非空实现,114450,117702,1
function_45db10,保留原反编译函数体,114473,117737,1
function_45db30,未找到同名入口，待核对替代,114495,,0
function_45db90,保留原反编译函数体,114505,117760,1
function_45dbc0,未找到同名入口，待核对替代,114515,,0
function_45dbd0,未找到同名入口，待核对替代,114524,,0
function_45de70,已修改／替换的非空实现,114842,117772,1
function_45de90,保留原反编译函数体,114850,117777,1
function_45df10,已修改／替换的非空实现,114905,117853,1
function_45dfb0,已修改／替换的非空实现,114922,117869,1
function_45e020,未找到同名入口，待核对替代,114950,,0
function_45e0e0,保留原反编译函数体,114984,117875,1
function_45e120,保留原反编译函数体,115014,117905,1
function_45e270,已修改／替换的非空实现,115083,117974,1
function_45e300,已修改／替换的非空实现,115106,118001,1
function_45e410,已修改／替换的非空实现,115146,118048,1
function_45e460,已修改／替换的非空实现,115163,118119,2
function_45e5e0,未找到同名入口，待核对替代,115244,,0
function_45eb00,未找到同名入口，待核对替代,115421,,0
function_45ec60,已修改／替换的非空实现,115468,120517,1
function_45f0c0,保留原反编译函数体,115869,118345,1
function_45f0f0,保留原反编译函数体,115882,118358,1
function_45f350,保留原反编译函数体,116027,118503,1
function_45f3b0,保留原反编译函数体,116075,118551,1
function_45f3e0,已修改／替换的非空实现,116082,118558,1
function_45f4f0,未找到同名入口，待核对替代,116121,,0
function_45f560,未找到同名入口，待核对替代,116137,,0
function_48a7d0,已修改／替换的非空实现,116140,101463,2
function_45f5a0,未找到同名入口，待核对替代,116149,,0
function_48a830,未找到同名入口，待核对替代,116152,,0
function_45f5e0,未找到同名入口，待核对替代,116161,,0
function_45f640,未找到同名入口，待核对替代,116181,,0
function_45f760,未找到同名入口，待核对替代,116238,,0
function_45f780,未找到同名入口，待核对替代,116247,,0
function_45f7a0,未找到同名入口，待核对替代,116255,,0
function_45f7e0,未找到同名入口，待核对替代,116264,,0
function_45f800,未找到同名入口，待核对替代,116272,,0
function_45f810,未找到同名入口，待核对替代,116279,,0
function_45f820,未找到同名入口，待核对替代,116286,,0
function_45f850,未找到同名入口，待核对替代,116293,,0
function_45f8c0,未找到同名入口，待核对替代,116320,,0
function_45f9d0,未找到同名入口，待核对替代,116344,,0
function_45fab0,未找到同名入口，待核对替代,116402,,0
function_4aa080,未找到同名入口，待核对替代,116437,,0
function_45fb90,未找到同名入口，待核对替代,116446,,0
function_45fcd0,未找到同名入口，待核对替代,116478,,0
function_45fd80,未找到同名入口，待核对替代,116498,,0
function_45fe80,未找到同名入口，待核对替代,116529,,0
function_45ff80,保留原反编译函数体,116572,118641,1
function_45ff90,原版即为简单返回／空函数,116579,118648,1
function_45ffa0,保留原反编译函数体,116585,118654,1
function_45ffb0,原版即为简单返回／空函数,116594,118663,1
function_45ffc0,保留原反编译函数体,116600,118669,1
function_45ffd0,原版即为简单返回／空函数,116607,118676,1
function_45ffe0,保留原反编译函数体,116613,118682,1
function_460540,未找到同名入口，待核对替代,116795,,0
function_4606d0,已修改／替换的非空实现,116864,118872,2
function_4607e0,未找到同名入口，待核对替代,116926,,0
function_460900,原版即为简单返回／空函数,116967,118933,1
function_460920,未找到同名入口，待核对替代,116973,,0
function_4609c0,未找到同名入口，待核对替代,116995,,0
function_460a60,未找到同名入口，待核对替代,117017,,0
function_460b00,未找到同名入口，待核对替代,117039,,0
function_460b50,未找到同名入口，待核对替代,117052,,0
function_460bc0,未找到同名入口，待核对替代,117067,,0
function_460c10,未找到同名入口，待核对替代,117081,,0
function_460c70,未找到同名入口，待核对替代,117095,,0
function_460cc0,未找到同名入口，待核对替代,117109,,0
function_460d10,未找到同名入口，待核对替代,117123,,0
function_460de0,原版即为简单返回／空函数,117164,118969,1
function_460e00,已修改／替换的非空实现,117170,118975,1
function_462250,保留原反编译函数体,117918,119669,1
function_462280,未找到同名入口，待核对替代,117934,,0
function_462480,保留原反编译函数体,118101,119690,1
function_4624a0,保留原反编译函数体,118115,119704,1
function_4624c0,保留原反编译函数体,118133,119722,1
function_4624e0,保留原反编译函数体,118151,119740,1
function_462530,保留原反编译函数体,118203,119792,1
function_462550,保留原反编译函数体,118221,119810,1
function_4625a0,保留原反编译函数体,118273,119862,1
function_462600,保留原反编译函数体,118300,119889,1
function_4627c0,未找到同名入口，待核对替代,118453,,0
function_462810,保留原反编译函数体,118500,121176,1
function_462870,保留原反编译函数体,118538,121214,1
function_4628b0,保留原反编译函数体,118551,121227,1
function_462910,保留原反编译函数体,118573,121249,1
function_462970,保留原反编译函数体,118611,121287,1
function_4629d0,保留原反编译函数体,118649,121325,1
function_4629f0,保留原反编译函数体,118668,121344,1
function_462a20,保留原反编译函数体,118689,121365,1
function_462b10,保留原反编译函数体,118765,121441,1
function_462bf0,保留原反编译函数体,118840,121516,1
function_462ce0,已修改／替换的非空实现,118915,121610,1
function_462e3e,未找到同名入口，待核对替代,118973,,0
function_462e80,已修改／替换的非空实现,118987,121633,1
function_462f30,已修改／替换的非空实现,119094,121663,1
function_462f80,保留原反编译函数体,119138,121668,1
function_462fe0,保留原反编译函数体,119176,121706,1
function_463210,保留原反编译函数体,119439,121969,1
function_463280,已修改／替换的非空实现,119474,122039,1
function_4634d0,已修改／替换的非空实现,119761,122326,1
function_463510,保留原反编译函数体,119792,122331,1
function_463580,保留原反编译函数体,119806,122345,1
function_4635e0,保留原反编译函数体,119878,122417,1
function_463610,保留原反编译函数体,119906,122445,1
function_463690,已修改／替换的非空实现,119959,122699,1
function_4636e0,保留原反编译函数体,120004,122744,1
function_463730,已修改／替换的非空实现,120049,122789,1
function_463800,未找到同名入口，待核对替代,120233,,0
function_463820,保留原反编译函数体,120243,122840,1
function_4638b0,保留原反编译函数体,120268,122865,1
function_4638f0,保留原反编译函数体,120277,122874,1
function_4639f0,保留原反编译函数体,120344,122941,1
function_463af0,未找到同名入口，待核对替代,120410,,0
function_463b40,未找到同名入口，待核对替代,120429,,0
function_463cf0,已修改／替换的非空实现,120505,123128,1
function_463d40,已修改／替换的非空实现,120520,123134,1
function_463e60,已修改／替换的非空实现,120667,123281,1
function_4641d0,已修改／替换的非空实现,121106,123328,1
function_4645b0,保留原反编译函数体,121378,123338,1
function_4645f0,保留原反编译函数体,121416,123376,1
function_4646f0,保留原反编译函数体,121479,123439,1
function_464790,保留原反编译函数体,121516,123476,1
function_464870,保留原反编译函数体,121565,123525,1
function_4648b0,保留原反编译函数体,121586,123546,1
function_464c90,保留原反编译函数体,121729,123689,1
function_464d90,已修改／替换的非空实现,121767,123727,1
function_464e20,已修改／替换的非空实现,121775,123732,1
function_464f80,已修改／替换的非空实现,121924,124400,1
function_465f70,已修改／替换的非空实现,123295,124410,1
function_466050,已修改／替换的非空实现,123444,124415,1
function_466090,已修改／替换的非空实现,123465,124467,1
function_4660c0,已修改／替换的非空实现,123484,124501,1
function_466100,已修改／替换的非空实现,123512,124543,1
function_466270,已修改／替换的非空实现,123600,124642,1
function_466320,保留原反编译函数体,123626,124678,1
function_4663c0,未找到同名入口，待核对替代,123669,,0
function_466470,未找到同名入口，待核对替代,123689,,0
function_466490,未找到同名入口，待核对替代,123702,,0
function_4664a0,保留原反编译函数体,123709,124725,1
function_466540,原版即为简单返回／空函数,123744,124760,1
function_466560,未找到同名入口，待核对替代,123750,,0
function_4665d0,原版即为简单返回／空函数,123763,124769,1
function_4665e0,未找到同名入口，待核对替代,123769,,0
function_466770,已修改／替换的非空实现,123838,124869,1
function_466890,已修改／替换的非空实现,123879,124911,1
function_466900,已修改／替换的非空实现,123894,124951,1
function_4669d0,已修改／替换的非空实现,123935,124959,1
function_466e20,保留原反编译函数体,124101,125137,1
function_4674b0,保留原反编译函数体,124120,125156,1
function_4677c0,保留原反编译函数体,124240,125276,1
function_467cd0,保留原反编译函数体,124526,125562,1
function_4681e0,未找到同名入口，待核对替代,124804,,0
function_4682a0,已修改／替换的非空实现,124915,125904,1
function_4683c0,保留原反编译函数体,125155,125911,1
function_468440,保留原反编译函数体,125228,125984,1
function_4684a0,保留原反编译函数体,125250,126006,1
function_468540,保留原反编译函数体,125359,126115,1
function_468580,保留原反编译函数体,125403,126159,1
function_468620,已修改／替换的非空实现,125532,126288,1
function_468790,保留原反编译函数体,125695,126388,1
function_4687d0,保留原反编译函数体,125728,126421,1
function_46889b,保留原反编译函数体,125779,126472,1
function_468950,保留原反编译函数体,125838,126531,1
function_4689d0,已修改／替换的非空实现,125869,126587,1
function_4693a0,已修改／替换的非空实现,126983,127727,1
function_469620,未找到同名入口，待核对替代,127182,,0
function_469640,已修改／替换的非空实现,127189,127818,1
function_469680,已修改／替换的非空实现,127200,127854,1
function_4696b0,已修改／替换的非空实现,127210,127866,1
function_469700,已修改／替换的非空实现,127219,127882,1
function_469710,已修改／替换的非空实现,127225,127890,1
function_469740,原版即为简单返回／空函数,127231,127898,1
function_469750,原版即为简单返回／空函数,127237,127904,1
function_469780,已修改／替换的非空实现,127243,127910,1
function_4697a0,原版即为简单返回／空函数,127249,127919,1
function_4697c0,已修改／替换的非空实现,127255,127925,1
function_4697e0,已修改／替换的非空实现,127261,127930,1
function_469820,原版即为简单返回／空函数,127267,127937,1
function_469840,已修改／替换的非空实现,127273,127943,1
function_469860,已修改／替换的非空实现,127279,127960,1
function_469870,已修改／替换的非空实现,127285,127967,1
function_469880,原版即为简单返回／空函数,127291,127975,1
function_4698a0,原版即为简单返回／空函数,127297,127981,1
function_4698c0,保留原反编译函数体,127303,127987,1
function_4698d0,保留原反编译函数体,127311,127995,1
function_469900,已修改／替换的非空实现,127324,128008,1
function_4699bf,未找到同名入口，待核对替代,127360,,0
function_469a03,保留原反编译函数体,127376,128076,1
function_469a20,已修改／替换的非空实现,127382,128085,1
function_469b30,保留原反编译函数体,127414,128138,1
function_469b40,已修改／替换的非空实现,127423,128147,1
function_469d10,已修改／替换的非空实现,127460,128195,1
function_469dd0,已修改／替换的非空实现,127481,128216,1
function_469ed0,保留原反编译函数体,127502,128229,1
function_469ef0,已修改／替换的非空实现,127522,128249,1
function_46a140,已修改／替换的非空实现,127809,128536,1
function_46a1d0,已修改／替换的非空实现,127844,128591,1
function_46a210,已修改／替换的非空实现,127870,128609,1
function_46a260,保留原反编译函数体,127886,128639,1
function_46a2d0,未找到同名入口，待核对替代,127980,,0
function_46a380,保留原反编译函数体,128015,128906,1
function_46a390,已修改／替换的非空实现,128025,128916,1
function_46a450,保留原反编译函数体,128060,128951,1
function_46a550,保留原反编译函数体,128172,129063,1
function_46a580,保留原反编译函数体,128185,129076,1
function_46a5b0,保留原反编译函数体,128210,129101,1
function_46a650,保留原反编译函数体,128349,129240,1
function_46a6f0,未找到同名入口，待核对替代,128490,,0
function_46a7a0,保留原反编译函数体,128540,129414,1
function_46a7e0,保留原反编译函数体,128552,129426,1
function_46a830,已修改／替换的非空实现,128568,129469,1
function_46a9c0,保留原反编译函数体,128764,129674,1
function_46aa60,未找到同名入口，待核对替代,128812,,0
function_46aae0,保留原反编译函数体,128839,129765,1
function_46ab10,未找到同名入口，待核对替代,128854,,0
function_46acb0,保留原反编译函数体,128965,129975,1
function_46acf0,保留原反编译函数体,129010,130020,1
function_46ad50,保留原反编译函数体,129023,130033,1
function_46afa0,保留原反编译函数体,129133,130047,1
function_46b080,保留原反编译函数体,129202,130116,1
function_46b420,保留原反编译函数体,129494,130408,1
function_46b450,保留原反编译函数体,129506,130420,1
function_48a8d0,保留原反编译函数体,129509,130423,1
function_46b490,未找到同名入口，待核对替代,129518,,0
function_46b500,未找到同名入口，待核对替代,129545,,0
function_46b610,未找到同名入口，待核对替代,129633,,0
function_46b6f0,未找到同名入口，待核对替代,129694,,0
function_46b7c0,已修改／替换的非空实现,129757,130445,1
function_46b880,已修改／替换的非空实现,129790,130470,1
function_46b9a0,已修改／替换的非空实现,129843,130516,1
function_46bbe0,已修改／替换的非空实现,129875,130600,1
function_46bc90,已修改／替换的非空实现,129908,130633,1
function_46be40,已修改／替换的非空实现,130032,130672,1
function_46bea0,保留原反编译函数体,130054,130694,1
function_46bf00,保留原反编译函数体,130076,130716,1
function_46bf60,保留原反编译函数体,130104,130744,2
function_46bfc0,保留原反编译函数体,130135,130775,1
function_46bff0,保留原反编译函数体,130159,130799,1
function_46c040,保留原反编译函数体,130193,130833,1
function_46c0f0,保留原反编译函数体,130219,130859,1
function_46c1a0,保留原反编译函数体,130298,130938,1
function_46c220,保留原反编译函数体,130343,130983,1
function_46c3d0,保留原反编译函数体,130496,131136,1
function_46c400,保留原反编译函数体,130510,131150,1
function_46c4e0,保留原反编译函数体,130550,131190,1
function_46c570,保留原反编译函数体,130557,131197,1
function_46c600,未找到同名入口，待核对替代,130579,,0
function_46c840,保留原反编译函数体,130762,131220,1
function_46c8b0,保留原反编译函数体,130796,131254,1
function_46c9e0,已修改／替换的非空实现,130972,131430,1
function_46cbb0,保留原反编译函数体,131122,131582,1
function_46cd90,保留原反编译函数体,131252,131712,1
function_46ce40,原版即为简单返回／空函数,131312,131772,1
function_46ce70,未找到同名入口，待核对替代,131318,,0
function_46cec0,未找到同名入口，待核对替代,131330,,0
function_46cf10,未找到同名入口，待核对替代,131342,,0
function_46cf60,未找到同名入口，待核对替代,131354,,0
function_46cfb0,未找到同名入口，待核对替代,131366,,0
function_46d080,保留原反编译函数体,131397,131795,1
function_46d130,保留原反编译函数体,131448,131846,1
function_46d190,保留原反编译函数体,131481,131879,1
function_46d2a0,保留原反编译函数体,131534,131932,1
function_46d400,保留原反编译函数体,131651,132049,1
function_46d460,未找到同名入口，待核对替代,131683,,0
function_46d6d0,保留原反编译函数体,131854,132082,1
function_46d750,保留原反编译函数体,131884,132112,1
function_46d8b0,未找到同名入口，待核对替代,131937,,0
function_46d950,已修改／替换的非空实现,131956,132168,1
function_46e480,保留原反编译函数体,132377,132601,1
function_46e530,未找到同名入口，待核对替代,132392,,0
function_46e6f0,已修改／替换的非空实现,132484,132684,1
function_46ed80,原版即为简单返回／空函数,132809,132690,1
function_46eda0,原版即为简单返回／空函数,132817,132698,1
function_46edb0,未找到同名入口，待核对替代,132823,,0
function_46edc0,已修改／替换的非空实现,132829,132732,1
function_46ee20,已修改／替换的非空实现,132853,132759,1
function_46eed0,未找到同名入口，待核对替代,132887,,0
function_46ef40,已修改／替换的非空实现,132898,132816,1
function_46efd0,保留原反编译函数体,132928,132822,2
function_46f020,保留原反编译函数体,132962,132856,1
function_46f0b0,已修改／替换的非空实现,132978,132872,1
function_46f0d0,保留原反编译函数体,132991,132907,1
function_46f100,保留原反编译函数体,132997,132913,1
function_46f140,已修改／替换的非空实现,133015,132931,1
function_46f200,已修改／替换的非空实现,133077,132937,1
function_46f320,保留原反编译函数体,133118,132979,1
function_46f450,保留原反编译函数体,133180,133041,1
function_46f620,已修改／替换的非空实现,133285,133078,1
function_46f6d0,已修改／替换的非空实现,133353,133296,1
function_46f9f0,未找到同名入口，待核对替代,133608,,0
function_46fac0,已修改／替换的非空实现,133647,133326,1
function_46fd70,已修改／替换的非空实现,133748,133433,1
function_46ff60,保留原反编译函数体,133923,133474,1
function_470030,已修改／替换的非空实现,133987,133538,1
function_4700b0,保留原反编译函数体,134015,133546,1
function_470100,已修改／替换的非空实现,134030,133561,1
function_4701b0,原版即为简单返回／空函数,134071,133602,1
function_4701d0,原版即为简单返回／空函数,134079,133610,1
function_4701e0,已修改／替换的非空实现,134085,133616,1
function_470220,已修改／替换的非空实现,134094,133627,1
function_470290,已修改／替换的非空实现,134123,133643,1
function_470300,已修改／替换的非空实现,134152,133658,1
function_470320,已修改／替换的非空实现,134163,133666,1
function_470360,已修改／替换的非空实现,134174,133677,1
function_470390,保留原反编译函数体,134187,133687,1
function_4703b0,已修改／替换的非空实现,134205,133711,1
function_4705e0,已修改／替换的非空实现,134466,133972,1
function_4706c0,已修改／替换的非空实现,134570,134112,1
function_470730,已修改／替换的非空实现,134604,134117,1
function_470890,已修改／替换的非空实现,134689,134202,1
function_470980,已修改／替换的非空实现,134852,134207,1
function_4709c0,已修改／替换的非空实现,134869,134262,1
function_470a30,已修改／替换的非空实现,134899,134292,1
function_470ab0,已修改／替换的非空实现,134941,134447,1
function_470d00,已修改／替换的非空实现,135215,134454,1
function_4aa1a0,已修改／替换的非空实现,135220,134464,1
function_470df0,已修改／替换的非空实现,135239,134496,1
function_48a890,未找到同名入口，待核对替代,135276,,0
function_470ee0,已修改／替换的非空实现,135313,134523,1
function_470f10,保留原反编译函数体,135321,134532,1
function_470f30,已修改／替换的非空实现,135329,134540,1
function_470f60,原版即为简单返回／空函数,135339,134550,1
function_470f80,保留原反编译函数体,135345,134556,1
function_470f90,原版即为简单返回／空函数,135352,134563,1
function_470fa0,已修改／替换的非空实现,135358,134569,1
function_471060,原版即为简单返回／空函数,135379,120552,2
function_471070,原版即为简单返回／空函数,135385,134600,1
function_471080,原版即为简单返回／空函数,135391,134606,1
function_4710a0,保留原反编译函数体,135397,134612,1
function_471100,保留原反编译函数体,135421,134636,1
function_471160,已修改／替换的非空实现,135444,134659,1
function_471240,保留原反编译函数体,135477,134685,1
function_471330,已修改／替换的非空实现,135508,134716,1
function_4713b0,未找到同名入口，待核对替代,135539,,0
function_471510,保留原反编译函数体,135578,134733,1
function_4715e0,保留原反编译函数体,135607,134762,1
function_4716b0,未找到同名入口，待核对替代,135665,,0
function_471720,未找到同名入口，待核对替代,135692,,0
function_471810,保留原反编译函数体,135723,134830,1
function_471880,已修改／替换的非空实现,135750,134861,1
function_471960,已修改／替换的非空实现,135765,134883,1
function_471a60,未找到同名入口，待核对替代,135790,,0
function_471b30,已修改／替换的非空实现,135844,134914,1
function_471bc0,已修改／替换的非空实现,135862,134957,1
function_471c10,已修改／替换的非空实现,135876,134966,1
function_48a920,未找到同名入口，待核对替代,135886,,0
function_471c70,已修改／替换的非空实现,135902,134971,1
function_471d30,未找到同名入口，待核对替代,135926,,0
function_471d90,已修改／替换的非空实现,135952,134995,1
function_471df0,已修改／替换的非空实现,135978,135008,1
function_471e50,未找到同名入口，待核对替代,136004,,0
function_471eb0,已修改／替换的非空实现,136030,135049,1
function_471f10,已修改／替换的非空实现,136056,135063,1
function_471f70,未找到同名入口，待核对替代,136082,,0
function_471fd0,已修改／替换的非空实现,136108,135071,1
function_472030,未找到同名入口，待核对替代,136134,,0
function_472080,已修改／替换的非空实现,136156,135085,1
function_4720e0,已修改／替换的非空实现,136182,135090,1
function_472140,已修改／替换的非空实现,136208,135095,1
function_4721a0,已修改／替换的非空实现,136234,135100,1
function_472240,已修改／替换的非空实现,136256,135128,1
function_4722e0,已修改／替换的非空实现,136278,135233,1
function_472820,已修改／替换的非空实现,136620,135355,1
function_4a9c60,已修改／替换的非空实现,136652,135377,1
function_472e50,已修改／替换的非空实现,137084,135519,1
function_473010,已修改／替换的非空实现,137124,135580,1
function_473af0,已修改／替换的非空实现,137714,136206,1
function_473b20,保留原反编译函数体,137722,136215,1
function_473dd8,保留原反编译函数体,137792,136317,1
function_473dde,原版即为简单返回／空函数,137798,136323,1
function_473ebb,原版即为简单返回／空函数,137804,136329,1
function_473ed0,保留原反编译函数体,137810,136335,1
function_473f30,保留原反编译函数体,137844,136369,1
function_474020,保留原反编译函数体,137904,136429,2
function_474110,保留原反编译函数体,137958,136483,1
function_475710,保留原反编译函数体,141613,140138,1
function_475760,保留原反编译函数体,141630,140155,1
function_475790,保留原反编译函数体,141645,140170,1
function_4757e0,已修改／替换的非空实现,141680,140205,1
function_475fc0,保留原反编译函数体,142428,140954,1
function_4760a0,保留原反编译函数体,142497,141023,1
function_476130,已修改／替换的非空实现,142526,141052,1
function_4762b0,保留原反编译函数体,142798,141325,1
function_476380,保留原反编译函数体,142877,141404,1
function_4764d0,保留原反编译函数体,143048,141575,1
function_4766b0,已修改／替换的非空实现,143208,141735,1
function_476a20,保留原反编译函数体,143493,142034,1
function_476eb0,保留原反编译函数体,143866,142407,1
function_476f40,保留原反编译函数体,143913,142454,1
function_477190,原版即为简单返回／空函数,144023,142564,1
function_4771a0,保留原反编译函数体,144034,142575,1
function_477440,保留原反编译函数体,144231,142772,1
function_477460,原版即为简单返回／空函数,144241,142782,1
function_477480,保留原反编译函数体,144247,142788,1
function_477490,保留原反编译函数体,144254,142795,1
function_477950,保留原反编译函数体,144822,143363,1
function_477e40,保留原反编译函数体,145308,143849,1
function_4780c0,保留原反编译函数体,145571,144112,1
function_478130,保留原反编译函数体,145611,144152,1
function_478200,保留原反编译函数体,145704,144245,1
function_478420,保留原反编译函数体,146025,144566,1
function_478510,保留原反编译函数体,146154,144695,1
function_478a20,保留原反编译函数体,146492,145033,1
function_478c80,保留原反编译函数体,146641,145182,1
function_479090,保留原反编译函数体,146842,145383,1
function_479160,保留原反编译函数体,146916,145457,1
function_4791e0,保留原反编译函数体,146947,145488,1
function_479260,保留原反编译函数体,146983,145524,1
function_4792f0,保留原反编译函数体,147031,145572,1
function_479360,保留原反编译函数体,147046,145587,1
function_4793f0,保留原反编译函数体,147088,145629,1
function_4795f0,保留原反编译函数体,147278,145819,1
function_4796c0,保留原反编译函数体,147327,145868,1
function_479760,保留原反编译函数体,147357,145898,1
function_479950,保留原反编译函数体,147451,145992,1
function_47aa44,保留原反编译函数体,147565,146106,1
function_47aa49,保留原反编译函数体,147572,146113,1
function_47aa54,保留原反编译函数体,147579,146120,1
function_47aa59,保留原反编译函数体,147586,146127,1
function_47aac4,保留原反编译函数体,147593,146134,1
function_47aac9,保留原反编译函数体,147600,146141,1
function_47aad4,保留原反编译函数体,147607,146148,1
function_47aad9,保留原反编译函数体,147614,146155,1
function_47acb4,原版即为简单返回／空函数,147621,146162,1
function_47acb9,原版即为简单返回／空函数,147627,146168,1
function_47acc4,原版即为简单返回／空函数,147633,146174,1
function_47acd4,保留原反编译函数体,147639,146180,1
function_47aed0,保留原反编译函数体,147781,146322,1
function_47afd0,保留原反编译函数体,147884,146425,1
function_47b020,保留原反编译函数体,147896,146437,1
function_47b140,保留原反编译函数体,147943,146484,1
function_47b290,原版即为简单返回／空函数,147951,146492,2
function_47b350,保留原反编译函数体,148134,146675,1
function_47b3c0,保留原反编译函数体,148160,146701,1
function_47b410,保留原反编译函数体,148186,146727,1
function_4c4c20,保留原反编译函数体,148201,146742,6
function_47b670,原版即为简单返回／空函数,148203,146744,3
function_47b510,保留原反编译函数体,148222,146763,1
function_47b630,保留原反编译函数体,148386,146927,1
function_47b890,保留原反编译函数体,148683,147224,1
function_4c4b40,保留原反编译函数体,148870,147411,2
function_47bb70,保留原反编译函数体,148969,147510,1
function_47bba0,保留原反编译函数体,148978,147519,2
function_47bc10,保留原反编译函数体,149020,147561,1
function_47bca0,保留原反编译函数体,149098,147639,1
function_47bfc0,保留原反编译函数体,149399,147940,1
function_47c5b0,保留原反编译函数体,150024,148565,1
function_47c8b0,保留原反编译函数体,150325,148866,1
function_47e130,保留原反编译函数体,150348,148889,2
function_47c930,保留原反编译函数体,150363,148904,1
function_47e840,保留原反编译函数体,150411,148952,2
function_47cc00,保留原反编译函数体,150671,149212,1
function_47cd00,保留原反编译函数体,150808,149349,1
function_47cdf0,保留原反编译函数体,150947,149488,1
function_47ce30,保留原反编译函数体,150972,149513,1
function_47d190,原版即为简单返回／空函数,151407,149948,1
function_47d1a0,保留原反编译函数体,151413,149954,1
function_47d1c0,保留原反编译函数体,151423,149964,1
function_47d230,保留原反编译函数体,151487,150028,1
function_47d250,保留原反编译函数体,151498,150039,1
function_47d280,保留原反编译函数体,151507,150048,1
function_47d3f0,保留原反编译函数体,151675,150216,1
function_47d4f0,保留原反编译函数体,151742,150283,1
function_47d520,保留原反编译函数体,151773,150314,1
function_4c5840,原版即为简单返回／空函数,151811,150352,11
function_47d600,保留原反编译函数体,151821,150362,1
function_47d6e0,保留原反编译函数体,151897,150438,1
function_481cb0,保留原反编译函数体,151924,150465,2
function_47d960,保留原反编译函数体,152176,150717,1
function_47d9b0,保留原反编译函数体,152193,150734,1
function_47da20,保留原反编译函数体,152225,150766,1
function_47da90,保留原反编译函数体,152278,150819,1
function_47daf0,保留原反编译函数体,152305,150846,2
function_47de90,保留原反编译函数体,152568,151109,1
function_47e0c0,保留原反编译函数体,152807,151348,1
function_47e160,保留原反编译函数体,152847,151388,1
function_47e7b0,保留原反编译函数体,153387,151928,1
function_47e810,保留原反编译函数体,153439,151980,1
function_47e990,保留原反编译函数体,153534,152075,1
function_47ea70,保留原反编译函数体,153579,152120,1
function_47eaf0,保留原反编译函数体,153613,152154,1
function_47eb10,保留原反编译函数体,153626,152167,1
function_47eb50,已修改／替换的非空实现,153639,152180,1
function_47f0a0,保留原反编译函数体,154698,153240,1
function_47f820,保留原反编译函数体,154984,153526,1
function_47f850,保留原反编译函数体,155024,153566,1
function_47f880,保留原反编译函数体,155064,153606,1
function_47f8a0,保留原反编译函数体,155094,153636,1
function_47f960,保留原反编译函数体,155166,153708,1
function_47f9c0,保留原反编译函数体,155202,153744,1
function_47fab0,保留原反编译函数体,155303,153845,1
function_480080,保留原反编译函数体,156193,154735,1
function_480120,保留原反编译函数体,156267,154809,1
function_480200,保留原反编译函数体,156459,155001,1
function_4802d0,保留原反编译函数体,156558,155100,1
function_480410,保留原反编译函数体,156768,155310,1
function_480570,保留原反编译函数体,156959,155501,1
function_480600,保留原反编译函数体,157043,155585,1
function_480750,保留原反编译函数体,157237,155779,1
function_480820,保留原反编译函数体,157244,155786,1
function_4808b0,保留原反编译函数体,157286,155828,1
function_480a10,保留原反编译函数体,157552,156094,1
function_480a60,保留原反编译函数体,157564,156106,1
function_480b30,保留原反编译函数体,157693,156235,1
function_480d80,原版即为简单返回／空函数,157949,156491,1
function_480da0,保留原反编译函数体,157955,156497,1
function_481190,保留原反编译函数体,158389,156931,1
function_481260,保留原反编译函数体,158483,157025,1
function_4812d0,保留原反编译函数体,158496,157038,1
function_4812e0,保留原反编译函数体,158516,157058,1
function_481330,已修改／替换的非空实现,158524,157066,1
function_4814b0,保留原反编译函数体,158768,157312,1
function_481520,保留原反编译函数体,158819,157363,1
function_481710,保留原反编译函数体,159142,157686,1
function_4817e0,保留原反编译函数体,159189,157733,1
function_481800,保留原反编译函数体,159202,157746,1
function_481860,保留原反编译函数体,159239,157783,1
function_4818c0,保留原反编译函数体,159253,157797,1
function_481c90,保留原反编译函数体,159764,158308,1
function_481ef0,保留原反编译函数体,160011,158555,1
function_481f30,保留原反编译函数体,160020,158564,1
function_482060,保留原反编译函数体,160153,158697,1
function_4820c0,保留原反编译函数体,160161,158705,1
function_4822c0,保留原反编译函数体,160418,158962,1
function_482650,保留原反编译函数体,160944,159488,2
function_4827d0,保留原反编译函数体,161133,159677,1
function_482990,保留原反编译函数体,161367,159911,1
function_482a70,保留原反编译函数体,161458,160002,2
function_482a90,保留原反编译函数体,161464,160008,1
function_482af0,保留原反编译函数体,161495,160039,1
function_482b20,保留原反编译函数体,161507,160051,1
function_482cb6,保留原反编译函数体,161784,160328,1
function_482cbe,保留原反编译函数体,161793,160337,1
function_482cd0,保留原反编译函数体,161806,160350,1
function_482e90,保留原反编译函数体,162151,160695,1
function_483300,保留原反编译函数体,162871,161415,1
function_483eb0,保留原反编译函数体,166186,164730,1
function_483ef0,保留原反编译函数体,166198,164742,1
function_483f10,保留原反编译函数体,166209,164753,1
function_4840a0,保留原反编译函数体,166647,165191,1
function_4840e0,保留原反编译函数体,166674,165218,1
function_4842c0,保留原反编译函数体,166832,165376,1
function_484300,保留原反编译函数体,166861,165405,1
function_484810,保留原反编译函数体,167884,166428,1
function_484d10,保留原反编译函数体,168083,166627,1
function_484da0,保留原反编译函数体,168109,166653,1
function_484ec0,保留原反编译函数体,168409,166953,1
function_485340,原版即为简单返回／空函数,169318,167862,1
function_485350,保留原反编译函数体,169324,167868,1
function_485480,保留原反编译函数体,169394,167938,1
function_4854a0,保留原反编译函数体,169407,167951,1
function_4855f0,保留原反编译函数体,169554,168098,1
function_485610,保留原反编译函数体,169580,168124,1
function_4857e0,保留原反编译函数体,169745,168289,1
function_486160,保留原反编译函数体,171048,169592,1
function_486190,保留原反编译函数体,171054,169598,1
function_486500,保留原反编译函数体,171522,170066,1
function_486520,保留原反编译函数体,171535,170079,1
function_4865a0,保留原反编译函数体,171596,170140,1
function_486690,保留原反编译函数体,171712,170256,1
function_4866b0,保留原反编译函数体,171732,170276,1
function_4867f0,保留原反编译函数体,171856,170400,1
function_4869d0,保留原反编译函数体,172074,170618,1
function_486a30,保留原反编译函数体,172118,170662,1
function_486c50,保留原反编译函数体,172799,171343,1
function_486d70,保留原反编译函数体,173013,171557,1
function_486dd0,保留原反编译函数体,173054,171598,1
function_486f90,保留原反编译函数体,173312,171856,1
function_487200,保留原反编译函数体,174085,172629,1
function_487260,已修改／替换的非空实现,174129,172673,1
function_487490,保留原反编译函数体,174929,173474,1
function_4874f0,保留原反编译函数体,174973,173518,1
function_487530,保留原反编译函数体,174999,173544,1
function_4876d0,保留原反编译函数体,175215,173760,1
function_487830,保留原反编译函数体,175392,173937,1
function_4879d0,保留原反编译函数体,175792,174337,1
function_4879f0,保留原反编译函数体,175805,174350,1
function_487a10,保留原反编译函数体,175818,174363,1
function_487bd0,保留原反编译函数体,176043,174588,1
function_487e00,保留原反编译函数体,176347,174892,1
function_488020,保留原反编译函数体,176593,175138,1
function_488040,保留原反编译函数体,176599,175144,1
function_488500,保留原反编译函数体,177152,175697,1
function_488550,保留原反编译函数体,177166,175711,1
function_488740,保留原反编译函数体,177361,175906,1
function_488770,保留原反编译函数体,177372,175917,1
function_488980,保留原反编译函数体,177551,176096,1
function_488bb0,保留原反编译函数体,177779,176324,1
function_488be0,保留原反编译函数体,177793,176338,1
function_488c90,已修改／替换的非空实现,177844,176389,1
function_489280,保留原反编译函数体,178668,177215,1
function_489310,保留原反编译函数体,178703,177250,1
function_489600,保留原反编译函数体,178982,177529,1
function_489710,保留原反编译函数体,179083,177630,1
function_4897d0,保留原反编译函数体,179121,177668,1
function_4897f0,保留原反编译函数体,179134,177681,1
function_489850,保留原反编译函数体,179173,177720,1
function_489910,保留原反编译函数体,179229,177776,1
function_489940,保留原反编译函数体,179240,177787,1
function_489a80,保留原反编译函数体,179423,177970,1
function_489b00,保留原反编译函数体,179441,177988,1
function_489c60,保留原反编译函数体,179601,178148,1
function_489de0,保留原反编译函数体,179931,178478,1
function_489e30,保留原反编译函数体,179941,178488,1
function_489e80,原版即为简单返回／空函数,179951,178498,1
function_489e90,保留原反编译函数体,179957,178504,1
function_489ef0,未找到同名入口，待核对替代,179976,,0
function_489f20,未找到同名入口，待核对替代,179989,,0
function_489f30,未找到同名入口，待核对替代,179998,,0
function_489f50,未找到同名入口，待核对替代,180020,,0
function_489fa0,未找到同名入口，待核对替代,180042,,0
function_48a0a0,未找到同名入口，待核对替代,180065,,0
function_48a170,已修改／替换的非空实现,180101,179068,1
function_492890,未找到同名入口，待核对替代,180139,,0
function_48a230,未找到同名入口，待核对替代,180152,,0
function_48a2d0,未找到同名入口，待核对替代,180194,,0
function_48a300,未找到同名入口，待核对替代,180205,,0
function_48a370,未找到同名入口，待核对替代,180243,,0
function_48a3e0,未找到同名入口，待核对替代,180281,,0
function_48a400,未找到同名入口，待核对替代,180289,,0
function_48a430,未找到同名入口，待核对替代,180301,,0
function_48a460,未找到同名入口，待核对替代,180312,,0
function_48a480,未找到同名入口，待核对替代,180318,,0
function_48a4f0,未找到同名入口，待核对替代,180343,,0
function_48a530,未找到同名入口，待核对替代,180363,,0
function_48a580,未找到同名入口，待核对替代,180384,,0
function_48a5c0,未找到同名入口，待核对替代,180404,,0
function_48a600,未找到同名入口，待核对替代,180424,,0
function_48a670,未找到同名入口，待核对替代,180457,,0
function_48a690,未找到同名入口，待核对替代,180463,,0
function_48a6b0,未找到同名入口，待核对替代,180469,,0
function_48a720,未找到同名入口，待核对替代,180489,,0
function_48a790,未找到同名入口，待核对替代,180517,,0
function_48a980,未找到同名入口，待核对替代,180632,,0
function_48a9e0,未找到同名入口，待核对替代,180656,,0
function_48aa20,已修改／替换的非空实现,180668,100779,3
function_48aa30,未找到同名入口，待核对替代,180674,,0
function_48aa50,未找到同名入口，待核对替代,180680,,0
function_48aa60,未找到同名入口，待核对替代,180686,,0
function_48aa80,未找到同名入口，待核对替代,180692,,0
function_48ab40,未找到同名入口，待核对替代,180734,,0
function_48ab90,未找到同名入口，待核对替代,180749,,0
function_48abe0,未找到同名入口，待核对替代,180773,,0
function_48ac00,未找到同名入口，待核对替代,180781,,0
function_48ac70,未找到同名入口，待核对替代,180803,,0
function_48acc0,未找到同名入口，待核对替代,180834,,0
function_48ace0,未找到同名入口，待核对替代,180840,,0
function_48ada0,未找到同名入口，待核对替代,180881,,0
function_48adb0,未找到同名入口，待核对替代,180887,,0
function_48af30,未找到同名入口，待核对替代,180980,,0
function_48afa0,未找到同名入口，待核对替代,181019,,0
function_48b050,未找到同名入口，待核对替代,181042,,0
function_48b160,未找到同名入口，待核对替代,181048,,0
function_48b180,未找到同名入口，待核对替代,181054,,0
function_48b1a0,未找到同名入口，待核对替代,181060,,0
function_498a30,未找到同名入口，待核对替代,181072,,0
function_48b320,未找到同名入口，待核对替代,181131,,0
function_48b410,未找到同名入口，待核对替代,181191,,0
function_48b490,已修改／替换的非空实现,181213,101174,1
function_48b510,未找到同名入口，待核对替代,181235,,0
function_48b5a0,未找到同名入口，待核对替代,181265,,0
function_48b630,未找到同名入口，待核对替代,181299,,0
function_48b840,未找到同名入口，待核对替代,181403,,0
function_48b870,未找到同名入口，待核对替代,181417,,0
function_48b8b0,未找到同名入口，待核对替代,181427,,0
function_48b8d0,未找到同名入口，待核对替代,181434,,0
function_48b8f0,未找到同名入口，待核对替代,181440,,0
function_48b900,未找到同名入口，待核对替代,181446,,0
function_48b910,未找到同名入口，待核对替代,181452,,0
function_48b920,未找到同名入口，待核对替代,181458,,0
function_48b980,未找到同名入口，待核对替代,181520,,0
function_48b9f0,未找到同名入口，待核对替代,181544,,0
function_48ba10,未找到同名入口，待核对替代,181556,,0
function_48ba20,未找到同名入口，待核对替代,181564,,0
function_48bb10,未找到同名入口，待核对替代,181608,,0
function_48bb30,未找到同名入口，待核对替代,181615,,0
function_48bba0,未找到同名入口，待核对替代,181629,,0
function_48bc70,未找到同名入口，待核对替代,181660,,0
function_48bca0,未找到同名入口，待核对替代,181673,,0
function_48bd40,未找到同名入口，待核对替代,181700,,0
function_48bd60,未找到同名入口，待核对替代,181707,,0
function_48be40,未找到同名入口，待核对替代,181740,,0
function_48be70,未找到同名入口，待核对替代,181755,,0
function_48be80,未找到同名入口，待核对替代,181763,,0
function_48bec0,未找到同名入口，待核对替代,181770,,0
function_48bf50,未找到同名入口，待核对替代,181797,,0
function_48bfe0,未找到同名入口，待核对替代,181821,,0
function_48c080,未找到同名入口，待核对替代,181873,,0
function_48c170,未找到同名入口，待核对替代,181944,,0
function_48c1c0,未找到同名入口，待核对替代,181953,,0
function_48c1f0,未找到同名入口，待核对替代,181960,,0
function_48c2f0,未找到同名入口，待核对替代,182007,,0
function_48c350,未找到同名入口，待核对替代,182022,,0
function_48c400,未找到同名入口，待核对替代,182071,,0
function_48c580,未找到同名入口，待核对替代,182219,,0
function_48c620,未找到同名入口，待核对替代,182255,,0
function_48c690,未找到同名入口，待核对替代,182291,,0
function_48c700,未找到同名入口，待核对替代,182315,,0
function_48c780,未找到同名入口，待核对替代,182351,,0
function_48c7f0,未找到同名入口，待核对替代,182379,,0
function_48c840,已修改／替换的非空实现,182398,101194,1
function_48c890,已修改／替换的非空实现,182418,100822,1
function_48c910,未找到同名入口，待核对替代,182452,,0
function_48c950,未找到同名入口，待核对替代,182480,,0
function_48ca10,未找到同名入口，待核对替代,182513,,0
function_493cd0,未找到同名入口，待核对替代,182534,,0
function_48cb10,未找到同名入口，待核对替代,182570,,0
function_491880,未找到同名入口，待核对替代,182580,,0
function_48cc70,未找到同名入口，待核对替代,182659,,0
function_48e520,未找到同名入口，待核对替代,182714,,0
function_48cd50,未找到同名入口，待核对替代,182724,,0
function_48ce70,未找到同名入口，待核对替代,182791,,0
function_48cfa0,未找到同名入口，待核对替代,182879,,0
function_48d0b0,未找到同名入口，待核对替代,182942,,0
function_48d0f0,未找到同名入口，待核对替代,182948,,0
function_48d1b0,未找到同名入口，待核对替代,183064,,0
function_48d220,未找到同名入口，待核对替代,183099,,0
function_48d310,未找到同名入口，待核对替代,183188,,0
function_48d390,未找到同名入口，待核对替代,183234,,0
function_48d430,未找到同名入口，待核对替代,183257,,0
function_48d450,未找到同名入口，待核对替代,183266,,0
function_48d4e0,未找到同名入口，待核对替代,183290,,0
function_48d550,未找到同名入口，待核对替代,183306,,0
function_48d5a0,未找到同名入口，待核对替代,183316,,0
function_48d620,未找到同名入口，待核对替代,183345,,0
function_48d6d0,未找到同名入口，待核对替代,183381,,0
function_48d720,未找到同名入口，待核对替代,183402,,0
function_48d770,未找到同名入口，待核对替代,183412,,0
function_48d7e0,未找到同名入口，待核对替代,183445,,0
function_48d850,未找到同名入口，待核对替代,183466,,0
function_48d940,未找到同名入口，待核对替代,183598,,0
function_48d9f0,未找到同名入口，待核对替代,183663,,0
function_48da60,未找到同名入口，待核对替代,183710,,0
function_48dac0,未找到同名入口，待核对替代,183728,,0
function_48db40,未找到同名入口，待核对替代,183763,,0
function_48dc10,未找到同名入口，待核对替代,183801,,0
function_48dd10,未找到同名入口，待核对替代,183853,,0
function_48dda0,未找到同名入口，待核对替代,183883,,0
function_49ab80,未找到同名入口，待核对替代,183897,,0
function_48de90,未找到同名入口，待核对替代,183914,,0
function_48e030,未找到同名入口，待核对替代,184015,,0
function_48e0e0,未找到同名入口，待核对替代,184052,,0
function_48e120,未找到同名入口，待核对替代,184067,,0
function_48e160,未找到同名入口，待核对替代,184087,,0
function_48e180,未找到同名入口，待核对替代,184109,,0
function_48e260,未找到同名入口，待核对替代,184155,,0
function_48e2e0,未找到同名入口，待核对替代,184195,,0
function_48e460,未找到同名入口，待核对替代,184304,,0
function_48e480,未找到同名入口，待核对替代,184310,,0
function_48e4a0,未找到同名入口，待核对替代,184319,,0
function_48e4b0,未找到同名入口，待核对替代,184326,,0
function_48e4d0,未找到同名入口，待核对替代,184339,,0
function_48e4f0,未找到同名入口，待核对替代,184357,,0
function_48e580,未找到同名入口，待核对替代,184416,,0
function_48e600,未找到同名入口，待核对替代,184447,,0
function_48e640,未找到同名入口，待核对替代,184481,,0
function_48e680,未找到同名入口，待核对替代,184491,,0
function_48e6c0,未找到同名入口，待核对替代,184507,,0
function_48e6e0,未找到同名入口，待核对替代,184514,,0
function_48e730,未找到同名入口，待核对替代,184532,,0
function_48e800,未找到同名入口，待核对替代,184586,,0
function_48e9d0,未找到同名入口，待核对替代,184663,,0
function_48ee90,未找到同名入口，待核对替代,185106,,0
function_48ef10,未找到同名入口，待核对替代,185142,,0
function_48ef70,未找到同名入口，待核对替代,185168,,0
function_48eff0,未找到同名入口，待核对替代,185234,,0
function_48f040,未找到同名入口，待核对替代,185260,,0
function_48f050,未找到同名入口，待核对替代,185269,,0
function_48f1c0,未找到同名入口，待核对替代,185470,,0
function_48f240,未找到同名入口，待核对替代,185501,,0
function_48f280,未找到同名入口，待核对替代,185513,,0
function_48f300,未找到同名入口，待核对替代,185580,,0
function_48f380,未找到同名入口，待核对替代,185601,,0
function_48fac0,未找到同名入口，待核对替代,186312,,0
function_48fba0,未找到同名入口，待核对替代,186384,,0
function_48fc00,未找到同名入口，待核对替代,186429,,0
function_48fd00,未找到同名入口，待核对替代,186522,,0
function_48fd70,未找到同名入口，待核对替代,186569,,0
function_48fdf0,未找到同名入口，待核对替代,186632,,0
function_48fe70,未找到同名入口，待核对替代,186685,,0
function_48fed0,未找到同名入口，待核对替代,186729,,0
function_48ffd0,未找到同名入口，待核对替代,186877,,0
function_490040,未找到同名入口，待核对替代,186907,,0
function_4900d0,未找到同名入口，待核对替代,186926,,0
function_490280,未找到同名入口，待核对替代,187063,,0
function_490320,未找到同名入口，待核对替代,187088,,0
function_490370,未找到同名入口，待核对替代,187115,,0
function_490630,未找到同名入口，待核对替代,187359,,0
function_4908d0,未找到同名入口，待核对替代,187633,,0
function_4909e0,未找到同名入口，待核对替代,187727,,0
function_490b20,未找到同名入口，待核对替代,187798,,0
function_490b50,未找到同名入口，待核对替代,187821,,0
function_490b60,未找到同名入口，待核对替代,187830,,0
function_490c40,未找到同名入口，待核对替代,187916,,0
function_490c80,未找到同名入口，待核对替代,187933,,0
function_490d50,未找到同名入口，待核对替代,187995,,0
function_490d90,未找到同名入口，待核对替代,188027,,0
function_490fa0,未找到同名入口，待核对替代,188208,,0
function_490fc0,未找到同名入口，待核对替代,188222,,0
function_4910c0,未找到同名入口，待核对替代,188272,,0
function_4910e0,未找到同名入口，待核对替代,188279,,0
function_491150,未找到同名入口，待核对替代,188293,,0
function_491230,未找到同名入口，待核对替代,188329,,0
function_491260,未找到同名入口，待核对替代,188342,,0
function_4912e0,未找到同名入口，待核对替代,188387,,0
function_491340,未找到同名入口，待核对替代,188423,,0
function_491400,未找到同名入口，待核对替代,188468,,0
function_4914a0,未找到同名入口，待核对替代,188493,,0
function_491500,未找到同名入口，待核对替代,188550,,0
function_4915b0,未找到同名入口，待核对替代,188585,,0
function_4916a0,未找到同名入口，待核对替代,188643,,0
function_491760,未找到同名入口，待核对替代,188748,,0
function_4917b0,未找到同名入口，待核对替代,188785,,0
function_491820,未找到同名入口，待核对替代,188869,,0
function_491870,未找到同名入口，待核对替代,188904,,0
function_4918a0,未找到同名入口，待核对替代,188920,,0
function_4918b0,未找到同名入口，待核对替代,188927,,0
function_491910,未找到同名入口，待核对替代,188993,,0
function_4919b0,未找到同名入口，待核对替代,189033,,0
function_491a50,未找到同名入口，待核对替代,189072,,0
function_491bf0,未找到同名入口，待核对替代,189164,,0
function_491c10,未找到同名入口，待核对替代,189173,,0
function_491de0,未找到同名入口，待核对替代,189325,,0
function_491f30,未找到同名入口，待核对替代,189377,,0
function_491fe0,未找到同名入口，待核对替代,189396,,0
function_4920a0,未找到同名入口，待核对替代,189455,,0
function_497850,未找到同名入口，待核对替代,189664,,0
function_492370,未找到同名入口，待核对替代,189712,,0
function_492440,未找到同名入口，待核对替代,189761,,0
function_492640,未找到同名入口，待核对替代,189932,,0
function_4927b0,未找到同名入口，待核对替代,190001,,0
function_492a80,未找到同名入口，待核对替代,190155,,0
function_492c90,未找到同名入口，待核对替代,190271,,0
function_492d00,未找到同名入口，待核对替代,190296,,0
function_492dc0,未找到同名入口，待核对替代,190330,,0
function_492ed0,未找到同名入口，待核对替代,190383,,0
function_493310,未找到同名入口，待核对替代,190657,,0
function_493710,未找到同名入口，待核对替代,190899,,0
function_493a40,未找到同名入口，待核对替代,191129,,0
function_493e70,未找到同名入口，待核对替代,191387,,0
function_4940f0,未找到同名入口，待核对替代,191544,,0
function_494120,未找到同名入口，待核对替代,191557,,0
function_4944b0,未找到同名入口，待核对替代,191807,,0
function_494710,未找到同名入口，待核对替代,192064,,0
function_494770,未找到同名入口，待核对替代,192100,,0
function_4948a0,未找到同名入口，待核对替代,192168,,0
function_494990,未找到同名入口，待核对替代,192252,,0
function_494bf0,未找到同名入口，待核对替代,192418,,0
function_494da0,未找到同名入口，待核对替代,192533,,0
function_4950c0,未找到同名入口，待核对替代,192747,,0
function_495360,未找到同名入口，待核对替代,192990,,0
function_497680,未找到同名入口，待核对替代,195860,,0
function_497940,未找到同名入口，待核对替代,195989,,0
function_497990,未找到同名入口，待核对替代,196018,,0
function_497a00,未找到同名入口，待核对替代,196074,,0
function_497b10,未找到同名入口，待核对替代,196207,,0
function_497d30,未找到同名入口，待核对替代,196482,,0
function_497e30,未找到同名入口，待核对替代,196551,,0
function_497f10,未找到同名入口，待核对替代,196679,,0
function_497fd0,未找到同名入口，待核对替代,196780,,0
function_497ff0,未找到同名入口，待核对替代,196789,,0
function_498080,未找到同名入口，待核对替代,196822,,0
function_4980a0,未找到同名入口，待核对替代,196829,,0
function_4981e0,未找到同名入口，待核对替代,196961,,0
function_498200,未找到同名入口，待核对替代,196970,,0
function_4982f0,未找到同名入口，待核对替代,197033,,0
function_498320,未找到同名入口，待核对替代,197046,,0
function_498440,未找到同名入口，待核对替代,197182,,0
function_498580,未找到同名入口，待核对替代,197256,,0
function_498590,已修改／替换的非空实现,197262,180053,1
function_4985b0,已修改／替换的非空实现,197268,180066,1
function_4985d0,未找到同名入口，待核对替代,197275,,0
function_498690,未找到同名入口，待核对替代,197317,,0
function_4986b0,未找到同名入口，待核对替代,197342,,0
function_498730,未找到同名入口，待核对替代,197384,,0
function_498770,未找到同名入口，待核对替代,197400,,0
function_4987a0,未找到同名入口，待核对替代,197425,,0
function_4988e0,未找到同名入口，待核对替代,197469,,0
function_498b60,未找到同名入口，待核对替代,197603,,0
function_498c20,未找到同名入口，待核对替代,197676,,0
function_498c60,未找到同名入口，待核对替代,197691,,0
function_498d30,未找到同名入口，待核对替代,197759,,0
function_498da0,未找到同名入口，待核对替代,197855,,0
function_498e30,未找到同名入口，待核对替代,197881,,0
function_498e90,未找到同名入口，待核对替代,197919,,0
function_498f50,未找到同名入口，待核对替代,197996,,0
function_499080,未找到同名入口，待核对替代,198122,,0
function_499130,未找到同名入口，待核对替代,198152,,0
function_4992c0,未找到同名入口，待核对替代,198217,,0
function_499380,未找到同名入口，待核对替代,198246,,0
function_4993b0,未找到同名入口，待核对替代,198253,,0
function_49a000,未找到同名入口，待核对替代,198307,,0
function_499610,未找到同名入口，待核对替代,198364,,0
function_4996c0,未找到同名入口，待核对替代,198401,,0
function_4996f0,未找到同名入口，待核对替代,198414,,0
function_499800,未找到同名入口，待核对替代,198469,,0
function_499940,未找到同名入口，待核对替代,198549,,0
function_499970,未找到同名入口，待核对替代,198562,,0
function_499a20,未找到同名入口，待核对替代,198612,,0
function_499b00,未找到同名入口，待核对替代,198658,,0
function_499b50,未找到同名入口，待核对替代,198692,,0
function_499ca0,未找到同名入口，待核对替代,198738,,0
function_499d30,未找到同名入口，待核对替代,198759,,0
function_499df0,未找到同名入口，待核对替代,198790,,0
function_499f80,未找到同名入口，待核对替代,198976,,0
function_499fd0,未找到同名入口，待核对替代,199004,,0
function_49a0c0,未找到同名入口，待核对替代,199046,,0
function_49a140,未找到同名入口，待核对替代,199116,,0
function_49a170,未找到同名入口，待核对替代,199132,,0
function_49a1b0,未找到同名入口，待核对替代,199156,,0
function_49a220,未找到同名入口，待核对替代,199185,,0
function_49a280,未找到同名入口，待核对替代,199265,,0
function_49a2a0,未找到同名入口，待核对替代,199272,,0
function_49a2e0,未找到同名入口，待核对替代,199314,,0
function_49a360,未找到同名入口，待核对替代,199345,,0
function_49a3e0,未找到同名入口，待核对替代,199391,,0
function_49a400,未找到同名入口，待核对替代,199400,,0
function_49a430,未找到同名入口，待核对替代,199411,,0
function_49a4b0,未找到同名入口，待核对替代,199475,,0
function_49a520,未找到同名入口，待核对替代,199523,,0
function_49a670,未找到同名入口，待核对替代,199576,,0
function_49a680,未找到同名入口，待核对替代,199584,,0
function_49a790,未找到同名入口，待核对替代,199713,,0
function_49a8c0,未找到同名入口，待核对替代,199837,,0
function_49a8e0,未找到同名入口，待核对替代,199846,,0
function_49aa40,未找到同名入口，待核对替代,200063,,0
function_49aaa0,未找到同名入口，待核对替代,200090,,0
function_49ad60,未找到同名入口，待核对替代,200313,,0
function_49af80,未找到同名入口，待核对替代,200458,,0
function_49c350,未找到同名入口，待核对替代,201361,,0
function_49c9e0,未找到同名入口，待核对替代,201757,,0
function_49ca00,未找到同名入口，待核对替代,201768,,0
function_49cb20,未找到同名入口，待核对替代,201831,,0
function_49cb60,未找到同名入口，待核对替代,201837,,0
function_49cbb0,未找到同名入口，待核对替代,201878,,0
function_49cc80,未找到同名入口，待核对替代,201952,,0
function_49cce0,未找到同名入口，待核对替代,201962,,0
function_49cdf0,未找到同名入口，待核对替代,201982,,0
function_49ce50,未找到同名入口，待核对替代,201994,,0
function_49cf80,未找到同名入口，待核对替代,202202,,0
function_49d110,未找到同名入口，待核对替代,202298,,0
function_49d190,未找到同名入口，待核对替代,202354,,0
function_49d230,未找到同名入口，待核对替代,202391,,0
function_49d450,未找到同名入口，待核对替代,202613,,0
function_49d600,未找到同名入口，待核对替代,202680,,0
function_49d680,未找到同名入口，待核对替代,202696,,0
function_49d6c0,未找到同名入口，待核对替代,202736,,0
function_49d700,未找到同名入口，待核对替代,202776,,0
function_49d790,未找到同名入口，待核对替代,202806,,0
function_49d8a0,未找到同名入口，待核对替代,202844,,0
function_49d970,未找到同名入口，待核对替代,202896,,0
function_49da60,未找到同名入口，待核对替代,202928,,0
function_49ddd0,未找到同名入口，待核对替代,203253,,0
function_49e080,未找到同名入口，待核对替代,203271,,0
function_49e290,未找到同名入口，待核对替代,203376,,0
function_49e300,未找到同名入口，待核对替代,203389,,0
function_49e3f0,未找到同名入口，待核对替代,203457,,0
function_4a4b30,未找到同名入口，待核对替代,203820,,0
function_4a46d0,未找到同名入口，待核对替代,203858,,0
function_49ec10,未找到同名入口，待核对替代,203974,,0
function_49ef30,未找到同名入口，待核对替代,204249,,0
function_49f060,未找到同名入口，待核对替代,204348,,0
function_49f0e0,未找到同名入口，待核对替代,204384,,0
function_49f200,未找到同名入口，待核对替代,204464,,0
function_49f4f0,未找到同名入口，待核对替代,204601,,0
function_49f560,未找到同名入口，待核对替代,204642,,0
function_49f5d0,未找到同名入口，待核对替代,204683,,0
function_49f640,未找到同名入口，待核对替代,204724,,0
function_49f7e0,未找到同名入口，待核对替代,204833,,0
function_49f8d0,未找到同名入口，待核对替代,204881,,0
function_49fbb0,未找到同名入口，待核对替代,205087,,0
function_49fc80,未找到同名入口，待核对替代,205167,,0
function_49ffe0,未找到同名入口，待核对替代,205348,,0
function_4a0030,未找到同名入口，待核对替代,205374,,0
function_4a01f0,未找到同名入口，待核对替代,205562,,0
function_4a0410,未找到同名入口，待核对替代,205703,,0
function_4a0620,未找到同名入口，待核对替代,205841,,0
function_4a0a00,未找到同名入口，待核对替代,206172,,0
function_4a0c80,未找到同名入口，待核对替代,206388,,0
function_4a1230,未找到同名入口，待核对替代,206722,,0
function_4a15b0,未找到同名入口，待核对替代,206910,,0
function_4a16a0,未找到同名入口，待核对替代,206933,,0
function_4a1760,未找到同名入口，待核对替代,206995,,0
function_4a1770,未找到同名入口，待核对替代,207001,,0
function_4a1790,未找到同名入口，待核对替代,207009,,0
function_4a17b0,未找到同名入口，待核对替代,207016,,0
function_4a17d0,未找到同名入口，待核对替代,207023,,0
function_4a1810,未找到同名入口，待核对替代,207035,,0
function_4a1850,未找到同名入口，待核对替代,207047,,0
function_4a1870,未找到同名入口，待核对替代,207054,,0
function_4a1890,未找到同名入口，待核对替代,207061,,0
function_4a18c0,未找到同名入口，待核对替代,207068,,0
function_4a1a00,未找到同名入口，待核对替代,207157,,0
function_4a1a40,未找到同名入口，待核对替代,207168,,0
function_4a1b40,未找到同名入口，待核对替代,207236,,0
function_4a1b90,未找到同名入口，待核对替代,207244,,0
function_4a1c10,未找到同名入口，待核对替代,207261,,0
function_4a1c60,未找到同名入口，待核对替代,207270,,0
function_4a1c70,未找到同名入口，待核对替代,207276,,0
function_4a1d20,未找到同名入口，待核对替代,207295,,0
function_4a1e20,未找到同名入口，待核对替代,207414,,0
function_4a1eb0,未找到同名入口，待核对替代,207430,,0
function_4a2120,未找到同名入口，待核对替代,207531,,0
function_4a2360,未找到同名入口，待核对替代,207643,,0
function_4a2380,未找到同名入口，待核对替代,207650,,0
function_4a23a0,未找到同名入口，待核对替代,207657,,0
function_4a23c0,未找到同名入口，待核对替代,207663,,0
function_4a2480,未找到同名入口，待核对替代,207694,,0
function_4a24a0,未找到同名入口，待核对替代,207700,,0
function_4a24e0,未找到同名入口，待核对替代,207713,,0
function_4a2500,未找到同名入口，待核对替代,207719,,0
function_4a2520,未找到同名入口，待核对替代,207725,,0
function_4a2540,未找到同名入口，待核对替代,207731,,0
function_4a2580,未找到同名入口，待核对替代,207740,,0
function_4a25a0,未找到同名入口，待核对替代,207746,,0
function_4a25c0,未找到同名入口，待核对替代,207752,,0
function_4a2670,未找到同名入口，待核对替代,207778,,0
function_4a27d0,未找到同名入口，待核对替代,207822,,0
function_4a2890,未找到同名入口，待核对替代,207851,,0
function_4a2990,未找到同名入口，待核对替代,207901,,0
function_4a2a90,未找到同名入口，待核对替代,207951,,0
function_4a2ac0,未找到同名入口，待核对替代,207958,,0
function_4a2af0,未找到同名入口，待核对替代,207965,,0
function_4a2b10,未找到同名入口，待核对替代,207971,,0
function_4a2c80,未找到同名入口，待核对替代,208025,,0
function_4a2df0,未找到同名入口，待核对替代,208115,,0
function_4a2fa0,未找到同名入口，待核对替代,208198,,0
function_4a3030,未找到同名入口，待核对替代,208224,,0
function_4a3050,未找到同名入口，待核对替代,208230,,0
function_4a3070,未找到同名入口，待核对替代,208236,,0
function_4a3090,未找到同名入口，待核对替代,208242,,0
function_4a30b0,未找到同名入口，待核对替代,208248,,0
function_4a30d0,未找到同名入口，待核对替代,208254,,0
function_4a3120,未找到同名入口，待核对替代,208267,,0
function_4a3530,未找到同名入口，待核对替代,208676,,0
function_4a35a0,未找到同名入口，待核对替代,208694,,0
function_4a3610,未找到同名入口，待核对替代,208731,,0
function_4a3630,未找到同名入口，待核对替代,208737,,0
function_4a3650,未找到同名入口，待核对替代,208743,,0
function_4a36d0,未找到同名入口，待核对替代,208769,,0
function_4a3840,未找到同名入口，待核对替代,208851,,0
function_4a3a50,未找到同名入口，待核对替代,208986,,0
function_4a41a0,未找到同名入口，待核对替代,209448,,0
function_4a4300,未找到同名入口，待核对替代,209526,,0
function_4a4450,未找到同名入口，待核对替代,209603,,0
function_4a4520,未找到同名入口，待核对替代,209645,,0
function_4a4540,未找到同名入口，待核对替代,209652,,0
function_4a47e0,未找到同名入口，待核对替代,209772,,0
function_4a48c0,未找到同名入口，待核对替代,209799,,0
function_4a49c0,未找到同名入口，待核对替代,209840,,0
function_4a49e0,未找到同名入口，待核对替代,209852,,0
function_4a4a40,未找到同名入口，待核对替代,209862,,0
function_4a4a80,未找到同名入口，待核对替代,209875,,0
function_4a4af0,未找到同名入口，待核对替代,209911,,0
function_4a4b00,未找到同名入口，待核对替代,209919,,0
function_4a4b80,未找到同名入口，待核对替代,209969,,0
function_4a4bc0,未找到同名入口，待核对替代,209996,,0
function_4a5030,未找到同名入口，待核对替代,210369,,0
function_4a5070,未找到同名入口，待核对替代,210380,,0
function_4a50d0,未找到同名入口，待核对替代,210446,,0
function_4a51b0,未找到同名入口，待核对替代,210490,,0
function_4a5270,未找到同名入口，待核对替代,210567,,0
function_4a5320,未找到同名入口，待核对替代,210598,,0
function_4a5390,未找到同名入口，待核对替代,210626,,0
function_4a55f0,未找到同名入口，待核对替代,210751,,0
function_4a5680,未找到同名入口，待核对替代,210781,,0
function_4a56d0,未找到同名入口，待核对替代,210797,,0
function_4a57b0,未找到同名入口，待核对替代,210833,,0
function_4a58b0,未找到同名入口，待核对替代,210966,,0
function_4a5960,未找到同名入口，待核对替代,210996,,0
function_4a5ba0,未找到同名入口，待核对替代,211157,,0
function_4a5c30,未找到同名入口，待核对替代,211188,,0
function_4a5eb0,未找到同名入口，待核对替代,211468,,0
function_4a5fa0,未找到同名入口，待核对替代,211518,,0
function_4a6200,未找到同名入口，待核对替代,211624,,0
function_4a6270,未找到同名入口，待核对替代,211655,,0
function_4a6290,未找到同名入口，待核对替代,211662,,0
function_4a62d0,未找到同名入口，待核对替代,211677,,0
function_4a6470,未找到同名入口，待核对替代,211758,,0
function_4a64e0,未找到同名入口，待核对替代,211816,,0
function_4a65e0,未找到同名入口，待核对替代,211849,,0
function_4a6650,未找到同名入口，待核对替代,211919,,0
function_4a6680,未找到同名入口，待核对替代,211951,,0
function_4a66a0,未找到同名入口，待核对替代,211957,,0
function_4a66e0,未找到同名入口，待核对替代,212005,,0
function_4a6700,未找到同名入口，待核对替代,212011,,0
function_4a6720,未找到同名入口，待核对替代,212023,,0
function_4a6730,未找到同名入口，待核对替代,212033,,0
function_4a67a0,未找到同名入口，待核对替代,212048,,0
function_4a7b10,未找到同名入口，待核对替代,212955,,0
function_4a7b70,未找到同名入口，待核对替代,212982,,0
function_4a8060,未找到同名入口，待核对替代,213372,,0
function_4a8470,未找到同名入口，待核对替代,213805,,0
function_4a8540,未找到同名入口，待核对替代,213882,,0
function_4a8c50,已修改／替换的非空实现,214329,180680,1
function_4a8c90,已修改／替换的非空实现,214348,180695,1
function_4a8cc0,已修改／替换的非空实现,214356,180708,1
function_4a8d60,未找到同名入口，待核对替代,214382,,0
function_4a8db0,已修改／替换的非空实现,214404,180752,1
function_4a8ea0,未找到同名入口，待核对替代,214476,,0
function_4a8f90,未找到同名入口，待核对替代,214515,,0
function_4a90c0,已修改／替换的非空实现,214561,180827,1
function_4a91c0,未找到同名入口，待核对替代,214597,,0
function_4a9250,未找到同名入口，待核对替代,214609,,0
function_4a92e0,未找到同名入口，待核对替代,214621,,0
function_4a9370,未找到同名入口，待核对替代,214633,,0
function_4a9490,未找到同名入口，待核对替代,214721,,0
function_4a9500,已修改／替换的非空实现,214745,180868,1
function_4a9540,未找到同名入口，待核对替代,214759,,0
function_4a9570,已修改／替换的非空实现,214771,180893,1
function_4a95c0,保留原反编译函数体,214795,180898,1
function_4a9600,未找到同名入口，待核对替代,214807,,0
function_4a9660,已修改／替换的非空实现,214825,180913,1
function_4a96c0,未找到同名入口，待核对替代,214838,,0
function_4a9730,未找到同名入口，待核对替代,214871,,0
function_4a97b0,未找到同名入口，待核对替代,214884,,0
function_4a9840,未找到同名入口，待核对替代,214900,,0
function_4a98d0,未找到同名入口，待核对替代,214915,,0
function_4a9950,未找到同名入口，待核对替代,214928,,0
function_4a99f0,未找到同名入口，待核对替代,214945,,0
function_4a9a40,未找到同名入口，待核对替代,214965,,0
function_4a9ac0,未找到同名入口，待核对替代,214983,,0
function_4a9b40,未找到同名入口，待核对替代,215001,,0
function_4a9bb0,未找到同名入口，待核对替代,215018,,0
function_4a9c10,未找到同名入口，待核对替代,215033,,0
function_4a9d30,未找到同名入口，待核对替代,215078,,0
function_4a9d50,未找到同名入口，待核对替代,215085,,0
function_4a9d70,未找到同名入口，待核对替代,215093,,0
function_4a9dc0,未找到同名入口，待核对替代,215118,,0
function_4a9e30,未找到同名入口，待核对替代,215133,,0
function_4a9f60,未找到同名入口，待核对替代,215186,,0
function_4aa000,未找到同名入口，待核对替代,215211,,0
function_4aa110,未找到同名入口，待核对替代,215248,,0
function_4aa210,已修改／替换的非空实现,215288,181021,1
function_4aa2d0,未找到同名入口，待核对替代,215315,,0
function_4aa3a0,已修改／替换的非空实现,215341,181034,1
function_4aa470,保留原反编译函数体,215366,181059,1
function_4aa490,已修改／替换的非空实现,215374,181067,1
function_4aa4b0,保留原反编译函数体,215382,181079,1
function_4aa4d0,保留原反编译函数体,215390,181087,1
function_4aa4f0,保留原反编译函数体,215398,181095,1
function_4aa540,已修改／替换的非空实现,215429,179011,1
function_4aa5e0,未找到同名入口，待核对替代,215457,,0
function_4aa750,未找到同名入口，待核对替代,215525,,0
function_4aa970,未找到同名入口，待核对替代,215625,,0
function_4ab170,已修改／替换的非空实现,215747,181217,1
function_4aab60,未找到同名入口，待核对替代,215822,,0
function_4aabd0,未找到同名入口，待核对替代,215839,,0
function_4aac40,未找到同名入口，待核对替代,215856,,0
function_4aaf30,未找到同名入口，待核对替代,216142,,0
function_4aafa0,未找到同名入口，待核对替代,216159,,0
function_4ab010,原版即为简单返回／空函数,216180,181174,1
function_4ab020,未找到同名入口，待核对替代,216186,,0
function_4ab302,保留原反编译函数体,216311,181231,1
function_4ab330,保留原反编译函数体,216318,181238,1
function_4ab3e4,保留原反编译函数体,216325,181245,1
function_4ab4a9,保留原反编译函数体,216341,181261,1
function_4ab701,原版即为简单返回／空函数,216355,181275,1
function_4ab704,保留原反编译函数体,216361,181281,1
function_4ab92d,保留原反编译函数体,216380,181300,1
function_4ab9d0,保留原反编译函数体,216435,181355,1
function_4ab9d9,保留原反编译函数体,216442,181362,1
function_4abc67,原版即为简单返回／空函数,216449,181369,1
function_4abca1,保留原反编译函数体,216457,181377,1
function_4ac8b2,保留原反编译函数体,216476,181396,1
function_4ac9e3,原版即为简单返回／空函数,216483,181403,1
function_4ac9e5,保留原反编译函数体,216489,181409,1
function_4aca13,保留原反编译函数体,216499,181419,1
function_4aca90,原版即为简单返回／空函数,216514,181434,1
function_4aca9a,原版即为简单返回／空函数,216520,181440,1
function_4ad000,保留原反编译函数体,216561,181481,1
function_4ad02e,原版即为简单返回／空函数,216577,181497,1
function_4ad16b,保留原反编译函数体,216583,181503,1
function_4ad2c0,保留原反编译函数体,216590,181510,1
function_4ad562,原版即为简单返回／空函数,216597,181517,1
function_4ad624,保留原反编译函数体,216603,181523,1
function_4ad7f2,保留原反编译函数体,216730,181650,1
function_4ad8af,保留原反编译函数体,216746,181666,1
function_4ade56,保留原反编译函数体,216795,181715,1
function_4adf39,保留原反编译函数体,216802,181722,1
function_4ae181,保留原反编译函数体,216809,181729,1
function_4ae2a4,保留原反编译函数体,216816,181736,1
function_4ae55b,保留原反编译函数体,216823,181743,1
function_4ae565,保留原反编译函数体,216830,181750,1
function_4ae567,保留原反编译函数体,216837,181757,1
function_4aecbb,保留原反编译函数体,216856,181776,1
function_4aecca,原版即为简单返回／空函数,216869,181789,1
function_4aece1,保留原反编译函数体,216875,181795,1
function_4aecf7,保留原反编译函数体,216882,181802,1
function_4aed07,保留原反编译函数体,216896,181816,1
function_4aed16,保留原反编译函数体,216910,181830,1
function_4aee9f,保留原反编译函数体,216917,181837,1
function_4aef60,原版即为简单返回／空函数,216991,181911,1
function_4aef74,保留原反编译函数体,216997,181917,1
function_4af0cd,保留原反编译函数体,217010,181930,1
function_4af0e0,保留原反编译函数体,217017,181937,1
function_4af520,保留原反编译函数体,217060,181980,1
function_4afd36,保留原反编译函数体,217155,182075,1
function_4aff32,保留原反编译函数体,217162,182082,1
function_4aff46,保留原反编译函数体,217170,182090,1
function_4b005d,原版即为简单返回／空函数,217179,182099,1
function_4b0548,原版即为简单返回／空函数,217192,182112,1
function_4b07d6,保留原反编译函数体,217212,182132,1
function_4b0978,保留原反编译函数体,217220,182140,1
function_4b0a1a,保留原反编译函数体,217234,182154,1
function_4b0b09,保留原反编译函数体,217241,182161,1
function_4b0bba,原版即为简单返回／空函数,217249,182169,1
function_4b0bc3,保留原反编译函数体,217255,182175,1
function_4b0c29,保留原反编译函数体,217299,182219,1
function_4b0c45,保留原反编译函数体,217309,182229,1
function_4b0c50,保留原反编译函数体,217318,182238,1
function_4b0eca,原版即为简单返回／空函数,217345,182265,1
function_4b15e9,原版即为简单返回／空函数,217363,182283,1
function_4b15f2,原版即为简单返回／空函数,217369,182289,1
function_4b17a8,原版即为简单返回／空函数,217375,182295,1
function_4b17b4,原版即为简单返回／空函数,217381,182301,1
function_4b26a3,原版即为简单返回／空函数,217387,182307,1
function_4b26ad,原版即为简单返回／空函数,217393,182313,1
function_4b26b4,保留原反编译函数体,217399,182319,1
function_4b26bb,保留原反编译函数体,217406,182326,1
function_4b26c2,保留原反编译函数体,217413,182333,1
function_4b26ed,保留原反编译函数体,217428,182348,1
function_4b2717,保留原反编译函数体,217437,182357,1
function_4b2756,保留原反编译函数体,217454,182374,1
function_4b2758,保留原反编译函数体,217461,182381,1
function_4b275d,保留原反编译函数体,217468,182388,1
function_4b2769,保留原反编译函数体,217475,182395,1
function_4b2773,保留原反编译函数体,217483,182403,1
function_4b28b5,保留原反编译函数体,217497,182417,1
function_4b41ca,已修改／替换的非空实现,217511,182431,1
function_4b4aa0,保留原反编译函数体,217518,182438,1
function_4b4aa9,保留原反编译函数体,217525,182445,1
function_4b4ab2,原版即为简单返回／空函数,217532,182452,1
function_4b4acb,保留原反编译函数体,217538,182458,1
function_4b4adc,保留原反编译函数体,217547,182467,1
function_4b4b0c,保留原反编译函数体,217562,182482,1
function_4b4b15,保留原反编译函数体,217569,182489,1
function_4b4b31,原版即为简单返回／空函数,217576,182496,1
function_4b4b38,保留原反编译函数体,217582,182502,1
function_4b4c0c,保留原反编译函数体,217589,182509,1
function_4b4c13,保留原反编译函数体,217598,182518,1
function_4b5d4f,原版即为简单返回／空函数,217796,182716,1
function_4b611e,原版即为简单返回／空函数,217802,182722,1
function_4b6127,保留原反编译函数体,217808,182728,1
function_4b64a2,原版即为简单返回／空函数,217815,182735,1
function_4b71fc,原版即为简单返回／空函数,217821,182741,1
function_4b7208,原版即为简单返回／空函数,217827,182747,1
function_4b7dea,原版即为简单返回／空函数,217833,182753,1
function_4b7df6,原版即为简单返回／空函数,217839,182759,1
function_4b7dff,保留原反编译函数体,217845,182765,1
function_4b7e01,保留原反编译函数体,217852,182772,1
function_4b7e27,保留原反编译函数体,217860,182780,1
function_4b8c20,保留原反编译函数体,218552,183472,1
function_4b8db1,原版即为简单返回／空函数,218561,183481,2
function_4b8c88,保留原反编译函数体,218570,183490,1
function_4b8c9a,保留原反编译函数体,218578,183498,1
function_4b8cb4,保留原反编译函数体,218587,183507,1
function_4b8cc4,保留原反编译函数体,218595,183515,1
function_4b8d20,保留原反编译函数体,218607,183527,1
function_4b8d4f,保留原反编译函数体,218623,183543,1
function_4b8d61,保留原反编译函数体,218631,183551,1
function_4b8d6e,保留原反编译函数体,218638,183558,1
function_4b8de5,保留原反编译函数体,218689,183609,1
function_4b923b,原版即为简单返回／空函数,218835,183755,1
function_4b9403,保留原反编译函数体,218841,183761,1
function_4b9589,保留原反编译函数体,218848,183768,1
function_4b9714,保留原反编译函数体,218855,183775,1
function_4b9743,原版即为简单返回／空函数,218863,183783,1
function_4b9795,保留原反编译函数体,218869,183789,1
function_4b9f6f,保留原反编译函数体,218882,183802,1
function_4ba421,原版即为简单返回／空函数,218901,183821,1
function_4ba523,原版即为简单返回／空函数,218907,183827,1
function_4ba52c,保留原反编译函数体,218913,183833,1
function_4ba5e1,原版即为简单返回／空函数,218925,183845,1
function_4badb3,保留原反编译函数体,218931,183851,1
function_4bb17c,原版即为简单返回／空函数,218938,183858,1
function_4bb266,保留原反编译函数体,218944,183864,1
function_4bb518,原版即为简单返回／空函数,218951,183871,1
function_4bb71d,保留原反编译函数体,218963,183883,1
function_4bb72c,保留原反编译函数体,218976,183896,1
function_4bb730,保留原反编译函数体,218983,183903,1
function_4bbf40,保留原反编译函数体,219241,184161,1
function_4bbf75,保留原反编译函数体,219255,184175,1
function_4bbf90,保留原反编译函数体,219263,184183,1
function_4bc177,保留原反编译函数体,219271,184191,1
function_4bcadf,保留原反编译函数体,219286,184206,1
function_4bcae6,保留原反编译函数体,219293,184213,1
function_4bcd8c,保留原反编译函数体,219300,184220,1
function_4c1f83,原版即为简单返回／空函数,219313,184233,1
function_4c205d,保留原反编译函数体,219319,184239,1
function_4c2086,原版即为简单返回／空函数,219326,184246,1
function_4c29d8,保留原反编译函数体,219332,184252,1
function_4c3cd4,保留原反编译函数体,219359,184279,1
function_4c3d09,保留原反编译函数体,219368,184288,1
function_4c3d28,保留原反编译函数体,219385,184305,1
function_4c3d2c,保留原反编译函数体,219394,184314,1
function_4c3d30,原版即为简单返回／空函数,219401,184321,1
function_4c3ee0,原版即为简单返回／空函数,219407,184327,1
function_4c427a,保留原反编译函数体,219413,184333,1
function_4c4283,保留原反编译函数体,219420,184340,1
function_4c47f4,原版即为简单返回／空函数,219427,184347,1
function_4c4a04,原版即为简单返回／空函数,219433,184353,1
function_4c4b00,原版即为简单返回／空函数,219439,184359,1
function_4c4b10,原版即为简单返回／空函数,219445,184365,1
function_4c4b20,原版即为简单返回／空函数,219451,184371,1
function_4c4b30,原版即为简单返回／空函数,219457,184377,1
function_4c4c50,保留原反编译函数体,219485,184405,1
function_4c4c80,保留原反编译函数体,219495,184415,1
function_4c4cf0,保留原反编译函数体,219513,184433,1
function_4c4d40,保留原反编译函数体,219542,184462,1
function_4c4df0,保留原反编译函数体,219602,184522,1
function_4c4e20,保留原反编译函数体,219618,184538,1
function_4c4e70,保留原反编译函数体,219636,184556,1
function_4c4e90,保留原反编译函数体,219646,184566,1
function_4c4ec0,保留原反编译函数体,219663,184583,1
function_4c4f40,保留原反编译函数体,219700,184620,1
function_4c4f60,保留原反编译函数体,219713,184633,1
function_4c50b0,保留原反编译函数体,219813,184733,1
function_4c53a0,保留原反编译函数体,220025,184945,1
function_4c53c0,保留原反编译函数体,220036,184956,1
function_4c5410,保留原反编译函数体,220055,184975,1
function_4c5430,原版即为简单返回／空函数,220063,184983,1
function_4c5450,保留原反编译函数体,220069,184989,1
function_4c5580,原版即为简单返回／空函数,220155,185075,1
function_4c55a0,保留原反编译函数体,220161,185081,1
function_4c55e0,保留原反编译函数体,220183,185103,1
function_4c56e0,保留原反编译函数体,220243,185163,1
function_4c5700,保留原反编译函数体,220255,185175,1
function_4c5730,保留原反编译函数体,220267,185187,1
function_4c5760,保留原反编译函数体,220280,185200,1
function_4c5810,保留原反编译函数体,220321,185241,1
function_4c5910,保留原反编译函数体,220398,185318,1
function_4c5930,未找到同名入口，待核对替代,220404,,0
function_4c5bc0,未找到同名入口，待核对替代,220721,,0
function_4c5c40,未找到同名入口，待核对替代,220739,,0
function_4c5c80,未找到同名入口，待核对替代,220745,,0
function_4c5cb0,未找到同名入口，待核对替代,220753,,0
function_4c5e30,未找到同名入口，待核对替代,220884,,0
function_4c60fc,未找到同名入口，待核对替代,221026,,0
function_4c6160,未找到同名入口，待核对替代,221081,,0
function_4c6190,未找到同名入口，待核对替代,221121,,0
function_4c61f0,未找到同名入口，待核对替代,221134,,0
function_4c6230,未找到同名入口，待核对替代,221144,,0
function_4c6280,未找到同名入口，待核对替代,221157,,0
function_4c6340,未找到同名入口，待核对替代,221205,,0
function_4c6360,未找到同名入口，待核对替代,221212,,0
function_4c63d0,未找到同名入口，待核对替代,221229,,0
function_4c6430,未找到同名入口，待核对替代,221242,,0
function_4c64d0,未找到同名入口，待核对替代,221267,,0
function_4c65b0,未找到同名入口，待核对替代,221328,,0
function_4c65f0,未找到同名入口，待核对替代,221336,,0
function_4c6650,未找到同名入口，待核对替代,221353,,0
function_4c6670,未找到同名入口，待核对替代,221360,,0
function_4c6780,未找到同名入口，待核对替代,221495,,0
function_4c67d0,未找到同名入口，待核对替代,221508,,0
function_4c67f0,未找到同名入口，待核对替代,221515,,0
function_4c6820,未找到同名入口，待核对替代,221525,,0
function_4c6860,未找到同名入口，待核对替代,221536,,0
function_4c68a0,未找到同名入口，待核对替代,221545,,0
function_4c68e0,未找到同名入口，待核对替代,221556,,0
function_4c6920,未找到同名入口，待核对替代,221567,,0
function_4c6960,未找到同名入口，待核对替代,221578,,0
function_4c69a0,未找到同名入口，待核对替代,221589,,0
function_4c69e0,未找到同名入口，待核对替代,221600,,0
function_4c6a20,未找到同名入口，待核对替代,221611,,0
function_4c6a60,未找到同名入口，待核对替代,221622,,0
function_4c6aa0,未找到同名入口，待核对替代,221633,,0
function_4c6af0,未找到同名入口，待核对替代,221646,,0
function_4c6b40,未找到同名入口，待核对替代,221659,,0
function_4c6b90,未找到同名入口，待核对替代,221668,,0
function_4c6be0,未找到同名入口，待核对替代,221677,,0
function_4c6c20,未找到同名入口，待核对替代,221688,,0
function_4c6d00,未找到同名入口，待核对替代,221791,,0
function_4c6d80,未找到同名入口，待核对替代,221825,,0
function_4c6df0,未找到同名入口，待核对替代,221843,,0
function_4c6e20,未找到同名入口，待核对替代,221853,,0
function_4c6e40,未找到同名入口，待核对替代,221863,,0
function_4c6ec0,未找到同名入口，待核对替代,221894,,0
function_4c6f40,未找到同名入口，待核对替代,221925,,0
function_4c6fe0,未找到同名入口，待核对替代,221947,,0
function_4c7070,未找到同名入口，待核对替代,221966,,0
function_4c7130,未找到同名入口，待核对替代,221996,,0
function_4c7150,未找到同名入口，待核对替代,222003,,0
function_4c7180,未找到同名入口，待核对替代,222013,,0
function_4c71b0,未找到同名入口，待核对替代,222022,,0
function_4c71f0,未找到同名入口，待核对替代,222033,,0
function_4c7230,未找到同名入口，待核对替代,222043,,0
function_4c7270,未找到同名入口，待核对替代,222054,,0
function_4c72b0,未找到同名入口，待核对替代,222067,,0
function_4c72f0,未找到同名入口，待核对替代,222079,,0
function_4c73a0,未找到同名入口，待核对替代,222104,,0
function_4c73d0,未找到同名入口，待核对替代,222112,,0
function_4c7430,未找到同名入口，待核对替代,222151,,0
function_4c7440,未找到同名入口，待核对替代,222160,,0
function_4c7450,未找到同名入口，待核对替代,222170,,0
function_4c7490,未找到同名入口，待核对替代,222186,,0
function_4c74f0,未找到同名入口，待核对替代,222222,,0
function_4c7540,未找到同名入口，待核对替代,222246,,0
function_4c7620,未找到同名入口，待核对替代,222301,,0
function_4c7630,未找到同名入口，待核对替代,222307,,0
function_4c7640,未找到同名入口，待核对替代,222313,,0
function_4c7650,未找到同名入口，待核对替代,222319,,0
function_4c76b0,未找到同名入口，待核对替代,222339,,0
function_4c76c0,未找到同名入口，待核对替代,222345,,0
function_4c76d0,未找到同名入口，待核对替代,222351,,0
function_4c76e0,未找到同名入口，待核对替代,222357,,0
function_4c7700,未找到同名入口，待核对替代,222364,,0
function_4c7720,未找到同名入口，待核对替代,222370,,0
function_4c77c0,未找到同名入口，待核对替代,222402,,0
function_4c77f0,未找到同名入口，待核对替代,222414,,0
function_4c7880,未找到同名入口，待核对替代,222467,,0
function_4c78b0,未找到同名入口，待核对替代,222480,,0
function_4c78f0,未找到同名入口，待核对替代,222492,,0
function_4c7920,未找到同名入口，待核对替代,222498,,0
function_4c7940,未找到同名入口，待核对替代,222504,,0
function_4c7aa0,未找到同名入口，待核对替代,222576,,0
function_4c7b10,未找到同名入口，待核对替代,222596,,0
function_4c7b80,未找到同名入口，待核对替代,222608,,0
function_4c7be0,未找到同名入口，待核对替代,222622,,0
function_4c7c20,未找到同名入口，待核对替代,222631,,0
function_4c7c90,未找到同名入口，待核对替代,222646,,0
function_4c7d50,未找到同名入口，待核对替代,222668,,0
function_4c7d70,未找到同名入口，待核对替代,222677,,0
function_4c7d90,未找到同名入口，待核对替代,222686,,0
function_4c7da0,未找到同名入口，待核对替代,222695,,0
function_4c7db0,未找到同名入口，待核对替代,222704,,0
function_4c7df0,未找到同名入口，待核对替代,222713,,0
function_4c7e10,未找到同名入口，待核对替代,222722,,0
function_4c7e20,未找到同名入口，待核对替代,222731,,0
function_4c7e40,未找到同名入口，待核对替代,222740,,0
function_4c7e90,未找到同名入口，待核对替代,222764,,0
function_4c7fc0,未找到同名入口，待核对替代,222847,,0
function_4c8030,未找到同名入口，待核对替代,222880,,0
function_4c8070,未找到同名入口，待核对替代,222924,,0
function_4c8110,未找到同名入口，待核对替代,222957,,0
function_4c8140,未找到同名入口，待核对替代,222965,,0
function_4c82a0,未找到同名入口，待核对替代,222997,,0
function_4c83f0,未找到同名入口，待核对替代,223024,,0
function_4c8460,未找到同名入口，待核对替代,223076,,0
function_4c8720,未找到同名入口，待核对替代,223258,,0
function_4c87b0,未找到同名入口，待核对替代,223293,,0
function_4c8980,未找到同名入口，待核对替代,223384,,0
function_4c89e0,未找到同名入口，待核对替代,223471,,0
function_4c8e00,未找到同名入口，待核对替代,223837,,0
function_4c8e60,未找到同名入口，待核对替代,223868,,0
function_4c8eb0,未找到同名入口，待核对替代,223892,,0
function_4c8f40,未找到同名入口，待核对替代,224013,,0
function_4c8f80,未找到同名入口，待核对替代,224024,,0
function_4c8f90,未找到同名入口，待核对替代,224030,,0
function_4c8fd0,未找到同名入口，待核对替代,224042,,0
function_4c90c0,未找到同名入口，待核对替代,224087,,0
function_4c91b0,未找到同名入口，待核对替代,224120,,0
function_4c9400,未找到同名入口，待核对替代,224139,,0
function_4c94f0,未找到同名入口，待核对替代,224192,,0
function_4c9684,未找到同名入口，待核对替代,224218,,0
function_4c9780,未找到同名入口，待核对替代,224266,,0
function_4c9800,未找到同名入口，待核对替代,224283,,0
function_4c9880,未找到同名入口，待核对替代,224300,,0
function_4c9920,未找到同名入口，待核对替代,224323,,0
function_4c99c0,未找到同名入口，待核对替代,224346,,0
function_4c9ae0,未找到同名入口，待核对替代,224445,,0
function_4c9c8c,原版即为简单返回／空函数,224669,185744,1
function_4c9d80,保留原反编译函数体,224675,185750,1
function_4c9eef,保留原反编译函数体,224687,185762,1
function_4ca03f,保留原反编译函数体,224756,185831,1
function_4ca0a6,原版即为简单返回／空函数,224781,185856,1
function_4ca0ab,保留原反编译函数体,224787,185862,1
function_4ca147,原版即为简单返回／空函数,224797,185872,1
function_4ca151,原版即为简单返回／空函数,224803,185878,1
function_4ca1ef,保留原反编译函数体,224809,185884,1
function_4cb70b,保留原反编译函数体,225635,186710,1
function_4cb740,未找到同名入口，待核对替代,225642,,0
function_4cb770,未找到同名入口，待核对替代,225648,,0
function_4cb77b,未找到同名入口，待核对替代,225654,,0
function_4cb786,未找到同名入口，待核对替代,225660,,0
function_4cb7b0,未找到同名入口，待核对替代,225666,,0
function_4cb7e0,未找到同名入口，待核对替代,225672,,0
function_4cb830,原版即为简单返回／空函数,225678,186718,1
function_4cb83b,原版即为简单返回／空函数,225684,186724,1
function_4cb846,未找到同名入口，待核对替代,225690,,0
function_4cb851,未找到同名入口，待核对替代,225696,,0
function_4cb85c,未找到同名入口，待核对替代,225702,,0
function_4cb867,未找到同名入口，待核对替代,225708,,0
function_4cb872,未找到同名入口，待核对替代,225714,,0
function_4cb87d,未找到同名入口，待核对替代,225720,,0
function_4cb8b0,原版即为简单返回／空函数,225726,186731,1
function_4cb8bb,原版即为简单返回／空函数,225732,186737,1
function_4cb8c6,未找到同名入口，待核对替代,225738,,0
function_4cb8d1,未找到同名入口，待核对替代,225744,,0
function_4cb8dc,未找到同名入口，待核对替代,225750,,0
function_4cb8e7,未找到同名入口，待核对替代,225756,,0
function_4cb8f2,未找到同名入口，待核对替代,225762,,0
function_4cb8fd,未找到同名入口，待核对替代,225768,,0
function_4cb908,未找到同名入口，待核对替代,225774,,0
function_4cb930,未找到同名入口，待核对替代,225780,,0
function_4cb938,未找到同名入口，待核对替代,225786,,0
function_4cb940,未找到同名入口，待核对替代,225792,,0
function_4cb948,原版即为简单返回／空函数,225798,186744,1
function_4cb950,未找到同名入口，待核对替代,225804,,0
function_4cb958,未找到同名入口，待核对替代,225810,,0
function_4cb960,未找到同名入口，待核对替代,225816,,0
function_4cb968,未找到同名入口，待核对替代,225822,,0
function_4cb970,未找到同名入口，待核对替代,225828,,0
function_4cb978,未找到同名入口，待核对替代,225834,,0
function_4cb9a0,未找到同名入口，待核对替代,225840,,0
function_4cb9d0,原版即为简单返回／空函数,225846,186751,1
function_4cb9d8,未找到同名入口，待核对替代,225852,,0
function_4cba00,未找到同名入口，待核对替代,225858,,0
function_4cba08,未找到同名入口，待核对替代,225864,,0
function_4cba10,未找到同名入口，待核对替代,225870,,0
function_4cba40,未找到同名入口，待核对替代,225876,,0
function_4cba48,未找到同名入口，待核对替代,225882,,0
function_4cba50,未找到同名入口，待核对替代,225888,,0
function_4cba58,未找到同名入口，待核对替代,225894,,0
function_4cba60,未找到同名入口，待核对替代,225900,,0
function_4cba90,未找到同名入口，待核对替代,225906,,0
function_4cba98,未找到同名入口，待核对替代,225912,,0
function_4cbaa0,未找到同名入口，待核对替代,225918,,0
function_4cbaa8,未找到同名入口，待核对替代,225924,,0
function_4cbab0,未找到同名入口，待核对替代,225930,,0
function_4cbae0,未找到同名入口，待核对替代,225936,,0
function_4cbae8,未找到同名入口，待核对替代,225942,,0
function_4cbaf0,未找到同名入口，待核对替代,225948,,0
function_4cbaf8,未找到同名入口，待核对替代,225954,,0
function_4cbb20,未找到同名入口，待核对替代,225960,,0
function_4cbb28,未找到同名入口，待核对替代,225966,,0
function_4cbb30,未找到同名入口，待核对替代,225972,,0
function_4cbb38,未找到同名入口，待核对替代,225978,,0
function_4cbb40,未找到同名入口，待核对替代,225984,,0
function_4cbb48,未找到同名入口，待核对替代,225990,,0
function_4cbb70,未找到同名入口，待核对替代,225996,,0
function_4cbba0,未找到同名入口，待核对替代,226002,,0
function_4cbba8,未找到同名入口，待核对替代,226008,,0
function_4cbbd0,未找到同名入口，待核对替代,226014,,0
function_4cbbd8,未找到同名入口，待核对替代,226020,,0
function_4cbbe0,未找到同名入口，待核对替代,226026,,0
function_4cbbe8,未找到同名入口，待核对替代,226032,,0
function_4cbbf0,未找到同名入口，待核对替代,226038,,0
function_4cbbf8,未找到同名入口，待核对替代,226044,,0
function_4cbc20,未找到同名入口，待核对替代,226050,,0
function_4cbc28,未找到同名入口，待核对替代,226056,,0
function_4cbc50,未找到同名入口，待核对替代,226062,,0
function_4cbc58,未找到同名入口，待核对替代,226068,,0
function_4cbc60,未找到同名入口，待核对替代,226074,,0
function_4cbc90,未找到同名入口，待核对替代,226080,,0
function_4cbc98,未找到同名入口，待核对替代,226086,,0
function_4cbca3,未找到同名入口，待核对替代,226092,,0
function_4cbcae,未找到同名入口，待核对替代,226098,,0
function_4cbcb9,保留原反编译函数体,226104,186758,1
function_4cbcf0,原版即为简单返回／空函数,226112,186766,1
function_4cbd60,原版即为简单返回／空函数,226118,186772,1
function_4cbd6b,原版即为简单返回／空函数,226124,186778,1
function_4cbd76,保留原反编译函数体,226130,186784,1
function_4cbda0,原版即为简单返回／空函数,226138,186792,1
function_4cbdd0,原版即为简单返回／空函数,226144,186798,1
function_4cbddb,原版即为简单返回／空函数,226150,186804,1
function_4cbde6,原版即为简单返回／空函数,226156,186810,1
function_4cbdf1,原版即为简单返回／空函数,226162,186816,1
function_4cbdfc,原版即为简单返回／空函数,226168,186822,1
function_4cbe07,原版即为简单返回／空函数,226174,186828,1
function_4cbe12,原版即为简单返回／空函数,226180,186834,1
function_4cbe1d,保留原反编译函数体,226186,186840,1
function_4cbe50,原版即为简单返回／空函数,226194,186848,1
function_4cbe80,保留原反编译函数体,226200,186854,1
function_4cbe8b,保留原反编译函数体,226207,186861,1
function_4cbec0,未找到同名入口，待核对替代,226214,,0
function_4cbef0,未找到同名入口，待核对替代,226220,,0
function_4cbefb,未找到同名入口，待核对替代,226226,,0
function_4cbf30,未找到同名入口，待核对替代,226232,,0
function_4cbf38,未找到同名入口，待核对替代,226238,,0
function_4cbf60,未找到同名入口，待核对替代,226244,,0
function_4cbf6b,未找到同名入口，待核对替代,226250,,0
function_4cbf76,未找到同名入口，待核对替代,226256,,0
function_4cbf7e,未找到同名入口，待核对替代,226262,,0
function_4cbfb0,未找到同名入口，待核对替代,226268,,0
function_4cbfb8,未找到同名入口，待核对替代,226274,,0
function_4cbfc0,未找到同名入口，待核对替代,226280,,0
function_4cbfc8,未找到同名入口，待核对替代,226286,,0
function_4cbff0,原版即为简单返回／空函数,226292,186869,1
function_4cc040,原版即为简单返回／空函数,226298,186875,1
function_4cc048,原版即为简单返回／空函数,226304,186881,1
function_4cc070,未找到同名入口，待核对替代,226310,,0
function_4cc0a0,未找到同名入口，待核对替代,226316,,0
function_4cc0d0,未找到同名入口，待核对替代,226322,,0
function_4cc0d8,未找到同名入口，待核对替代,226328,,0
function_4cc0e0,未找到同名入口，待核对替代,226334,,0
function_4cc0e8,未找到同名入口，待核对替代,226340,,0
function_4cc0f0,未找到同名入口，待核对替代,226346,,0
function_4cc0f8,未找到同名入口，待核对替代,226352,,0
function_4cc100,未找到同名入口，待核对替代,226358,,0
function_4cc130,未找到同名入口，待核对替代,226364,,0
function_4cc138,未找到同名入口，待核对替代,226370,,0
function_4cc140,未找到同名入口，待核对替代,226376,,0
function_4cc148,未找到同名入口，待核对替代,226382,,0
function_4cc180,未找到同名入口，待核对替代,226397,,0
function_4cc1b0,未找到同名入口，待核对替代,226403,,0
function_4cc1b8,未找到同名入口，待核对替代,226409,,0
function_4cc1c0,未找到同名入口，待核对替代,226415,,0
function_4cc1f0,原版即为简单返回／空函数,226421,186888,1
function_4cc1f8,原版即为简单返回／空函数,226427,186894,1
function_4cc203,原版即为简单返回／空函数,226433,186900,1
function_4cc20e,原版即为简单返回／空函数,226439,186906,1
function_4cc240,原版即为简单返回／空函数,226445,186912,1
function_4cc248,原版即为简单返回／空函数,226451,186918,1
function_4cc253,原版即为简单返回／空函数,226457,186924,1
function_4cc25e,原版即为简单返回／空函数,226463,186930,1
function_4cc269,原版即为简单返回／空函数,226469,186936,1
function_4cc290,原版即为简单返回／空函数,226475,186942,1
function_4cc2c0,原版即为简单返回／空函数,226481,186948,1
function_4cc2c8,保留原反编译函数体,226487,186954,1
function_4cc2d3,原版即为简单返回／空函数,226494,186961,1
function_4cc300,原版即为简单返回／空函数,226500,186967,1
function_4cc330,未找到同名入口，待核对替代,226506,,0
function_4cc338,原版即为简单返回／空函数,226512,186974,1
function_4cc343,原版即为简单返回／空函数,226518,186980,1
function_4cc351,原版即为简单返回／空函数,226524,186986,1
function_4cc359,原版即为简单返回／空函数,226530,186992,1
function_4cc390,未找到同名入口，待核对替代,226536,,0
function_4cc398,原版即为简单返回／空函数,226542,186999,1
function_4cc3a3,原版即为简单返回／空函数,226548,187005,1
function_4cc3d0,原版即为简单返回／空函数,226554,187011,1
function_4cc3db,原版即为简单返回／空函数,226560,187017,1
function_4cc3e6,原版即为简单返回／空函数,226566,187023,1
function_4cc410,原版即为简单返回／空函数,226572,187029,1
function_4cc41b,保留原反编译函数体,226578,187035,1
function_4cc426,原版即为简单返回／空函数,226585,187042,1
function_4cc42e,原版即为简单返回／空函数,226591,187048,1
function_4cc439,原版即为简单返回／空函数,226597,187054,1
function_4cc444,原版即为简单返回／空函数,226603,187060,1
function_4cc44f,原版即为简单返回／空函数,226609,187066,1
function_4cc45a,原版即为简单返回／空函数,226615,187072,1
function_4cc465,原版即为简单返回／空函数,226621,187078,1
function_4cc490,原版即为简单返回／空函数,226627,187084,1
function_4cc498,原版即为简单返回／空函数,226633,187090,1
function_4cc4a3,原版即为简单返回／空函数,226639,187096,1
function_4cc4ae,原版即为简单返回／空函数,226645,187102,1
function_4cc4b9,原版即为简单返回／空函数,226651,187108,1
function_4cc4c1,原版即为简单返回／空函数,226657,187114,1
function_4cc4c9,原版即为简单返回／空函数,226663,187120,1
function_4cc4f0,未找到同名入口，待核对替代,226669,,0
function_4cc4fa,未找到同名入口，待核对替代,226675,,0
function_4cc520,未找到同名入口，待核对替代,226681,,0
function_4cc550,原版即为简单返回／空函数,226687,187127,1
function_4cc5b0,未找到同名入口，待核对替代,226693,,0
function_4cc630,未找到同名入口，待核对替代,226708,,0
function_4cc638,未找到同名入口，待核对替代,226714,,0
function_4cc640,未找到同名入口，待核对替代,226720,,0
function_4cc648,未找到同名入口，待核对替代,226726,,0
function_4cc650,未找到同名入口，待核对替代,226732,,0
function_4cc680,未找到同名入口，待核对替代,226738,,0
function_4cc68b,保留原反编译函数体,226744,187134,1
function_4cc6c0,未找到同名入口，待核对替代,226752,,0
function_4cc6c8,原版即为简单返回／空函数,226758,187143,1
function_4cc6f0,未找到同名入口，待核对替代,226764,,0
function_4cc720,保留原反编译函数体,226770,187150,1
function_4cc72b,保留原反编译函数体,226777,187157,1
function_4cc736,未找到同名入口，待核对替代,226784,,0
function_4cc73e,未找到同名入口，待核对替代,226790,,0
function_4cc746,未找到同名入口，待核对替代,226796,,0
function_4cc74e,未找到同名入口，待核对替代,226802,,0
function_4cc756,未找到同名入口，待核对替代,226808,,0
function_4cc780,未找到同名入口，待核对替代,226814,,0
function_4cc788,未找到同名入口，待核对替代,226820,,0
function_4cc790,未找到同名入口，待核对替代,226826,,0
function_4cc798,未找到同名入口，待核对替代,226832,,0
function_4cc7c0,未找到同名入口，待核对替代,226838,,0
function_4cc7c8,未找到同名入口，待核对替代,226844,,0
function_4cc7d0,未找到同名入口，待核对替代,226850,,0
function_4cc7d8,未找到同名入口，待核对替代,226856,,0
function_4cc7e0,未找到同名入口，待核对替代,226862,,0
function_4cc830,保留原反编译函数体,226868,187165,1
function_4cc838,原版即为简单返回／空函数,226875,187172,1
function_4cc840,保留原反编译函数体,226881,187178,1
function_4cc870,原版即为简单返回／空函数,226889,187186,1
function_4cc8a0,未找到同名入口，待核对替代,226895,,0
function_4cc8a8,未找到同名入口，待核对替代,226901,,0
function_4cc8d0,未找到同名入口，待核对替代,226907,,0
function_4cc8d8,未找到同名入口，待核对替代,226913,,0
function_4cc8e0,保留原反编译函数体,226919,187193,1
function_4cc910,未找到同名入口，待核对替代,226927,,0
function_4cc940,未找到同名入口，待核对替代,226933,,0
function_4cc948,未找到同名入口，待核对替代,226939,,0
function_4cc970,未找到同名入口，待核对替代,226945,,0
function_4cc978,未找到同名入口，待核对替代,226951,,0
function_4cc980,未找到同名入口，待核对替代,226957,,0
function_4cc9b0,原版即为简单返回／空函数,226963,187202,1
function_4cc9b8,未找到同名入口，待核对替代,226969,,0
function_4cc9e0,未找到同名入口，待核对替代,226975,,0
function_4cca10,未找到同名入口，待核对替代,226981,,0
function_4cca18,原版即为简单返回／空函数,226987,187209,1
function_4cca20,未找到同名入口，待核对替代,226993,,0
function_4cca28,原版即为简单返回／空函数,226999,187216,1
function_4cca30,未找到同名入口，待核对替代,227005,,0
function_4cca38,未找到同名入口，待核对替代,227011,,0
function_4cca43,未找到同名入口，待核对替代,227017,,0
function_4cca4e,未找到同名入口，待核对替代,227023,,0
function_4cca56,未找到同名入口，待核对替代,227029,,0
function_4cca61,未找到同名入口，待核对替代,227035,,0
function_4cca6c,未找到同名入口，待核对替代,227041,,0
function_4cca74,保留原反编译函数体,227047,187223,1
function_4ccaa0,未找到同名入口，待核对替代,227055,,0
function_4ccaa8,未找到同名入口，待核对替代,227061,,0
function_4ccab0,未找到同名入口，待核对替代,227067,,0
function_4ccab8,未找到同名入口，待核对替代,227073,,0
function_4ccac0,原版即为简单返回／空函数,227079,187232,1
function_4ccaf0,未找到同名入口，待核对替代,227085,,0
function_4ccaf8,原版即为简单返回／空函数,227091,187239,1
function_4ccb03,原版即为简单返回／空函数,227097,187245,1
function_4ccb0e,保留原反编译函数体,227103,187251,1
function_4ccb40,未找到同名入口，待核对替代,227111,,0
function_4ccb48,原版即为简单返回／空函数,227117,187260,1
function_4ccb53,原版即为简单返回／空函数,227123,187266,1
function_4ccb5e,保留原反编译函数体,227129,187272,1
function_4ccb90,原版即为简单返回／空函数,227137,187280,1
function_4ccb98,未找到同名入口，待核对替代,227143,,0
function_4ccba0,未找到同名入口，待核对替代,227149,,0
function_4ccba8,未找到同名入口，待核对替代,227155,,0
function_4ccbb0,未找到同名入口，待核对替代,227161,,0
function_4ccbb8,未找到同名入口，待核对替代,227167,,0
function_4ccbc0,未找到同名入口，待核对替代,227173,,0
function_4ccbc8,未找到同名入口，待核对替代,227179,,0
function_4ccbd0,未找到同名入口，待核对替代,227185,,0
function_4ccc00,简化返回／占位候选，待核对,227191,187287,1
function_4ccc08,未找到同名入口，待核对替代,227197,,0
function_4ccc13,未找到同名入口，待核对替代,227203,,0
function_4ccc1e,简化返回／占位候选，待核对,227209,187294,1
function_4ccc29,简化返回／占位候选，待核对,227215,187300,1
function_4ccc34,未找到同名入口，待核对替代,227221,,0
function_4ccc60,简化返回／占位候选，待核对,227227,187307,1
function_4ccc68,未找到同名入口，待核对替代,227233,,0
function_4ccc73,未找到同名入口，待核对替代,227239,,0
function_4ccc7e,简化返回／占位候选，待核对,227245,187314,1
function_4ccc89,简化返回／占位候选，待核对,227251,187320,1
function_4cccb0,简化返回／占位候选，待核对,227257,187326,1
function_4cccb8,简化返回／占位候选，待核对,227263,187332,1
function_4cccc3,简化返回／占位候选，待核对,227269,187338,1
function_4cccce,未找到同名入口，待核对替代,227275,,0
function_4cccd9,未找到同名入口，待核对替代,227281,,0
function_4ccd00,原版即为简单返回／空函数,227287,187345,1
function_4ccd11,简化返回／占位候选，待核对,227293,187351,1
function_4ccd40,简化返回／占位候选，待核对,227299,187357,1
function_4ccd70,简化返回／占位候选，待核对,227305,187363,1
function_4ccd78,简化返回／占位候选，待核对,227311,187369,1
function_4ccd83,未找到同名入口，待核对替代,227317,,0
function_4ccdb0,简化返回／占位候选，待核对,227323,187376,1
function_4ccdb8,简化返回／占位候选，待核对,227329,187382,1
function_4ccde0,原版即为简单返回／空函数,227335,187388,1
function_4cce10,未找到同名入口，待核对替代,227341,,0
function_4cce40,未找到同名入口，待核对替代,227347,,0
function_4cce70,未找到同名入口，待核对替代,227353,,0
function_4ccea0,未找到同名入口，待核对替代,227359,,0
function_4ccea8,未找到同名入口，待核对替代,227365,,0
function_4cceb0,未找到同名入口，待核对替代,227371,,0
function_4cceb8,未找到同名入口，待核对替代,227377,,0
function_4ccec0,未找到同名入口，待核对替代,227383,,0
function_4ccec8,简化返回／占位候选，待核对,227389,187395,1
function_4cced0,未找到同名入口，待核对替代,227395,,0
function_4cced8,未找到同名入口，待核对替代,227401,,0
function_4ccf00,简化返回／占位候选，待核对,227407,187402,1
function_4ccf30,未找到同名入口，待核对替代,227413,,0
function_4ccf60,简化返回／占位候选，待核对,227419,187409,1
function_4ccf68,未找到同名入口，待核对替代,227425,,0
function_4ccf90,未找到同名入口，待核对替代,227431,,0
function_4ccfc0,未找到同名入口，待核对替代,227437,,0
function_4ccff0,未找到同名入口，待核对替代,227443,,0
function_4cd009,未找到同名入口，待核对替代,227458,,0
function_4cd022,未找到同名入口，待核对替代,227473,,0
function_4cd03b,未找到同名入口，待核对替代,227488,,0
function_4cd070,简化返回／占位候选，待核对,227503,187416,1
function_4cd078,未找到同名入口，待核对替代,227509,,0
function_4cd083,简化返回／占位候选，待核对,227515,187423,1
function_4cd08e,简化返回／占位候选，待核对,227521,187429,1
function_4cd099,简化返回／占位候选，待核对,227527,187435,1
function_4cd0a4,简化返回／占位候选，待核对,227533,187441,1
function_4cd0af,未找到同名入口，待核对替代,227539,,0
function_4cd0e0,简化返回／占位候选，待核对,227545,187448,1
function_4cd0e8,未找到同名入口，待核对替代,227551,,0
function_4cd0f3,简化返回／占位候选，待核对,227557,187455,1
function_4cd0fe,简化返回／占位候选，待核对,227563,187461,1
function_4cd109,简化返回／占位候选，待核对,227569,187467,1
function_4cd114,简化返回／占位候选，待核对,227575,187473,1
function_4cd140,原版即为简单返回／空函数,227581,187479,1
function_4cd170,简化返回／占位候选，待核对,227587,187485,1
function_4cd1a0,简化返回／占位候选，待核对,227593,187491,1
function_4cd1a8,简化返回／占位候选，待核对,227599,187497,1
function_4cd1b3,简化返回／占位候选，待核对,227605,187503,1
function_4cd1be,未找到同名入口，待核对替代,227611,,0
function_4cd1c9,未找到同名入口，待核对替代,227617,,0
function_4cd1d4,未找到同名入口，待核对替代,227623,,0
function_4cd1df,未找到同名入口，待核对替代,227629,,0
function_4cd1ea,未找到同名入口，待核对替代,227635,,0
function_4cd1f5,简化返回／占位候选，待核对,227641,187510,1
function_4cd200,简化返回／占位候选，待核对,227647,187516,1
function_4cd230,未找到同名入口，待核对替代,227653,,0
function_4cd238,未找到同名入口，待核对替代,227659,,0
function_4cd240,未找到同名入口，待核对替代,227665,,0
function_4cd270,未找到同名入口，待核对替代,227671,,0
function_4cd278,简化返回／占位候选，待核对,227677,187523,1
function_4cd280,原版即为简单返回／空函数,227683,187529,1
function_4cd291,未找到同名入口，待核对替代,227689,,0
function_4cd2c0,未找到同名入口，待核对替代,227695,,0
function_4cd2c8,原版即为简单返回／空函数,227701,187536,1
function_4cd2d9,未找到同名入口，待核对替代,227707,,0
function_4cd2e1,未找到同名入口，待核对替代,227713,,0
function_4cd310,未找到同名入口，待核对替代,227719,,0
function_4cd318,简化返回／占位候选，待核对,227725,187543,1
function_4cd320,未找到同名入口，待核对替代,227731,,0
function_4cd350,未找到同名入口，待核对替代,227737,,0
function_4cd358,未找到同名入口，待核对替代,227743,,0
function_4cd360,未找到同名入口，待核对替代,227749,,0
function_4cd390,未找到同名入口，待核对替代,227755,,0
function_4cd398,未找到同名入口，待核对替代,227761,,0
function_4cd3a0,未找到同名入口，待核对替代,227767,,0
function_4cd3d0,简化返回／占位候选，待核对,227773,187550,1
function_4cd3d8,未找到同名入口，待核对替代,227779,,0
function_4cd3e0,未找到同名入口，待核对替代,227785,,0
function_4cd410,未找到同名入口，待核对替代,227791,,0
function_4cd418,未找到同名入口，待核对替代,227797,,0
function_4cd420,未找到同名入口，待核对替代,227803,,0
function_4cd428,未找到同名入口，待核对替代,227809,,0
function_4cd430,原版即为简单返回／空函数,227815,187557,1
function_4cd441,未找到同名入口，待核对替代,227821,,0
function_4cd470,未找到同名入口，待核对替代,227827,,0
function_4cd478,未找到同名入口，待核对替代,227833,,0
function_4cd480,未找到同名入口，待核对替代,227839,,0
function_4cd4b0,未找到同名入口，待核对替代,227845,,0
function_4cd4e0,原版即为简单返回／空函数,227851,187564,1
function_4cd4f1,未找到同名入口，待核对替代,227857,,0
function_4cd520,简化返回／占位候选，待核对,227863,187571,1
function_4cd528,未找到同名入口，待核对替代,227869,,0
function_4cd530,未找到同名入口，待核对替代,227875,,0
function_4cd538,未找到同名入口，待核对替代,227881,,0
function_4cd540,原版即为简单返回／空函数,227887,187578,1
function_4cd551,未找到同名入口，待核对替代,227893,,0
function_4cd55c,原版即为简单返回／空函数,227899,187585,1
function_4cd56d,未找到同名入口，待核对替代,227905,,0
function_4cd578,未找到同名入口，待核对替代,227911,,0
function_4cd580,未找到同名入口，待核对替代,227917,,0
function_4cd588,未找到同名入口，待核对替代,227923,,0
function_4cd590,未找到同名入口，待核对替代,227929,,0
function_4cd598,未找到同名入口，待核对替代,227935,,0
function_4cd5a0,未找到同名入口，待核对替代,227941,,0
function_4cd5a8,未找到同名入口，待核对替代,227947,,0
function_4cd5b0,未找到同名入口，待核对替代,227953,,0
function_4cd5b8,未找到同名入口，待核对替代,227959,,0
function_4cd5e0,未找到同名入口，待核对替代,227965,,0
function_4cd5e8,未找到同名入口，待核对替代,227971,,0
function_4cd610,简化返回／占位候选，待核对,227977,187592,1
function_4cd640,未找到同名入口，待核对替代,227983,,0
function_4cd670,简化返回／占位候选，待核对,227989,187599,1
function_4cd678,未找到同名入口，待核对替代,227995,,0
function_4cd6a0,原版即为简单返回／空函数,228001,187606,1
function_4cd6b1,未找到同名入口，待核对替代,228007,,0
function_4cd6b9,未找到同名入口，待核对替代,228013,,0
function_4cd6c1,未找到同名入口，待核对替代,228019,,0
function_4cd6f0,未找到同名入口，待核对替代,228025,,0
function_4cd6f8,未找到同名入口，待核对替代,228031,,0
function_4cd720,未找到同名入口，待核对替代,228037,,0
function_4cd750,未找到同名入口，待核对替代,228043,,0
function_4cd780,简化返回／占位候选，待核对,228049,187613,1
function_4cd788,保留原反编译函数体,228055,187619,1
function_4cd7c0,简化返回／占位候选，待核对,228063,187627,1
function_4cd7c8,保留原反编译函数体,228069,187633,1
function_4cd800,简化返回／占位候选，待核对,228077,187641,1
function_4cd808,保留原反编译函数体,228083,187647,1
function_4cd840,原版即为简单返回／空函数,228091,187655,1
function_4cd85c,未找到同名入口，待核对替代,228097,,0
function_4cd880,简化返回／占位候选，待核对,228103,187662,1
function_4cd888,未找到同名入口，待核对替代,228109,,0
function_4cd890,简化返回／占位候选，待核对,228115,187669,1
function_4cd898,未找到同名入口，待核对替代,228121,,0
function_4cd8a0,未找到同名入口，待核对替代,228127,,0
function_4cd8d0,简化返回／占位候选，待核对,228133,187676,1
function_4cd8d8,简化返回／占位候选，待核对,228139,187682,1
function_4cd8e3,简化返回／占位候选，待核对,228145,187688,1
function_4cd8ee,简化返回／占位候选，待核对,228151,187694,1
function_4cd8f9,未找到同名入口，待核对替代,228157,,0
function_4cd920,未找到同名入口，待核对替代,228163,,0
function_4cd928,简化返回／占位候选，待核对,228169,187701,1
function_4cd930,未找到同名入口，待核对替代,228175,,0
function_4cd938,简化返回／占位候选，待核对,228181,187708,1
function_4cd940,未找到同名入口，待核对替代,228187,,0
function_4cd970,原版即为简单返回／空函数,228193,187715,1
function_4cd9a0,简化返回／占位候选，待核对,228199,187721,1
function_4cd9a8,未找到同名入口，待核对替代,228205,,0
function_4cd9b0,原版即为简单返回／空函数,228211,187728,1
function_4cd9f0,简化返回／占位候选，待核对,228217,187734,1
function_4cd9f8,简化返回／占位候选，待核对,228223,187740,1
function_4cda03,简化返回／占位候选，待核对,228229,187746,1
function_4cda0e,简化返回／占位候选，待核对,228235,187752,1
function_4cda19,未找到同名入口，待核对替代,228241,,0
function_4cda24,未找到同名入口，待核对替代,228247,,0
function_4cda2c,原版即为简单返回／空函数,228253,187759,1
function_4cda60,未找到同名入口，待核对替代,228259,,0
function_4cda90,未找到同名入口，待核对替代,228265,,0
function_4cda98,未找到同名入口，待核对替代,228271,,0
function_4cdaa0,未找到同名入口，待核对替代,228277,,0
function_4cdad0,未找到同名入口，待核对替代,228283,,0
function_4cdb00,原版即为简单返回／空函数,228289,187766,1
function_4cdb11,未找到同名入口，待核对替代,228295,,0
function_4cdb19,未找到同名入口，待核对替代,228301,,0
function_4cdb21,未找到同名入口，待核对替代,228307,,0
function_4cdb50,原版即为简单返回／空函数,228313,187773,1
function_4cdb64,原版即为简单返回／空函数,228319,187779,1
function_4cdb75,未找到同名入口，待核对替代,228325,,0
function_4cdb7d,未找到同名入口，待核对替代,228331,,0
function_4cdb85,未找到同名入口，待核对替代,228337,,0
function_4cdb8d,未找到同名入口，待核对替代,228343,,0
function_4cdb95,未找到同名入口，待核对替代,228349,,0
function_4cdb9d,未找到同名入口，待核对替代,228355,,0
function_4cdba5,未找到同名入口，待核对替代,228361,,0
function_4cdbad,未找到同名入口，待核对替代,228367,,0
function_4cdbb5,未找到同名入口，待核对替代,228373,,0
function_4cdbbd,未找到同名入口，待核对替代,228379,,0
function_4cdbc5,未找到同名入口，待核对替代,228385,,0
function_4cdbcd,未找到同名入口，待核对替代,228391,,0
function_4cdbd5,未找到同名入口，待核对替代,228397,,0
function_4cdbdd,未找到同名入口，待核对替代,228403,,0
function_4cdbe5,未找到同名入口，待核对替代,228409,,0
function_4cdbed,未找到同名入口，待核对替代,228415,,0
function_4cdbf5,未找到同名入口，待核对替代,228421,,0
function_4cdbfd,未找到同名入口，待核对替代,228427,,0
function_4cdc05,未找到同名入口，待核对替代,228433,,0
function_4cdc0d,未找到同名入口，待核对替代,228439,,0
function_4cdc15,未找到同名入口，待核对替代,228445,,0
function_4cdc1d,未找到同名入口，待核对替代,228451,,0
function_4cdc25,未找到同名入口，待核对替代,228457,,0
function_4cdc2d,未找到同名入口，待核对替代,228463,,0
function_4cdc35,未找到同名入口，待核对替代,228469,,0
function_4cdc3d,未找到同名入口，待核对替代,228475,,0
function_4cdc45,未找到同名入口，待核对替代,228481,,0
function_4cdc4d,未找到同名入口，待核对替代,228487,,0
function_4cdc55,未找到同名入口，待核对替代,228493,,0
function_4cdc5d,未找到同名入口，待核对替代,228499,,0
function_4cdc65,未找到同名入口，待核对替代,228505,,0
function_4cdc6d,未找到同名入口，待核对替代,228511,,0
function_4cdc75,未找到同名入口，待核对替代,228517,,0
function_4cdc7d,未找到同名入口，待核对替代,228523,,0
function_4cdc85,未找到同名入口，待核对替代,228529,,0
function_4cdc8d,未找到同名入口，待核对替代,228535,,0
function_4cdc95,未找到同名入口，待核对替代,228541,,0
function_4cdc9d,未找到同名入口，待核对替代,228547,,0
function_4cdca5,未找到同名入口，待核对替代,228553,,0
function_4cdcad,未找到同名入口，待核对替代,228559,,0
function_4cdcb5,未找到同名入口，待核对替代,228565,,0
function_4cdcbd,未找到同名入口，待核对替代,228571,,0
function_4cdcc5,未找到同名入口，待核对替代,228577,,0
function_4cdccd,未找到同名入口，待核对替代,228583,,0
function_4cdcd5,未找到同名入口，待核对替代,228589,,0
function_4cdcdd,未找到同名入口，待核对替代,228595,,0
function_4cdce5,未找到同名入口，待核对替代,228601,,0
function_4cdced,未找到同名入口，待核对替代,228607,,0
function_4cdcf5,未找到同名入口，待核对替代,228613,,0
function_4cdcfd,未找到同名入口，待核对替代,228619,,0
function_4cdd05,未找到同名入口，待核对替代,228625,,0
function_4cdd0d,未找到同名入口，待核对替代,228631,,0
function_4cdd15,未找到同名入口，待核对替代,228637,,0
function_4cdd1d,原版即为简单返回／空函数,228643,187786,1
function_4cdd2e,未找到同名入口，待核对替代,228649,,0
function_4cdd36,原版即为简单返回／空函数,228655,187793,1
function_4cdd47,未找到同名入口，待核对替代,228661,,0
function_4cdd4f,未找到同名入口，待核对替代,228667,,0
function_4cdd57,未找到同名入口，待核对替代,228673,,0
function_4cdd5f,未找到同名入口，待核对替代,228679,,0
function_4cdd67,未找到同名入口，待核对替代,228685,,0
function_4cdd6f,未找到同名入口，待核对替代,228691,,0
function_4cdd77,未找到同名入口，待核对替代,228697,,0
function_4cdd7f,未找到同名入口，待核对替代,228703,,0
function_4cdd87,未找到同名入口，待核对替代,228709,,0
function_4cdd8f,未找到同名入口，待核对替代,228715,,0
function_4cdd97,未找到同名入口，待核对替代,228721,,0
function_4cddc0,未找到同名入口，待核对替代,228727,,0
function_4cddcb,简化返回／占位候选，待核对,228733,187800,1
function_4cddd6,未找到同名入口，待核对替代,228739,,0
function_4cdde1,未找到同名入口，待核对替代,228745,,0
function_4cddec,未找到同名入口，待核对替代,228751,,0
function_4cddf7,未找到同名入口，待核对替代,228757,,0
function_4cde02,未找到同名入口，待核对替代,228763,,0
function_4cde0d,未找到同名入口，待核对替代,228769,,0
function_4cde18,未找到同名入口，待核对替代,228775,,0
function_4cde23,未找到同名入口，待核对替代,228781,,0
function_4cde2e,未找到同名入口，待核对替代,228787,,0
function_4cde39,未找到同名入口，待核对替代,228793,,0
function_4cde44,未找到同名入口，待核对替代,228799,,0
function_4cde52,未找到同名入口，待核对替代,228805,,0
function_4cde60,未找到同名入口，待核对替代,228811,,0
function_4cde6e,未找到同名入口，待核对替代,228817,,0
function_4cdea0,未找到同名入口，待核对替代,228823,,0
function_4cdea8,未找到同名入口，待核对替代,228829,,0
function_4cdeb0,未找到同名入口，待核对替代,228835,,0
function_4cdee0,未找到同名入口，待核对替代,228841,,0
function_4cdee8,未找到同名入口，待核对替代,228847,,0
function_4cdef0,未找到同名入口，待核对替代,228853,,0
function_4cdef8,未找到同名入口，待核对替代,228859,,0
function_4cdf00,未找到同名入口，待核对替代,228865,,0
function_4cdf30,未找到同名入口，待核对替代,228871,,0
function_4cdf3b,简化返回／占位候选，待核对,228877,187807,1
function_4cdf70,未找到同名入口，待核对替代,228883,,0
function_4cdf7b,简化返回／占位候选，待核对,228889,187814,1
function_4cdf86,简化返回／占位候选，待核对,228895,187820,1
function_4cdf91,未找到同名入口，待核对替代,228901,,0
function_4cdfc0,未找到同名入口，待核对替代,228907,,0
function_4cdff0,未找到同名入口，待核对替代,228913,,0
function_4cdff8,未找到同名入口，待核对替代,228919,,0
function_4ce020,简化返回／占位候选，待核对,228925,187827,1
function_4ce050,未找到同名入口，待核对替代,228931,,0
function_4ce058,未找到同名入口，待核对替代,228937,,0
function_4ce080,简化返回／占位候选，待核对,228943,187834,1
function_4ce08b,未找到同名入口，待核对替代,228949,,0
function_4ce093,未找到同名入口，待核对替代,228955,,0
function_4ce09b,未找到同名入口，待核对替代,228961,,0
function_4ce0a3,保留原反编译函数体,228967,187841,1
function_4ce0d0,简化返回／占位候选，待核对,228974,187848,1
function_4ce0db,未找到同名入口，待核对替代,228980,,0
function_4ce0e6,简化返回／占位候选，待核对,228986,187855,1
function_4ce0f1,保留原反编译函数体,228992,187861,1
function_4ce120,未找到同名入口，待核对替代,229000,,0
function_4ce128,未找到同名入口，待核对替代,229006,,0
function_4ce130,未找到同名入口，待核对替代,229012,,0
function_4ce138,未找到同名入口，待核对替代,229018,,0
function_4ce160,未找到同名入口，待核对替代,229024,,0
function_4ce168,未找到同名入口，待核对替代,229030,,0
function_4ce190,未找到同名入口，待核对替代,229036,,0
function_4ce1c0,未找到同名入口，待核对替代,229042,,0
function_4ce1c8,未找到同名入口，待核对替代,229048,,0
function_4ce1d0,未找到同名入口，待核对替代,229054,,0
function_4ce200,未找到同名入口，待核对替代,229060,,0
function_4ce208,未找到同名入口，待核对替代,229066,,0
function_4ce230,未找到同名入口，待核对替代,229072,,0
function_4ce238,未找到同名入口，待核对替代,229078,,0
function_4ce240,未找到同名入口，待核对替代,229084,,0
function_4ce270,原版即为简单返回／空函数,229090,187870,1
function_4ce281,原版即为简单返回／空函数,229096,187876,1
function_4ce292,未找到同名入口，待核对替代,229102,,0
function_4ce29a,未找到同名入口，待核对替代,229108,,0
function_4ce2a2,未找到同名入口，待核对替代,229114,,0
function_4ce2aa,未找到同名入口，待核对替代,229120,,0
function_4ce2b2,未找到同名入口，待核对替代,229126,,0
function_4ce2ba,未找到同名入口，待核对替代,229132,,0
function_4ce2c2,未找到同名入口，待核对替代,229138,,0
function_4ce2ca,未找到同名入口，待核对替代,229144,,0
function_4ce2d2,未找到同名入口，待核对替代,229150,,0
function_4ce2da,未找到同名入口，待核对替代,229156,,0
function_4ce2e2,未找到同名入口，待核对替代,229162,,0
function_4ce2ea,未找到同名入口，待核对替代,229168,,0
function_4ce2f2,未找到同名入口，待核对替代,229174,,0
function_4ce2fa,未找到同名入口，待核对替代,229180,,0
function_4ce302,未找到同名入口，待核对替代,229186,,0
function_4ce30a,未找到同名入口，待核对替代,229192,,0
function_4ce312,原版即为简单返回／空函数,229198,187883,1
function_4ce323,未找到同名入口，待核对替代,229204,,0
function_4ce32b,未找到同名入口，待核对替代,229210,,0
function_4ce333,未找到同名入口，待核对替代,229216,,0
function_4ce360,原版即为简单返回／空函数,229222,187890,1
function_4ce371,原版即为简单返回／空函数,229228,187896,1
function_4ce382,未找到同名入口，待核对替代,229234,,0
function_4ce3b0,未找到同名入口，待核对替代,229240,,0
function_4ce3bb,未找到同名入口，待核对替代,229246,,0
function_4ce3f0,未找到同名入口，待核对替代,229252,,0
function_4ce3f8,未找到同名入口，待核对替代,229258,,0
function_4ce400,未找到同名入口，待核对替代,229264,,0
function_4ce430,未找到同名入口，待核对替代,229270,,0
function_4ce438,未找到同名入口，待核对替代,229276,,0
function_4ce460,未找到同名入口，待核对替代,229282,,0
function_4ce468,未找到同名入口，待核对替代,229288,,0
function_4ce490,原版即为简单返回／空函数,229294,187903,1
function_4ce4a1,未找到同名入口，待核对替代,229300,,0
function_4ce4a9,未找到同名入口，待核对替代,229306,,0
function_4ce4d0,未找到同名入口，待核对替代,229312,,0
function_4ce4d8,未找到同名入口，待核对替代,229318,,0
function_4ce4e0,未找到同名入口，待核对替代,229324,,0
function_4ce510,原版即为简单返回／空函数,229330,187910,1
function_4ce521,未找到同名入口，待核对替代,229336,,0
function_4ce550,原版即为简单返回／空函数,229342,187917,1
function_4ce580,简化返回／占位候选，待核对,229348,187923,1
function_4ce58b,简化返回／占位候选，待核对,229354,187929,1
function_4ce596,简化返回／占位候选，待核对,229360,187935,1
function_4ce5a1,简化返回／占位候选，待核对,229366,187941,1
function_4ce5ac,简化返回／占位候选，待核对,229372,187947,1
function_4ce5b7,简化返回／占位候选，待核对,229378,187953,1
function_4ce5c2,简化返回／占位候选，待核对,229384,187959,1
function_4ce5cd,简化返回／占位候选，待核对,229390,187965,1
function_4ce5d8,简化返回／占位候选，待核对,229396,187971,1
function_4ce5e3,未找到同名入口，待核对替代,229402,,0
function_4ce5ee,未找到同名入口，待核对替代,229408,,0
function_4ce5fc,未找到同名入口，待核对替代,229414,,0
function_4ce60a,未找到同名入口，待核对替代,229420,,0
function_4ce618,简化返回／占位候选，待核对,229426,187978,1
function_4ce626,简化返回／占位候选，待核对,229432,187984,1
function_4ce634,简化返回／占位候选，待核对,229438,187990,1
function_4ce642,简化返回／占位候选，待核对,229444,187996,1
function_4ce650,简化返回／占位候选，待核对,229450,188002,1
function_4ce65e,原版即为简单返回／空函数,229456,188008,1
function_4ce66f,未找到同名入口，待核对替代,229462,,0
function_4ce677,原版即为简单返回／空函数,229468,188015,1
function_4ce688,未找到同名入口，待核对替代,229474,,0
function_4ce6b0,未找到同名入口，待核对替代,229480,,0
function_4ce6e0,未找到同名入口，待核对替代,229486,,0
function_4ce6e8,未找到同名入口，待核对替代,229492,,0
function_4ce710,未找到同名入口，待核对替代,229498,,0
function_4ce718,未找到同名入口，待核对替代,229504,,0
function_4ce740,未找到同名入口，待核对替代,229510,,0
function_4ce770,未找到同名入口，待核对替代,229516,,0
function_4ce778,未找到同名入口，待核对替代,229522,,0
function_4ce780,简化返回／占位候选，待核对,229528,188022,1
function_4ce788,未找到同名入口，待核对替代,229534,,0
function_4ce790,未找到同名入口，待核对替代,229540,,0
function_4ce798,简化返回／占位候选，待核对,229546,188029,1
function_4ce7a0,未找到同名入口，待核对替代,229552,,0
function_4ce7a8,未找到同名入口，待核对替代,229558,,0
function_4ce7b0,简化返回／占位候选，待核对,229564,188036,1
function_4ce7b8,未找到同名入口，待核对替代,229570,,0
function_4ce7e0,简化返回／占位候选，待核对,229576,188043,1
function_4ce7eb,简化返回／占位候选，待核对,229582,188049,1
function_4ce7f6,简化返回／占位候选，待核对,229588,188055,1
function_4ce801,简化返回／占位候选，待核对,229594,188061,1
function_4ce80c,简化返回／占位候选，待核对,229600,188067,1
function_4ce817,简化返回／占位候选，待核对,229606,188073,1
function_4ce822,简化返回／占位候选，待核对,229612,188079,1
function_4ce82d,简化返回／占位候选，待核对,229618,188085,1
function_4ce838,简化返回／占位候选，待核对,229624,188091,1
function_4ce843,未找到同名入口，待核对替代,229630,,0
function_4ce84e,未找到同名入口，待核对替代,229636,,0
function_4ce85c,未找到同名入口，待核对替代,229642,,0
function_4ce86a,未找到同名入口，待核对替代,229648,,0
function_4ce878,简化返回／占位候选，待核对,229654,188098,1
function_4ce886,简化返回／占位候选，待核对,229660,188104,1
function_4ce894,简化返回／占位候选，待核对,229666,188110,1
function_4ce8a2,简化返回／占位候选，待核对,229672,188116,1
function_4ce8b0,简化返回／占位候选，待核对,229678,188122,1
function_4ce8e0,未找到同名入口，待核对替代,229684,,0
function_4ce8e8,未找到同名入口，待核对替代,229690,,0
function_4ce8f0,未找到同名入口，待核对替代,229696,,0
function_4ce920,简化返回／占位候选，待核对,229702,188129,1
function_4ce950,原版即为简单返回／空函数,229708,188135,1
function_4ce961,未找到同名入口，待核对替代,229714,,0
function_4ce969,未找到同名入口，待核对替代,229720,,0
function_4ce971,未找到同名入口，待核对替代,229726,,0
function_4ce979,未找到同名入口，待核对替代,229732,,0
function_4ce981,未找到同名入口，待核对替代,229738,,0
function_4ce989,未找到同名入口，待核对替代,229744,,0
function_4ce991,未找到同名入口，待核对替代,229750,,0
function_4ce999,未找到同名入口，待核对替代,229756,,0
function_4ce9a1,未找到同名入口，待核对替代,229762,,0
function_4ce9a9,未找到同名入口，待核对替代,229768,,0
function_4ce9b1,未找到同名入口，待核对替代,229774,,0
function_4ce9b9,未找到同名入口，待核对替代,229780,,0
function_4ce9c1,未找到同名入口，待核对替代,229786,,0
function_4ce9c9,未找到同名入口，待核对替代,229792,,0
function_4ce9d1,未找到同名入口，待核对替代,229798,,0
function_4ce9d9,未找到同名入口，待核对替代,229804,,0
function_4ce9e1,未找到同名入口，待核对替代,229810,,0
function_4ce9e9,未找到同名入口，待核对替代,229816,,0
function_4ce9f1,未找到同名入口，待核对替代,229822,,0
function_4ce9f9,未找到同名入口，待核对替代,229828,,0
function_4cea01,未找到同名入口，待核对替代,229834,,0
function_4cea09,未找到同名入口，待核对替代,229840,,0
function_4cea11,未找到同名入口，待核对替代,229846,,0
function_4cea19,未找到同名入口，待核对替代,229852,,0
function_4cea21,未找到同名入口，待核对替代,229858,,0
function_4cea29,未找到同名入口，待核对替代,229864,,0
function_4cea31,未找到同名入口，待核对替代,229870,,0
function_4cea39,未找到同名入口，待核对替代,229876,,0
function_4cea41,未找到同名入口，待核对替代,229882,,0
function_4cea49,未找到同名入口，待核对替代,229888,,0
function_4cea51,未找到同名入口，待核对替代,229894,,0
function_4cea59,未找到同名入口，待核对替代,229900,,0
function_4cea61,未找到同名入口，待核对替代,229906,,0
function_4cea69,未找到同名入口，待核对替代,229912,,0
function_4cea71,未找到同名入口，待核对替代,229918,,0
function_4cea79,未找到同名入口，待核对替代,229924,,0
function_4cea81,未找到同名入口，待核对替代,229930,,0
function_4cea89,未找到同名入口，待核对替代,229936,,0
function_4cea91,未找到同名入口，待核对替代,229942,,0
function_4cea99,未找到同名入口，待核对替代,229948,,0
function_4ceaa1,未找到同名入口，待核对替代,229954,,0
function_4ceaa9,未找到同名入口，待核对替代,229960,,0
function_4ceab1,未找到同名入口，待核对替代,229966,,0
function_4ceab9,未找到同名入口，待核对替代,229972,,0
function_4ceac1,未找到同名入口，待核对替代,229978,,0
function_4ceac9,未找到同名入口，待核对替代,229984,,0
function_4cead1,未找到同名入口，待核对替代,229990,,0
function_4cead9,未找到同名入口，待核对替代,229996,,0
function_4ceae1,未找到同名入口，待核对替代,230002,,0
function_4ceae9,未找到同名入口，待核对替代,230008,,0
function_4ceaf1,未找到同名入口，待核对替代,230014,,0
function_4ceaf9,未找到同名入口，待核对替代,230020,,0
function_4ceb01,未找到同名入口，待核对替代,230026,,0
function_4ceb09,未找到同名入口，待核对替代,230032,,0
function_4ceb11,未找到同名入口，待核对替代,230038,,0
function_4ceb19,未找到同名入口，待核对替代,230044,,0
function_4ceb21,未找到同名入口，待核对替代,230050,,0
function_4ceb29,未找到同名入口，待核对替代,230056,,0
function_4ceb31,未找到同名入口，待核对替代,230062,,0
function_4ceb39,未找到同名入口，待核对替代,230068,,0
function_4ceb41,未找到同名入口，待核对替代,230074,,0
function_4ceb49,未找到同名入口，待核对替代,230080,,0
function_4ceb51,未找到同名入口，待核对替代,230086,,0
function_4ceb59,未找到同名入口，待核对替代,230092,,0
function_4ceb61,未找到同名入口，待核对替代,230098,,0
function_4ceb69,未找到同名入口，待核对替代,230104,,0
function_4ceb71,未找到同名入口，待核对替代,230110,,0
function_4ceb79,未找到同名入口，待核对替代,230116,,0
function_4ceb81,未找到同名入口，待核对替代,230122,,0
function_4ceb89,未找到同名入口，待核对替代,230128,,0
function_4ceb91,未找到同名入口，待核对替代,230134,,0
function_4ceb99,未找到同名入口，待核对替代,230140,,0
function_4ceba1,未找到同名入口，待核对替代,230146,,0
function_4ceba9,未找到同名入口，待核对替代,230152,,0
function_4cebb1,未找到同名入口，待核对替代,230158,,0
function_4cebb9,未找到同名入口，待核对替代,230164,,0
function_4cebe0,保留原反编译函数体,230170,188142,1
function_4cec10,未找到同名入口，待核对替代,230177,,0
function_4cec50,未找到同名入口，待核对替代,230192,,0
function_4cec90,未找到同名入口，待核对替代,230207,,0
function_4cecd0,未找到同名入口，待核对替代,230222,,0
function_4ced10,未找到同名入口，待核对替代,230237,,0
function_4ced40,未找到同名入口，待核对替代,230243,,0
function_4ced4b,保留原反编译函数体,230249,188150,1
function_4ced80,未找到同名入口，待核对替代,230257,,0
function_4ced8b,未找到同名入口，待核对替代,230263,,0
function_4ced96,保留原反编译函数体,230269,188159,1
function_4cedc0,未找到同名入口，待核对替代,230277,,0
function_4cedc8,未找到同名入口，待核对替代,230283,,0
function_4cedd0,未找到同名入口，待核对替代,230289,,0
function_4cee00,未找到同名入口，待核对替代,230295,,0
function_4cee3e,原版即为简单返回／空函数,230301,188168,1
function_4cee61,原版即为简单返回／空函数,230307,188174,1
function_4cee69,原版即为简单返回／空函数,230313,188180,1
function_4cee90,原版即为简单返回／空函数,230319,188186,1
function_4cee98,原版即为简单返回／空函数,230325,188192,1
function_4ceea3,原版即为简单返回／空函数,230331,188198,1
function_4ceeae,原版即为简单返回／空函数,230337,188204,1
function_4ceeb9,原版即为简单返回／空函数,230343,188210,1
function_4ceee0,原版即为简单返回／空函数,230349,188216,1
function_4ceee8,保留原反编译函数体,230355,188222,1
function_4cf550,原版即为简单返回／空函数,230362,188229,1
function_4cf558,原版即为简单返回／空函数,230368,188235,1
function_4cf563,原版即为简单返回／空函数,230374,188241,1
function_4cf56e,原版即为简单返回／空函数,230380,188247,1
function_4cf579,原版即为简单返回／空函数,230386,188253,1
function_4cf5a0,原版即为简单返回／空函数,230392,188259,1
function_4cf5a8,原版即为简单返回／空函数,230398,188265,1
function_4cf5d0,原版即为简单返回／空函数,230404,188271,1
function_4cf600,原版即为简单返回／空函数,230410,188277,1
function_4cf60b,原版即为简单返回／空函数,230416,188283,1
function_4cf616,原版即为简单返回／空函数,230422,188289,1
function_4cf621,原版即为简单返回／空函数,230428,188295,1
function_4cf650,原版即为简单返回／空函数,230434,188301,1
function_4cf680,保留原反编译函数体,230440,188307,1
function_4cf6a0,原版即为简单返回／空函数,230447,188314,1
function_4cf6ab,原版即为简单返回／空函数,230453,188320,1
function_4cf6b9,原版即为简单返回／空函数,230459,188326,1
function_4cf6f0,原版即为简单返回／空函数,230465,188332,1
function_4cf720,原版即为简单返回／空函数,230471,188338,1
function_4cf750,原版即为简单返回／空函数,230477,188344,1
function_4cf758,原版即为简单返回／空函数,230483,188350,1
function_4cf790,原版即为简单返回／空函数,230489,188356,1
function_4cf7c0,原版即为简单返回／空函数,230495,188362,1
function_4cf7c8,原版即为简单返回／空函数,230501,188368,1
function_4cf7d3,原版即为简单返回／空函数,230507,188374,1
function_4cf7de,原版即为简单返回／空函数,230513,188380,1
function_4cf810,原版即为简单返回／空函数,230519,188386,1
function_4cf81b,原版即为简单返回／空函数,230525,188392,1
function_4cf826,原版即为简单返回／空函数,230531,188398,1
function_4cf831,原版即为简单返回／空函数,230537,188404,1
function_4cf83c,原版即为简单返回／空函数,230543,188410,1
function_4cf870,原版即为简单返回／空函数,230549,188416,1
function_4cf878,原版即为简单返回／空函数,230555,188422,1
function_4cf883,原版即为简单返回／空函数,230561,188428,1
function_4cf88e,原版即为简单返回／空函数,230567,188434,1
function_4cf8c0,原版即为简单返回／空函数,230573,188440,1
function_4cf8f0,原版即为简单返回／空函数,230579,188446,1
function_4cf8f8,原版即为简单返回／空函数,230585,188452,1
function_4cf903,原版即为简单返回／空函数,230591,188458,1
function_4cf90e,原版即为简单返回／空函数,230597,188464,1
function_4cf940,原版即为简单返回／空函数,230603,188470,1
function_4cf948,原版即为简单返回／空函数,230609,188476,1
function_4cf980,原版即为简单返回／空函数,230615,188482,1
function_4cf9d0,原版即为简单返回／空函数,230621,188488,1
function_4cfa20,原版即为简单返回／空函数,230627,188494,1
function_4cfa50,原版即为简单返回／空函数,230633,188500,1
function_4cfa80,保留原反编译函数体,230639,188506,1
function_4cfa8b,原版即为简单返回／空函数,230646,188513,1
function_4cfac0,原版即为简单返回／空函数,230652,188519,1
function_4cfacb,原版即为简单返回／空函数,230658,188525,1
function_4cfb00,原版即为简单返回／空函数,230664,188531,1
function_4cfb08,原版即为简单返回／空函数,230670,188537,1
function_4cfb50,原版即为简单返回／空函数,230676,188543,1
function_4cfb80,原版即为简单返回／空函数,230682,188549,1
function_4cfbf0,保留原反编译函数体,230688,188555,1
function_4cfc20,原版即为简单返回／空函数,230695,188562,1
function_4cfc50,原版即为简单返回／空函数,230701,188568,1
function_4cfc80,保留原反编译函数体,230707,188574,1
function_4cfc8b,保留原反编译函数体,230714,188581,1
function_4cfca5,原版即为简单返回／空函数,230730,188597,1
function_4cfcd0,原版即为简单返回／空函数,230736,188603,1
function_4cfd00,原版即为简单返回／空函数,230742,188609,1
function_4cfd30,原版即为简单返回／空函数,230748,188615,1
function_4cfd3b,原版即为简单返回／空函数,230754,188621,1
function_4cfd46,原版即为简单返回／空函数,230760,188627,1
function_4cfd51,原版即为简单返回／空函数,230766,188633,1
function_4cfd5c,原版即为简单返回／空函数,230772,188639,1
function_4cfd90,原版即为简单返回／空函数,230778,188645,1
function_4cfd9b,原版即为简单返回／空函数,230784,188651,1
function_4cfda6,原版即为简单返回／空函数,230790,188657,1
function_4cfdb1,原版即为简单返回／空函数,230796,188663,1
function_4cfdbc,原版即为简单返回／空函数,230802,188669,1
function_4cfdf0,原版即为简单返回／空函数,230808,188675,1
function_4cfdf8,原版即为简单返回／空函数,230814,188681,1
function_4cfe20,原版即为简单返回／空函数,230820,188687,1
function_4cfe50,原版即为简单返回／空函数,230826,188693,1
function_4cfe58,保留原反编译函数体,230832,188699,1
function_4cfe80,原版即为简单返回／空函数,230839,188706,1
function_4cfe88,原版即为简单返回／空函数,230845,188712,1
function_4cfe93,原版即为简单返回／空函数,230851,188718,1
function_4cfe9e,原版即为简单返回／空函数,230857,188724,1
function_4cfed0,原版即为简单返回／空函数,230863,188730,1
function_4cfed8,原版即为简单返回／空函数,230869,188736,1
function_4cfee3,原版即为简单返回／空函数,230875,188742,1
function_4cfeee,原版即为简单返回／空函数,230881,188748,1
function_4cff20,原版即为简单返回／空函数,230887,188754,1
function_4cff28,原版即为简单返回／空函数,230893,188760,1
function_4cff33,保留原反编译函数体,230899,188766,1
function_4cff4b,保留原反编译函数体,230907,188774,1
function_4cff63,保留原反编译函数体,230915,188782,1
function_4cff72,保留原反编译函数体,230922,188789,1
function_4cffa0,原版即为简单返回／空函数,230929,188796,1
function_4cffa8,原版即为简单返回／空函数,230935,188802,1
function_4cffb3,保留原反编译函数体,230941,188808,1
function_4cfff0,原版即为简单返回／空函数,230949,188816,1
function_4cfff8,原版即为简单返回／空函数,230955,188822,1
function_4d0003,原版即为简单返回／空函数,230961,188828,1
function_4d0030,原版即为简单返回／空函数,230967,188834,1
function_4d0038,原版即为简单返回／空函数,230973,188840,1
function_4d0043,原版即为简单返回／空函数,230979,188846,1
function_4d0070,原版即为简单返回／空函数,230985,188852,1
function_4d0078,原版即为简单返回／空函数,230991,188858,1
function_4d0083,原版即为简单返回／空函数,230997,188864,1
function_4d008e,原版即为简单返回／空函数,231003,188870,1
function_4d00e0,保留原反编译函数体,231009,188876,1
function_4d0110,原版即为简单返回／空函数,231016,188883,1
function_4d0140,保留原反编译函数体,231022,188889,1
function_4d014d,原版即为简单返回／空函数,231029,188896,1
function_4d0170,原版即为简单返回／空函数,231035,188902,1
function_4d0178,保留原反编译函数体,231041,188908,1
function_4d01a0,已修改／替换的非空实现,231048,188915,1
function_4d01a8,原版即为简单返回／空函数,231055,188922,1
function_4d01b0,原版即为简单返回／空函数,231061,188928,1
function_4d01e0,已修改／替换的非空实现,231067,188934,1
function_4d0210,原版即为简单返回／空函数,231074,188941,1
function_4d0218,原版即为简单返回／空函数,231080,188947,1
function_4d0220,原版即为简单返回／空函数,231086,188953,1
function_4d0250,保留原反编译函数体,231092,188959,1
function_4d025d,原版即为简单返回／空函数,231099,188966,1
function_4d0280,原版即为简单返回／空函数,231105,188972,1
function_4d02b0,保留原反编译函数体,231111,188978,1
function_4d02bd,原版即为简单返回／空函数,231118,188985,1
function_4d02e0,原版即为简单返回／空函数,231124,188991,1
function_4d0310,原版即为简单返回／空函数,231130,188997,1
function_4d0340,原版即为简单返回／空函数,231136,189003,1
function_4d03b0,原版即为简单返回／空函数,231142,189009,1
function_4d03b8,原版即为简单返回／空函数,231148,189015,1
function_4d03e0,保留原反编译函数体,231154,189021,1
function_4d03ea,原版即为简单返回／空函数,231161,189028,1
function_4d03f5,原版即为简单返回／空函数,231167,189034,1
function_4d0440,原版即为简单返回／空函数,231173,189040,1
function_4d0470,原版即为简单返回／空函数,231179,189046,1
function_4d04c0,原版即为简单返回／空函数,231185,189052,1
function_4d04c8,原版即为简单返回／空函数,231191,189058,1
function_4d0500,原版即为简单返回／空函数,231197,189064,1
function_4d0508,原版即为简单返回／空函数,231203,189070,1
function_4d0510,保留原反编译函数体,231209,189076,1
function_4d0540,原版即为简单返回／空函数,231217,189084,1
function_4d054b,原版即为简单返回／空函数,231223,189090,1
function_4d0556,原版即为简单返回／空函数,231229,189096,1
function_4d0564,原版即为简单返回／空函数,231235,189102,1
function_4d0572,原版即为简单返回／空函数,231241,189108,1
function_4d0580,原版即为简单返回／空函数,231247,189114,1
function_4d058d,原版即为简单返回／空函数,231253,189120,1
function_4d05c0,原版即为简单返回／空函数,231259,189126,1
function_4d05c8,原版即为简单返回／空函数,231265,189132,1
function_4d05f0,原版即为简单返回／空函数,231271,189138,1
function_4d0620,原版即为简单返回／空函数,231277,189144,1
function_4d0650,原版即为简单返回／空函数,231283,189150,1
function_4d0680,保留原反编译函数体,231289,189156,1
function_4d06b0,保留原反编译函数体,231296,189163,1
function_4d06e0,原版即为简单返回／空函数,231303,189170,1
function_4d06eb,原版即为简单返回／空函数,231309,189176,1
function_4d06f6,保留原反编译函数体,231315,189182,1
function_4d0704,保留原反编译函数体,231322,189189,1
function_4d0730,原版即为简单返回／空函数,231330,189197,1
function_4d0738,原版即为简单返回／空函数,231336,189203,1
function_4d0760,原版即为简单返回／空函数,231342,189209,1
function_4d0790,原版即为简单返回／空函数,231348,189215,1
function_4d0798,原版即为简单返回／空函数,231354,189221,1
function_4d07a3,原版即为简单返回／空函数,231360,189227,1
function_4d07ae,原版即为简单返回／空函数,231366,189233,1
function_4d07b9,原版即为简单返回／空函数,231372,189239,1
function_4d07e0,原版即为简单返回／空函数,231378,189245,1
function_4d07e8,原版即为简单返回／空函数,231384,189251,1
function_4d07f3,原版即为简单返回／空函数,231390,189257,1
function_4d0820,原版即为简单返回／空函数,231396,189263,1
function_4d0828,原版即为简单返回／空函数,231402,189269,1
function_4d0833,原版即为简单返回／空函数,231408,189275,1
function_4d083e,原版即为简单返回／空函数,231414,189281,1
function_4d0849,原版即为简单返回／空函数,231420,189287,1
function_4d0857,原版即为简单返回／空函数,231426,189293,1
function_4d0880,原版即为简单返回／空函数,231432,189299,1
function_4d0888,原版即为简单返回／空函数,231438,189305,1
function_4d0890,未找到同名入口，待核对替代,231444,,0
function_4d0898,未找到同名入口，待核对替代,231450,,0
function_4d08c0,未找到同名入口，待核对替代,231456,,0
function_4d08cb,未找到同名入口，待核对替代,231462,,0
function_4d08d6,未找到同名入口，待核对替代,231468,,0
function_4d08e1,保留原反编译函数体,231474,189312,1
function_4d0910,原版即为简单返回／空函数,231482,189320,1
function_4d0940,保留原反编译函数体,231488,189326,1
function_4d094d,原版即为简单返回／空函数,231495,189333,1
function_4d0955,原版即为简单返回／空函数,231501,189339,1
function_4d0980,原版即为简单返回／空函数,231507,189345,1
function_4d09b0,原版即为简单返回／空函数,231513,189351,1
function_4d09e0,保留原反编译函数体,231519,189357,1
function_4d09e8,原版即为简单返回／空函数,231526,189364,1
function_4d09f6,原版即为简单返回／空函数,231532,189370,1
function_4d0a04,原版即为简单返回／空函数,231538,189376,1
function_4d0a12,原版即为简单返回／空函数,231544,189382,1
function_4d0a20,原版即为简单返回／空函数,231550,189388,1
function_4d0a50,原版即为简单返回／空函数,231556,189394,1
function_4d0a80,原版即为简单返回／空函数,231562,189400,1
function_4d0a8b,原版即为简单返回／空函数,231568,189406,1
function_4d0a96,原版即为简单返回／空函数,231574,189412,1
function_4d0aa1,原版即为简单返回／空函数,231580,189418,1
function_4d0aac,保留原反编译函数体,231586,189424,1
function_4d0ab9,原版即为简单返回／空函数,231593,189431,1
function_4d0ac7,原版即为简单返回／空函数,231599,189437,1
function_4d0acf,原版即为简单返回／空函数,231605,189443,1
function_4d0b00,原版即为简单返回／空函数,231611,189449,1
function_4d0b0b,原版即为简单返回／空函数,231617,189455,1
function_4d0b16,原版即为简单返回／空函数,231623,189461,1
function_4d0b21,原版即为简单返回／空函数,231629,189467,1
function_4d0b50,原版即为简单返回／空函数,231635,189473,1
function_4d0b58,原版即为简单返回／空函数,231641,189479,1
function_4d0b63,原版即为简单返回／空函数,231647,189485,1
function_4d0b6e,原版即为简单返回／空函数,231653,189491,1
function_4d0b79,保留原反编译函数体,231659,189497,1
function_4d0b88,原版即为简单返回／空函数,231666,189504,1
function_4d0bb0,原版即为简单返回／空函数,231672,189510,1
function_4d0be0,原版即为简单返回／空函数,231678,189516,1
function_4d0be8,保留原反编译函数体,231684,189522,1
function_4d0c30,原版即为简单返回／空函数,231691,189529,1
function_4d0c60,原版即为简单返回／空函数,231697,189535,1
function_4d0c90,原版即为简单返回／空函数,231703,189541,1
function_4d0c9b,原版即为简单返回／空函数,231709,189547,1
function_4d0ca3,原版即为简单返回／空函数,231715,189553,1
function_4d0ce0,原版即为简单返回／空函数,231721,189559,1
function_4d0d30,原版即为简单返回／空函数,231727,189565,1
function_4d0d60,原版即为简单返回／空函数,231733,189571,1
function_4d0d90,原版即为简单返回／空函数,231739,189577,1
function_4d0d98,原版即为简单返回／空函数,231745,189583,1
function_4d0da0,原版即为简单返回／空函数,231751,189589,1
function_4d0dd0,原版即为简单返回／空函数,231757,189595,1
function_4d0dd8,原版即为简单返回／空函数,231763,189601,1
function_4d0de0,原版即为简单返回／空函数,231769,189607,1
function_4d0e10,原版即为简单返回／空函数,231775,189613,1
function_4d0e18,原版即为简单返回／空函数,231781,189619,1
function_4d0e50,原版即为简单返回／空函数,231787,189625,1
function_4d0e58,保留原反编译函数体,231793,189631,1
function_4d0e80,原版即为简单返回／空函数,231801,189639,1
function_4d0e88,保留原反编译函数体,231807,189645,1
function_4d0eb0,原版即为简单返回／空函数,231815,189653,1
function_4d0eb8,保留原反编译函数体,231821,189659,1
function_4d0ee0,原版即为简单返回／空函数,231829,189667,1
function_4d0f10,原版即为简单返回／空函数,231835,189673,1
function_4d0f40,原版即为简单返回／空函数,231841,189679,1
function_4d0f70,原版即为简单返回／空函数,231847,189685,1
function_4d0fa0,原版即为简单返回／空函数,231853,189691,1
function_4d0fd0,原版即为简单返回／空函数,231859,189697,1
function_4d1000,原版即为简单返回／空函数,231865,189703,1
function_4d100b,保留原反编译函数体,231871,189709,1
function_4d1040,原版即为简单返回／空函数,231879,189717,1
function_4d104b,保留原反编译函数体,231885,189723,1
function_4d1080,原版即为简单返回／空函数,231893,189731,1
function_4d108b,保留原反编译函数体,231899,189737,1
function_4d10c0,原版即为简单返回／空函数,231907,189745,1
function_4d10f0,原版即为简单返回／空函数,231913,189751,1
function_4d1120,原版即为简单返回／空函数,231919,189757,1
function_4d1150,原版即为简单返回／空函数,231925,189763,1
function_4d1158,保留原反编译函数体,231931,189769,1
function_4d1180,原版即为简单返回／空函数,231939,189777,1
function_4d1188,原版即为简单返回／空函数,231945,189783,1
function_4d11c0,原版即为简单返回／空函数,231951,189789,1
function_4d11f0,原版即为简单返回／空函数,231957,189795,1
function_4d11f8,保留原反编译函数体,231963,189801,1
function_4d1220,保留原反编译函数体,231971,189809,1
function_4d122b,保留原反编译函数体,231978,189816,1
function_4d1280,已修改／替换的非空实现,231993,189831,1
function_4d1288,原版即为简单返回／空函数,232000,189838,1
function_4d1290,原版即为简单返回／空函数,232006,189844,1
function_4d12e0,原版即为简单返回／空函数,232012,189850,1
function_4d1310,原版即为简单返回／空函数,232018,189856,1
function_4d1318,原版即为简单返回／空函数,232024,189862,1
function_4d1329,保留原反编译函数体,232030,189868,1
function_4d1333,原版即为简单返回／空函数,232037,189875,1
function_4d13a0,原版即为简单返回／空函数,232043,189881,1
function_4d13ab,原版即为简单返回／空函数,232049,189887,1
function_4d13b3,原版即为简单返回／空函数,232055,189893,1
function_4d13be,原版即为简单返回／空函数,232061,189899,1
function_4d13c9,原版即为简单返回／空函数,232067,189905,1
function_4d13f0,原版即为简单返回／空函数,232073,189911,1
function_4d13f8,原版即为简单返回／空函数,232079,189917,1
function_4d1420,原版即为简单返回／空函数,232085,189923,1
function_4d1470,原版即为简单返回／空函数,232091,189929,1
function_4d147b,原版即为简单返回／空函数,232097,189935,1
function_4d1492,保留原反编译函数体,232103,189941,1
function_4d14c0,原版即为简单返回／空函数,232111,189949,1
function_4d14cb,原版即为简单返回／空函数,232117,189955,1
function_4d14d6,原版即为简单返回／空函数,232123,189961,1
function_4d14e1,保留原反编译函数体,232129,189967,1
function_4d14f0,原版即为简单返回／空函数,232136,189974,1
function_4d1520,保留原反编译函数体,232142,189980,1
function_4d152e,原版即为简单返回／空函数,232149,189987,1
function_4d1536,原版即为简单返回／空函数,232155,189993,1
function_4d153e,原版即为简单返回／空函数,232161,189999,1
function_4d1590,保留原反编译函数体,232167,190005,1
function_4d159e,原版即为简单返回／空函数,232174,190012,1
function_4d15a6,原版即为简单返回／空函数,232180,190018,1
function_4d15ae,原版即为简单返回／空函数,232186,190024,1
function_4d15b6,原版即为简单返回／空函数,232192,190030,1
function_4d15be,原版即为简单返回／空函数,232198,190036,1
function_4d15f0,原版即为简单返回／空函数,232204,190042,1
function_4d15fb,原版即为简单返回／空函数,232210,190048,1
function_4d1609,原版即为简单返回／空函数,232216,190054,1
function_4d1617,原版即为简单返回／空函数,232222,190060,1
function_4d1640,保留原反编译函数体,232228,190066,1
function_4d164e,原版即为简单返回／空函数,232235,190073,1
function_4d1656,原版即为简单返回／空函数,232241,190079,1
function_4d165e,原版即为简单返回／空函数,232247,190085,1
function_4d1690,原版即为简单返回／空函数,232253,190091,1
function_4d169b,原版即为简单返回／空函数,232259,190097,1
function_4d16a6,原版即为简单返回／空函数,232265,190103,1
function_4d16b1,原版即为简单返回／空函数,232271,190109,1
function_4d16bf,原版即为简单返回／空函数,232277,190115,1
function_4d1710,原版即为简单返回／空函数,232283,190121,1
function_4d1740,原版即为简单返回／空函数,232289,190127,1
function_4d174b,原版即为简单返回／空函数,232295,190133,1
function_4d1756,原版即为简单返回／空函数,232301,190139,1
function_4d1764,原版即为简单返回／空函数,232307,190145,1
function_4d1772,原版即为简单返回／空函数,232313,190151,1
function_4d1780,原版即为简单返回／空函数,232319,190157,1
function_4d178d,原版即为简单返回／空函数,232325,190163,1
function_4d17c0,原版即为简单返回／空函数,232331,190169,1
function_4d17c8,原版即为简单返回／空函数,232337,190175,1
function_4d17d0,原版即为简单返回／空函数,232343,190181,1
function_4d17d8,原版即为简单返回／空函数,232349,190187,1
function_4d17e0,原版即为简单返回／空函数,232355,190193,1
function_4d1810,原版即为简单返回／空函数,232361,190199,1
function_4d1840,原版即为简单返回／空函数,232367,190205,1
function_4d1870,原版即为简单返回／空函数,232373,190211,1
function_4d1878,保留原反编译函数体,232379,190217,1
function_4d18a0,保留原反编译函数体,232387,190225,1
function_4d18d0,原版即为简单返回／空函数,232394,190232,1
function_4d1930,保留原反编译函数体,232400,190238,1
function_4d1970,原版即为简单返回／空函数,232415,190253,1
function_4d19a0,原版即为简单返回／空函数,232421,190259,1
function_4d19a8,原版即为简单返回／空函数,232427,190265,1
function_4d19e0,原版即为简单返回／空函数,232433,190271,1
function_4d19e8,已修改／替换的非空实现,232439,190277,1
function_4d19f0,保留原反编译函数体,232446,190284,1
function_4d19fb,原版即为简单返回／空函数,232453,190291,1
function_4d1a03,原版即为简单返回／空函数,232459,190297,1
function_4d1a0b,保留原反编译函数体,232465,190303,1
function_4d1a16,原版即为简单返回／空函数,232472,190310,1
function_4d1a1e,保留原反编译函数体,232478,190316,1
function_4d1a40,原版即为简单返回／空函数,232485,190323,1
function_4d1a48,已修改／替换的非空实现,232491,190329,1
function_4d1a50,保留原反编译函数体,232498,190336,1
function_4d1a5b,原版即为简单返回／空函数,232505,190343,1
function_4d1a63,原版即为简单返回／空函数,232511,190349,1
function_4d1a6b,原版即为简单返回／空函数,232517,190355,1
function_4d1a73,保留原反编译函数体,232523,190361,1
function_4d1a90,已修改／替换的非空实现,232530,190368,1
function_4d1ac0,原版即为简单返回／空函数,232537,190375,1
function_4d1af0,保留原反编译函数体,232543,190381,1
function_4d1b20,原版即为简单返回／空函数,232550,190388,1
function_4d1b50,保留原反编译函数体,232556,190394,1
function_4d1b80,保留原反编译函数体,232563,190401,1
function_4d1bb0,原版即为简单返回／空函数,232570,190408,1
function_4d1c00,保留原反编译函数体,232576,190414,1
function_4d1c30,原版即为简单返回／空函数,232583,190421,1
function_4d1c38,原版即为简单返回／空函数,232589,190427,1
function_4d1c40,原版即为简单返回／空函数,232595,190433,1
function_4d1c48,保留原反编译函数体,232601,190439,1
function_4d1c70,原版即为简单返回／空函数,232609,190447,1
function_4d1c78,原版即为简单返回／空函数,232615,190453,1
function_4d1c80,原版即为简单返回／空函数,232621,190459,1
function_4d1c88,原版即为简单返回／空函数,232627,190465,1
function_4d1c90,保留原反编译函数体,232633,190471,1
function_4d1cc0,原版即为简单返回／空函数,232641,190479,1
function_4d1d10,原版即为简单返回／空函数,232647,190485,1
function_4d1d60,原版即为简单返回／空函数,232653,190491,1
function_4d1d90,保留原反编译函数体,232659,190497,1
function_4d1dc0,原版即为简单返回／空函数,232666,190504,1
function_4d1dcb,保留原反编译函数体,232672,190510,1
function_4d1dd9,原版即为简单返回／空函数,232679,190517,1
function_4d1de1,原版即为简单返回／空函数,232685,190523,1
function_4d1e10,原版即为简单返回／空函数,232691,190529,1
function_4d1e21,原版即为简单返回／空函数,232697,190535,1
function_4d1e50,原版即为简单返回／空函数,232703,190541,1
function_4d1e58,保留原反编译函数体,232709,190547,1
function_4d1e80,原版即为简单返回／空函数,232717,190555,1
function_4d1eb0,原版即为简单返回／空函数,232723,190561,1
function_4d1eb8,原版即为简单返回／空函数,232729,190567,1
function_4d1ec0,保留原反编译函数体,232735,190573,1
function_4d1ee0,原版即为简单返回／空函数,232742,190580,1
function_4d1f10,保留原反编译函数体,232748,190586,1
function_4d1f40,保留原反编译函数体,232755,190593,1
function_4d1f4a,原版即为简单返回／空函数,232762,190600,1
function_4d1f52,保留原反编译函数体,232768,190606,1
function_4d1f5c,保留原反编译函数体,232775,190613,1
function_4d1f6a,原版即为简单返回／空函数,232782,190620,1
function_4d1f72,原版即为简单返回／空函数,232788,190626,1
function_4d1f7a,原版即为简单返回／空函数,232794,190632,1
function_4d1f82,原版即为简单返回／空函数,232800,190638,1
function_4d1f8a,原版即为简单返回／空函数,232806,190644,1
function_4d1f92,原版即为简单返回／空函数,232812,190650,1
function_4d1f9a,原版即为简单返回／空函数,232818,190656,1
function_4d1fa2,原版即为简单返回／空函数,232824,190662,1
function_4d1faa,保留原反编译函数体,232830,190668,1
function_4d1fd0,原版即为简单返回／空函数,232837,190675,1
function_4d2000,原版即为简单返回／空函数,232843,190681,1
function_4d2008,原版即为简单返回／空函数,232849,190687,1
function_4d2010,原版即为简单返回／空函数,232855,190693,1
function_4d2040,原版即为简单返回／空函数,232861,190699,1
function_4d2048,保留原反编译函数体,232867,190705,1
function_4d2052,原版即为简单返回／空函数,232874,190712,1
function_4d205a,原版即为简单返回／空函数,232880,190718,1
function_4d2080,原版即为简单返回／空函数,232886,190724,1
function_4d2088,原版即为简单返回／空函数,232892,190730,1
function_4d2090,原版即为简单返回／空函数,232898,190736,1
function_4d20c0,原版即为简单返回／空函数,232904,190742,1
function_4d20c8,原版即为简单返回／空函数,232910,190748,1
function_4d20d0,原版即为简单返回／空函数,232916,190754,1
function_4d2100,保留原反编译函数体,232922,190760,1
function_4d2130,原版即为简单返回／空函数,232929,190767,1
function_4d2138,原版即为简单返回／空函数,232935,190773,1
function_4d2140,原版即为简单返回／空函数,232941,190779,1
function_4d2148,原版即为简单返回／空函数,232947,190785,1
function_4d2150,保留原反编译函数体,232953,190791,1
function_4d2180,原版即为简单返回／空函数,232961,190799,1
function_4d21b0,保留原反编译函数体,232967,190805,1
function_4d21e0,原版即为简单返回／空函数,232974,190812,1
function_4d21e8,原版即为简单返回／空函数,232980,190818,1
function_4d2220,原版即为简单返回／空函数,232986,190824,1
function_4d2228,原版即为简单返回／空函数,232992,190830,1
function_4d2250,原版即为简单返回／空函数,232998,190836,1
function_4d2258,原版即为简单返回／空函数,233004,190842,1
function_4d2260,原版即为简单返回／空函数,233010,190848,1
function_4d2290,原版即为简单返回／空函数,233016,190854,1
function_4d2298,保留原反编译函数体,233022,190860,1
function_4d22c0,保留原反编译函数体,233030,190868,1
function_4d2300,原版即为简单返回／空函数,233045,190883,1
function_4d2330,原版即为简单返回／空函数,233051,190889,1
function_4d2338,保留原反编译函数体,233057,190895,1
function_4d2360,原版即为简单返回／空函数,233065,190903,1
function_4d2390,原版即为简单返回／空函数,233071,190909,1
function_4d23e0,原版即为简单返回／空函数,233077,190915,1
function_4d23f1,原版即为简单返回／空函数,233083,190921,1
function_4d2420,原版即为简单返回／空函数,233089,190927,1
function_4d242b,保留原反编译函数体,233095,190933,1
function_4d2460,原版即为简单返回／空函数,233103,190941,1
function_4d2468,原版即为简单返回／空函数,233109,190947,1
function_4d2473,保留原反编译函数体,233115,190953,1
function_4d2480,原版即为简单返回／空函数,233122,190960,1
function_4d24b0,原版即为简单返回／空函数,233128,190966,1
function_4d24bb,原版即为简单返回／空函数,233134,190972,1
function_4d24c3,原版即为简单返回／空函数,233140,190978,1
function_4d24ce,保留原反编译函数体,233146,190984,1
function_4d2500,保留原反编译函数体,233154,190992,1
function_4d2540,原版即为简单返回／空函数,233169,191007,1
function_4d2590,原版即为简单返回／空函数,233175,191013,1
function_4d25c0,原版即为简单返回／空函数,233181,191019,1
function_4d25f0,原版即为简单返回／空函数,233187,191025,1
function_4d25f8,原版即为简单返回／空函数,233193,191031,1
function_4d2630,原版即为简单返回／空函数,233199,191037,1
function_4d2638,保留原反编译函数体,233205,191043,1
function_4d2660,未找到同名入口，待核对替代,233212,,0
function_4d2668,保留原反编译函数体,233218,191051,1
function_4d2673,保留原反编译函数体,233225,191058,1
function_4d2680,原版即为简单返回／空函数,233232,191065,1
function_4d268b,未找到同名入口，待核对替代,233238,,0
function_4d2696,原版即为简单返回／空函数,233244,191072,1
function_4d26a1,未找到同名入口，待核对替代,233250,,0
function_4d26ac,未找到同名入口，待核对替代,233256,,0
function_4d26b7,未找到同名入口，待核对替代,233262,,0
function_4d26c2,未找到同名入口，待核对替代,233268,,0
function_4d26cd,未找到同名入口，待核对替代,233274,,0
function_4d26d8,未找到同名入口，待核对替代,233280,,0
function_4d26e3,原版即为简单返回／空函数,233286,191079,1
function_4d26ee,保留原反编译函数体,233292,191085,1
function_4d2720,原版即为简单返回／空函数,233300,191093,1
function_4d2728,原版即为简单返回／空函数,233306,191099,1
function_4d2730,原版即为简单返回／空函数,233312,191105,1
function_4d2738,原版即为简单返回／空函数,233318,191111,1
function_4d2740,原版即为简单返回／空函数,233324,191117,1
function_4d2748,原版即为简单返回／空函数,233330,191123,1
function_4d2750,原版即为简单返回／空函数,233336,191129,1
function_4d2780,原版即为简单返回／空函数,233342,191135,1
function_4d2788,原版即为简单返回／空函数,233348,191141,1
function_4d27c0,原版即为简单返回／空函数,233354,191147,1
function_4d27c8,原版即为简单返回／空函数,233360,191153,1
function_4d27d0,原版即为简单返回／空函数,233366,191159,1
function_4d27d8,原版即为简单返回／空函数,233372,191165,1
function_4d2810,原版即为简单返回／空函数,233378,191171,1
function_4d2818,保留原反编译函数体,233384,191177,1
function_4d2840,原版即为简单返回／空函数,233392,191185,1
function_4d284b,保留原反编译函数体,233398,191191,1
function_4d2859,原版即为简单返回／空函数,233405,191198,1
function_4d2890,保留原反编译函数体,233411,191204,1
function_4d289e,原版即为简单返回／空函数,233418,191211,1
function_4d28a6,原版即为简单返回／空函数,233424,191217,1
function_4d28ae,原版即为简单返回／空函数,233430,191223,1
function_4d28b6,保留原反编译函数体,233436,191229,1
function_4d28e0,原版即为简单返回／空函数,233443,191236,1
function_4d2910,原版即为简单返回／空函数,233449,191242,1
function_4d2940,保留原反编译函数体,233455,191248,1
function_4d2970,保留原反编译函数体,233462,191255,1
function_4d297e,原版即为简单返回／空函数,233469,191262,1
function_4d2986,原版即为简单返回／空函数,233475,191268,1
function_4d298e,原版即为简单返回／空函数,233481,191274,1
function_4d2996,保留原反编译函数体,233487,191280,1
function_4d29c0,原版即为简单返回／空函数,233494,191287,1
function_4d29c8,原版即为简单返回／空函数,233500,191293,1
function_4d29d0,保留原反编译函数体,233506,191299,1
function_4d2a00,保留原反编译函数体,233514,191307,1
function_4d2a0e,原版即为简单返回／空函数,233521,191314,1
function_4d2a16,原版即为简单返回／空函数,233527,191320,1
function_4d2a1e,原版即为简单返回／空函数,233533,191326,1
function_4d2a26,保留原反编译函数体,233539,191332,1
function_4d2a90,原版即为简单返回／空函数,233546,191339,1
function_4d2ac0,原版即为简单返回／空函数,233552,191345,1
function_4d2af0,保留原反编译函数体,233558,191351,1
function_4d2afe,原版即为简单返回／空函数,233565,191358,1
function_4d2b06,原版即为简单返回／空函数,233571,191364,1
function_4d2b0e,原版即为简单返回／空函数,233577,191370,1
function_4d2b40,原版即为简单返回／空函数,233583,191376,1
function_4d2b4b,原版即为简单返回／空函数,233589,191382,1
function_4d2b56,原版即为简单返回／空函数,233595,191388,1
function_4d2b61,保留原反编译函数体,233601,191394,1
function_4d2b70,原版即为简单返回／空函数,233608,191401,1
function_4d2ba0,原版即为简单返回／空函数,233614,191407,1
function_4d2bb1,原版即为简单返回／空函数,233620,191413,1
function_4d2be0,原版即为简单返回／空函数,233626,191419,1
function_4d2be8,保留原反编译函数体,233632,191425,1
function_4d2c01,保留原反编译函数体,233647,191440,1
function_4d2c1a,保留原反编译函数体,233662,191455,1
function_4d2c25,原版即为简单返回／空函数,233669,191462,1
function_4d2c2d,原版即为简单返回／空函数,233675,191468,1
function_4d2c35,保留原反编译函数体,233681,191474,1
function_4d2c60,保留原反编译函数体,233689,191482,1
function_4d2c6e,原版即为简单返回／空函数,233696,191489,1
function_4d2c76,原版即为简单返回／空函数,233702,191495,1
function_4d2c7e,原版即为简单返回／空函数,233708,191501,1
function_4d2c86,原版即为简单返回／空函数,233714,191507,1
function_4d2c8e,原版即为简单返回／空函数,233720,191513,1
function_4d2c96,保留原反编译函数体,233726,191519,1
function_4d2cc0,原版即为简单返回／空函数,233733,191526,1
function_4d2cc8,原版即为简单返回／空函数,233739,191532,1
function_4d2cd0,原版即为简单返回／空函数,233745,191538,1
function_4d2cd8,原版即为简单返回／空函数,233751,191544,1
function_4d2ce0,原版即为简单返回／空函数,233757,191550,1
function_4d2ce8,原版即为简单返回／空函数,233763,191556,1
function_4d2cf0,原版即为简单返回／空函数,233769,191562,1
function_4d2cf8,保留原反编译函数体,233775,191568,1
function_4d2d20,保留原反编译函数体,233783,191576,1
function_4d2d2b,保留原反编译函数体,233790,191583,1
function_4d2d35,保留原反编译函数体,233797,191590,1
function_4d2d3f,原版即为简单返回／空函数,233804,191597,1
function_4d2d47,原版即为简单返回／空函数,233810,191603,1
function_4d2d4f,原版即为简单返回／空函数,233816,191609,1
function_4d2d57,保留原反编译函数体,233822,191615,1
function_4d2d90,原版即为简单返回／空函数,233830,191623,1
function_4d2d9b,保留原反编译函数体,233836,191629,1
function_4d2da9,原版即为简单返回／空函数,233843,191636,1
function_4d2de0,保留原反编译函数体,233849,191642,1
function_4d2e20,原版即为简单返回／空函数,233864,191657,1
function_4d2e28,保留原反编译函数体,233870,191663,1
function_4d2e50,原版即为简单返回／空函数,233877,191670,1
function_4d2e80,原版即为简单返回／空函数,233883,191676,1
function_4d2e88,原版即为简单返回／空函数,233889,191682,1
function_4d2e90,保留原反编译函数体,233895,191688,1
function_4d2eb0,原版即为简单返回／空函数,233902,191695,1
function_4d2eb8,原版即为简单返回／空函数,233908,191701,1
function_4d2ec0,保留原反编译函数体,233914,191707,1
function_4d2ed9,原版即为简单返回／空函数,233929,191722,1
function_4d2f10,原版即为简单返回／空函数,233935,191728,1
function_4d2f18,原版即为简单返回／空函数,233941,191734,1
function_4d2f20,保留原反编译函数体,233947,191740,1
function_4d2f60,原版即为简单返回／空函数,233954,191747,1
function_4d2f90,保留原反编译函数体,233960,191753,1
function_4d2f9e,原版即为简单返回／空函数,233967,191760,1
function_4d2fa6,原版即为简单返回／空函数,233973,191766,1
function_4d2fae,原版即为简单返回／空函数,233979,191772,1
function_4d2fe0,保留原反编译函数体,233985,191778,1
function_4d2feb,原版即为简单返回／空函数,233992,191785,1
function_4d3020,原版即为简单返回／空函数,233998,191791,1
function_4d3028,原版即为简单返回／空函数,234004,191797,1
function_4d3030,原版即为简单返回／空函数,234010,191803,1
function_4d3038,原版即为简单返回／空函数,234016,191809,1
function_4d3040,原版即为简单返回／空函数,234022,191815,1
function_4d3048,原版即为简单返回／空函数,234028,191821,1
function_4d3050,原版即为简单返回／空函数,234034,191827,1
function_4d3058,原版即为简单返回／空函数,234040,191833,1
function_4d3060,保留原反编译函数体,234046,191839,1
function_4d3090,原版即为简单返回／空函数,234054,191847,1
function_4d3098,原版即为简单返回／空函数,234060,191853,1
function_4d30d0,原版即为简单返回／空函数,234066,191859,1
function_4d30d8,原版即为简单返回／空函数,234072,191865,1
function_4d30e0,原版即为简单返回／空函数,234078,191871,1
function_4d30e8,原版即为简单返回／空函数,234084,191877,1
function_4d3120,已修改／替换的非空实现,234090,191883,1
function_4d3128,原版即为简单返回／空函数,234097,191890,1
function_4d3130,保留原反编译函数体,234103,191896,1
function_4d3150,保留原反编译函数体,234110,191903,1
function_4d315e,原版即为简单返回／空函数,234117,191910,1
function_4d3166,原版即为简单返回／空函数,234123,191916,1
function_4d316e,原版即为简单返回／空函数,234129,191922,1
function_4d31a0,原版即为简单返回／空函数,234135,191928,1
function_4d31a8,保留原反编译函数体,234141,191934,1
function_4d31ca,保留原反编译函数体,234156,191949,1
function_4d31e9,原版即为简单返回／空函数,234171,191964,1
function_4d31f1,原版即为简单返回／空函数,234177,191970,1
function_4d31f9,原版即为简单返回／空函数,234183,191976,1
function_4d3204,原版即为简单返回／空函数,234189,191982,1
function_4d320c,原版即为简单返回／空函数,234195,191988,1
function_4d3217,原版即为简单返回／空函数,234201,191994,1
function_4d321f,原版即为简单返回／空函数,234207,192000,1
function_4d322a,保留原反编译函数体,234213,192006,1
function_4d3260,原版即为简单返回／空函数,234221,192014,1
function_4d3268,保留原反编译函数体,234227,192020,1
function_4d32b0,原版即为简单返回／空函数,234235,192028,1
function_4d32e0,原版即为简单返回／空函数,234241,192034,1
function_4d32e8,保留原反编译函数体,234247,192040,1
function_4d3320,原版即为简单返回／空函数,234255,192048,1
function_4d3328,保留原反编译函数体,234261,192054,1
function_4d3350,原版即为简单返回／空函数,234269,192062,1
function_4d3380,原版即为简单返回／空函数,234275,192068,1
function_4d33b0,原版即为简单返回／空函数,234281,192074,1
function_4d33b8,保留原反编译函数体,234287,192080,1
function_4d33d1,保留原反编译函数体,234302,192095,1
function_4d3410,原版即为简单返回／空函数,234317,192110,1
function_4d3418,原版即为简单返回／空函数,234323,192116,1
function_4d3420,原版即为简单返回／空函数,234329,192122,1
function_4d3428,原版即为简单返回／空函数,234335,192128,1
function_4d3430,保留原反编译函数体,234341,192134,1
function_4d3450,原版即为简单返回／空函数,234348,192141,1
function_4d3458,原版即为简单返回／空函数,234354,192147,1
function_4d3460,原版即为简单返回／空函数,234360,192153,1
function_4d3468,原版即为简单返回／空函数,234366,192159,1
function_4d3470,原版即为简单返回／空函数,234372,192165,1
function_4d3478,原版即为简单返回／空函数,234378,192171,1
function_4d3480,保留原反编译函数体,234384,192177,1
function_4d34b0,原版即为简单返回／空函数,234391,192184,1
function_4d34e0,原版即为简单返回／空函数,234397,192190,1
function_4d34e8,保留原反编译函数体,234403,192196,1
function_4d3510,原版即为简单返回／空函数,234410,192203,1
function_4d3540,原版即为简单返回／空函数,234416,192209,1
function_4d3570,原版即为简单返回／空函数,234422,192215,1
function_4d35a0,原版即为简单返回／空函数,234428,192221,1
function_4d35c0,原版即为简单返回／空函数,234434,192227,1
function_4d35e0,原版即为简单返回／空函数,234440,192233,1
function_4d3600,原版即为简单返回／空函数,234446,192239,1
function_4d3620,原版即为简单返回／空函数,234452,192245,1
function_4d3640,原版即为简单返回／空函数,234458,192251,1
function_4d3660,原版即为简单返回／空函数,234464,192257,1
function_4d3680,原版即为简单返回／空函数,234470,192263,1
function_4d36a0,原版即为简单返回／空函数,234476,192269,1
function_4d36c0,原版即为简单返回／空函数,234482,192275,1
function_4d36e0,原版即为简单返回／空函数,234488,192281,1
function_4d3700,原版即为简单返回／空函数,234494,192287,1
function_4d3720,保留原反编译函数体,234500,192293,1
function_4d3740,保留原反编译函数体,234507,192300,1
function_4d3780,原版即为简单返回／空函数,234514,192307,1
function_4d3790,保留原反编译函数体,234520,192313,1
function_4d37b0,保留原反编译函数体,234527,192320,1
function_4d37d0,保留原反编译函数体,234536,192329,1
function_4d37f0,保留原反编译函数体,234543,192336,1
function_4d3820,原版即为简单返回／空函数,234550,192343,1
function_4d3830,保留原反编译函数体,234556,192349,1
function_4d3850,保留原反编译函数体,234563,192356,1
function_4d3870,保留原反编译函数体,234570,192363,1
function_4d3890,原版即为简单返回／空函数,234577,192370,1
function_4d38a0,原版即为简单返回／空函数,234583,192376,1
function_4d38b0,保留原反编译函数体,234589,192382,1
function_4d38d0,原版即为简单返回／空函数,234596,192389,1
function_4d38e0,保留原反编译函数体,234602,192395,1
function_4d3900,保留原反编译函数体,234611,192404,1
function_4d39a0,保留原反编译函数体,234643,192436,1
function_4d39c0,保留原反编译函数体,234650,192443,1
function_4d39e0,保留原反编译函数体,234657,192450,1
function_4d3a40,保留原反编译函数体,234664,192457,1
function_4d3a60,保留原反编译函数体,234671,192464,1
function_4d3a80,保留原反编译函数体,234678,192471,1
function_4d3aa0,保留原反编译函数体,234685,192478,1
function_4d3ac0,保留原反编译函数体,234692,192485,1
function_4d3ae0,保留原反编译函数体,234699,192492,1
function_4d3b00,保留原反编译函数体,234706,192499,1
function_4d3b20,保留原反编译函数体,234713,192506,1
function_4d3b40,保留原反编译函数体,234720,192513,1
function_4d3b60,保留原反编译函数体,234727,192520,1
function_4d3bc0,保留原反编译函数体,234738,192531,1
function_4d3c20,保留原反编译函数体,234749,192542,1
function_4d3ce0,保留原反编译函数体,234763,192556,1
function_4d3dc0,未找到同名入口，待核对替代,234785,,0
function_4d3e40,原版即为简单返回／空函数,234798,192579,1
function_4d3e50,已修改／替换的非空实现,234806,192585,1
function_4d3f50,保留原反编译函数体,234837,192593,1
function_4d3fe0,原版即为简单返回／空函数,234868,192624,1
function_4d3ff0,原版即为简单返回／空函数,234874,192630,1
function_4d4000,原版即为简单返回／空函数,234880,192636,1
function_4d4010,原版即为简单返回／空函数,234886,192642,1
function_4d4040,原版即为简单返回／空函数,234892,192648,1
function_4d404c,原版即为简单返回／空函数,234898,192654,1
function_4d4058,原版即为简单返回／空函数,234904,192660,1
function_4d4064,原版即为简单返回／空函数,234910,192666,1
function_4d4070,原版即为简单返回／空函数,234916,192672,1
function_4d407c,原版即为简单返回／空函数,234922,192678,1
function_4d40b4,原版即为简单返回／空函数,234928,192684,1
function_4d40c0,保留原反编译函数体,234934,192690,1
function_4d40d0,原版即为简单返回／空函数,234941,192697,1
function_4d40f0,原版即为简单返回／空函数,234954,192704,1
function_4d4100,原版即为简单返回／空函数,234960,192710,1
function_4d4110,保留原反编译函数体,234966,192716,1
function_4d4120,原版即为简单返回／空函数,234973,192723,1
function_4d4130,保留原反编译函数体,234979,192729,1
function_4d4140,原版即为简单返回／空函数,234986,192736,1
function_4d4150,保留原反编译函数体,234992,192742,1
function_4d4160,保留原反编译函数体,234999,192749,1
function_4d4180,原版即为简单返回／空函数,235011,192761,1
function_4d4190,保留原反编译函数体,235017,192767,1
function_4d41a0,保留原反编译函数体,235024,192774,1
function_4d41b0,保留原反编译函数体,235031,192781,1
function_4d4210,保留原反编译函数体,235042,192792,1
function_4d4220,保留原反编译函数体,235049,192799,1
function_4d4280,保留原反编译函数体,235060,192810,1
function_4d4290,保留原反编译函数体,235067,192817,1
function_4d42f0,保留原反编译函数体,235076,192826,1
function_4d4300,原版即为简单返回／空函数,235083,192833,1
function_4d4310,保留原反编译函数体,235089,192839,1
function_4d4380,保留原反编译函数体,235124,192874,1
function_4d4390,保留原反编译函数体,235131,192881,1
function_4d43f0,保留原反编译函数体,235142,192892,1
function_4d4400,保留原反编译函数体,235149,192899,1
function_4d4460,保留原反编译函数体,235158,192908,1
function_4d4470,保留原反编译函数体,235165,192915,1
function_4d44d0,保留原反编译函数体,235176,192926,1
function_4d44e0,保留原反编译函数体,235183,192933,1
function_4d4540,保留原反编译函数体,235194,192944,1
function_4d4550,保留原反编译函数体,235201,192951,1
function_4d45b0,保留原反编译函数体,235212,192962,1
function_4d45c0,保留原反编译函数体,235219,192969,1
function_4d4620,保留原反编译函数体,235230,192980,1
function_4d4630,保留原反编译函数体,235237,192987,1
function_4d4690,保留原反编译函数体,235248,192998,1
function_4d46a0,保留原反编译函数体,235255,193005,1
function_4d4700,保留原反编译函数体,235264,193014,1
function_4d4760,保留原反编译函数体,235275,193025,1
function_4d4790,原版即为简单返回／空函数,235293,193043,1
function_4d47a0,原版即为简单返回／空函数,235299,193049,1
function_4d47b0,原版即为简单返回／空函数,235305,193055,1
function_4d47f0,保留原反编译函数体,235332,193062,1
function_4d4860,已修改／替换的非空实现,235379,193103,1
function_4d48c0,未找到同名入口，待核对替代,235389,,0
function_4d4930,保留原反编译函数体,235400,193108,1
function_4d4990,原版即为简单返回／空函数,235440,193148,1
function_4d49d0,保留原反编译函数体,235467,193162,1
function_4d4a30,保留原反编译函数体,235479,193174,1
function_4d4a60,保留原反编译函数体,235498,193193,1
function_4d4a90,保留原反编译函数体,235517,193212,1
function_4d4ac0,保留原反编译函数体,235536,193231,1
function_4d4af0,保留原反编译函数体,235555,193250,1
function_4d4b30,已修改／替换的非空实现,235581,193270,1
function_4d4b90,保留原反编译函数体,235614,193303,1
function_4d4b9b,保留原反编译函数体,235622,193311,1
function_4d4ba6,保留原反编译函数体,235630,193319,1
function_4d4bb1,原版即为简单返回／空函数,235638,193327,1
function_4d4bbb,原版即为简单返回／空函数,235644,193333,1
function_4d4bd9,原版即为简单返回／空函数,235664,193353,1
function_c000000,保留原反编译函数体,235670,193359,1
function_c47acb9,保留原反编译函数体,235677,193366,1
function_56ffffb4,保留原反编译函数体,235684,193373,1
