适用于 .NET Framework MSBuild 版本 18.10.1-1.26427.6+3cd27c13e

  1>Checking Build System
  Building Custom Rule C:/Users/poker/.codex/worktrees/pr11-original-parity/6kinoko-rebuild/CMakeLists.txt
  Building Custom Rule C:/Users/poker/.codex/worktrees/pr11-original-parity/6kinoko-rebuild/CMakeLists.txt
  Building Custom Rule C:/Users/poker/.codex/worktrees/pr11-original-parity/6kinoko-rebuild/CMakeLists.txt
  Building Custom Rule C:/Users/poker/.codex/worktrees/pr11-original-parity/6kinoko-rebuild/CMakeLists.txt
  act_association_contract.cpp
  Building Custom Rule C:/Users/poker/.codex/worktrees/pr11-original-parity/6kinoko-rebuild/CMakeLists.txt
  act_clock_contract.cpp
  legacy_string.cpp
  Building Custom Rule C:/Users/poker/.codex/worktrees/pr11-original-parity/6kinoko-rebuild/CMakeLists.txt
  act_layer_contract.cpp
  act_document_association.cpp
  act_layer_storage_contract.cpp
  legacy_string_scan.cpp
  正在生成代码...
  act_layer_access.cpp
  act_frame_contract.cpp
  kinoko_legacy_string.vcxproj -> C:\Users\poker\.codex\worktrees\pr11-original-parity\6kinoko-rebuild\build-runs\boundary-615a6b6\Release\kinoko_legacy_string.lib
  act_array.cpp
  kinoko_act_clock_contract.vcxproj -> C:\Users\poker\.codex\worktrees\pr11-original-parity\6kinoko-rebuild\runtime-builds\boundary-615a6b6\tools\kinoko_act_clock_contract.exe
  Building Custom Rule C:/Users/poker/.codex/worktrees/pr11-original-parity/6kinoko-rebuild/CMakeLists.txt
  Building Custom Rule C:/Users/poker/.codex/worktrees/pr11-original-parity/6kinoko-rebuild/CMakeLists.txt
  正在生成代码...
C:\Users\poker\.codex\worktrees\pr11-original-parity\6kinoko-rebuild\src\reconstructed\act_array.cpp(33,9): warning C4297: “kinoko_act_array_clone”: 假定函数不引发异常，但确实发生了 [C:\Users\poker\.codex\worktrees\pr11-original-parity\6kinoko-rebuild\build-runs\boundary-615a6b6\kinoko_act_association_contract.vcxproj]
      C:\Users\poker\.codex\worktrees\pr11-original-parity\6kinoko-rebuild\src\reconstructed\act_array.cpp(33,9):
      函数是 extern "C" 并且指定了 /EHc
  
C:\Users\poker\.codex\worktrees\pr11-original-parity\6kinoko-rebuild\src\reconstructed\act_array.cpp(44,33): warning C4297: “kinoko_act_array_append”: 假定函数不引发异常，但确实发生了 [C:\Users\poker\.codex\worktrees\pr11-original-parity\6kinoko-rebuild\build-runs\boundary-615a6b6\kinoko_act_association_contract.vcxproj]
      C:\Users\poker\.codex\worktrees\pr11-original-parity\6kinoko-rebuild\src\reconstructed\act_array.cpp(44,33):
      函数是 extern "C" 并且指定了 /EHc
  
  正在生成代码...
  kinoko_act_layer_storage_contract.vcxproj -> C:\Users\poker\.codex\worktrees\pr11-original-parity\6kinoko-rebuild\build-runs\boundary-615a6b6\Release\kinoko_act_layer_storage_contract.exe
  actor_collision.cpp
  actor_initialization_contract.cpp
  Building Custom Rule C:/Users/poker/.codex/worktrees/pr11-original-parity/6kinoko-rebuild/CMakeLists.txt
  act_layer_access.cpp
  Building Custom Rule C:/Users/poker/.codex/worktrees/pr11-original-parity/6kinoko-rebuild/CMakeLists.txt
  boost_control.cpp
  kinoko_act_layer_contract.vcxproj -> C:\Users\poker\.codex\worktrees\pr11-original-parity\6kinoko-rebuild\runtime-builds\boundary-615a6b6\tools\kinoko_act_layer_contract.exe
C:\Users\poker\.codex\worktrees\pr11-original-parity\6kinoko-rebuild\tests\actor_initialization_contract.cpp(54,54): warning C4297: “kinoko_sqplus_object_copy_construct”: 假定函数不引发异常，但确实发生了 [C:\Users\poker\.codex\worktrees\pr11-original-parity\6kinoko-rebuild\build-runs\boundary-615a6b6\kinoko_actor_initialization_contract.vcxproj]
  actor_initialization.cpp
      C:\Users\poker\.codex\worktrees\pr11-original-parity\6kinoko-rebuild\tests\actor_initialization_contract.cpp(54,54):
      函数是 extern "C" 并且指定了 /EHc
  
C:\Users\poker\.codex\worktrees\pr11-original-parity\6kinoko-rebuild\tests\actor_initialization_contract.cpp(83,21): warning C4297: “kinoko_script_callback_invoke_owned”: 假定函数不引发异常，但确实发生了 [C:\Users\poker\.codex\worktrees\pr11-original-parity\6kinoko-rebuild\build-runs\boundary-615a6b6\kinoko_actor_initialization_contract.vcxproj]
      C:\Users\poker\.codex\worktrees\pr11-original-parity\6kinoko-rebuild\tests\actor_initialization_contract.cpp(83,21):
      函数是 extern "C" 并且指定了 /EHc
  
  Unknown compiler version - please run the configure tests and report the results
  game_math.cpp
  audio_math.cpp
  正在生成代码...
  legacy_abi.cpp
  legacy_method_entries.cpp
  boost_hash.cpp
  kinoko_act_association_contract.vcxproj -> C:\Users\poker\.codex\worktrees\pr11-original-parity\6kinoko-rebuild\runtime-builds\boundary-615a6b6\tools\kinoko_act_association_contract.exe
  Unknown compiler version - please run the configure tests and report the results
  正在生成代码...
  kinoko_actor_collision.vcxproj -> C:\Users\poker\.codex\worktrees\pr11-original-parity\6kinoko-rebuild\build-runs\boundary-615a6b6\Release\kinoko_actor_collision.lib
  正在生成代码...
  act_draw_storage.cpp
  Building Custom Rule C:/Users/poker/.codex/worktrees/pr11-original-parity/6kinoko-rebuild/CMakeLists.txt
  Building Custom Rule C:/Users/poker/.codex/worktrees/pr11-original-parity/6kinoko-rebuild/CMakeLists.txt
  kinoko_actor_initialization_contract.vcxproj -> C:\Users\poker\.codex\worktrees\pr11-original-parity\6kinoko-rebuild\runtime-builds\boundary-615a6b6\tools\kinoko_actor_initialization_contract.exe
  kinoko_legacy_abi.vcxproj -> C:\Users\poker\.codex\worktrees\pr11-original-parity\6kinoko-rebuild\build-runs\boundary-615a6b6\Release\kinoko_legacy_abi.lib
  upstream_sqplus.cpp
  Building Custom Rule C:/Users/poker/.codex/worktrees/pr11-original-parity/6kinoko-rebuild/CMakeLists.txt
  adler32.c
  Building Custom Rule C:/Users/poker/.codex/worktrees/pr11-original-parity/6kinoko-rebuild/CMakeLists.txt
  crc32.c
  compress.c
  deflate.c
C:\Users\poker\.codex\worktrees\pr11-original-parity\6kinoko-rebuild\third_party\zlib-1.2.3\adler32.c(57,15): warning C4131: “adler32”: 使用老样式声明符 [C:\Users\poker\.codex\worktrees\pr11-original-parity\6kinoko-rebuild\build-runs\boundary-615a6b6\kinoko_zlib.vcxproj]
C:\Users\poker\.codex\worktrees\pr11-original-parity\6kinoko-rebuild\third_party\zlib-1.2.3\adler32.c(128,15): warning C4131: “adler32_combine”: 使用老样式声明符 [C:\Users\poker\.codex\worktrees\pr11-original-parity\6kinoko-rebuild\build-runs\boundary-615a6b6\kinoko_zlib.vcxproj]
C:\Users\poker\.codex\worktrees\pr11-original-parity\6kinoko-rebuild\third_party\zlib-1.2.3\crc32.c(219,23): warning C4131: “crc32”: 使用老样式声明符 [C:\Users\poker\.codex\worktrees\pr11-original-parity\6kinoko-rebuild\build-runs\boundary-615a6b6\kinoko_zlib.vcxproj]
C:\Users\poker\.codex\worktrees\pr11-original-parity\6kinoko-rebuild\third_party\zlib-1.2.3\crc32.c(232,24): warning C4127: 条件表达式是常量 [C:\Users\poker\.codex\worktrees\pr11-original-parity\6kinoko-rebuild\build-runs\boundary-615a6b6\kinoko_zlib.vcxproj]
C:\Users\poker\.codex\worktrees\pr11-original-parity\6kinoko-rebuild\third_party\zlib-1.2.3\crc32.c(262,21): warning C4131: “crc32_little”: 使用老样式声明符 [C:\Users\poker\.codex\worktrees\pr11-original-parity\6kinoko-rebuild\build-runs\boundary-615a6b6\kinoko_zlib.vcxproj]
C:\Users\poker\.codex\worktrees\pr11-original-parity\6kinoko-rebuild\third_party\zlib-1.2.3\crc32.c(302,21): warning C4131: “crc32_big”: 使用老样式声明符 [C:\Users\poker\.codex\worktrees\pr11-original-parity\6kinoko-rebuild\build-runs\boundary-615a6b6\kinoko_zlib.vcxproj]
C:\Users\poker\.codex\worktrees\pr11-original-parity\6kinoko-rebuild\third_party\zlib-1.2.3\crc32.c(342,21): warning C4131: “gf2_matrix_times”: 使用老样式声明符 [C:\Users\poker\.codex\worktrees\pr11-original-parity\6kinoko-rebuild\build-runs\boundary-615a6b6\kinoko_zlib.vcxproj]
C:\Users\poker\.codex\worktrees\pr11-original-parity\6kinoko-rebuild\third_party\zlib-1.2.3\crc32.c(359,12): warning C4131: “gf2_matrix_square”: 使用老样式声明符 [C:\Users\poker\.codex\worktrees\pr11-original-parity\6kinoko-rebuild\build-runs\boundary-615a6b6\kinoko_zlib.vcxproj]
C:\Users\poker\.codex\worktrees\pr11-original-parity\6kinoko-rebuild\third_party\zlib-1.2.3\crc32.c(370,15): warning C4131: “crc32_combine”: 使用老样式声明符 [C:\Users\poker\.codex\worktrees\pr11-original-parity\6kinoko-rebuild\build-runs\boundary-615a6b6\kinoko_zlib.vcxproj]
C:\Users\poker\.codex\worktrees\pr11-original-parity\6kinoko-rebuild\third_party\zlib-1.2.3\compress.c(22,13): warning C4131: “compress2”: 使用老样式声明符 [C:\Users\poker\.codex\worktrees\pr11-original-parity\6kinoko-rebuild\build-runs\boundary-615a6b6\kinoko_zlib.vcxproj]
C:\Users\poker\.codex\worktrees\pr11-original-parity\6kinoko-rebuild\third_party\zlib-1.2.3\compress.c(62,13): warning C4131: “compress”: 使用老样式声明符 [C:\Users\poker\.codex\worktrees\pr11-original-parity\6kinoko-rebuild\build-runs\boundary-615a6b6\kinoko_zlib.vcxproj]
C:\Users\poker\.codex\worktrees\pr11-original-parity\6kinoko-rebuild\third_party\zlib-1.2.3\compress.c(75,15): warning C4131: “compressBound”: 使用老样式声明符 [C:\Users\poker\.codex\worktrees\pr11-original-parity\6kinoko-rebuild\build-runs\boundary-615a6b6\kinoko_zlib.vcxproj]
C:\Users\poker\.codex\worktrees\pr11-original-parity\6kinoko-rebuild\third_party\zlib-1.2.3\deflate.c(204,13): warning C4131: “deflateInit_”: 使用老样式声明符 [C:\Users\poker\.codex\worktrees\pr11-original-parity\6kinoko-rebuild\build-runs\boundary-615a6b6\kinoko_zlib.vcxproj]
C:\Users\poker\.codex\worktrees\pr11-original-parity\6kinoko-rebuild\third_party\zlib-1.2.3\deflate.c(216,13): warning C4131: “deflateInit2_”: 使用老样式声明符 [C:\Users\poker\.codex\worktrees\pr11-original-parity\6kinoko-rebuild\build-runs\boundary-615a6b6\kinoko_zlib.vcxproj]
C:\Users\poker\.codex\worktrees\pr11-original-parity\6kinoko-rebuild\third_party\zlib-1.2.3\deflate.c(315,13): warning C4131: “deflateSetDictionary”: 使用老样式声明符 [C:\Users\poker\.codex\worktrees\pr11-original-parity\6kinoko-rebuild\build-runs\boundary-615a6b6\kinoko_zlib.vcxproj]
C:\Users\poker\.codex\worktrees\pr11-original-parity\6kinoko-rebuild\third_party\zlib-1.2.3\deflate.c(357,13): warning C4131: “deflateReset”: 使用老样式声明符 [C:\Users\poker\.codex\worktrees\pr11-original-parity\6kinoko-rebuild\build-runs\boundary-615a6b6\kinoko_zlib.vcxproj]
C:\Users\poker\.codex\worktrees\pr11-original-parity\6kinoko-rebuild\third_party\zlib-1.2.3\deflate.c(393,13): warning C4131: “deflateSetHeader”: 使用老样式声明符 [C:\Users\poker\.codex\worktrees\pr11-original-parity\6kinoko-rebuild\build-runs\boundary-615a6b6\kinoko_zlib.vcxproj]
C:\Users\poker\.codex\worktrees\pr11-original-parity\6kinoko-rebuild\third_party\zlib-1.2.3\deflate.c(404,13): warning C4131: “deflatePrime”: 使用老样式声明符 [C:\Users\poker\.codex\worktrees\pr11-original-parity\6kinoko-rebuild\build-runs\boundary-615a6b6\kinoko_zlib.vcxproj]
C:\Users\poker\.codex\worktrees\pr11-original-parity\6kinoko-rebuild\third_party\zlib-1.2.3\deflate.c(416,13): warning C4131: “deflateParams”: 使用老样式声明符 [C:\Users\poker\.codex\worktrees\pr11-original-parity\6kinoko-rebuild\build-runs\boundary-615a6b6\kinoko_zlib.vcxproj]
C:\Users\poker\.codex\worktrees\pr11-original-parity\6kinoko-rebuild\third_party\zlib-1.2.3\deflate.c(454,13): warning C4131: “deflateTune”: 使用老样式声明符 [C:\Users\poker\.codex\worktrees\pr11-original-parity\6kinoko-rebuild\build-runs\boundary-615a6b6\kinoko_zlib.vcxproj]
C:\Users\poker\.codex\worktrees\pr11-original-parity\6kinoko-rebuild\third_party\zlib-1.2.3\deflate.c(489,15): warning C4131: “deflateBound”: 使用老样式声明符 [C:\Users\poker\.codex\worktrees\pr11-original-parity\6kinoko-rebuild\build-runs\boundary-615a6b6\kinoko_zlib.vcxproj]
C:\Users\poker\.codex\worktrees\pr11-original-parity\6kinoko-rebuild\third_party\zlib-1.2.3\deflate.c(518,12): warning C4131: “putShortMSB”: 使用老样式声明符 [C:\Users\poker\.codex\worktrees\pr11-original-parity\6kinoko-rebuild\build-runs\boundary-615a6b6\kinoko_zlib.vcxproj]
C:\Users\poker\.codex\worktrees\pr11-original-parity\6kinoko-rebuild\third_party\zlib-1.2.3\deflate.c(532,12): warning C4131: “flush_pending”: 使用老样式声明符 [C:\Users\poker\.codex\worktrees\pr11-original-parity\6kinoko-rebuild\build-runs\boundary-615a6b6\kinoko_zlib.vcxproj]
C:\Users\poker\.codex\worktrees\pr11-original-parity\6kinoko-rebuild\third_party\zlib-1.2.3\deflate.c(552,13): warning C4131: “deflate”: 使用老样式声明符 [C:\Users\poker\.codex\worktrees\pr11-original-parity\6kinoko-rebuild\build-runs\boundary-615a6b6\kinoko_zlib.vcxproj]
C:\Users\poker\.codex\worktrees\pr11-original-parity\6kinoko-rebuild\third_party\zlib-1.2.3\deflate.c(698,17): warning C4244: “=”: 从“int”转换到“Bytef”，可能丢失数据 [C:\Users\poker\.codex\worktrees\pr11-original-parity\6kinoko-rebuild\build-runs\boundary-615a6b6\kinoko_zlib.vcxproj]
C:\Users\poker\.codex\worktrees\pr11-original-parity\6kinoko-rebuild\third_party\zlib-1.2.3\deflate.c(729,17): warning C4244: “=”: 从“int”转换到“Bytef”，可能丢失数据 [C:\Users\poker\.codex\worktrees\pr11-original-parity\6kinoko-rebuild\build-runs\boundary-615a6b6\kinoko_zlib.vcxproj]
C:\Users\poker\.codex\worktrees\pr11-original-parity\6kinoko-rebuild\third_party\zlib-1.2.3\deflate.c(859,13): warning C4131: “deflateEnd”: 使用老样式声明符 [C:\Users\poker\.codex\worktrees\pr11-original-parity\6kinoko-rebuild\build-runs\boundary-615a6b6\kinoko_zlib.vcxproj]
C:\Users\poker\.codex\worktrees\pr11-original-parity\6kinoko-rebuild\third_party\zlib-1.2.3\deflate.c(894,13): warning C4131: “deflateCopy”: 使用老样式声明符 [C:\Users\poker\.codex\worktrees\pr11-original-parity\6kinoko-rebuild\build-runs\boundary-615a6b6\kinoko_zlib.vcxproj]
C:\Users\poker\.codex\worktrees\pr11-original-parity\6kinoko-rebuild\third_party\zlib-1.2.3\deflate.c(956,11): warning C4131: “read_buf”: 使用老样式声明符 [C:\Users\poker\.codex\worktrees\pr11-original-parity\6kinoko-rebuild\build-runs\boundary-615a6b6\kinoko_zlib.vcxproj]
C:\Users\poker\.codex\worktrees\pr11-original-parity\6kinoko-rebuild\third_party\zlib-1.2.3\deflate.c(986,12): warning C4131: “lm_init”: 使用老样式声明符 [C:\Users\poker\.codex\worktrees\pr11-original-parity\6kinoko-rebuild\build-runs\boundary-615a6b6\kinoko_zlib.vcxproj]
C:\Users\poker\.codex\worktrees\pr11-original-parity\6kinoko-rebuild\third_party\zlib-1.2.3\deflate.c(1027,12): warning C4131: “longest_match”: 使用老样式声明符 [C:\Users\poker\.codex\worktrees\pr11-original-parity\6kinoko-rebuild\build-runs\boundary-615a6b6\kinoko_zlib.vcxproj]
C:\Users\poker\.codex\worktrees\pr11-original-parity\6kinoko-rebuild\third_party\zlib-1.2.3\deflate.c(1175,12): warning C4131: “longest_match_fast”: 使用老样式声明符 [C:\Users\poker\.codex\worktrees\pr11-original-parity\6kinoko-rebuild\build-runs\boundary-615a6b6\kinoko_zlib.vcxproj]
C:\Users\poker\.codex\worktrees\pr11-original-parity\6kinoko-rebuild\third_party\zlib-1.2.3\deflate.c(1266,12): warning C4131: “fill_window”: 使用老样式声明符 [C:\Users\poker\.codex\worktrees\pr11-original-parity\6kinoko-rebuild\build-runs\boundary-615a6b6\kinoko_zlib.vcxproj]
C:\Users\poker\.codex\worktrees\pr11-original-parity\6kinoko-rebuild\third_party\zlib-1.2.3\deflate.c(1278,25): warning C4127: 条件表达式是常量 [C:\Users\poker\.codex\worktrees\pr11-original-parity\6kinoko-rebuild\build-runs\boundary-615a6b6\kinoko_zlib.vcxproj]
C:\Users\poker\.codex\worktrees\pr11-original-parity\6kinoko-rebuild\third_party\zlib-1.2.3\deflate.c(1390,19): warning C4131: “deflate_stored”: 使用老样式声明符 [C:\Users\poker\.codex\worktrees\pr11-original-parity\6kinoko-rebuild\build-runs\boundary-615a6b6\kinoko_zlib.vcxproj]
C:\Users\poker\.codex\worktrees\pr11-original-parity\6kinoko-rebuild\third_party\zlib-1.2.3\deflate.c(1448,19): warning C4131: “deflate_fast”: 使用老样式声明符 [C:\Users\poker\.codex\worktrees\pr11-original-parity\6kinoko-rebuild\build-runs\boundary-615a6b6\kinoko_zlib.vcxproj]
C:\Users\poker\.codex\worktrees\pr11-original-parity\6kinoko-rebuild\third_party\zlib-1.2.3\deflate.c(1501,13): warning C4244: “初始化”: 从“uInt”转换到“uch”，可能丢失数据 [C:\Users\poker\.codex\worktrees\pr11-original-parity\6kinoko-rebuild\build-runs\boundary-615a6b6\kinoko_zlib.vcxproj]
C:\Users\poker\.codex\worktrees\pr11-original-parity\6kinoko-rebuild\third_party\zlib-1.2.3\deflate.c(1501,13): warning C4244: “初始化”: 从“uInt”转换到“ush”，可能丢失数据 [C:\Users\poker\.codex\worktrees\pr11-original-parity\6kinoko-rebuild\build-runs\boundary-615a6b6\kinoko_zlib.vcxproj]
C:\Users\poker\.codex\worktrees\pr11-original-parity\6kinoko-rebuild\third_party\zlib-1.2.3\deflate.c(1554,19): warning C4131: “deflate_slow”: 使用老样式声明符 [C:\Users\poker\.codex\worktrees\pr11-original-parity\6kinoko-rebuild\build-runs\boundary-615a6b6\kinoko_zlib.vcxproj]
C:\Users\poker\.codex\worktrees\pr11-original-parity\6kinoko-rebuild\third_party\zlib-1.2.3\deflate.c(1623,13): warning C4244: “初始化”: 从“uInt”转换到“uch”，可能丢失数据 [C:\Users\poker\.codex\worktrees\pr11-original-parity\6kinoko-rebuild\build-runs\boundary-615a6b6\kinoko_zlib.vcxproj]
C:\Users\poker\.codex\worktrees\pr11-original-parity\6kinoko-rebuild\third_party\zlib-1.2.3\deflate.c(1623,13): warning C4244: “初始化”: 从“uInt”转换到“ush”，可能丢失数据 [C:\Users\poker\.codex\worktrees\pr11-original-parity\6kinoko-rebuild\build-runs\boundary-615a6b6\kinoko_zlib.vcxproj]
  trees.c
C:\Users\poker\.codex\worktrees\pr11-original-parity\6kinoko-rebuild\third_party\zlib-1.2.3\trees.c(382,6): warning C4131: “_tr_init”: 使用老样式声明符 [C:\Users\poker\.codex\worktrees\pr11-original-parity\6kinoko-rebuild\build-runs\boundary-615a6b6\kinoko_zlib.vcxproj]
C:\Users\poker\.codex\worktrees\pr11-original-parity\6kinoko-rebuild\third_party\zlib-1.2.3\trees.c(411,12): warning C4131: “init_block”: 使用老样式声明符 [C:\Users\poker\.codex\worktrees\pr11-original-parity\6kinoko-rebuild\build-runs\boundary-615a6b6\kinoko_zlib.vcxproj]
C:\Users\poker\.codex\worktrees\pr11-original-parity\6kinoko-rebuild\third_party\zlib-1.2.3\trees.c(455,12): warning C4131: “pqdownheap”: 使用老样式声明符 [C:\Users\poker\.codex\worktrees\pr11-original-parity\6kinoko-rebuild\build-runs\boundary-615a6b6\kinoko_zlib.vcxproj]
C:\Users\poker\.codex\worktrees\pr11-original-parity\6kinoko-rebuild\third_party\zlib-1.2.3\trees.c(490,12): warning C4131: “gen_bitlen”: 使用老样式声明符 [C:\Users\poker\.codex\worktrees\pr11-original-parity\6kinoko-rebuild\build-runs\boundary-615a6b6\kinoko_zlib.vcxproj]
C:\Users\poker\.codex\worktrees\pr11-original-parity\6kinoko-rebuild\third_party\zlib-1.2.3\trees.c(577,12): warning C4131: “gen_codes”: 使用老样式声明符 [C:\Users\poker\.codex\worktrees\pr11-original-parity\6kinoko-rebuild\build-runs\boundary-615a6b6\kinoko_zlib.vcxproj]
C:\Users\poker\.codex\worktrees\pr11-original-parity\6kinoko-rebuild\third_party\zlib-1.2.3\trees.c(604,24): warning C4244: “=”: 从“unsigned int”转换到“ush”，可能丢失数据 [C:\Users\poker\.codex\worktrees\pr11-original-parity\6kinoko-rebuild\build-runs\boundary-615a6b6\kinoko_zlib.vcxproj]
C:\Users\poker\.codex\worktrees\pr11-original-parity\6kinoko-rebuild\third_party\zlib-1.2.3\trees.c(619,12): warning C4131: “build_tree”: 使用老样式声明符 [C:\Users\poker\.codex\worktrees\pr11-original-parity\6kinoko-rebuild\build-runs\boundary-615a6b6\kinoko_zlib.vcxproj]
C:\Users\poker\.codex\worktrees\pr11-original-parity\6kinoko-rebuild\third_party\zlib-1.2.3\trees.c(707,12): warning C4131: “scan_tree”: 使用老样式声明符 [C:\Users\poker\.codex\worktrees\pr11-original-parity\6kinoko-rebuild\build-runs\boundary-615a6b6\kinoko_zlib.vcxproj]
C:\Users\poker\.codex\worktrees\pr11-original-parity\6kinoko-rebuild\third_party\zlib-1.2.3\trees.c(728,40): warning C4244: “+=”: 从“int”转换到“ush”，可能丢失数据 [C:\Users\poker\.codex\worktrees\pr11-original-parity\6kinoko-rebuild\build-runs\boundary-615a6b6\kinoko_zlib.vcxproj]
C:\Users\poker\.codex\worktrees\pr11-original-parity\6kinoko-rebuild\third_party\zlib-1.2.3\trees.c(752,12): warning C4131: “send_tree”: 使用老样式声明符 [C:\Users\poker\.codex\worktrees\pr11-original-parity\6kinoko-rebuild\build-runs\boundary-615a6b6\kinoko_zlib.vcxproj]
C:\Users\poker\.codex\worktrees\pr11-original-parity\6kinoko-rebuild\third_party\zlib-1.2.3\trees.c(803,11): warning C4131: “build_bl_tree”: 使用老样式声明符 [C:\Users\poker\.codex\worktrees\pr11-original-parity\6kinoko-rebuild\build-runs\boundary-615a6b6\kinoko_zlib.vcxproj]
C:\Users\poker\.codex\worktrees\pr11-original-parity\6kinoko-rebuild\third_party\zlib-1.2.3\trees.c(838,12): warning C4131: “send_all_trees”: 使用老样式声明符 [C:\Users\poker\.codex\worktrees\pr11-original-parity\6kinoko-rebuild\build-runs\boundary-615a6b6\kinoko_zlib.vcxproj]
C:\Users\poker\.codex\worktrees\pr11-original-parity\6kinoko-rebuild\third_party\zlib-1.2.3\trees.c(867,6): warning C4131: “_tr_stored_block”: 使用老样式声明符 [C:\Users\poker\.codex\worktrees\pr11-original-parity\6kinoko-rebuild\build-runs\boundary-615a6b6\kinoko_zlib.vcxproj]
C:\Users\poker\.codex\worktrees\pr11-original-parity\6kinoko-rebuild\third_party\zlib-1.2.3\trees.c(892,6): warning C4131: “_tr_align”: 使用老样式声明符 [C:\Users\poker\.codex\worktrees\pr11-original-parity\6kinoko-rebuild\build-runs\boundary-615a6b6\kinoko_zlib.vcxproj]
C:\Users\poker\.codex\worktrees\pr11-original-parity\6kinoko-rebuild\third_party\zlib-1.2.3\trees.c(921,6): warning C4131: “_tr_flush_block”: 使用老样式声明符 [C:\Users\poker\.codex\worktrees\pr11-original-parity\6kinoko-rebuild\build-runs\boundary-615a6b6\kinoko_zlib.vcxproj]
C:\Users\poker\.codex\worktrees\pr11-original-parity\6kinoko-rebuild\third_party\zlib-1.2.3\trees.c(1022,5): warning C4131: “_tr_tally”: 使用老样式声明符 [C:\Users\poker\.codex\worktrees\pr11-original-parity\6kinoko-rebuild\build-runs\boundary-615a6b6\kinoko_zlib.vcxproj]
C:\Users\poker\.codex\worktrees\pr11-original-parity\6kinoko-rebuild\third_party\zlib-1.2.3\trees.c(1072,12): warning C4131: “compress_block”: 使用老样式声明符 [C:\Users\poker\.codex\worktrees\pr11-original-parity\6kinoko-rebuild\build-runs\boundary-615a6b6\kinoko_zlib.vcxproj]
C:\Users\poker\.codex\worktrees\pr11-original-parity\6kinoko-rebuild\third_party\zlib-1.2.3\trees.c(1126,12): warning C4131: “set_data_type”: 使用老样式声明符 [C:\Users\poker\.codex\worktrees\pr11-original-parity\6kinoko-rebuild\build-runs\boundary-615a6b6\kinoko_zlib.vcxproj]
C:\Users\poker\.codex\worktrees\pr11-original-parity\6kinoko-rebuild\third_party\zlib-1.2.3\trees.c(1146,16): warning C4131: “bi_reverse”: 使用老样式声明符 [C:\Users\poker\.codex\worktrees\pr11-original-parity\6kinoko-rebuild\build-runs\boundary-615a6b6\kinoko_zlib.vcxproj]
C:\Users\poker\.codex\worktrees\pr11-original-parity\6kinoko-rebuild\third_party\zlib-1.2.3\trees.c(1161,12): warning C4131: “bi_flush”: 使用老样式声明符 [C:\Users\poker\.codex\worktrees\pr11-original-parity\6kinoko-rebuild\build-runs\boundary-615a6b6\kinoko_zlib.vcxproj]
C:\Users\poker\.codex\worktrees\pr11-original-parity\6kinoko-rebuild\third_party\zlib-1.2.3\trees.c(1178,12): warning C4131: “bi_windup”: 使用老样式声明符 [C:\Users\poker\.codex\worktrees\pr11-original-parity\6kinoko-rebuild\build-runs\boundary-615a6b6\kinoko_zlib.vcxproj]
C:\Users\poker\.codex\worktrees\pr11-original-parity\6kinoko-rebuild\third_party\zlib-1.2.3\trees.c(1197,12): warning C4131: “copy_block”: 使用老样式声明符 [C:\Users\poker\.codex\worktrees\pr11-original-parity\6kinoko-rebuild\build-runs\boundary-615a6b6\kinoko_zlib.vcxproj]
  inflate.c
C:\Users\poker\.codex\worktrees\pr11-original-parity\6kinoko-rebuild\third_party\zlib-1.2.3\inflate.c(103,13): warning C4131: “inflateReset”: 使用老样式声明符 [C:\Users\poker\.codex\worktrees\pr11-original-parity\6kinoko-rebuild\build-runs\boundary-615a6b6\kinoko_zlib.vcxproj]
C:\Users\poker\.codex\worktrees\pr11-original-parity\6kinoko-rebuild\third_party\zlib-1.2.3\inflate.c(128,13): warning C4131: “inflatePrime”: 使用老样式声明符 [C:\Users\poker\.codex\worktrees\pr11-original-parity\6kinoko-rebuild\build-runs\boundary-615a6b6\kinoko_zlib.vcxproj]
C:\Users\poker\.codex\worktrees\pr11-original-parity\6kinoko-rebuild\third_party\zlib-1.2.3\inflate.c(144,13): warning C4131: “inflateInit2_”: 使用老样式声明符 [C:\Users\poker\.codex\worktrees\pr11-original-parity\6kinoko-rebuild\build-runs\boundary-615a6b6\kinoko_zlib.vcxproj]
C:\Users\poker\.codex\worktrees\pr11-original-parity\6kinoko-rebuild\third_party\zlib-1.2.3\inflate.c(187,13): warning C4131: “inflateInit_”: 使用老样式声明符 [C:\Users\poker\.codex\worktrees\pr11-original-parity\6kinoko-rebuild\build-runs\boundary-615a6b6\kinoko_zlib.vcxproj]
C:\Users\poker\.codex\worktrees\pr11-original-parity\6kinoko-rebuild\third_party\zlib-1.2.3\inflate.c(205,12): warning C4131: “fixedtables”: 使用老样式声明符 [C:\Users\poker\.codex\worktrees\pr11-original-parity\6kinoko-rebuild\build-runs\boundary-615a6b6\kinoko_zlib.vcxproj]
C:\Users\poker\.codex\worktrees\pr11-original-parity\6kinoko-rebuild\third_party\zlib-1.2.3\inflate.c(323,11): warning C4131: “updatewindow”: 使用老样式声明符 [C:\Users\poker\.codex\worktrees\pr11-original-parity\6kinoko-rebuild\build-runs\boundary-615a6b6\kinoko_zlib.vcxproj]
C:\Users\poker\.codex\worktrees\pr11-original-parity\6kinoko-rebuild\third_party\zlib-1.2.3\inflate.c(554,13): warning C4131: “inflate”: 使用老样式声明符 [C:\Users\poker\.codex\worktrees\pr11-original-parity\6kinoko-rebuild\build-runs\boundary-615a6b6\kinoko_zlib.vcxproj]
C:\Users\poker\.codex\worktrees\pr11-original-parity\6kinoko-rebuild\third_party\zlib-1.2.3\inflate.c(711,62): warning C4244: “=”: 从“unsigned int”转换到“Bytef”，可能丢失数据 [C:\Users\poker\.codex\worktrees\pr11-original-parity\6kinoko-rebuild\build-runs\boundary-615a6b6\kinoko_zlib.vcxproj]
C:\Users\poker\.codex\worktrees\pr11-original-parity\6kinoko-rebuild\third_party\zlib-1.2.3\inflate.c(732,65): warning C4244: “=”: 从“unsigned int”转换到“Bytef”，可能丢失数据 [C:\Users\poker\.codex\worktrees\pr11-original-parity\6kinoko-rebuild\build-runs\boundary-615a6b6\kinoko_zlib.vcxproj]
C:\Users\poker\.codex\worktrees\pr11-original-parity\6kinoko-rebuild\third_party\zlib-1.2.3\inflate.c(1155,13): warning C4131: “inflateEnd”: 使用老样式声明符 [C:\Users\poker\.codex\worktrees\pr11-original-parity\6kinoko-rebuild\build-runs\boundary-615a6b6\kinoko_zlib.vcxproj]
C:\Users\poker\.codex\worktrees\pr11-original-parity\6kinoko-rebuild\third_party\zlib-1.2.3\inflate.c(1169,13): warning C4131: “inflateSetDictionary”: 使用老样式声明符 [C:\Users\poker\.codex\worktrees\pr11-original-parity\6kinoko-rebuild\build-runs\boundary-615a6b6\kinoko_zlib.vcxproj]
C:\Users\poker\.codex\worktrees\pr11-original-parity\6kinoko-rebuild\third_party\zlib-1.2.3\inflate.c(1211,13): warning C4131: “inflateGetHeader”: 使用老样式声明符 [C:\Users\poker\.codex\worktrees\pr11-original-parity\6kinoko-rebuild\build-runs\boundary-615a6b6\kinoko_zlib.vcxproj]
C:\Users\poker\.codex\worktrees\pr11-original-parity\6kinoko-rebuild\third_party\zlib-1.2.3\inflate.c(1239,16): warning C4131: “syncsearch”: 使用老样式声明符 [C:\Users\poker\.codex\worktrees\pr11-original-parity\6kinoko-rebuild\build-runs\boundary-615a6b6\kinoko_zlib.vcxproj]
C:\Users\poker\.codex\worktrees\pr11-original-parity\6kinoko-rebuild\third_party\zlib-1.2.3\inflate.c(1262,13): warning C4131: “inflateSync”: 使用老样式声明符 [C:\Users\poker\.codex\worktrees\pr11-original-parity\6kinoko-rebuild\build-runs\boundary-615a6b6\kinoko_zlib.vcxproj]
C:\Users\poker\.codex\worktrees\pr11-original-parity\6kinoko-rebuild\third_party\zlib-1.2.3\inflate.c(1313,13): warning C4131: “inflateSyncPoint”: 使用老样式声明符 [C:\Users\poker\.codex\worktrees\pr11-original-parity\6kinoko-rebuild\build-runs\boundary-615a6b6\kinoko_zlib.vcxproj]
C:\Users\poker\.codex\worktrees\pr11-original-parity\6kinoko-rebuild\third_party\zlib-1.2.3\inflate.c(1323,13): warning C4131: “inflateCopy”: 使用老样式声明符 [C:\Users\poker\.codex\worktrees\pr11-original-parity\6kinoko-rebuild\build-runs\boundary-615a6b6\kinoko_zlib.vcxproj]
  inftrees.c
C:\Users\poker\.codex\worktrees\pr11-original-parity\6kinoko-rebuild\third_party\zlib-1.2.3\inftrees.c(32,5): warning C4131: “inflate_table”: 使用老样式声明符 [C:\Users\poker\.codex\worktrees\pr11-original-parity\6kinoko-rebuild\build-runs\boundary-615a6b6\kinoko_zlib.vcxproj]
  inffast.c
C:\Users\poker\.codex\worktrees\pr11-original-parity\6kinoko-rebuild\third_party\zlib-1.2.3\inffast.c(67,6): warning C4131: “inflate_fast”: 使用老样式声明符 [C:\Users\poker\.codex\worktrees\pr11-original-parity\6kinoko-rebuild\build-runs\boundary-615a6b6\kinoko_zlib.vcxproj]
  zutil.c
  kinoko_boost_count.vcxproj -> C:\Users\poker\.codex\worktrees\pr11-original-parity\6kinoko-rebuild\build-runs\boundary-615a6b6\Release\kinoko_boost_count.lib
C:\Users\poker\.codex\worktrees\pr11-original-parity\6kinoko-rebuild\third_party\zlib-1.2.3\zutil.c(133,22): warning C4131: “zError”: 使用老样式声明符 [C:\Users\poker\.codex\worktrees\pr11-original-parity\6kinoko-rebuild\build-runs\boundary-615a6b6\kinoko_zlib.vcxproj]
C:\Users\poker\.codex\worktrees\pr11-original-parity\6kinoko-rebuild\third_party\zlib-1.2.3\zutil.c(300,8): warning C4131: “zcalloc”: 使用老样式声明符 [C:\Users\poker\.codex\worktrees\pr11-original-parity\6kinoko-rebuild\build-runs\boundary-615a6b6\kinoko_zlib.vcxproj]
C:\Users\poker\.codex\worktrees\pr11-original-parity\6kinoko-rebuild\third_party\zlib-1.2.3\zutil.c(310,7): warning C4131: “zcfree”: 使用老样式声明符 [C:\Users\poker\.codex\worktrees\pr11-original-parity\6kinoko-rebuild\build-runs\boundary-615a6b6\kinoko_zlib.vcxproj]
  正在生成代码...
  Building Custom Rule C:/Users/poker/.codex/worktrees/pr11-original-parity/6kinoko-rebuild/CMakeLists.txt
  Building Custom Rule C:/Users/poker/.codex/worktrees/pr11-original-parity/6kinoko-rebuild/CMakeLists.txt
  Building Custom Rule C:/Users/poker/.codex/worktrees/pr11-original-parity/6kinoko-rebuild/CMakeLists.txt
C:\Users\poker\.codex\worktrees\pr11-original-parity\6kinoko-rebuild\third_party\sqplus-20080713\sqplus\sqplus.h(163,50): warning C4244: “初始化”: 从“int”转换到“const unsigned char”，可能丢失数据 [C:\Users\poker\.codex\worktrees\pr11-original-parity\6kinoko-rebuild\build-runs\boundary-615a6b6\kinoko_upstream_bindings.vcxproj]
  (编译源文件“../../src/squirrel/upstream_sqplus.cpp”)
  
C:\Users\poker\.codex\worktrees\pr11-original-parity\6kinoko-rebuild\third_party\sqplus-20080713\sqplus\sqplus.h(465,38): warning C4100: 'src': 未引用的参数 [C:\Users\poker\.codex\worktrees\pr11-original-parity\6kinoko-rebuild\build-runs\boundary-615a6b6\kinoko_upstream_bindings.vcxproj]
  (编译源文件“../../src/squirrel/upstream_sqplus.cpp”)
  
C:\Users\poker\.codex\worktrees\pr11-original-parity\6kinoko-rebuild\third_party\sqplus-20080713\sqplus\sqplus.h(465,27): warning C4100: 'dst': 未引用的参数 [C:\Users\poker\.codex\worktrees\pr11-original-parity\6kinoko-rebuild\build-runs\boundary-615a6b6\kinoko_upstream_bindings.vcxproj]
  (编译源文件“../../src/squirrel/upstream_sqplus.cpp”)
  
C:\Users\poker\.codex\worktrees\pr11-original-parity\6kinoko-rebuild\third_party\sqplus-20080713\sqplus\sqplus.h(470,38): warning C4100: 'src': 未引用的参数 [C:\Users\poker\.codex\worktrees\pr11-original-parity\6kinoko-rebuild\build-runs\boundary-615a6b6\kinoko_upstream_bindings.vcxproj]
  (编译源文件“../../src/squirrel/upstream_sqplus.cpp”)
  
C:\Users\poker\.codex\worktrees\pr11-original-parity\6kinoko-rebuild\third_party\sqplus-20080713\sqplus\sqplus.h(470,27): warning C4100: 'dst': 未引用的参数 [C:\Users\poker\.codex\worktrees\pr11-original-parity\6kinoko-rebuild\build-runs\boundary-615a6b6\kinoko_upstream_bindings.vcxproj]
  (编译源文件“../../src/squirrel/upstream_sqplus.cpp”)
  
C:\Users\poker\.codex\worktrees\pr11-original-parity\6kinoko-rebuild\third_party\sqplus-20080713\sqplus\sqplus.h(520,122): warning C4244: “初始化”: 从“int”转换到“short”，可能丢失数据 [C:\Users\poker\.codex\worktrees\pr11-original-parity\6kinoko-rebuild\build-runs\boundary-615a6b6\kinoko_upstream_bindings.vcxproj]
  (编译源文件“../../src/squirrel/upstream_sqplus.cpp”)
  
C:\Users\poker\.codex\worktrees\pr11-original-parity\6kinoko-rebuild\third_party\sqplus-20080713\sqplus\sqplus.h(520,139): warning C4244: “初始化”: 从“SqPlus::VarAccessType”转换到“short”，可能丢失数据 [C:\Users\poker\.codex\worktrees\pr11-original-parity\6kinoko-rebuild\build-runs\boundary-615a6b6\kinoko_upstream_bindings.vcxproj]
  (编译源文件“../../src/squirrel/upstream_sqplus.cpp”)
  
C:\Users\poker\.codex\worktrees\pr11-original-parity\6kinoko-rebuild\third_party\sqplus-20080713\sqplus\SqPlusFunctionCallImpl.h(42,57): warning C4100: 'idx': 未引用的参数 [C:\Users\poker\.codex\worktrees\pr11-original-parity\6kinoko-rebuild\build-runs\boundary-615a6b6\kinoko_upstream_bindings.vcxproj]
  (编译源文件“../../src/squirrel/upstream_sqplus.cpp”)
  
C:\Users\poker\.codex\worktrees\pr11-original-parity\6kinoko-rebuild\third_party\sqplus-20080713\sqplus\SqPlusFunctionCallImpl.h(42,51): warning C4100: 'v': 未引用的参数 [C:\Users\poker\.codex\worktrees\pr11-original-parity\6kinoko-rebuild\build-runs\boundary-615a6b6\kinoko_upstream_bindings.vcxproj]
  (编译源文件“../../src/squirrel/upstream_sqplus.cpp”)
  
C:\Users\poker\.codex\worktrees\pr11-original-parity\6kinoko-rebuild\third_party\sqplus-20080713\sqplus\SqPlusFunctionCallImpl.h(55,64): warning C4100: 'idx': 未引用的参数 [C:\Users\poker\.codex\worktrees\pr11-original-parity\6kinoko-rebuild\build-runs\boundary-615a6b6\kinoko_upstream_bindings.vcxproj]
  (编译源文件“../../src/squirrel/upstream_sqplus.cpp”)
  
C:\Users\poker\.codex\worktrees\pr11-original-parity\6kinoko-rebuild\third_party\sqplus-20080713\sqplus\SqPlusFunctionCallImpl.h(55,58): warning C4100: 'v': 未引用的参数 [C:\Users\poker\.codex\worktrees\pr11-original-parity\6kinoko-rebuild\build-runs\boundary-615a6b6\kinoko_upstream_bindings.vcxproj]
  (编译源文件“../../src/squirrel/upstream_sqplus.cpp”)
  
C:\Users\poker\.codex\worktrees\pr11-original-parity\6kinoko-rebuild\third_party\sqplus-20080713\sqplus\SqPlusFunctionCallImpl.h(57,67): warning C4100: 'idx': 未引用的参数 [C:\Users\poker\.codex\worktrees\pr11-original-parity\6kinoko-rebuild\build-runs\boundary-615a6b6\kinoko_upstream_bindings.vcxproj]
  (编译源文件“../../src/squirrel/upstream_sqplus.cpp”)
  
C:\Users\poker\.codex\worktrees\pr11-original-parity\6kinoko-rebuild\third_party\sqplus-20080713\sqplus\SqPlusFunctionCallImpl.h(57,61): warning C4100: 'v': 未引用的参数 [C:\Users\poker\.codex\worktrees\pr11-original-parity\6kinoko-rebuild\build-runs\boundary-615a6b6\kinoko_upstream_bindings.vcxproj]
  (编译源文件“../../src/squirrel/upstream_sqplus.cpp”)
  
C:\Users\poker\.codex\worktrees\pr11-original-parity\6kinoko-rebuild\third_party\sqplus-20080713\sqplus\SqPlusFunctionCallImpl.h(59,59): warning C4100: 'v': 未引用的参数 [C:\Users\poker\.codex\worktrees\pr11-original-parity\6kinoko-rebuild\build-runs\boundary-615a6b6\kinoko_upstream_bindings.vcxproj]
  (编译源文件“../../src/squirrel/upstream_sqplus.cpp”)
  
C:\Users\poker\.codex\worktrees\pr11-original-parity\6kinoko-rebuild\third_party\sqplus-20080713\sqplus\SqPlusFunctionCallImpl.h(112,58): warning C4100: 'idx': 未引用的参数 [C:\Users\poker\.codex\worktrees\pr11-original-parity\6kinoko-rebuild\build-runs\boundary-615a6b6\kinoko_upstream_bindings.vcxproj]
  (编译源文件“../../src/squirrel/upstream_sqplus.cpp”)
  
C:\Users\poker\.codex\worktrees\pr11-original-parity\6kinoko-rebuild\third_party\sqplus-20080713\sqplus\SqPlusOCharBuf.h(74,37): warning C4100: 'try_borrow': 未引用的参数 [C:\Users\poker\.codex\worktrees\pr11-original-parity\6kinoko-rebuild\build-runs\boundary-615a6b6\kinoko_upstream_bindings.vcxproj]
  (编译源文件“../../src/squirrel/upstream_sqplus.cpp”)
      C:\Users\poker\.codex\worktrees\pr11-original-parity\6kinoko-rebuild\third_party\sqplus-20080713\sqplus\SqPlusOCharBuf.h(74,37):
      模板实例化上下文(最早的实例化上下文)为
          C:\Users\poker\.codex\worktrees\pr11-original-parity\6kinoko-rebuild\third_party\sqplus-20080713\sqplus\SqPlusFunctionCallImpl.h(86,75):
          查看对正在编译的 类 模板 实例化“SQCharBufImpl<SQChar,SQOtherChar,true>”的引用
          C:\Users\poker\.codex\worktrees\pr11-original-parity\6kinoko-rebuild\third_party\sqplus-20080713\sqplus\SqPlusOCharBuf.h(74,2):
          在编译 类 模板 成员函数“SQCharBufImpl<SQChar,SQOtherChar,true>::SQCharBufImpl(const SQOT *,bool)”时
          with
          [
              SQOT=SQOtherChar
          ]
              C:\Users\poker\.codex\worktrees\pr11-original-parity\6kinoko-rebuild\third_party\sqplus-20080713\sqplus\SqPlusFunctionCallImpl.h(86,77):
              请参阅 "SqPlus::Push" 中对 "SQCharBufImpl<SQChar,SQOtherChar,true>::SQCharBufImpl" 的第一个引用
  
C:\Users\poker\.codex\worktrees\pr11-original-parity\6kinoko-rebuild\third_party\sqplus-20080713\sqplus\SqPlusOCharBuf.h(100,20): warning C4127: 条件表达式是常量 [C:\Users\poker\.codex\worktrees\pr11-original-parity\6kinoko-rebuild\build-runs\boundary-615a6b6\kinoko_upstream_bindings.vcxproj]
  (编译源文件“../../src/squirrel/upstream_sqplus.cpp”)
      C:\Users\poker\.codex\worktrees\pr11-original-parity\6kinoko-rebuild\third_party\sqplus-20080713\sqplus\SqPlusOCharBuf.h(100,20):
      考虑改用 "if constexpr" 语句
      C:\Users\poker\.codex\worktrees\pr11-original-parity\6kinoko-rebuild\third_party\sqplus-20080713\sqplus\SqPlusOCharBuf.h(100,20):
      模板实例化上下文(最早的实例化上下文)为
          C:\Users\poker\.codex\worktrees\pr11-original-parity\6kinoko-rebuild\third_party\sqplus-20080713\sqplus\SqPlusOCharBuf.h(94,7):
          在编译 类 模板 成员函数“void SQCharBufImpl<SQChar,SQOtherChar,true>::Init(const SQOT *)”时
          with
          [
              SQOT=SQOtherChar
          ]
              C:\Users\poker\.codex\worktrees\pr11-original-parity\6kinoko-rebuild\third_party\sqplus-20080713\sqplus\SqPlusOCharBuf.h(75,7):
              请参阅 "SQCharBufImpl<SQChar,SQOtherChar,true>::SQCharBufImpl" 中对 "SQCharBufImpl<SQChar,SQOtherChar,true>::Init" 的第一个引用
              C:\Users\poker\.codex\worktrees\pr11-original-parity\6kinoko-rebuild\third_party\sqplus-20080713\sqplus\SqPlusFunctionCallImpl.h(86,77):
              请参阅 "SqPlus::Push" 中对 "SQCharBufImpl<SQChar,SQOtherChar,true>::SQCharBufImpl" 的第一个引用
  
  squirrel_type_registry.cpp
cl : 命令行  warning D9025: 正在重写“/EHc”(用“/EHc-”) [C:\Users\poker\.codex\worktrees\pr11-original-parity\6kinoko-rebuild\build-runs\boundary-615a6b6\kinoko_act_document_optimized_contract.vcxproj]
  act_document_contract.cpp
  sprite_rect.cpp
  act_layout_render_contract.cpp
  actor_manager_contract.cpp
  act_frame_render.cpp
C:\Users\poker\.codex\worktrees\pr11-original-parity\6kinoko-rebuild\third_party\sqplus-20080713\sqplus\sqplus.h(163,50): warning C4244: “初始化”: 从“int”转换到“const unsigned char”，可能丢失数据 [C:\Users\poker\.codex\worktrees\pr11-original-parity\6kinoko-rebuild\build-runs\boundary-615a6b6\kinoko_upstream_bindings.vcxproj]
  (编译源文件“../../src/squirrel/squirrel_type_registry.cpp”)
  
C:\Users\poker\.codex\worktrees\pr11-original-parity\6kinoko-rebuild\third_party\sqplus-20080713\sqplus\sqplus.h(465,38): warning C4100: 'src': 未引用的参数 [C:\Users\poker\.codex\worktrees\pr11-original-parity\6kinoko-rebuild\build-runs\boundary-615a6b6\kinoko_upstream_bindings.vcxproj]
  (编译源文件“../../src/squirrel/squirrel_type_registry.cpp”)
  
C:\Users\poker\.codex\worktrees\pr11-original-parity\6kinoko-rebuild\third_party\sqplus-20080713\sqplus\sqplus.h(465,27): warning C4100: 'dst': 未引用的参数 [C:\Users\poker\.codex\worktrees\pr11-original-parity\6kinoko-rebuild\build-runs\boundary-615a6b6\kinoko_upstream_bindings.vcxproj]
  (编译源文件“../../src/squirrel/squirrel_type_registry.cpp”)
  
C:\Users\poker\.codex\worktrees\pr11-original-parity\6kinoko-rebuild\third_party\sqplus-20080713\sqplus\sqplus.h(470,38): warning C4100: 'src': 未引用的参数 [C:\Users\poker\.codex\worktrees\pr11-original-parity\6kinoko-rebuild\build-runs\boundary-615a6b6\kinoko_upstream_bindings.vcxproj]
  (编译源文件“../../src/squirrel/squirrel_type_registry.cpp”)
  
C:\Users\poker\.codex\worktrees\pr11-original-parity\6kinoko-rebuild\third_party\sqplus-20080713\sqplus\sqplus.h(470,27): warning C4100: 'dst': 未引用的参数 [C:\Users\poker\.codex\worktrees\pr11-original-parity\6kinoko-rebuild\build-runs\boundary-615a6b6\kinoko_upstream_bindings.vcxproj]
  (编译源文件“../../src/squirrel/squirrel_type_registry.cpp”)
  
C:\Users\poker\.codex\worktrees\pr11-original-parity\6kinoko-rebuild\third_party\sqplus-20080713\sqplus\sqplus.h(520,122): warning C4244: “初始化”: 从“int”转换到“short”，可能丢失数据 [C:\Users\poker\.codex\worktrees\pr11-original-parity\6kinoko-rebuild\build-runs\boundary-615a6b6\kinoko_upstream_bindings.vcxproj]
  (编译源文件“../../src/squirrel/squirrel_type_registry.cpp”)
  
C:\Users\poker\.codex\worktrees\pr11-original-parity\6kinoko-rebuild\third_party\sqplus-20080713\sqplus\sqplus.h(520,139): warning C4244: “初始化”: 从“SqPlus::VarAccessType”转换到“short”，可能丢失数据 [C:\Users\poker\.codex\worktrees\pr11-original-parity\6kinoko-rebuild\build-runs\boundary-615a6b6\kinoko_upstream_bindings.vcxproj]
  (编译源文件“../../src/squirrel/squirrel_type_registry.cpp”)
  
C:\Users\poker\.codex\worktrees\pr11-original-parity\6kinoko-rebuild\third_party\sqplus-20080713\sqplus\SqPlusFunctionCallImpl.h(42,57): warning C4100: 'idx': 未引用的参数 [C:\Users\poker\.codex\worktrees\pr11-original-parity\6kinoko-rebuild\build-runs\boundary-615a6b6\kinoko_upstream_bindings.vcxproj]
  (编译源文件“../../src/squirrel/squirrel_type_registry.cpp”)
  
C:\Users\poker\.codex\worktrees\pr11-original-parity\6kinoko-rebuild\third_party\sqplus-20080713\sqplus\SqPlusFunctionCallImpl.h(42,51): warning C4100: 'v': 未引用的参数 [C:\Users\poker\.codex\worktrees\pr11-original-parity\6kinoko-rebuild\build-runs\boundary-615a6b6\kinoko_upstream_bindings.vcxproj]
  (编译源文件“../../src/squirrel/squirrel_type_registry.cpp”)
  
C:\Users\poker\.codex\worktrees\pr11-original-parity\6kinoko-rebuild\third_party\sqplus-20080713\sqplus\SqPlusFunctionCallImpl.h(55,64): warning C4100: 'idx': 未引用的参数 [C:\Users\poker\.codex\worktrees\pr11-original-parity\6kinoko-rebuild\build-runs\boundary-615a6b6\kinoko_upstream_bindings.vcxproj]
  (编译源文件“../../src/squirrel/squirrel_type_registry.cpp”)
  
C:\Users\poker\.codex\worktrees\pr11-original-parity\6kinoko-rebuild\third_party\sqplus-20080713\sqplus\SqPlusFunctionCallImpl.h(55,58): warning C4100: 'v': 未引用的参数 [C:\Users\poker\.codex\worktrees\pr11-original-parity\6kinoko-rebuild\build-runs\boundary-615a6b6\kinoko_upstream_bindings.vcxproj]
  (编译源文件“../../src/squirrel/squirrel_type_registry.cpp”)
  
C:\Users\poker\.codex\worktrees\pr11-original-parity\6kinoko-rebuild\third_party\sqplus-20080713\sqplus\SqPlusFunctionCallImpl.h(57,67): warning C4100: 'idx': 未引用的参数 [C:\Users\poker\.codex\worktrees\pr11-original-parity\6kinoko-rebuild\build-runs\boundary-615a6b6\kinoko_upstream_bindings.vcxproj]
  (编译源文件“../../src/squirrel/squirrel_type_registry.cpp”)
  
C:\Users\poker\.codex\worktrees\pr11-original-parity\6kinoko-rebuild\third_party\sqplus-20080713\sqplus\SqPlusFunctionCallImpl.h(57,61): warning C4100: 'v': 未引用的参数 [C:\Users\poker\.codex\worktrees\pr11-original-parity\6kinoko-rebuild\build-runs\boundary-615a6b6\kinoko_upstream_bindings.vcxproj]
  (编译源文件“../../src/squirrel/squirrel_type_registry.cpp”)
  
C:\Users\poker\.codex\worktrees\pr11-original-parity\6kinoko-rebuild\third_party\sqplus-20080713\sqplus\SqPlusFunctionCallImpl.h(59,59): warning C4100: 'v': 未引用的参数 [C:\Users\poker\.codex\worktrees\pr11-original-parity\6kinoko-rebuild\build-runs\boundary-615a6b6\kinoko_upstream_bindings.vcxproj]
  (编译源文件“../../src/squirrel/squirrel_type_registry.cpp”)
  
C:\Users\poker\.codex\worktrees\pr11-original-parity\6kinoko-rebuild\third_party\sqplus-20080713\sqplus\SqPlusFunctionCallImpl.h(112,58): warning C4100: 'idx': 未引用的参数 [C:\Users\poker\.codex\worktrees\pr11-original-parity\6kinoko-rebuild\build-runs\boundary-615a6b6\kinoko_upstream_bindings.vcxproj]
  (编译源文件“../../src/squirrel/squirrel_type_registry.cpp”)
  
C:\Users\poker\.codex\worktrees\pr11-original-parity\6kinoko-rebuild\third_party\sqplus-20080713\sqplus\SqPlusOCharBuf.h(74,37): warning C4100: 'try_borrow': 未引用的参数 [C:\Users\poker\.codex\worktrees\pr11-original-parity\6kinoko-rebuild\build-runs\boundary-615a6b6\kinoko_upstream_bindings.vcxproj]
  (编译源文件“../../src/squirrel/squirrel_type_registry.cpp”)
      C:\Users\poker\.codex\worktrees\pr11-original-parity\6kinoko-rebuild\third_party\sqplus-20080713\sqplus\SqPlusOCharBuf.h(74,37):
      模板实例化上下文(最早的实例化上下文)为
          C:\Users\poker\.codex\worktrees\pr11-original-parity\6kinoko-rebuild\third_party\sqplus-20080713\sqplus\SqPlusFunctionCallImpl.h(86,75):
          查看对正在编译的 类 模板 实例化“SQCharBufImpl<SQChar,SQOtherChar,true>”的引用
          C:\Users\poker\.codex\worktrees\pr11-original-parity\6kinoko-rebuild\third_party\sqplus-20080713\sqplus\SqPlusOCharBuf.h(74,2):
          在编译 类 模板 成员函数“SQCharBufImpl<SQChar,SQOtherChar,true>::SQCharBufImpl(const SQOT *,bool)”时
          with
          [
              SQOT=SQOtherChar
          ]
              C:\Users\poker\.codex\worktrees\pr11-original-parity\6kinoko-rebuild\third_party\sqplus-20080713\sqplus\SqPlusFunctionCallImpl.h(86,77):
              请参阅 "SqPlus::Push" 中对 "SQCharBufImpl<SQChar,SQOtherChar,true>::SQCharBufImpl" 的第一个引用
  
C:\Users\poker\.codex\worktrees\pr11-original-parity\6kinoko-rebuild\third_party\sqplus-20080713\sqplus\SqPlusOCharBuf.h(100,20): warning C4127: 条件表达式是常量 [C:\Users\poker\.codex\worktrees\pr11-original-parity\6kinoko-rebuild\build-runs\boundary-615a6b6\kinoko_upstream_bindings.vcxproj]
  (编译源文件“../../src/squirrel/squirrel_type_registry.cpp”)
      C:\Users\poker\.codex\worktrees\pr11-original-parity\6kinoko-rebuild\third_party\sqplus-20080713\sqplus\SqPlusOCharBuf.h(100,20):
      考虑改用 "if constexpr" 语句
      C:\Users\poker\.codex\worktrees\pr11-original-parity\6kinoko-rebuild\third_party\sqplus-20080713\sqplus\SqPlusOCharBuf.h(100,20):
      模板实例化上下文(最早的实例化上下文)为
          C:\Users\poker\.codex\worktrees\pr11-original-parity\6kinoko-rebuild\third_party\sqplus-20080713\sqplus\SqPlusOCharBuf.h(94,7):
          在编译 类 模板 成员函数“void SQCharBufImpl<SQChar,SQOtherChar,true>::Init(const SQOT *)”时
          with
          [
              SQOT=SQOtherChar
          ]
              C:\Users\poker\.codex\worktrees\pr11-original-parity\6kinoko-rebuild\third_party\sqplus-20080713\sqplus\SqPlusOCharBuf.h(75,7):
              请参阅 "SQCharBufImpl<SQChar,SQOtherChar,true>::SQCharBufImpl" 中对 "SQCharBufImpl<SQChar,SQOtherChar,true>::Init" 的第一个引用
              C:\Users\poker\.codex\worktrees\pr11-original-parity\6kinoko-rebuild\third_party\sqplus-20080713\sqplus\SqPlusFunctionCallImpl.h(86,77):
              请参阅 "SqPlus::Push" 中对 "SQCharBufImpl<SQChar,SQOtherChar,true>::SQCharBufImpl" 的第一个引用
  
  actor_manager.cpp
  upstream_sqplus_scalars.cpp
  kinoko_zlib.vcxproj -> C:\Users\poker\.codex\worktrees\pr11-original-parity\6kinoko-rebuild\build-runs\boundary-615a6b6\Release\kinoko_zlib.lib
cl : 命令行  warning D9025: 正在重写“/EHc”(用“/EHc-”) [C:\Users\poker\.codex\worktrees\pr11-original-parity\6kinoko-rebuild\build-runs\boundary-615a6b6\kinoko_act_document_contract.vcxproj]
  act_document_contract.cpp
  actor_priority.cpp
  act_document_io.cpp
  quad_transform.cpp
C:\Users\poker\.codex\worktrees\pr11-original-parity\6kinoko-rebuild\third_party\sqplus-20080713\sqplus\sqplus.h(163,50): warning C4244: “初始化”: 从“int”转换到“const unsigned char”，可能丢失数据 [C:\Users\poker\.codex\worktrees\pr11-original-parity\6kinoko-rebuild\build-runs\boundary-615a6b6\kinoko_upstream_bindings.vcxproj]
  (编译源文件“../../src/squirrel/upstream_sqplus_scalars.cpp”)
  
C:\Users\poker\.codex\worktrees\pr11-original-parity\6kinoko-rebuild\third_party\sqplus-20080713\sqplus\sqplus.h(465,38): warning C4100: 'src': 未引用的参数 [C:\Users\poker\.codex\worktrees\pr11-original-parity\6kinoko-rebuild\build-runs\boundary-615a6b6\kinoko_upstream_bindings.vcxproj]
  (编译源文件“../../src/squirrel/upstream_sqplus_scalars.cpp”)
  
C:\Users\poker\.codex\worktrees\pr11-original-parity\6kinoko-rebuild\third_party\sqplus-20080713\sqplus\sqplus.h(465,27): warning C4100: 'dst': 未引用的参数 [C:\Users\poker\.codex\worktrees\pr11-original-parity\6kinoko-rebuild\build-runs\boundary-615a6b6\kinoko_upstream_bindings.vcxproj]
  (编译源文件“../../src/squirrel/upstream_sqplus_scalars.cpp”)
  
C:\Users\poker\.codex\worktrees\pr11-original-parity\6kinoko-rebuild\third_party\sqplus-20080713\sqplus\sqplus.h(470,38): warning C4100: 'src': 未引用的参数 [C:\Users\poker\.codex\worktrees\pr11-original-parity\6kinoko-rebuild\build-runs\boundary-615a6b6\kinoko_upstream_bindings.vcxproj]
  (编译源文件“../../src/squirrel/upstream_sqplus_scalars.cpp”)
  
C:\Users\poker\.codex\worktrees\pr11-original-parity\6kinoko-rebuild\third_party\sqplus-20080713\sqplus\sqplus.h(470,27): warning C4100: 'dst': 未引用的参数 [C:\Users\poker\.codex\worktrees\pr11-original-parity\6kinoko-rebuild\build-runs\boundary-615a6b6\kinoko_upstream_bindings.vcxproj]
  (编译源文件“../../src/squirrel/upstream_sqplus_scalars.cpp”)
  
C:\Users\poker\.codex\worktrees\pr11-original-parity\6kinoko-rebuild\third_party\sqplus-20080713\sqplus\sqplus.h(520,122): warning C4244: “初始化”: 从“int”转换到“short”，可能丢失数据 [C:\Users\poker\.codex\worktrees\pr11-original-parity\6kinoko-rebuild\build-runs\boundary-615a6b6\kinoko_upstream_bindings.vcxproj]
  (编译源文件“../../src/squirrel/upstream_sqplus_scalars.cpp”)
  
C:\Users\poker\.codex\worktrees\pr11-original-parity\6kinoko-rebuild\third_party\sqplus-20080713\sqplus\sqplus.h(520,139): warning C4244: “初始化”: 从“SqPlus::VarAccessType”转换到“short”，可能丢失数据 [C:\Users\poker\.codex\worktrees\pr11-original-parity\6kinoko-rebuild\build-runs\boundary-615a6b6\kinoko_upstream_bindings.vcxproj]
  (编译源文件“../../src/squirrel/upstream_sqplus_scalars.cpp”)
  
C:\Users\poker\.codex\worktrees\pr11-original-parity\6kinoko-rebuild\third_party\sqplus-20080713\sqplus\SqPlusFunctionCallImpl.h(42,57): warning C4100: 'idx': 未引用的参数 [C:\Users\poker\.codex\worktrees\pr11-original-parity\6kinoko-rebuild\build-runs\boundary-615a6b6\kinoko_upstream_bindings.vcxproj]
  (编译源文件“../../src/squirrel/upstream_sqplus_scalars.cpp”)
  
C:\Users\poker\.codex\worktrees\pr11-original-parity\6kinoko-rebuild\third_party\sqplus-20080713\sqplus\SqPlusFunctionCallImpl.h(42,51): warning C4100: 'v': 未引用的参数 [C:\Users\poker\.codex\worktrees\pr11-original-parity\6kinoko-rebuild\build-runs\boundary-615a6b6\kinoko_upstream_bindings.vcxproj]
  (编译源文件“../../src/squirrel/upstream_sqplus_scalars.cpp”)
  
C:\Users\poker\.codex\worktrees\pr11-original-parity\6kinoko-rebuild\third_party\sqplus-20080713\sqplus\SqPlusFunctionCallImpl.h(55,64): warning C4100: 'idx': 未引用的参数 [C:\Users\poker\.codex\worktrees\pr11-original-parity\6kinoko-rebuild\build-runs\boundary-615a6b6\kinoko_upstream_bindings.vcxproj]
  (编译源文件“../../src/squirrel/upstream_sqplus_scalars.cpp”)
  
C:\Users\poker\.codex\worktrees\pr11-original-parity\6kinoko-rebuild\third_party\sqplus-20080713\sqplus\SqPlusFunctionCallImpl.h(55,58): warning C4100: 'v': 未引用的参数 [C:\Users\poker\.codex\worktrees\pr11-original-parity\6kinoko-rebuild\build-runs\boundary-615a6b6\kinoko_upstream_bindings.vcxproj]
  (编译源文件“../../src/squirrel/upstream_sqplus_scalars.cpp”)
  
C:\Users\poker\.codex\worktrees\pr11-original-parity\6kinoko-rebuild\third_party\sqplus-20080713\sqplus\SqPlusFunctionCallImpl.h(57,67): warning C4100: 'idx': 未引用的参数 [C:\Users\poker\.codex\worktrees\pr11-original-parity\6kinoko-rebuild\build-runs\boundary-615a6b6\kinoko_upstream_bindings.vcxproj]
  (编译源文件“../../src/squirrel/upstream_sqplus_scalars.cpp”)
  
C:\Users\poker\.codex\worktrees\pr11-original-parity\6kinoko-rebuild\third_party\sqplus-20080713\sqplus\SqPlusFunctionCallImpl.h(57,61): warning C4100: 'v': 未引用的参数 [C:\Users\poker\.codex\worktrees\pr11-original-parity\6kinoko-rebuild\build-runs\boundary-615a6b6\kinoko_upstream_bindings.vcxproj]
  (编译源文件“../../src/squirrel/upstream_sqplus_scalars.cpp”)
  
C:\Users\poker\.codex\worktrees\pr11-original-parity\6kinoko-rebuild\third_party\sqplus-20080713\sqplus\SqPlusFunctionCallImpl.h(59,59): warning C4100: 'v': 未引用的参数 [C:\Users\poker\.codex\worktrees\pr11-original-parity\6kinoko-rebuild\build-runs\boundary-615a6b6\kinoko_upstream_bindings.vcxproj]
  (编译源文件“../../src/squirrel/upstream_sqplus_scalars.cpp”)
  
C:\Users\poker\.codex\worktrees\pr11-original-parity\6kinoko-rebuild\third_party\sqplus-20080713\sqplus\SqPlusFunctionCallImpl.h(112,58): warning C4100: 'idx': 未引用的参数 [C:\Users\poker\.codex\worktrees\pr11-original-parity\6kinoko-rebuild\build-runs\boundary-615a6b6\kinoko_upstream_bindings.vcxproj]
  (编译源文件“../../src/squirrel/upstream_sqplus_scalars.cpp”)
  
C:\Users\poker\.codex\worktrees\pr11-original-parity\6kinoko-rebuild\third_party\sqplus-20080713\sqplus\SqPlusOCharBuf.h(74,37): warning C4100: 'try_borrow': 未引用的参数 [C:\Users\poker\.codex\worktrees\pr11-original-parity\6kinoko-rebuild\build-runs\boundary-615a6b6\kinoko_upstream_bindings.vcxproj]
  (编译源文件“../../src/squirrel/upstream_sqplus_scalars.cpp”)
      C:\Users\poker\.codex\worktrees\pr11-original-parity\6kinoko-rebuild\third_party\sqplus-20080713\sqplus\SqPlusOCharBuf.h(74,37):
      模板实例化上下文(最早的实例化上下文)为
          C:\Users\poker\.codex\worktrees\pr11-original-parity\6kinoko-rebuild\third_party\sqplus-20080713\sqplus\SqPlusFunctionCallImpl.h(86,75):
          查看对正在编译的 类 模板 实例化“SQCharBufImpl<SQChar,SQOtherChar,true>”的引用
          C:\Users\poker\.codex\worktrees\pr11-original-parity\6kinoko-rebuild\third_party\sqplus-20080713\sqplus\SqPlusOCharBuf.h(74,2):
          在编译 类 模板 成员函数“SQCharBufImpl<SQChar,SQOtherChar,true>::SQCharBufImpl(const SQOT *,bool)”时
          with
          [
              SQOT=SQOtherChar
          ]
              C:\Users\poker\.codex\worktrees\pr11-original-parity\6kinoko-rebuild\third_party\sqplus-20080713\sqplus\SqPlusFunctionCallImpl.h(86,77):
              请参阅 "SqPlus::Push" 中对 "SQCharBufImpl<SQChar,SQOtherChar,true>::SQCharBufImpl" 的第一个引用
  
C:\Users\poker\.codex\worktrees\pr11-original-parity\6kinoko-rebuild\third_party\sqplus-20080713\sqplus\SqPlusOCharBuf.h(100,20): warning C4127: 条件表达式是常量 [C:\Users\poker\.codex\worktrees\pr11-original-parity\6kinoko-rebuild\build-runs\boundary-615a6b6\kinoko_upstream_bindings.vcxproj]
  (编译源文件“../../src/squirrel/upstream_sqplus_scalars.cpp”)
      C:\Users\poker\.codex\worktrees\pr11-original-parity\6kinoko-rebuild\third_party\sqplus-20080713\sqplus\SqPlusOCharBuf.h(100,20):
      考虑改用 "if constexpr" 语句
      C:\Users\poker\.codex\worktrees\pr11-original-parity\6kinoko-rebuild\third_party\sqplus-20080713\sqplus\SqPlusOCharBuf.h(100,20):
      模板实例化上下文(最早的实例化上下文)为
          C:\Users\poker\.codex\worktrees\pr11-original-parity\6kinoko-rebuild\third_party\sqplus-20080713\sqplus\SqPlusOCharBuf.h(94,7):
          在编译 类 模板 成员函数“void SQCharBufImpl<SQChar,SQOtherChar,true>::Init(const SQOT *)”时
          with
          [
              SQOT=SQOtherChar
          ]
              C:\Users\poker\.codex\worktrees\pr11-original-parity\6kinoko-rebuild\third_party\sqplus-20080713\sqplus\SqPlusOCharBuf.h(75,7):
              请参阅 "SQCharBufImpl<SQChar,SQOtherChar,true>::SQCharBufImpl" 中对 "SQCharBufImpl<SQChar,SQOtherChar,true>::Init" 的第一个引用
              C:\Users\poker\.codex\worktrees\pr11-original-parity\6kinoko-rebuild\third_party\sqplus-20080713\sqplus\SqPlusFunctionCallImpl.h(86,77):
              请参阅 "SqPlus::Push" 中对 "SQCharBufImpl<SQChar,SQOtherChar,true>::SQCharBufImpl" 的第一个引用
  
  upstream_sqrat.cpp
C:\Users\poker\.codex\worktrees\pr11-original-parity\6kinoko-rebuild\src\reconstructed\act_frame_render.cpp(197,83): warning C4389: “==”: 有符号/无符号不匹配 [C:\Users\poker\.codex\worktrees\pr11-original-parity\6kinoko-rebuild\build-runs\boundary-615a6b6\kinoko_act_frame_contract.vcxproj]
  legacy_abi.cpp
  正在生成代码...
  act_layout.cpp
  native_buffer.cpp
  act_document_io.cpp
C:\Users\poker\.codex\worktrees\pr11-original-parity\6kinoko-rebuild\third_party\sqrat-0.8.1\include\sqrat\sqratTable.h(46,41): warning C4458: “obj”的声明隐藏了类成员 [C:\Users\poker\.codex\worktrees\pr11-original-parity\6kinoko-rebuild\build-runs\boundary-615a6b6\kinoko_upstream_bindings.vcxproj]
  (编译源文件“../../src/squirrel/upstream_sqrat.cpp”)
      C:\Users\poker\.codex\worktrees\pr11-original-parity\6kinoko-rebuild\third_party\sqrat-0.8.1\include\sqrat\sqratObject.h(42,13):
      参见“Sqrat::Object::obj”的声明
  
  正在生成代码...
  正在生成代码...
  SquirrelObject.cpp
  kinoko_act_frame_contract.vcxproj -> C:\Users\poker\.codex\worktrees\pr11-original-parity\6kinoko-rebuild\runtime-builds\boundary-615a6b6\tools\kinoko_act_frame_contract.exe
  string_layout_render.cpp
  kinoko_act_document_optimized_contract.vcxproj -> C:\Users\poker\.codex\worktrees\pr11-original-parity\6kinoko-rebuild\runtime-builds\boundary-615a6b6\tools\kinoko_act_document_optimized_contract.exe
  kinoko_actor_manager_contract.vcxproj -> C:\Users\poker\.codex\worktrees\pr11-original-parity\6kinoko-rebuild\runtime-builds\boundary-615a6b6\tools\kinoko_actor_manager_contract.exe
  Building Custom Rule C:/Users/poker/.codex/worktrees/pr11-original-parity/6kinoko-rebuild/CMakeLists.txt
C:\Users\poker\.codex\worktrees\pr11-original-parity\6kinoko-rebuild\third_party\sqplus-20080713\sqplus\sqplus.h(163,50): warning C4244: “初始化”: 从“int”转换到“const unsigned char”，可能丢失数据 [C:\Users\poker\.codex\worktrees\pr11-original-parity\6kinoko-rebuild\build-runs\boundary-615a6b6\kinoko_upstream_bindings.vcxproj]
  (编译源文件“../../third_party/sqplus-20080713/sqplus/SquirrelObject.cpp”)
  
C:\Users\poker\.codex\worktrees\pr11-original-parity\6kinoko-rebuild\third_party\sqplus-20080713\sqplus\sqplus.h(465,38): warning C4100: 'src': 未引用的参数 [C:\Users\poker\.codex\worktrees\pr11-original-parity\6kinoko-rebuild\build-runs\boundary-615a6b6\kinoko_upstream_bindings.vcxproj]
  (编译源文件“../../third_party/sqplus-20080713/sqplus/SquirrelObject.cpp”)
  
C:\Users\poker\.codex\worktrees\pr11-original-parity\6kinoko-rebuild\third_party\sqplus-20080713\sqplus\sqplus.h(465,27): warning C4100: 'dst': 未引用的参数 [C:\Users\poker\.codex\worktrees\pr11-original-parity\6kinoko-rebuild\build-runs\boundary-615a6b6\kinoko_upstream_bindings.vcxproj]
  (编译源文件“../../third_party/sqplus-20080713/sqplus/SquirrelObject.cpp”)
  
C:\Users\poker\.codex\worktrees\pr11-original-parity\6kinoko-rebuild\third_party\sqplus-20080713\sqplus\sqplus.h(470,38): warning C4100: 'src': 未引用的参数 [C:\Users\poker\.codex\worktrees\pr11-original-parity\6kinoko-rebuild\build-runs\boundary-615a6b6\kinoko_upstream_bindings.vcxproj]
  (编译源文件“../../third_party/sqplus-20080713/sqplus/SquirrelObject.cpp”)
  
C:\Users\poker\.codex\worktrees\pr11-original-parity\6kinoko-rebuild\third_party\sqplus-20080713\sqplus\sqplus.h(470,27): warning C4100: 'dst': 未引用的参数 [C:\Users\poker\.codex\worktrees\pr11-original-parity\6kinoko-rebuild\build-runs\boundary-615a6b6\kinoko_upstream_bindings.vcxproj]
  (编译源文件“../../third_party/sqplus-20080713/sqplus/SquirrelObject.cpp”)
  
C:\Users\poker\.codex\worktrees\pr11-original-parity\6kinoko-rebuild\third_party\sqplus-20080713\sqplus\sqplus.h(520,122): warning C4244: “初始化”: 从“int”转换到“short”，可能丢失数据 [C:\Users\poker\.codex\worktrees\pr11-original-parity\6kinoko-rebuild\build-runs\boundary-615a6b6\kinoko_upstream_bindings.vcxproj]
  (编译源文件“../../third_party/sqplus-20080713/sqplus/SquirrelObject.cpp”)
  
C:\Users\poker\.codex\worktrees\pr11-original-parity\6kinoko-rebuild\third_party\sqplus-20080713\sqplus\sqplus.h(520,139): warning C4244: “初始化”: 从“SqPlus::VarAccessType”转换到“short”，可能丢失数据 [C:\Users\poker\.codex\worktrees\pr11-original-parity\6kinoko-rebuild\build-runs\boundary-615a6b6\kinoko_upstream_bindings.vcxproj]
  (编译源文件“../../third_party/sqplus-20080713/sqplus/SquirrelObject.cpp”)
  
C:\Users\poker\.codex\worktrees\pr11-original-parity\6kinoko-rebuild\third_party\sqplus-20080713\sqplus\SqPlusFunctionCallImpl.h(42,57): warning C4100: 'idx': 未引用的参数 [C:\Users\poker\.codex\worktrees\pr11-original-parity\6kinoko-rebuild\build-runs\boundary-615a6b6\kinoko_upstream_bindings.vcxproj]
  (编译源文件“../../third_party/sqplus-20080713/sqplus/SquirrelObject.cpp”)
  
C:\Users\poker\.codex\worktrees\pr11-original-parity\6kinoko-rebuild\third_party\sqplus-20080713\sqplus\SqPlusFunctionCallImpl.h(42,51): warning C4100: 'v': 未引用的参数 [C:\Users\poker\.codex\worktrees\pr11-original-parity\6kinoko-rebuild\build-runs\boundary-615a6b6\kinoko_upstream_bindings.vcxproj]
  (编译源文件“../../third_party/sqplus-20080713/sqplus/SquirrelObject.cpp”)
  
C:\Users\poker\.codex\worktrees\pr11-original-parity\6kinoko-rebuild\third_party\sqplus-20080713\sqplus\SqPlusFunctionCallImpl.h(55,64): warning C4100: 'idx': 未引用的参数 [C:\Users\poker\.codex\worktrees\pr11-original-parity\6kinoko-rebuild\build-runs\boundary-615a6b6\kinoko_upstream_bindings.vcxproj]
  (编译源文件“../../third_party/sqplus-20080713/sqplus/SquirrelObject.cpp”)
  
C:\Users\poker\.codex\worktrees\pr11-original-parity\6kinoko-rebuild\third_party\sqplus-20080713\sqplus\SqPlusFunctionCallImpl.h(55,58): warning C4100: 'v': 未引用的参数 [C:\Users\poker\.codex\worktrees\pr11-original-parity\6kinoko-rebuild\build-runs\boundary-615a6b6\kinoko_upstream_bindings.vcxproj]
  (编译源文件“../../third_party/sqplus-20080713/sqplus/SquirrelObject.cpp”)
  
C:\Users\poker\.codex\worktrees\pr11-original-parity\6kinoko-rebuild\third_party\sqplus-20080713\sqplus\SqPlusFunctionCallImpl.h(57,67): warning C4100: 'idx': 未引用的参数 [C:\Users\poker\.codex\worktrees\pr11-original-parity\6kinoko-rebuild\build-runs\boundary-615a6b6\kinoko_upstream_bindings.vcxproj]
  (编译源文件“../../third_party/sqplus-20080713/sqplus/SquirrelObject.cpp”)
  
C:\Users\poker\.codex\worktrees\pr11-original-parity\6kinoko-rebuild\third_party\sqplus-20080713\sqplus\SqPlusFunctionCallImpl.h(57,61): warning C4100: 'v': 未引用的参数 [C:\Users\poker\.codex\worktrees\pr11-original-parity\6kinoko-rebuild\build-runs\boundary-615a6b6\kinoko_upstream_bindings.vcxproj]
  (编译源文件“../../third_party/sqplus-20080713/sqplus/SquirrelObject.cpp”)
  
C:\Users\poker\.codex\worktrees\pr11-original-parity\6kinoko-rebuild\third_party\sqplus-20080713\sqplus\SqPlusFunctionCallImpl.h(59,59): warning C4100: 'v': 未引用的参数 [C:\Users\poker\.codex\worktrees\pr11-original-parity\6kinoko-rebuild\build-runs\boundary-615a6b6\kinoko_upstream_bindings.vcxproj]
  (编译源文件“../../third_party/sqplus-20080713/sqplus/SquirrelObject.cpp”)
  
C:\Users\poker\.codex\worktrees\pr11-original-parity\6kinoko-rebuild\third_party\sqplus-20080713\sqplus\SqPlusFunctionCallImpl.h(112,58): warning C4100: 'idx': 未引用的参数 [C:\Users\poker\.codex\worktrees\pr11-original-parity\6kinoko-rebuild\build-runs\boundary-615a6b6\kinoko_upstream_bindings.vcxproj]
  (编译源文件“../../third_party/sqplus-20080713/sqplus/SquirrelObject.cpp”)
  
C:\Users\poker\.codex\worktrees\pr11-original-parity\6kinoko-rebuild\third_party\squirrel-2.2.2\squirrel\sqopcodes.h(96,9): warning C4244: “=”: 从“SQOpcode”转换到“unsigned char”，可能丢失数据 [C:\Users\poker\.codex\worktrees\pr11-original-parity\6kinoko-rebuild\build-runs\boundary-615a6b6\kinoko_upstream_bindings.vcxproj]
  (编译源文件“../../third_party/sqplus-20080713/sqplus/SquirrelObject.cpp”)
  
  act_resource_pass_contract.cpp
C:\Users\poker\.codex\worktrees\pr11-original-parity\6kinoko-rebuild\third_party\sqplus-20080713\sqplus\SqPlusOCharBuf.h(74,37): warning C4100: 'try_borrow': 未引用的参数 [C:\Users\poker\.codex\worktrees\pr11-original-parity\6kinoko-rebuild\build-runs\boundary-615a6b6\kinoko_upstream_bindings.vcxproj]
  (编译源文件“../../third_party/sqplus-20080713/sqplus/SquirrelObject.cpp”)
      C:\Users\poker\.codex\worktrees\pr11-original-parity\6kinoko-rebuild\third_party\sqplus-20080713\sqplus\SqPlusOCharBuf.h(74,37):
      模板实例化上下文(最早的实例化上下文)为
          C:\Users\poker\.codex\worktrees\pr11-original-parity\6kinoko-rebuild\third_party\sqplus-20080713\sqplus\SqPlusFunctionCallImpl.h(86,75):
          查看对正在编译的 类 模板 实例化“SQCharBufImpl<SQChar,SQOtherChar,true>”的引用
          C:\Users\poker\.codex\worktrees\pr11-original-parity\6kinoko-rebuild\third_party\sqplus-20080713\sqplus\SqPlusOCharBuf.h(74,2):
          在编译 类 模板 成员函数“SQCharBufImpl<SQChar,SQOtherChar,true>::SQCharBufImpl(const SQOT *,bool)”时
          with
          [
              SQOT=SQOtherChar
          ]
              C:\Users\poker\.codex\worktrees\pr11-original-parity\6kinoko-rebuild\third_party\sqplus-20080713\sqplus\SqPlusFunctionCallImpl.h(86,77):
              请参阅 "SqPlus::Push" 中对 "SQCharBufImpl<SQChar,SQOtherChar,true>::SQCharBufImpl" 的第一个引用
  
C:\Users\poker\.codex\worktrees\pr11-original-parity\6kinoko-rebuild\third_party\sqplus-20080713\sqplus\SqPlusOCharBuf.h(100,20): warning C4127: 条件表达式是常量 [C:\Users\poker\.codex\worktrees\pr11-original-parity\6kinoko-rebuild\build-runs\boundary-615a6b6\kinoko_upstream_bindings.vcxproj]
  (编译源文件“../../third_party/sqplus-20080713/sqplus/SquirrelObject.cpp”)
      C:\Users\poker\.codex\worktrees\pr11-original-parity\6kinoko-rebuild\third_party\sqplus-20080713\sqplus\SqPlusOCharBuf.h(100,20):
      考虑改用 "if constexpr" 语句
      C:\Users\poker\.codex\worktrees\pr11-original-parity\6kinoko-rebuild\third_party\sqplus-20080713\sqplus\SqPlusOCharBuf.h(100,20):
      模板实例化上下文(最早的实例化上下文)为
          C:\Users\poker\.codex\worktrees\pr11-original-parity\6kinoko-rebuild\third_party\sqplus-20080713\sqplus\SqPlusOCharBuf.h(94,7):
          在编译 类 模板 成员函数“void SQCharBufImpl<SQChar,SQOtherChar,true>::Init(const SQOT *)”时
          with
          [
              SQOT=SQOtherChar
          ]
              C:\Users\poker\.codex\worktrees\pr11-original-parity\6kinoko-rebuild\third_party\sqplus-20080713\sqplus\SqPlusOCharBuf.h(75,7):
              请参阅 "SQCharBufImpl<SQChar,SQOtherChar,true>::SQCharBufImpl" 中对 "SQCharBufImpl<SQChar,SQOtherChar,true>::Init" 的第一个引用
              C:\Users\poker\.codex\worktrees\pr11-original-parity\6kinoko-rebuild\third_party\sqplus-20080713\sqplus\SqPlusFunctionCallImpl.h(86,77):
              请参阅 "SqPlus::Push" 中对 "SQCharBufImpl<SQChar,SQOtherChar,true>::SQCharBufImpl" 的第一个引用
  
  Building Custom Rule C:/Users/poker/.codex/worktrees/pr11-original-parity/6kinoko-rebuild/CMakeLists.txt
  正在生成代码...
  SquirrelVM.cpp
  buffer_codec.cpp
  actor_state_contract.cpp
  process_paths.cpp
  kinoko_act_document_contract.vcxproj -> C:\Users\poker\.codex\worktrees\pr11-original-parity\6kinoko-rebuild\runtime-builds\boundary-615a6b6\tools\kinoko_act_document_contract.exe
C:\Users\poker\.codex\worktrees\pr11-original-parity\6kinoko-rebuild\third_party\sqplus-20080713\sqplus\sqplus.h(163,50): warning C4244: “初始化”: 从“int”转换到“const unsigned char”，可能丢失数据 [C:\Users\poker\.codex\worktrees\pr11-original-parity\6kinoko-rebuild\build-runs\boundary-615a6b6\kinoko_upstream_bindings.vcxproj]
  (编译源文件“../../third_party/sqplus-20080713/sqplus/SquirrelVM.cpp”)
  
C:\Users\poker\.codex\worktrees\pr11-original-parity\6kinoko-rebuild\third_party\sqplus-20080713\sqplus\sqplus.h(465,38): warning C4100: 'src': 未引用的参数 [C:\Users\poker\.codex\worktrees\pr11-original-parity\6kinoko-rebuild\build-runs\boundary-615a6b6\kinoko_upstream_bindings.vcxproj]
  (编译源文件“../../third_party/sqplus-20080713/sqplus/SquirrelVM.cpp”)
  
C:\Users\poker\.codex\worktrees\pr11-original-parity\6kinoko-rebuild\third_party\sqplus-20080713\sqplus\sqplus.h(465,27): warning C4100: 'dst': 未引用的参数 [C:\Users\poker\.codex\worktrees\pr11-original-parity\6kinoko-rebuild\build-runs\boundary-615a6b6\kinoko_upstream_bindings.vcxproj]
  (编译源文件“../../third_party/sqplus-20080713/sqplus/SquirrelVM.cpp”)
  
C:\Users\poker\.codex\worktrees\pr11-original-parity\6kinoko-rebuild\third_party\sqplus-20080713\sqplus\sqplus.h(470,38): warning C4100: 'src': 未引用的参数 [C:\Users\poker\.codex\worktrees\pr11-original-parity\6kinoko-rebuild\build-runs\boundary-615a6b6\kinoko_upstream_bindings.vcxproj]
  (编译源文件“../../third_party/sqplus-20080713/sqplus/SquirrelVM.cpp”)
  
C:\Users\poker\.codex\worktrees\pr11-original-parity\6kinoko-rebuild\third_party\sqplus-20080713\sqplus\sqplus.h(470,27): warning C4100: 'dst': 未引用的参数 [C:\Users\poker\.codex\worktrees\pr11-original-parity\6kinoko-rebuild\build-runs\boundary-615a6b6\kinoko_upstream_bindings.vcxproj]
  (编译源文件“../../third_party/sqplus-20080713/sqplus/SquirrelVM.cpp”)
  
C:\Users\poker\.codex\worktrees\pr11-original-parity\6kinoko-rebuild\third_party\sqplus-20080713\sqplus\sqplus.h(520,122): warning C4244: “初始化”: 从“int”转换到“short”，可能丢失数据 [C:\Users\poker\.codex\worktrees\pr11-original-parity\6kinoko-rebuild\build-runs\boundary-615a6b6\kinoko_upstream_bindings.vcxproj]
  (编译源文件“../../third_party/sqplus-20080713/sqplus/SquirrelVM.cpp”)
  
C:\Users\poker\.codex\worktrees\pr11-original-parity\6kinoko-rebuild\third_party\sqplus-20080713\sqplus\sqplus.h(520,139): warning C4244: “初始化”: 从“SqPlus::VarAccessType”转换到“short”，可能丢失数据 [C:\Users\poker\.codex\worktrees\pr11-original-parity\6kinoko-rebuild\build-runs\boundary-615a6b6\kinoko_upstream_bindings.vcxproj]
  (编译源文件“../../third_party/sqplus-20080713/sqplus/SquirrelVM.cpp”)
  
  act_render_state.cpp
C:\Users\poker\.codex\worktrees\pr11-original-parity\6kinoko-rebuild\third_party\sqplus-20080713\sqplus\SqPlusFunctionCallImpl.h(42,57): warning C4100: 'idx': 未引用的参数 [C:\Users\poker\.codex\worktrees\pr11-original-parity\6kinoko-rebuild\build-runs\boundary-615a6b6\kinoko_upstream_bindings.vcxproj]
  (编译源文件“../../third_party/sqplus-20080713/sqplus/SquirrelVM.cpp”)
  
C:\Users\poker\.codex\worktrees\pr11-original-parity\6kinoko-rebuild\third_party\sqplus-20080713\sqplus\SqPlusFunctionCallImpl.h(42,51): warning C4100: 'v': 未引用的参数 [C:\Users\poker\.codex\worktrees\pr11-original-parity\6kinoko-rebuild\build-runs\boundary-615a6b6\kinoko_upstream_bindings.vcxproj]
  (编译源文件“../../third_party/sqplus-20080713/sqplus/SquirrelVM.cpp”)
  
C:\Users\poker\.codex\worktrees\pr11-original-parity\6kinoko-rebuild\third_party\sqplus-20080713\sqplus\SqPlusFunctionCallImpl.h(55,64): warning C4100: 'idx': 未引用的参数 [C:\Users\poker\.codex\worktrees\pr11-original-parity\6kinoko-rebuild\build-runs\boundary-615a6b6\kinoko_upstream_bindings.vcxproj]
  (编译源文件“../../third_party/sqplus-20080713/sqplus/SquirrelVM.cpp”)
  
C:\Users\poker\.codex\worktrees\pr11-original-parity\6kinoko-rebuild\third_party\sqplus-20080713\sqplus\SqPlusFunctionCallImpl.h(55,58): warning C4100: 'v': 未引用的参数 [C:\Users\poker\.codex\worktrees\pr11-original-parity\6kinoko-rebuild\build-runs\boundary-615a6b6\kinoko_upstream_bindings.vcxproj]
  (编译源文件“../../third_party/sqplus-20080713/sqplus/SquirrelVM.cpp”)
  
C:\Users\poker\.codex\worktrees\pr11-original-parity\6kinoko-rebuild\third_party\sqplus-20080713\sqplus\SqPlusFunctionCallImpl.h(57,67): warning C4100: 'idx': 未引用的参数 [C:\Users\poker\.codex\worktrees\pr11-original-parity\6kinoko-rebuild\build-runs\boundary-615a6b6\kinoko_upstream_bindings.vcxproj]
  (编译源文件“../../third_party/sqplus-20080713/sqplus/SquirrelVM.cpp”)
  
C:\Users\poker\.codex\worktrees\pr11-original-parity\6kinoko-rebuild\third_party\sqplus-20080713\sqplus\SqPlusFunctionCallImpl.h(57,61): warning C4100: 'v': 未引用的参数 [C:\Users\poker\.codex\worktrees\pr11-original-parity\6kinoko-rebuild\build-runs\boundary-615a6b6\kinoko_upstream_bindings.vcxproj]
  (编译源文件“../../third_party/sqplus-20080713/sqplus/SquirrelVM.cpp”)
  
C:\Users\poker\.codex\worktrees\pr11-original-parity\6kinoko-rebuild\third_party\sqplus-20080713\sqplus\SqPlusFunctionCallImpl.h(59,59): warning C4100: 'v': 未引用的参数 [C:\Users\poker\.codex\worktrees\pr11-original-parity\6kinoko-rebuild\build-runs\boundary-615a6b6\kinoko_upstream_bindings.vcxproj]
  (编译源文件“../../third_party/sqplus-20080713/sqplus/SquirrelVM.cpp”)
  
C:\Users\poker\.codex\worktrees\pr11-original-parity\6kinoko-rebuild\third_party\sqplus-20080713\sqplus\SqPlusFunctionCallImpl.h(112,58): warning C4100: 'idx': 未引用的参数 [C:\Users\poker\.codex\worktrees\pr11-original-parity\6kinoko-rebuild\build-runs\boundary-615a6b6\kinoko_upstream_bindings.vcxproj]
  (编译源文件“../../third_party/sqplus-20080713/sqplus/SquirrelVM.cpp”)
  
  act_document_resources.cpp
C:\Users\poker\.codex\worktrees\pr11-original-parity\6kinoko-rebuild\third_party\sqplus-20080713\sqplus\SqPlusOCharBuf.h(74,37): warning C4100: 'try_borrow': 未引用的参数 [C:\Users\poker\.codex\worktrees\pr11-original-parity\6kinoko-rebuild\build-runs\boundary-615a6b6\kinoko_upstream_bindings.vcxproj]
  (编译源文件“../../third_party/sqplus-20080713/sqplus/SquirrelVM.cpp”)
      C:\Users\poker\.codex\worktrees\pr11-original-parity\6kinoko-rebuild\third_party\sqplus-20080713\sqplus\SqPlusOCharBuf.h(74,37):
      模板实例化上下文(最早的实例化上下文)为
          C:\Users\poker\.codex\worktrees\pr11-original-parity\6kinoko-rebuild\third_party\sqplus-20080713\sqplus\SqPlusFunctionCallImpl.h(86,75):
          查看对正在编译的 类 模板 实例化“SQCharBufImpl<SQChar,SQOtherChar,true>”的引用
          C:\Users\poker\.codex\worktrees\pr11-original-parity\6kinoko-rebuild\third_party\sqplus-20080713\sqplus\SqPlusOCharBuf.h(74,2):
          在编译 类 模板 成员函数“SQCharBufImpl<SQChar,SQOtherChar,true>::SQCharBufImpl(const SQOT *,bool)”时
          with
          [
              SQOT=SQOtherChar
          ]
              C:\Users\poker\.codex\worktrees\pr11-original-parity\6kinoko-rebuild\third_party\sqplus-20080713\sqplus\SqPlusFunctionCallImpl.h(86,77):
              请参阅 "SqPlus::Push" 中对 "SQCharBufImpl<SQChar,SQOtherChar,true>::SQCharBufImpl" 的第一个引用
  
C:\Users\poker\.codex\worktrees\pr11-original-parity\6kinoko-rebuild\third_party\sqplus-20080713\sqplus\SqPlusOCharBuf.h(100,20): warning C4127: 条件表达式是常量 [C:\Users\poker\.codex\worktrees\pr11-original-parity\6kinoko-rebuild\build-runs\boundary-615a6b6\kinoko_upstream_bindings.vcxproj]
  (编译源文件“../../third_party/sqplus-20080713/sqplus/SquirrelVM.cpp”)
      C:\Users\poker\.codex\worktrees\pr11-original-parity\6kinoko-rebuild\third_party\sqplus-20080713\sqplus\SqPlusOCharBuf.h(100,20):
      考虑改用 "if constexpr" 语句
      C:\Users\poker\.codex\worktrees\pr11-original-parity\6kinoko-rebuild\third_party\sqplus-20080713\sqplus\SqPlusOCharBuf.h(100,20):
      模板实例化上下文(最早的实例化上下文)为
          C:\Users\poker\.codex\worktrees\pr11-original-parity\6kinoko-rebuild\third_party\sqplus-20080713\sqplus\SqPlusOCharBuf.h(94,7):
          在编译 类 模板 成员函数“void SQCharBufImpl<SQChar,SQOtherChar,true>::Init(const SQOT *)”时
          with
          [
              SQOT=SQOtherChar
          ]
              C:\Users\poker\.codex\worktrees\pr11-original-parity\6kinoko-rebuild\third_party\sqplus-20080713\sqplus\SqPlusOCharBuf.h(75,7):
              请参阅 "SQCharBufImpl<SQChar,SQOtherChar,true>::SQCharBufImpl" 中对 "SQCharBufImpl<SQChar,SQOtherChar,true>::Init" 的第一个引用
              C:\Users\poker\.codex\worktrees\pr11-original-parity\6kinoko-rebuild\third_party\sqplus-20080713\sqplus\SqPlusFunctionCallImpl.h(86,77):
              请参阅 "SqPlus::Push" 中对 "SQCharBufImpl<SQChar,SQOtherChar,true>::SQCharBufImpl" 的第一个引用
  
  SquirrelBindingsUtils.cpp
  Building Custom Rule C:/Users/poker/.codex/worktrees/pr11-original-parity/6kinoko-rebuild/CMakeLists.txt
  critical_section.cpp
  actor_state.cpp
  正在生成代码...
  angle_math_contract.cpp
  正在生成代码...
C:\Users\poker\.codex\worktrees\pr11-original-parity\6kinoko-rebuild\third_party\sqplus-20080713\sqplus\sqplus.h(163,50): warning C4244: “初始化”: 从“int”转换到“const unsigned char”，可能丢失数据 [C:\Users\poker\.codex\worktrees\pr11-original-parity\6kinoko-rebuild\build-runs\boundary-615a6b6\kinoko_upstream_bindings.vcxproj]
  (编译源文件“../../third_party/sqplus-20080713/sqplus/SquirrelBindingsUtils.cpp”)
  
C:\Users\poker\.codex\worktrees\pr11-original-parity\6kinoko-rebuild\third_party\sqplus-20080713\sqplus\sqplus.h(465,38): warning C4100: 'src': 未引用的参数 [C:\Users\poker\.codex\worktrees\pr11-original-parity\6kinoko-rebuild\build-runs\boundary-615a6b6\kinoko_upstream_bindings.vcxproj]
  (编译源文件“../../third_party/sqplus-20080713/sqplus/SquirrelBindingsUtils.cpp”)
  
C:\Users\poker\.codex\worktrees\pr11-original-parity\6kinoko-rebuild\third_party\sqplus-20080713\sqplus\sqplus.h(465,27): warning C4100: 'dst': 未引用的参数 [C:\Users\poker\.codex\worktrees\pr11-original-parity\6kinoko-rebuild\build-runs\boundary-615a6b6\kinoko_upstream_bindings.vcxproj]
  (编译源文件“../../third_party/sqplus-20080713/sqplus/SquirrelBindingsUtils.cpp”)
  
C:\Users\poker\.codex\worktrees\pr11-original-parity\6kinoko-rebuild\third_party\sqplus-20080713\sqplus\sqplus.h(470,38): warning C4100: 'src': 未引用的参数 [C:\Users\poker\.codex\worktrees\pr11-original-parity\6kinoko-rebuild\build-runs\boundary-615a6b6\kinoko_upstream_bindings.vcxproj]
  (编译源文件“../../third_party/sqplus-20080713/sqplus/SquirrelBindingsUtils.cpp”)
  
C:\Users\poker\.codex\worktrees\pr11-original-parity\6kinoko-rebuild\third_party\sqplus-20080713\sqplus\sqplus.h(470,27): warning C4100: 'dst': 未引用的参数 [C:\Users\poker\.codex\worktrees\pr11-original-parity\6kinoko-rebuild\build-runs\boundary-615a6b6\kinoko_upstream_bindings.vcxproj]
  (编译源文件“../../third_party/sqplus-20080713/sqplus/SquirrelBindingsUtils.cpp”)
  
C:\Users\poker\.codex\worktrees\pr11-original-parity\6kinoko-rebuild\third_party\sqplus-20080713\sqplus\sqplus.h(520,122): warning C4244: “初始化”: 从“int”转换到“short”，可能丢失数据 [C:\Users\poker\.codex\worktrees\pr11-original-parity\6kinoko-rebuild\build-runs\boundary-615a6b6\kinoko_upstream_bindings.vcxproj]
  (编译源文件“../../third_party/sqplus-20080713/sqplus/SquirrelBindingsUtils.cpp”)
  
C:\Users\poker\.codex\worktrees\pr11-original-parity\6kinoko-rebuild\third_party\sqplus-20080713\sqplus\sqplus.h(520,139): warning C4244: “初始化”: 从“SqPlus::VarAccessType”转换到“short”，可能丢失数据 [C:\Users\poker\.codex\worktrees\pr11-original-parity\6kinoko-rebuild\build-runs\boundary-615a6b6\kinoko_upstream_bindings.vcxproj]
  (编译源文件“../../third_party/sqplus-20080713/sqplus/SquirrelBindingsUtils.cpp”)
  
C:\Users\poker\.codex\worktrees\pr11-original-parity\6kinoko-rebuild\third_party\sqplus-20080713\sqplus\SqPlusFunctionCallImpl.h(42,57): warning C4100: 'idx': 未引用的参数 [C:\Users\poker\.codex\worktrees\pr11-original-parity\6kinoko-rebuild\build-runs\boundary-615a6b6\kinoko_upstream_bindings.vcxproj]
  (编译源文件“../../third_party/sqplus-20080713/sqplus/SquirrelBindingsUtils.cpp”)
  
C:\Users\poker\.codex\worktrees\pr11-original-parity\6kinoko-rebuild\third_party\sqplus-20080713\sqplus\SqPlusFunctionCallImpl.h(42,51): warning C4100: 'v': 未引用的参数 [C:\Users\poker\.codex\worktrees\pr11-original-parity\6kinoko-rebuild\build-runs\boundary-615a6b6\kinoko_upstream_bindings.vcxproj]
  (编译源文件“../../third_party/sqplus-20080713/sqplus/SquirrelBindingsUtils.cpp”)
  
C:\Users\poker\.codex\worktrees\pr11-original-parity\6kinoko-rebuild\third_party\sqplus-20080713\sqplus\SqPlusFunctionCallImpl.h(55,64): warning C4100: 'idx': 未引用的参数 [C:\Users\poker\.codex\worktrees\pr11-original-parity\6kinoko-rebuild\build-runs\boundary-615a6b6\kinoko_upstream_bindings.vcxproj]
  (编译源文件“../../third_party/sqplus-20080713/sqplus/SquirrelBindingsUtils.cpp”)
  
C:\Users\poker\.codex\worktrees\pr11-original-parity\6kinoko-rebuild\third_party\sqplus-20080713\sqplus\SqPlusFunctionCallImpl.h(55,58): warning C4100: 'v': 未引用的参数 [C:\Users\poker\.codex\worktrees\pr11-original-parity\6kinoko-rebuild\build-runs\boundary-615a6b6\kinoko_upstream_bindings.vcxproj]
  (编译源文件“../../third_party/sqplus-20080713/sqplus/SquirrelBindingsUtils.cpp”)
  
C:\Users\poker\.codex\worktrees\pr11-original-parity\6kinoko-rebuild\third_party\sqplus-20080713\sqplus\SqPlusFunctionCallImpl.h(57,67): warning C4100: 'idx': 未引用的参数 [C:\Users\poker\.codex\worktrees\pr11-original-parity\6kinoko-rebuild\build-runs\boundary-615a6b6\kinoko_upstream_bindings.vcxproj]
  (编译源文件“../../third_party/sqplus-20080713/sqplus/SquirrelBindingsUtils.cpp”)
  
C:\Users\poker\.codex\worktrees\pr11-original-parity\6kinoko-rebuild\third_party\sqplus-20080713\sqplus\SqPlusFunctionCallImpl.h(57,61): warning C4100: 'v': 未引用的参数 [C:\Users\poker\.codex\worktrees\pr11-original-parity\6kinoko-rebuild\build-runs\boundary-615a6b6\kinoko_upstream_bindings.vcxproj]
  (编译源文件“../../third_party/sqplus-20080713/sqplus/SquirrelBindingsUtils.cpp”)
  
C:\Users\poker\.codex\worktrees\pr11-original-parity\6kinoko-rebuild\third_party\sqplus-20080713\sqplus\SqPlusFunctionCallImpl.h(59,59): warning C4100: 'v': 未引用的参数 [C:\Users\poker\.codex\worktrees\pr11-original-parity\6kinoko-rebuild\build-runs\boundary-615a6b6\kinoko_upstream_bindings.vcxproj]
  (编译源文件“../../third_party/sqplus-20080713/sqplus/SquirrelBindingsUtils.cpp”)
  
C:\Users\poker\.codex\worktrees\pr11-original-parity\6kinoko-rebuild\third_party\sqplus-20080713\sqplus\SqPlusFunctionCallImpl.h(112,58): warning C4100: 'idx': 未引用的参数 [C:\Users\poker\.codex\worktrees\pr11-original-parity\6kinoko-rebuild\build-runs\boundary-615a6b6\kinoko_upstream_bindings.vcxproj]
  (编译源文件“../../third_party/sqplus-20080713/sqplus/SquirrelBindingsUtils.cpp”)
  
  angle_math.cpp
C:\Users\poker\.codex\worktrees\pr11-original-parity\6kinoko-rebuild\third_party\sqplus-20080713\sqplus\SqPlusOCharBuf.h(74,37): warning C4100: 'try_borrow': 未引用的参数 [C:\Users\poker\.codex\worktrees\pr11-original-parity\6kinoko-rebuild\build-runs\boundary-615a6b6\kinoko_upstream_bindings.vcxproj]
  (编译源文件“../../third_party/sqplus-20080713/sqplus/SquirrelBindingsUtils.cpp”)
      C:\Users\poker\.codex\worktrees\pr11-original-parity\6kinoko-rebuild\third_party\sqplus-20080713\sqplus\SqPlusOCharBuf.h(74,37):
      模板实例化上下文(最早的实例化上下文)为
          C:\Users\poker\.codex\worktrees\pr11-original-parity\6kinoko-rebuild\third_party\sqplus-20080713\sqplus\SqPlusFunctionCallImpl.h(86,75):
          查看对正在编译的 类 模板 实例化“SQCharBufImpl<SQChar,SQOtherChar,true>”的引用
          C:\Users\poker\.codex\worktrees\pr11-original-parity\6kinoko-rebuild\third_party\sqplus-20080713\sqplus\SqPlusOCharBuf.h(74,2):
          在编译 类 模板 成员函数“SQCharBufImpl<SQChar,SQOtherChar,true>::SQCharBufImpl(const SQOT *,bool)”时
          with
          [
              SQOT=SQOtherChar
          ]
              C:\Users\poker\.codex\worktrees\pr11-original-parity\6kinoko-rebuild\third_party\sqplus-20080713\sqplus\SqPlusFunctionCallImpl.h(86,77):
              请参阅 "SqPlus::Push" 中对 "SQCharBufImpl<SQChar,SQOtherChar,true>::SQCharBufImpl" 的第一个引用
  
C:\Users\poker\.codex\worktrees\pr11-original-parity\6kinoko-rebuild\third_party\sqplus-20080713\sqplus\SqPlusOCharBuf.h(100,20): warning C4127: 条件表达式是常量 [C:\Users\poker\.codex\worktrees\pr11-original-parity\6kinoko-rebuild\build-runs\boundary-615a6b6\kinoko_upstream_bindings.vcxproj]
  (编译源文件“../../third_party/sqplus-20080713/sqplus/SquirrelBindingsUtils.cpp”)
      C:\Users\poker\.codex\worktrees\pr11-original-parity\6kinoko-rebuild\third_party\sqplus-20080713\sqplus\SqPlusOCharBuf.h(100,20):
      考虑改用 "if constexpr" 语句
      C:\Users\poker\.codex\worktrees\pr11-original-parity\6kinoko-rebuild\third_party\sqplus-20080713\sqplus\SqPlusOCharBuf.h(100,20):
      模板实例化上下文(最早的实例化上下文)为
          C:\Users\poker\.codex\worktrees\pr11-original-parity\6kinoko-rebuild\third_party\sqplus-20080713\sqplus\SqPlusOCharBuf.h(94,7):
          在编译 类 模板 成员函数“void SQCharBufImpl<SQChar,SQOtherChar,true>::Init(const SQOT *)”时
          with
          [
              SQOT=SQOtherChar
          ]
              C:\Users\poker\.codex\worktrees\pr11-original-parity\6kinoko-rebuild\third_party\sqplus-20080713\sqplus\SqPlusOCharBuf.h(75,7):
              请参阅 "SQCharBufImpl<SQChar,SQOtherChar,true>::SQCharBufImpl" 中对 "SQCharBufImpl<SQChar,SQOtherChar,true>::Init" 的第一个引用
              C:\Users\poker\.codex\worktrees\pr11-original-parity\6kinoko-rebuild\third_party\sqplus-20080713\sqplus\SqPlusFunctionCallImpl.h(86,77):
              请参阅 "SqPlus::Push" 中对 "SQCharBufImpl<SQChar,SQOtherChar,true>::SQCharBufImpl" 的第一个引用
  
  正在生成代码...
  SqPlus.cpp
  kinoko_base_utilities.vcxproj -> C:\Users\poker\.codex\worktrees\pr11-original-parity\6kinoko-rebuild\build-runs\boundary-615a6b6\Release\kinoko_base_utilities.lib
  render_state.cpp
  Building Custom Rule C:/Users/poker/.codex/worktrees/pr11-original-parity/6kinoko-rebuild/CMakeLists.txt
  正在生成代码...
  Building Custom Rule C:/Users/poker/.codex/worktrees/pr11-original-parity/6kinoko-rebuild/CMakeLists.txt
  kinoko_act_resource_pass_contract.vcxproj -> C:\Users\poker\.codex\worktrees\pr11-original-parity\6kinoko-rebuild\runtime-builds\boundary-615a6b6\tools\kinoko_act_resource_pass_contract.exe
  Building Custom Rule C:/Users/poker/.codex/worktrees/pr11-original-parity/6kinoko-rebuild/CMakeLists.txt
C:\Users\poker\.codex\worktrees\pr11-original-parity\6kinoko-rebuild\third_party\sqplus-20080713\sqplus\sqplus.h(163,50): warning C4244: “初始化”: 从“int”转换到“const unsigned char”，可能丢失数据 [C:\Users\poker\.codex\worktrees\pr11-original-parity\6kinoko-rebuild\build-runs\boundary-615a6b6\kinoko_upstream_bindings.vcxproj]
  (编译源文件“../../third_party/sqplus-20080713/sqplus/SqPlus.cpp”)
  
C:\Users\poker\.codex\worktrees\pr11-original-parity\6kinoko-rebuild\third_party\sqplus-20080713\sqplus\sqplus.h(465,38): warning C4100: 'src': 未引用的参数 [C:\Users\poker\.codex\worktrees\pr11-original-parity\6kinoko-rebuild\build-runs\boundary-615a6b6\kinoko_upstream_bindings.vcxproj]
  (编译源文件“../../third_party/sqplus-20080713/sqplus/SqPlus.cpp”)
  
C:\Users\poker\.codex\worktrees\pr11-original-parity\6kinoko-rebuild\third_party\sqplus-20080713\sqplus\sqplus.h(465,27): warning C4100: 'dst': 未引用的参数 [C:\Users\poker\.codex\worktrees\pr11-original-parity\6kinoko-rebuild\build-runs\boundary-615a6b6\kinoko_upstream_bindings.vcxproj]
  (编译源文件“../../third_party/sqplus-20080713/sqplus/SqPlus.cpp”)
  
C:\Users\poker\.codex\worktrees\pr11-original-parity\6kinoko-rebuild\third_party\sqplus-20080713\sqplus\sqplus.h(470,38): warning C4100: 'src': 未引用的参数 [C:\Users\poker\.codex\worktrees\pr11-original-parity\6kinoko-rebuild\build-runs\boundary-615a6b6\kinoko_upstream_bindings.vcxproj]
  (编译源文件“../../third_party/sqplus-20080713/sqplus/SqPlus.cpp”)
  
C:\Users\poker\.codex\worktrees\pr11-original-parity\6kinoko-rebuild\third_party\sqplus-20080713\sqplus\sqplus.h(470,27): warning C4100: 'dst': 未引用的参数 [C:\Users\poker\.codex\worktrees\pr11-original-parity\6kinoko-rebuild\build-runs\boundary-615a6b6\kinoko_upstream_bindings.vcxproj]
  (编译源文件“../../third_party/sqplus-20080713/sqplus/SqPlus.cpp”)
  
C:\Users\poker\.codex\worktrees\pr11-original-parity\6kinoko-rebuild\third_party\sqplus-20080713\sqplus\sqplus.h(520,122): warning C4244: “初始化”: 从“int”转换到“short”，可能丢失数据 [C:\Users\poker\.codex\worktrees\pr11-original-parity\6kinoko-rebuild\build-runs\boundary-615a6b6\kinoko_upstream_bindings.vcxproj]
  (编译源文件“../../third_party/sqplus-20080713/sqplus/SqPlus.cpp”)
  
C:\Users\poker\.codex\worktrees\pr11-original-parity\6kinoko-rebuild\third_party\sqplus-20080713\sqplus\sqplus.h(520,139): warning C4244: “初始化”: 从“SqPlus::VarAccessType”转换到“short”，可能丢失数据 [C:\Users\poker\.codex\worktrees\pr11-original-parity\6kinoko-rebuild\build-runs\boundary-615a6b6\kinoko_upstream_bindings.vcxproj]
  (编译源文件“../../third_party/sqplus-20080713/sqplus/SqPlus.cpp”)
  
C:\Users\poker\.codex\worktrees\pr11-original-parity\6kinoko-rebuild\third_party\sqplus-20080713\sqplus\SqPlusFunctionCallImpl.h(42,57): warning C4100: 'idx': 未引用的参数 [C:\Users\poker\.codex\worktrees\pr11-original-parity\6kinoko-rebuild\build-runs\boundary-615a6b6\kinoko_upstream_bindings.vcxproj]
  (编译源文件“../../third_party/sqplus-20080713/sqplus/SqPlus.cpp”)
  
C:\Users\poker\.codex\worktrees\pr11-original-parity\6kinoko-rebuild\third_party\sqplus-20080713\sqplus\SqPlusFunctionCallImpl.h(42,51): warning C4100: 'v': 未引用的参数 [C:\Users\poker\.codex\worktrees\pr11-original-parity\6kinoko-rebuild\build-runs\boundary-615a6b6\kinoko_upstream_bindings.vcxproj]
  (编译源文件“../../third_party/sqplus-20080713/sqplus/SqPlus.cpp”)
  
C:\Users\poker\.codex\worktrees\pr11-original-parity\6kinoko-rebuild\third_party\sqplus-20080713\sqplus\SqPlusFunctionCallImpl.h(55,64): warning C4100: 'idx': 未引用的参数 [C:\Users\poker\.codex\worktrees\pr11-original-parity\6kinoko-rebuild\build-runs\boundary-615a6b6\kinoko_upstream_bindings.vcxproj]
  (编译源文件“../../third_party/sqplus-20080713/sqplus/SqPlus.cpp”)
  
C:\Users\poker\.codex\worktrees\pr11-original-parity\6kinoko-rebuild\third_party\sqplus-20080713\sqplus\SqPlusFunctionCallImpl.h(55,58): warning C4100: 'v': 未引用的参数 [C:\Users\poker\.codex\worktrees\pr11-original-parity\6kinoko-rebuild\build-runs\boundary-615a6b6\kinoko_upstream_bindings.vcxproj]
  (编译源文件“../../third_party/sqplus-20080713/sqplus/SqPlus.cpp”)
  
C:\Users\poker\.codex\worktrees\pr11-original-parity\6kinoko-rebuild\third_party\sqplus-20080713\sqplus\SqPlusFunctionCallImpl.h(57,67): warning C4100: 'idx': 未引用的参数 [C:\Users\poker\.codex\worktrees\pr11-original-parity\6kinoko-rebuild\build-runs\boundary-615a6b6\kinoko_upstream_bindings.vcxproj]
  (编译源文件“../../third_party/sqplus-20080713/sqplus/SqPlus.cpp”)
  
C:\Users\poker\.codex\worktrees\pr11-original-parity\6kinoko-rebuild\third_party\sqplus-20080713\sqplus\SqPlusFunctionCallImpl.h(57,61): warning C4100: 'v': 未引用的参数 [C:\Users\poker\.codex\worktrees\pr11-original-parity\6kinoko-rebuild\build-runs\boundary-615a6b6\kinoko_upstream_bindings.vcxproj]
  (编译源文件“../../third_party/sqplus-20080713/sqplus/SqPlus.cpp”)
  
C:\Users\poker\.codex\worktrees\pr11-original-parity\6kinoko-rebuild\third_party\sqplus-20080713\sqplus\SqPlusFunctionCallImpl.h(59,59): warning C4100: 'v': 未引用的参数 [C:\Users\poker\.codex\worktrees\pr11-original-parity\6kinoko-rebuild\build-runs\boundary-615a6b6\kinoko_upstream_bindings.vcxproj]
  (编译源文件“../../third_party/sqplus-20080713/sqplus/SqPlus.cpp”)
  
C:\Users\poker\.codex\worktrees\pr11-original-parity\6kinoko-rebuild\third_party\sqplus-20080713\sqplus\SqPlusFunctionCallImpl.h(112,58): warning C4100: 'idx': 未引用的参数 [C:\Users\poker\.codex\worktrees\pr11-original-parity\6kinoko-rebuild\build-runs\boundary-615a6b6\kinoko_upstream_bindings.vcxproj]
  (编译源文件“../../third_party/sqplus-20080713/sqplus/SqPlus.cpp”)
  
C:\Users\poker\.codex\worktrees\pr11-original-parity\6kinoko-rebuild\third_party\sqplus-20080713\sqplus\SqPlus.cpp(420,7): warning C4189: “n”: 局部变量已初始化但不引用 [C:\Users\poker\.codex\worktrees\pr11-original-parity\6kinoko-rebuild\build-runs\boundary-615a6b6\kinoko_upstream_bindings.vcxproj]
C:\Users\poker\.codex\worktrees\pr11-original-parity\6kinoko-rebuild\third_party\sqplus-20080713\sqplus\SqPlusOCharBuf.h(74,37): warning C4100: 'try_borrow': 未引用的参数 [C:\Users\poker\.codex\worktrees\pr11-original-parity\6kinoko-rebuild\build-runs\boundary-615a6b6\kinoko_upstream_bindings.vcxproj]
  (编译源文件“../../third_party/sqplus-20080713/sqplus/SqPlus.cpp”)
      C:\Users\poker\.codex\worktrees\pr11-original-parity\6kinoko-rebuild\third_party\sqplus-20080713\sqplus\SqPlusOCharBuf.h(74,37):
      模板实例化上下文(最早的实例化上下文)为
          C:\Users\poker\.codex\worktrees\pr11-original-parity\6kinoko-rebuild\third_party\sqplus-20080713\sqplus\SqPlusFunctionCallImpl.h(86,75):
          查看对正在编译的 类 模板 实例化“SQCharBufImpl<SQChar,SQOtherChar,true>”的引用
          C:\Users\poker\.codex\worktrees\pr11-original-parity\6kinoko-rebuild\third_party\sqplus-20080713\sqplus\SqPlusOCharBuf.h(74,2):
          在编译 类 模板 成员函数“SQCharBufImpl<SQChar,SQOtherChar,true>::SQCharBufImpl(const SQOT *,bool)”时
          with
          [
              SQOT=SQOtherChar
          ]
              C:\Users\poker\.codex\worktrees\pr11-original-parity\6kinoko-rebuild\third_party\sqplus-20080713\sqplus\SqPlusFunctionCallImpl.h(86,77):
              请参阅 "SqPlus::Push" 中对 "SQCharBufImpl<SQChar,SQOtherChar,true>::SQCharBufImpl" 的第一个引用
  
  Building Custom Rule C:/Users/poker/.codex/worktrees/pr11-original-parity/6kinoko-rebuild/CMakeLists.txt
C:\Users\poker\.codex\worktrees\pr11-original-parity\6kinoko-rebuild\third_party\sqplus-20080713\sqplus\SqPlusOCharBuf.h(100,20): warning C4127: 条件表达式是常量 [C:\Users\poker\.codex\worktrees\pr11-original-parity\6kinoko-rebuild\build-runs\boundary-615a6b6\kinoko_upstream_bindings.vcxproj]
  (编译源文件“../../third_party/sqplus-20080713/sqplus/SqPlus.cpp”)
      C:\Users\poker\.codex\worktrees\pr11-original-parity\6kinoko-rebuild\third_party\sqplus-20080713\sqplus\SqPlusOCharBuf.h(100,20):
      考虑改用 "if constexpr" 语句
      C:\Users\poker\.codex\worktrees\pr11-original-parity\6kinoko-rebuild\third_party\sqplus-20080713\sqplus\SqPlusOCharBuf.h(100,20):
      模板实例化上下文(最早的实例化上下文)为
          C:\Users\poker\.codex\worktrees\pr11-original-parity\6kinoko-rebuild\third_party\sqplus-20080713\sqplus\SqPlusOCharBuf.h(94,7):
          在编译 类 模板 成员函数“void SQCharBufImpl<SQChar,SQOtherChar,true>::Init(const SQOT *)”时
          with
          [
              SQOT=SQOtherChar
          ]
              C:\Users\poker\.codex\worktrees\pr11-original-parity\6kinoko-rebuild\third_party\sqplus-20080713\sqplus\SqPlusOCharBuf.h(75,7):
              请参阅 "SQCharBufImpl<SQChar,SQOtherChar,true>::SQCharBufImpl" 中对 "SQCharBufImpl<SQChar,SQOtherChar,true>::Init" 的第一个引用
              C:\Users\poker\.codex\worktrees\pr11-original-parity\6kinoko-rebuild\third_party\sqplus-20080713\sqplus\SqPlusFunctionCallImpl.h(86,77):
              请参阅 "SqPlus::Push" 中对 "SQCharBufImpl<SQChar,SQOtherChar,true>::SQCharBufImpl" 的第一个引用
  
  正在生成代码...
  application_contract.cpp
  kinoko_actor_state_contract.vcxproj -> C:\Users\poker\.codex\worktrees\pr11-original-parity\6kinoko-rebuild\runtime-builds\boundary-615a6b6\tools\kinoko_actor_state_contract.exe
  Building Custom Rule C:/Users/poker/.codex/worktrees/pr11-original-parity/6kinoko-rebuild/CMakeLists.txt
  正在生成代码...
  archive.cpp
  bitwise.c
  framing.c
  kinoko_angle_math_contract.vcxproj -> C:\Users\poker\.codex\worktrees\pr11-original-parity\6kinoko-rebuild\build-runs\boundary-615a6b6\Release\kinoko_angle_math_contract.exe
C:\Users\poker\.codex\worktrees\pr11-original-parity\6kinoko-rebuild\third_party\libogg-1.1.3\src\framing.c(600,20): warning C4456: “page”的声明隐藏了上一个本地声明 [C:\Users\poker\.codex\worktrees\pr11-original-parity\6kinoko-rebuild\build-runs\boundary-615a6b6\kinoko_ogg.vcxproj]
      C:\Users\poker\.codex\worktrees\pr11-original-parity\6kinoko-rebuild\third_party\libogg-1.1.3\src\framing.c(547,18):
      参见“page”的声明
  
C:\Users\poker\.codex\worktrees\pr11-original-parity\6kinoko-rebuild\third_party\libogg-1.1.3\src\framing.c(601,10): warning C4456: “bytes”的声明隐藏了上一个本地声明 [C:\Users\poker\.codex\worktrees\pr11-original-parity\6kinoko-rebuild\build-runs\boundary-615a6b6\kinoko_ogg.vcxproj]
      C:\Users\poker\.codex\worktrees\pr11-original-parity\6kinoko-rebuild\third_party\libogg-1.1.3\src\framing.c(549,8):
      参见“bytes”的声明
  
  正在生成代码...
  kinoko_upstream_bindings.vcxproj -> C:\Users\poker\.codex\worktrees\pr11-original-parity\6kinoko-rebuild\build-runs\boundary-615a6b6\Release\kinoko_upstream_bindings.lib
  native_control.cpp
  Building Custom Rule C:/Users/poker/.codex/worktrees/pr11-original-parity/6kinoko-rebuild/CMakeLists.txt
  angle_math.cpp
  kinoko_ogg.vcxproj -> C:\Users\poker\.codex\worktrees\pr11-original-parity\6kinoko-rebuild\build-runs\boundary-615a6b6\Release\kinoko_ogg.lib
  application_runtime.cpp
  quad_transform.cpp
  kinoko_native_control.vcxproj -> C:\Users\poker\.codex\worktrees\pr11-original-parity\6kinoko-rebuild\build-runs\boundary-615a6b6\Release\kinoko_native_control.lib
  base_utilities_contract.cpp
  Building Custom Rule C:/Users/poker/.codex/worktrees/pr11-original-parity/6kinoko-rebuild/CMakeLists.txt
  Building Custom Rule C:/Users/poker/.codex/worktrees/pr11-original-parity/6kinoko-rebuild/CMakeLists.txt
  act_resource.cpp
  bitmap_contract.cpp
  boost_control_contract.cpp
  Unknown compiler version - please run the configure tests and report the results
  scene_queue.cpp
  asset_store.cpp
  native_buffer.cpp
  bitmap.cpp
  正在生成代码...
  kinoko_base_utilities_contract.vcxproj -> C:\Users\poker\.codex\worktrees\pr11-original-parity\6kinoko-rebuild\runtime-builds\boundary-615a6b6\tools\kinoko_base_utilities_contract.exe
  act_array.cpp
  kinoko_act_layout_render_contract.vcxproj -> C:\Users\poker\.codex\worktrees\pr11-original-parity\6kinoko-rebuild\runtime-builds\boundary-615a6b6\tools\kinoko_act_layout_render_contract.exe
  kinoko_boost_control_contract.vcxproj -> C:\Users\poker\.codex\worktrees\pr11-original-parity\6kinoko-rebuild\runtime-builds\boundary-615a6b6\tools\kinoko_boost_control_contract.exe
  正在生成代码...
  Building Custom Rule C:/Users/poker/.codex/worktrees/pr11-original-parity/6kinoko-rebuild/CMakeLists.txt
  Building Custom Rule C:/Users/poker/.codex/worktrees/pr11-original-parity/6kinoko-rebuild/CMakeLists.txt
  正在生成代码...
  kinoko_application_contract.vcxproj -> C:\Users\poker\.codex\worktrees\pr11-original-parity\6kinoko-rebuild\runtime-builds\boundary-615a6b6\tools\kinoko_application_contract.exe
C:\Users\poker\.codex\worktrees\pr11-original-parity\6kinoko-rebuild\src\reconstructed\act_array.cpp(33,9): warning C4297: “kinoko_act_array_clone”: 假定函数不引发异常，但确实发生了 [C:\Users\poker\.codex\worktrees\pr11-original-parity\6kinoko-rebuild\build-runs\boundary-615a6b6\kinoko_native_methods.vcxproj]
      C:\Users\poker\.codex\worktrees\pr11-original-parity\6kinoko-rebuild\src\reconstructed\act_array.cpp(33,9):
      函数是 extern "C" 并且指定了 /EHc
  
C:\Users\poker\.codex\worktrees\pr11-original-parity\6kinoko-rebuild\src\reconstructed\act_array.cpp(44,33): warning C4297: “kinoko_act_array_append”: 假定函数不引发异常，但确实发生了 [C:\Users\poker\.codex\worktrees\pr11-original-parity\6kinoko-rebuild\build-runs\boundary-615a6b6\kinoko_native_methods.vcxproj]
      C:\Users\poker\.codex\worktrees\pr11-original-parity\6kinoko-rebuild\src\reconstructed\act_array.cpp(44,33):
      函数是 extern "C" 并且指定了 /EHc
  
  act_list.cpp
  Building Custom Rule C:/Users/poker/.codex/worktrees/pr11-original-parity/6kinoko-rebuild/CMakeLists.txt
  Building Custom Rule C:/Users/poker/.codex/worktrees/pr11-original-parity/6kinoko-rebuild/CMakeLists.txt
  com_owner_contract.cpp
  camera_contract.cpp
  device_lifecycle_contract.cpp
  act_clone.cpp
  camera_runtime.cpp
  kinoko_bitmap_contract.vcxproj -> C:\Users\poker\.codex\worktrees\pr11-original-parity\6kinoko-rebuild\runtime-builds\boundary-615a6b6\tools\kinoko_bitmap_contract.exe
  kinoko_com_owner_contract.vcxproj -> C:\Users\poker\.codex\worktrees\pr11-original-parity\6kinoko-rebuild\runtime-builds\boundary-615a6b6\tools\kinoko_com_owner_contract.exe
  Building Custom Rule C:/Users/poker/.codex/worktrees/pr11-original-parity/6kinoko-rebuild/CMakeLists.txt
  kinoko_core.vcxproj -> C:\Users\poker\.codex\worktrees\pr11-original-parity\6kinoko-rebuild\build-runs\boundary-615a6b6\Release\kinoko_core.lib
  Building Custom Rule C:/Users/poker/.codex/worktrees/pr11-original-parity/6kinoko-rebuild/CMakeLists.txt
  camera_projection.cpp
  diagnostics.cpp
  Building Custom Rule C:/Users/poker/.codex/worktrees/pr11-original-parity/6kinoko-rebuild/CMakeLists.txt
  device_runtime.cpp
  diagnostics_filter_contract.cpp
  正在生成代码...
  Building Custom Rule C:/Users/poker/.codex/worktrees/pr11-original-parity/6kinoko-rebuild/CMakeLists.txt
  Building Custom Rule C:/Users/poker/.codex/worktrees/pr11-original-parity/6kinoko-rebuild/CMakeLists.txt
  render_target.cpp
  act_layer_clone.cpp
  Building Custom Rule C:/Users/poker/.codex/worktrees/pr11-original-parity/6kinoko-rebuild/CMakeLists.txt
  Building Custom Rule C:/Users/poker/.codex/worktrees/pr11-original-parity/6kinoko-rebuild/CMakeLists.txt
  inspect_minidump.cpp
  kinoko_camera_contract.vcxproj -> C:\Users\poker\.codex\worktrees\pr11-original-parity\6kinoko-rebuild\runtime-builds\boundary-615a6b6\tools\kinoko_camera_contract.exe
  kinoko_diagnostics_filter_contract.vcxproj -> C:\Users\poker\.codex\worktrees\pr11-original-parity\6kinoko-rebuild\runtime-builds\boundary-615a6b6\tools\kinoko_diagnostics_filter_contract.exe
  file_archive_contract.cpp
  kinoko_diagnostics.vcxproj -> C:\Users\poker\.codex\worktrees\pr11-original-parity\6kinoko-rebuild\build-runs\boundary-615a6b6\Release\kinoko_diagnostics.lib
  probe_asset.cpp
  archive_smoke.cpp
C:\Users\poker\.codex\worktrees\pr11-original-parity\6kinoko-rebuild\src\reconstructed\render_target.cpp(84,46): warning C4297: “kinoko_add_device_listener”: 假定函数不引发异常，但确实发生了 [C:\Users\poker\.codex\worktrees\pr11-original-parity\6kinoko-rebuild\build-runs\boundary-615a6b6\kinoko_device_lifecycle_contract.vcxproj]
      C:\Users\poker\.codex\worktrees\pr11-original-parity\6kinoko-rebuild\src\reconstructed\render_target.cpp(84,46):
      函数是 extern "C" 并且指定了 /EHc
  
  texture_binding.cpp
  actor_methods.cpp
  kinoko_dump_inspect.vcxproj -> C:\Users\poker\.codex\worktrees\pr11-original-parity\6kinoko-rebuild\runtime-builds\boundary-615a6b6\tools\kinoko_dump_inspect.exe
  file_io.cpp
  Building Custom Rule C:/Users/poker/.codex/worktrees/pr11-original-parity/6kinoko-rebuild/CMakeLists.txt
  physical_input.cpp
  render_state.cpp
  direct_input.cpp
  mdct.c
C:\Users\poker\.codex\worktrees\pr11-original-parity\6kinoko-rebuild\third_party\libvorbis-1.2.0\lib\os.h(133,62): warning C4100: 'fpu': 未引用的参数 [C:\Users\poker\.codex\worktrees\pr11-original-parity\6kinoko-rebuild\build-runs\boundary-615a6b6\kinoko_vorbis.vcxproj]
  (编译源文件“../../third_party/libvorbis-1.2.0/lib/mdct.c”)
  
C:\Users\poker\.codex\worktrees\pr11-original-parity\6kinoko-rebuild\third_party\libvorbis-1.2.0\lib\os.h(136,60): warning C4100: 'fpu': 未引用的参数 [C:\Users\poker\.codex\worktrees\pr11-original-parity\6kinoko-rebuild\build-runs\boundary-615a6b6\kinoko_vorbis.vcxproj]
  (编译源文件“../../third_party/libvorbis-1.2.0/lib/mdct.c”)
  
C:\Users\poker\.codex\worktrees\pr11-original-parity\6kinoko-rebuild\third_party\libvorbis-1.2.0\lib\mdct.c(58,27): warning C4244: “=”: 从“double”转换到“int”，可能丢失数据 [C:\Users\poker\.codex\worktrees\pr11-original-parity\6kinoko-rebuild\build-runs\boundary-615a6b6\kinoko_vorbis.vcxproj]
C:\Users\poker\.codex\worktrees\pr11-original-parity\6kinoko-rebuild\third_party\libvorbis-1.2.0\lib\mdct.c(66,12): warning C4244: “=”: 从“double”转换到“float”，可能丢失数据 [C:\Users\poker\.codex\worktrees\pr11-original-parity\6kinoko-rebuild\build-runs\boundary-615a6b6\kinoko_vorbis.vcxproj]
C:\Users\poker\.codex\worktrees\pr11-original-parity\6kinoko-rebuild\third_party\libvorbis-1.2.0\lib\mdct.c(67,14): warning C4244: “=”: 从“double”转换到“float”，可能丢失数据 [C:\Users\poker\.codex\worktrees\pr11-original-parity\6kinoko-rebuild\build-runs\boundary-615a6b6\kinoko_vorbis.vcxproj]
C:\Users\poker\.codex\worktrees\pr11-original-parity\6kinoko-rebuild\third_party\libvorbis-1.2.0\lib\mdct.c(68,15): warning C4244: “=”: 从“double”转换到“float”，可能丢失数据 [C:\Users\poker\.codex\worktrees\pr11-original-parity\6kinoko-rebuild\build-runs\boundary-615a6b6\kinoko_vorbis.vcxproj]
C:\Users\poker\.codex\worktrees\pr11-original-parity\6kinoko-rebuild\third_party\libvorbis-1.2.0\lib\mdct.c(69,17): warning C4244: “=”: 从“double”转换到“float”，可能丢失数据 [C:\Users\poker\.codex\worktrees\pr11-original-parity\6kinoko-rebuild\build-runs\boundary-615a6b6\kinoko_vorbis.vcxproj]
C:\Users\poker\.codex\worktrees\pr11-original-parity\6kinoko-rebuild\third_party\libvorbis-1.2.0\lib\mdct.c(72,14): warning C4244: “=”: 从“double”转换到“float”，可能丢失数据 [C:\Users\poker\.codex\worktrees\pr11-original-parity\6kinoko-rebuild\build-runs\boundary-615a6b6\kinoko_vorbis.vcxproj]
C:\Users\poker\.codex\worktrees\pr11-original-parity\6kinoko-rebuild\third_party\libvorbis-1.2.0\lib\mdct.c(73,16): warning C4244: “=”: 从“double”转换到“float”，可能丢失数据 [C:\Users\poker\.codex\worktrees\pr11-original-parity\6kinoko-rebuild\build-runs\boundary-615a6b6\kinoko_vorbis.vcxproj]
C:\Users\poker\.codex\worktrees\pr11-original-parity\6kinoko-rebuild\third_party\libvorbis-1.2.0\lib\mdct.c(79,31): warning C4456: “i”的声明隐藏了上一个本地声明 [C:\Users\poker\.codex\worktrees\pr11-original-parity\6kinoko-rebuild\build-runs\boundary-615a6b6\kinoko_vorbis.vcxproj]
      C:\Users\poker\.codex\worktrees\pr11-original-parity\6kinoko-rebuild\third_party\libvorbis-1.2.0\lib\mdct.c(56,7):
      参见“i”的声明
  
C:\Users\poker\.codex\worktrees\pr11-original-parity\6kinoko-rebuild\third_party\libvorbis-1.2.0\lib\mdct.c(440,16): warning C4456: “iX”的声明隐藏了上一个本地声明 [C:\Users\poker\.codex\worktrees\pr11-original-parity\6kinoko-rebuild\build-runs\boundary-615a6b6\kinoko_vorbis.vcxproj]
      C:\Users\poker\.codex\worktrees\pr11-original-parity\6kinoko-rebuild\third_party\libvorbis-1.2.0\lib\mdct.c(404,14):
      参见“iX”的声明
  
  smallft.c
C:\Users\poker\.codex\worktrees\pr11-original-parity\6kinoko-rebuild\third_party\libvorbis-1.2.0\lib\os.h(133,62): warning C4100: 'fpu': 未引用的参数 [C:\Users\poker\.codex\worktrees\pr11-original-parity\6kinoko-rebuild\build-runs\boundary-615a6b6\kinoko_vorbis.vcxproj]
  (编译源文件“../../third_party/libvorbis-1.2.0/lib/smallft.c”)
  
C:\Users\poker\.codex\worktrees\pr11-original-parity\6kinoko-rebuild\third_party\libvorbis-1.2.0\lib\os.h(136,60): warning C4100: 'fpu': 未引用的参数 [C:\Users\poker\.codex\worktrees\pr11-original-parity\6kinoko-rebuild\build-runs\boundary-615a6b6\kinoko_vorbis.vcxproj]
  (编译源文件“../../third_party/libvorbis-1.2.0/lib/smallft.c”)
  
C:\Users\poker\.codex\worktrees\pr11-original-parity\6kinoko-rebuild\third_party\libvorbis-1.2.0\lib\smallft.c(99,10): warning C4244: “=”: 从“double”转换到“float”，可能丢失数据 [C:\Users\poker\.codex\worktrees\pr11-original-parity\6kinoko-rebuild\build-runs\boundary-615a6b6\kinoko_vorbis.vcxproj]
C:\Users\poker\.codex\worktrees\pr11-original-parity\6kinoko-rebuild\third_party\libvorbis-1.2.0\lib\smallft.c(100,10): warning C4244: “=”: 从“double”转换到“float”，可能丢失数据 [C:\Users\poker\.codex\worktrees\pr11-original-parity\6kinoko-rebuild\build-runs\boundary-615a6b6\kinoko_vorbis.vcxproj]
C:\Users\poker\.codex\worktrees\pr11-original-parity\6kinoko-rebuild\third_party\libvorbis-1.2.0\lib\smallft.c(283,7): warning C4244: “=”: 从“double”转换到“float”，可能丢失数据 [C:\Users\poker\.codex\worktrees\pr11-original-parity\6kinoko-rebuild\build-runs\boundary-615a6b6\kinoko_vorbis.vcxproj]
C:\Users\poker\.codex\worktrees\pr11-original-parity\6kinoko-rebuild\third_party\libvorbis-1.2.0\lib\smallft.c(284,7): warning C4244: “=”: 从“double”转换到“float”，可能丢失数据 [C:\Users\poker\.codex\worktrees\pr11-original-parity\6kinoko-rebuild\build-runs\boundary-615a6b6\kinoko_vorbis.vcxproj]
C:\Users\poker\.codex\worktrees\pr11-original-parity\6kinoko-rebuild\third_party\libvorbis-1.2.0\lib\smallft.c(853,7): warning C4244: “=”: 从“double”转换到“float”，可能丢失数据 [C:\Users\poker\.codex\worktrees\pr11-original-parity\6kinoko-rebuild\build-runs\boundary-615a6b6\kinoko_vorbis.vcxproj]
C:\Users\poker\.codex\worktrees\pr11-original-parity\6kinoko-rebuild\third_party\libvorbis-1.2.0\lib\smallft.c(854,7): warning C4244: “=”: 从“double”转换到“float”，可能丢失数据 [C:\Users\poker\.codex\worktrees\pr11-original-parity\6kinoko-rebuild\build-runs\boundary-615a6b6\kinoko_vorbis.vcxproj]
  block.c
C:\Users\poker\.codex\worktrees\pr11-original-parity\6kinoko-rebuild\third_party\libvorbis-1.2.0\lib\os.h(133,62): warning C4100: 'fpu': 未引用的参数 [C:\Users\poker\.codex\worktrees\pr11-original-parity\6kinoko-rebuild\build-runs\boundary-615a6b6\kinoko_vorbis.vcxproj]
  (编译源文件“../../third_party/libvorbis-1.2.0/lib/block.c”)
  
C:\Users\poker\.codex\worktrees\pr11-original-parity\6kinoko-rebuild\third_party\libvorbis-1.2.0\lib\os.h(136,60): warning C4100: 'fpu': 未引用的参数 [C:\Users\poker\.codex\worktrees\pr11-original-parity\6kinoko-rebuild\build-runs\boundary-615a6b6\kinoko_vorbis.vcxproj]
  (编译源文件“../../third_party/libvorbis-1.2.0/lib/block.c”)
  
C:\Users\poker\.codex\worktrees\pr11-original-parity\6kinoko-rebuild\third_party\libvorbis-1.2.0\lib\block.c(252,9): warning C4456: “i”的声明隐藏了上一个本地声明 [C:\Users\poker\.codex\worktrees\pr11-original-parity\6kinoko-rebuild\build-runs\boundary-615a6b6\kinoko_vorbis.vcxproj]
      C:\Users\poker\.codex\worktrees\pr11-original-parity\6kinoko-rebuild\third_party\libvorbis-1.2.0\lib\block.c(182,7):
      参见“i”的声明
  
C:\Users\poker\.codex\worktrees\pr11-original-parity\6kinoko-rebuild\third_party\libvorbis-1.2.0\lib\block.c(845,51): warning C4244: “-=”: 从“ogg_int64_t”转换到“int”，可能丢失数据 [C:\Users\poker\.codex\worktrees\pr11-original-parity\6kinoko-rebuild\build-runs\boundary-615a6b6\kinoko_vorbis.vcxproj]
C:\Users\poker\.codex\worktrees\pr11-original-parity\6kinoko-rebuild\third_party\libvorbis-1.2.0\lib\block.c(848,52): warning C4244: “+=”: 从“ogg_int64_t”转换到“int”，可能丢失数据 [C:\Users\poker\.codex\worktrees\pr11-original-parity\6kinoko-rebuild\build-runs\boundary-615a6b6\kinoko_vorbis.vcxproj]
C:\Users\poker\.codex\worktrees\pr11-original-parity\6kinoko-rebuild\third_party\libvorbis-1.2.0\lib\block.c(861,26): warning C4244: “初始化”: 从“ogg_int64_t”转换到“long”，可能丢失数据 [C:\Users\poker\.codex\worktrees\pr11-original-parity\6kinoko-rebuild\build-runs\boundary-615a6b6\kinoko_vorbis.vcxproj]
C:\Users\poker\.codex\worktrees\pr11-original-parity\6kinoko-rebuild\third_party\libvorbis-1.2.0\lib\block.c(974,9): warning C4456: “i”的声明隐藏了上一个本地声明 [C:\Users\poker\.codex\worktrees\pr11-original-parity\6kinoko-rebuild\build-runs\boundary-615a6b6\kinoko_vorbis.vcxproj]
      C:\Users\poker\.codex\worktrees\pr11-original-parity\6kinoko-rebuild\third_party\libvorbis-1.2.0\lib\block.c(917,7):
      参见“i”的声明
  
  envelope.c
C:\Users\poker\.codex\worktrees\pr11-original-parity\6kinoko-rebuild\third_party\libvorbis-1.2.0\lib\os.h(133,62): warning C4100: 'fpu': 未引用的参数 [C:\Users\poker\.codex\worktrees\pr11-original-parity\6kinoko-rebuild\build-runs\boundary-615a6b6\kinoko_vorbis.vcxproj]
  (编译源文件“../../third_party/libvorbis-1.2.0/lib/envelope.c”)
  
C:\Users\poker\.codex\worktrees\pr11-original-parity\6kinoko-rebuild\third_party\libvorbis-1.2.0\lib\os.h(136,60): warning C4100: 'fpu': 未引用的参数 [C:\Users\poker\.codex\worktrees\pr11-original-parity\6kinoko-rebuild\build-runs\boundary-615a6b6\kinoko_vorbis.vcxproj]
  (编译源文件“../../third_party/libvorbis-1.2.0/lib/envelope.c”)
  
C:\Users\poker\.codex\worktrees\pr11-original-parity\6kinoko-rebuild\third_party\libvorbis-1.2.0\lib\envelope.c(48,20): warning C4244: “=”: 从“double”转换到“float”，可能丢失数据 [C:\Users\poker\.codex\worktrees\pr11-original-parity\6kinoko-rebuild\build-runs\boundary-615a6b6\kinoko_vorbis.vcxproj]
C:\Users\poker\.codex\worktrees\pr11-original-parity\6kinoko-rebuild\third_party\libvorbis-1.2.0\lib\envelope.c(65,28): warning C4244: “=”: 从“double”转换到“float”，可能丢失数据 [C:\Users\poker\.codex\worktrees\pr11-original-parity\6kinoko-rebuild\build-runs\boundary-615a6b6\kinoko_vorbis.vcxproj]
C:\Users\poker\.codex\worktrees\pr11-original-parity\6kinoko-rebuild\third_party\libvorbis-1.2.0\lib\envelope.c(68,24): warning C4244: “=”: 从“double”转换到“float”，可能丢失数据 [C:\Users\poker\.codex\worktrees\pr11-original-parity\6kinoko-rebuild\build-runs\boundary-615a6b6\kinoko_vorbis.vcxproj]
C:\Users\poker\.codex\worktrees\pr11-original-parity\6kinoko-rebuild\third_party\libvorbis-1.2.0\lib\envelope.c(146,26): warning C4244: “=”: 从“double”转换到“float”，可能丢失数据 [C:\Users\poker\.codex\worktrees\pr11-original-parity\6kinoko-rebuild\build-runs\boundary-615a6b6\kinoko_vorbis.vcxproj]
C:\Users\poker\.codex\worktrees\pr11-original-parity\6kinoko-rebuild\third_party\libvorbis-1.2.0\lib\envelope.c(128,46): warning C4244: “初始化”: 从“double”转换到“float”，可能丢失数据 [C:\Users\poker\.codex\worktrees\pr11-original-parity\6kinoko-rebuild\build-runs\boundary-615a6b6\kinoko_vorbis.vcxproj]
C:\Users\poker\.codex\worktrees\pr11-original-parity\6kinoko-rebuild\third_party\libvorbis-1.2.0\lib\envelope.c(95,11): warning C4100: 'pos': 未引用的参数 [C:\Users\poker\.codex\worktrees\pr11-original-parity\6kinoko-rebuild\build-runs\boundary-615a6b6\kinoko_vorbis.vcxproj]
  window.c
C:\Users\poker\.codex\worktrees\pr11-original-parity\6kinoko-rebuild\third_party\libvorbis-1.2.0\lib\os.h(133,62): warning C4100: 'fpu': 未引用的参数 [C:\Users\poker\.codex\worktrees\pr11-original-parity\6kinoko-rebuild\build-runs\boundary-615a6b6\kinoko_vorbis.vcxproj]
  (编译源文件“../../third_party/libvorbis-1.2.0/lib/window.c”)
  
C:\Users\poker\.codex\worktrees\pr11-original-parity\6kinoko-rebuild\third_party\libvorbis-1.2.0\lib\os.h(136,60): warning C4100: 'fpu': 未引用的参数 [C:\Users\poker\.codex\worktrees\pr11-original-parity\6kinoko-rebuild\build-runs\boundary-615a6b6\kinoko_vorbis.vcxproj]
  (编译源文件“../../third_party/libvorbis-1.2.0/lib/window.c”)
  
  lsp.c
C:\Users\poker\.codex\worktrees\pr11-original-parity\6kinoko-rebuild\third_party\libvorbis-1.2.0\lib\os.h(133,62): warning C4100: 'fpu': 未引用的参数 [C:\Users\poker\.codex\worktrees\pr11-original-parity\6kinoko-rebuild\build-runs\boundary-615a6b6\kinoko_vorbis.vcxproj]
  (编译源文件“../../third_party/libvorbis-1.2.0/lib/lsp.c”)
  
C:\Users\poker\.codex\worktrees\pr11-original-parity\6kinoko-rebuild\third_party\libvorbis-1.2.0\lib\os.h(136,60): warning C4100: 'fpu': 未引用的参数 [C:\Users\poker\.codex\worktrees\pr11-original-parity\6kinoko-rebuild\build-runs\boundary-615a6b6\kinoko_vorbis.vcxproj]
  (编译源文件“../../third_party/libvorbis-1.2.0/lib/lsp.c”)
  
C:\Users\poker\.codex\worktrees\pr11-original-parity\6kinoko-rebuild\third_party\libvorbis-1.2.0\lib\lookup.c(31,23): warning C4244: “return”: 从“double”转换到“float”，可能丢失数据 [C:\Users\poker\.codex\worktrees\pr11-original-parity\6kinoko-rebuild\build-runs\boundary-615a6b6\kinoko_vorbis.vcxproj]
  (编译源文件“../../third_party/libvorbis-1.2.0/lib/lsp.c”)
  
C:\Users\poker\.codex\worktrees\pr11-original-parity\6kinoko-rebuild\third_party\libvorbis-1.2.0\lib\lookup.c(38,25): warning C4244: “return”: 从“double”转换到“float”，可能丢失数据 [C:\Users\poker\.codex\worktrees\pr11-original-parity\6kinoko-rebuild\build-runs\boundary-615a6b6\kinoko_vorbis.vcxproj]
  (编译源文件“../../third_party/libvorbis-1.2.0/lib/lsp.c”)
  
C:\Users\poker\.codex\worktrees\pr11-original-parity\6kinoko-rebuild\third_party\libvorbis-1.2.0\lib\lsp.c(101,7): warning C4244: “=”: 从“double”转换到“float”，可能丢失数据 [C:\Users\poker\.codex\worktrees\pr11-original-parity\6kinoko-rebuild\build-runs\boundary-615a6b6\kinoko_vorbis.vcxproj]
C:\Users\poker\.codex\worktrees\pr11-original-parity\6kinoko-rebuild\third_party\libvorbis-1.2.0\lib\lsp.c(351,12): warning C4244: “=”: 从“double”转换到“float”，可能丢失数据 [C:\Users\poker\.codex\worktrees\pr11-original-parity\6kinoko-rebuild\build-runs\boundary-615a6b6\kinoko_vorbis.vcxproj]
C:\Users\poker\.codex\worktrees\pr11-original-parity\6kinoko-rebuild\third_party\libvorbis-1.2.0\lib\lsp.c(398,34): warning C4244: “=”: 从“double”转换到“float”，可能丢失数据 [C:\Users\poker\.codex\worktrees\pr11-original-parity\6kinoko-rebuild\build-runs\boundary-615a6b6\kinoko_vorbis.vcxproj]
C:\Users\poker\.codex\worktrees\pr11-original-parity\6kinoko-rebuild\third_party\libvorbis-1.2.0\lib\lsp.c(450,16): warning C4244: “=”: 从“double”转换到“float”，可能丢失数据 [C:\Users\poker\.codex\worktrees\pr11-original-parity\6kinoko-rebuild\build-runs\boundary-615a6b6\kinoko_vorbis.vcxproj]
C:\Users\poker\.codex\worktrees\pr11-original-parity\6kinoko-rebuild\third_party\libvorbis-1.2.0\lib\lsp.c(453,18): warning C4244: “=”: 从“double”转换到“float”，可能丢失数据 [C:\Users\poker\.codex\worktrees\pr11-original-parity\6kinoko-rebuild\build-runs\boundary-615a6b6\kinoko_vorbis.vcxproj]
  lpc.c
C:\Users\poker\.codex\worktrees\pr11-original-parity\6kinoko-rebuild\third_party\libvorbis-1.2.0\lib\os.h(133,62): warning C4100: 'fpu': 未引用的参数 [C:\Users\poker\.codex\worktrees\pr11-original-parity\6kinoko-rebuild\build-runs\boundary-615a6b6\kinoko_vorbis.vcxproj]
  (编译源文件“../../third_party/libvorbis-1.2.0/lib/lpc.c”)
  
C:\Users\poker\.codex\worktrees\pr11-original-parity\6kinoko-rebuild\third_party\libvorbis-1.2.0\lib\os.h(136,60): warning C4100: 'fpu': 未引用的参数 [C:\Users\poker\.codex\worktrees\pr11-original-parity\6kinoko-rebuild\build-runs\boundary-615a6b6\kinoko_vorbis.vcxproj]
  (编译源文件“../../third_party/libvorbis-1.2.0/lib/lpc.c”)
  
C:\Users\poker\.codex\worktrees\pr11-original-parity\6kinoko-rebuild\third_party\libvorbis-1.2.0\lib\lpc.c(114,10): warning C4244: “return”: 从“double”转换到“float”，可能丢失数据 [C:\Users\poker\.codex\worktrees\pr11-original-parity\6kinoko-rebuild\build-runs\boundary-615a6b6\kinoko_vorbis.vcxproj]
  analysis.c
  archive_store.cpp
C:\Users\poker\.codex\worktrees\pr11-original-parity\6kinoko-rebuild\third_party\libvorbis-1.2.0\lib\os.h(133,62): warning C4100: 'fpu': 未引用的参数 [C:\Users\poker\.codex\worktrees\pr11-original-parity\6kinoko-rebuild\build-runs\boundary-615a6b6\kinoko_vorbis.vcxproj]
  (编译源文件“../../third_party/libvorbis-1.2.0/lib/analysis.c”)
  
C:\Users\poker\.codex\worktrees\pr11-original-parity\6kinoko-rebuild\third_party\libvorbis-1.2.0\lib\os.h(136,60): warning C4100: 'fpu': 未引用的参数 [C:\Users\poker\.codex\worktrees\pr11-original-parity\6kinoko-rebuild\build-runs\boundary-615a6b6\kinoko_vorbis.vcxproj]
  (编译源文件“../../third_party/libvorbis-1.2.0/lib/analysis.c”)
  
C:\Users\poker\.codex\worktrees\pr11-original-parity\6kinoko-rebuild\third_party\libvorbis-1.2.0\lib\analysis.c(82,10): warning C4244: “初始化”: 从“double”转换到“float”，可能丢失数据 [C:\Users\poker\.codex\worktrees\pr11-original-parity\6kinoko-rebuild\build-runs\boundary-615a6b6\kinoko_vorbis.vcxproj]
  synthesis.c
C:\Users\poker\.codex\worktrees\pr11-original-parity\6kinoko-rebuild\third_party\libvorbis-1.2.0\lib\os.h(133,62): warning C4100: 'fpu': 未引用的参数 [C:\Users\poker\.codex\worktrees\pr11-original-parity\6kinoko-rebuild\build-runs\boundary-615a6b6\kinoko_vorbis.vcxproj]
  (编译源文件“../../third_party/libvorbis-1.2.0/lib/synthesis.c”)
  
C:\Users\poker\.codex\worktrees\pr11-original-parity\6kinoko-rebuild\third_party\libvorbis-1.2.0\lib\os.h(136,60): warning C4100: 'fpu': 未引用的参数 [C:\Users\poker\.codex\worktrees\pr11-original-parity\6kinoko-rebuild\build-runs\boundary-615a6b6\kinoko_vorbis.vcxproj]
  (编译源文件“../../third_party/libvorbis-1.2.0/lib/synthesis.c”)
  
  psy.c
C:\Users\poker\.codex\worktrees\pr11-original-parity\6kinoko-rebuild\third_party\libvorbis-1.2.0\lib\os.h(133,62): warning C4100: 'fpu': 未引用的参数 [C:\Users\poker\.codex\worktrees\pr11-original-parity\6kinoko-rebuild\build-runs\boundary-615a6b6\kinoko_vorbis.vcxproj]
  (编译源文件“../../third_party/libvorbis-1.2.0/lib/psy.c”)
  
C:\Users\poker\.codex\worktrees\pr11-original-parity\6kinoko-rebuild\third_party\libvorbis-1.2.0\lib\os.h(136,60): warning C4100: 'fpu': 未引用的参数 [C:\Users\poker\.codex\worktrees\pr11-original-parity\6kinoko-rebuild\build-runs\boundary-615a6b6\kinoko_vorbis.vcxproj]
  (编译源文件“../../third_party/libvorbis-1.2.0/lib/psy.c”)
  
C:\Users\poker\.codex\worktrees\pr11-original-parity\6kinoko-rebuild\third_party\libvorbis-1.2.0\lib\psy.c(137,68): warning C4244: “函数”: 从“double”转换到“float”，可能丢失数据 [C:\Users\poker\.codex\worktrees\pr11-original-parity\6kinoko-rebuild\build-runs\boundary-615a6b6\kinoko_vorbis.vcxproj]
C:\Users\poker\.codex\worktrees\pr11-original-parity\6kinoko-rebuild\third_party\libvorbis-1.2.0\lib\psy.c(139,43): warning C4244: “函数”: 从“double”转换到“float”，可能丢失数据 [C:\Users\poker\.codex\worktrees\pr11-original-parity\6kinoko-rebuild\build-runs\boundary-615a6b6\kinoko_vorbis.vcxproj]
C:\Users\poker\.codex\worktrees\pr11-original-parity\6kinoko-rebuild\third_party\libvorbis-1.2.0\lib\psy.c(173,9): warning C4244: “=”: 从“double”转换到“int”，可能丢失数据 [C:\Users\poker\.codex\worktrees\pr11-original-parity\6kinoko-rebuild\build-runs\boundary-615a6b6\kinoko_vorbis.vcxproj]
C:\Users\poker\.codex\worktrees\pr11-original-parity\6kinoko-rebuild\third_party\libvorbis-1.2.0\lib\psy.c(174,16): warning C4244: “=”: 从“double”转换到“int”，可能丢失数据 [C:\Users\poker\.codex\worktrees\pr11-original-parity\6kinoko-rebuild\build-runs\boundary-615a6b6\kinoko_vorbis.vcxproj]
C:\Users\poker\.codex\worktrees\pr11-original-parity\6kinoko-rebuild\third_party\libvorbis-1.2.0\lib\psy.c(175,16): warning C4244: “=”: 从“double”转换到“int”，可能丢失数据 [C:\Users\poker\.codex\worktrees\pr11-original-parity\6kinoko-rebuild\build-runs\boundary-615a6b6\kinoko_vorbis.vcxproj]
C:\Users\poker\.codex\worktrees\pr11-original-parity\6kinoko-rebuild\third_party\libvorbis-1.2.0\lib\psy.c(239,6): warning C4456: “bin”的声明隐藏了上一个本地声明 [C:\Users\poker\.codex\worktrees\pr11-original-parity\6kinoko-rebuild\build-runs\boundary-615a6b6\kinoko_vorbis.vcxproj]
      C:\Users\poker\.codex\worktrees\pr11-original-parity\6kinoko-rebuild\third_party\libvorbis-1.2.0\lib\psy.c(160,27):
      参见“bin”的声明
  
C:\Users\poker\.codex\worktrees\pr11-original-parity\6kinoko-rebuild\third_party\libvorbis-1.2.0\lib\psy.c(254,20): warning C4244: “=”: 从“int”转换到“float”，可能丢失数据 [C:\Users\poker\.codex\worktrees\pr11-original-parity\6kinoko-rebuild\build-runs\boundary-615a6b6\kinoko_vorbis.vcxproj]
C:\Users\poker\.codex\worktrees\pr11-original-parity\6kinoko-rebuild\third_party\libvorbis-1.2.0\lib\psy.c(259,20): warning C4244: “=”: 从“int”转换到“float”，可能丢失数据 [C:\Users\poker\.codex\worktrees\pr11-original-parity\6kinoko-rebuild\build-runs\boundary-615a6b6\kinoko_vorbis.vcxproj]
C:\Users\poker\.codex\worktrees\pr11-original-parity\6kinoko-rebuild\third_party\libvorbis-1.2.0\lib\psy.c(192,42): warning C4244: “初始化”: 从“double”转换到“int”，可能丢失数据 [C:\Users\poker\.codex\worktrees\pr11-original-parity\6kinoko-rebuild\build-runs\boundary-615a6b6\kinoko_vorbis.vcxproj]
C:\Users\poker\.codex\worktrees\pr11-original-parity\6kinoko-rebuild\third_party\libvorbis-1.2.0\lib\psy.c(193,48): warning C4244: “初始化”: 从“double”转换到“int”，可能丢失数据 [C:\Users\poker\.codex\worktrees\pr11-original-parity\6kinoko-rebuild\build-runs\boundary-615a6b6\kinoko_vorbis.vcxproj]
C:\Users\poker\.codex\worktrees\pr11-original-parity\6kinoko-rebuild\third_party\libvorbis-1.2.0\lib\psy.c(217,42): warning C4244: “初始化”: 从“double”转换到“int”，可能丢失数据 [C:\Users\poker\.codex\worktrees\pr11-original-parity\6kinoko-rebuild\build-runs\boundary-615a6b6\kinoko_vorbis.vcxproj]
C:\Users\poker\.codex\worktrees\pr11-original-parity\6kinoko-rebuild\third_party\libvorbis-1.2.0\lib\psy.c(218,48): warning C4244: “初始化”: 从“double”转换到“int”，可能丢失数据 [C:\Users\poker\.codex\worktrees\pr11-original-parity\6kinoko-rebuild\build-runs\boundary-615a6b6\kinoko_vorbis.vcxproj]
C:\Users\poker\.codex\worktrees\pr11-original-parity\6kinoko-rebuild\third_party\libvorbis-1.2.0\lib\psy.c(239,32): warning C4244: “初始化”: 从“double”转换到“int”，可能丢失数据 [C:\Users\poker\.codex\worktrees\pr11-original-parity\6kinoko-rebuild\build-runs\boundary-615a6b6\kinoko_vorbis.vcxproj]
C:\Users\poker\.codex\worktrees\pr11-original-parity\6kinoko-rebuild\third_party\libvorbis-1.2.0\lib\psy.c(274,61): warning C4244: “=”: 从“double”转换到“long”，可能丢失数据 [C:\Users\poker\.codex\worktrees\pr11-original-parity\6kinoko-rebuild\build-runs\boundary-615a6b6\kinoko_vorbis.vcxproj]
C:\Users\poker\.codex\worktrees\pr11-original-parity\6kinoko-rebuild\third_party\libvorbis-1.2.0\lib\psy.c(276,54): warning C4244: “=”: 从“double”转换到“long”，可能丢失数据 [C:\Users\poker\.codex\worktrees\pr11-original-parity\6kinoko-rebuild\build-runs\boundary-615a6b6\kinoko_vorbis.vcxproj]
C:\Users\poker\.codex\worktrees\pr11-original-parity\6kinoko-rebuild\third_party\libvorbis-1.2.0\lib\psy.c(277,53): warning C4244: “=”: 从“double”转换到“long”，可能丢失数据 [C:\Users\poker\.codex\worktrees\pr11-original-parity\6kinoko-rebuild\build-runs\boundary-615a6b6\kinoko_vorbis.vcxproj]
C:\Users\poker\.codex\worktrees\pr11-original-parity\6kinoko-rebuild\third_party\libvorbis-1.2.0\lib\psy.c(290,36): warning C4305: “=”: 从“double”到“float”截断 [C:\Users\poker\.codex\worktrees\pr11-original-parity\6kinoko-rebuild\build-runs\boundary-615a6b6\kinoko_vorbis.vcxproj]
C:\Users\poker\.codex\worktrees\pr11-original-parity\6kinoko-rebuild\third_party\libvorbis-1.2.0\lib\psy.c(291,36): warning C4305: “=”: 从“double”到“float”截断 [C:\Users\poker\.codex\worktrees\pr11-original-parity\6kinoko-rebuild\build-runs\boundary-615a6b6\kinoko_vorbis.vcxproj]
C:\Users\poker\.codex\worktrees\pr11-original-parity\6kinoko-rebuild\third_party\libvorbis-1.2.0\lib\psy.c(301,23): warning C4244: “=”: 从“double”转换到“float”，可能丢失数据 [C:\Users\poker\.codex\worktrees\pr11-original-parity\6kinoko-rebuild\build-runs\boundary-615a6b6\kinoko_vorbis.vcxproj]
C:\Users\poker\.codex\worktrees\pr11-original-parity\6kinoko-rebuild\third_party\libvorbis-1.2.0\lib\psy.c(321,62): warning C4244: “=”: 从“double”转换到“long”，可能丢失数据 [C:\Users\poker\.codex\worktrees\pr11-original-parity\6kinoko-rebuild\build-runs\boundary-615a6b6\kinoko_vorbis.vcxproj]
C:\Users\poker\.codex\worktrees\pr11-original-parity\6kinoko-rebuild\third_party\libvorbis-1.2.0\lib\psy.c(323,54): warning C4244: “函数”: 从“double”转换到“float”，可能丢失数据 [C:\Users\poker\.codex\worktrees\pr11-original-parity\6kinoko-rebuild\build-runs\boundary-615a6b6\kinoko_vorbis.vcxproj]
C:\Users\poker\.codex\worktrees\pr11-original-parity\6kinoko-rebuild\third_party\libvorbis-1.2.0\lib\psy.c(343,41): warning C4244: “=”: 从“double”转换到“float”，可能丢失数据 [C:\Users\poker\.codex\worktrees\pr11-original-parity\6kinoko-rebuild\build-runs\boundary-615a6b6\kinoko_vorbis.vcxproj]
C:\Users\poker\.codex\worktrees\pr11-original-parity\6kinoko-rebuild\third_party\libvorbis-1.2.0\lib\psy.c(296,16): warning C4244: “初始化”: 从“double”转换到“int”，可能丢失数据 [C:\Users\poker\.codex\worktrees\pr11-original-parity\6kinoko-rebuild\build-runs\boundary-615a6b6\kinoko_vorbis.vcxproj]
C:\Users\poker\.codex\worktrees\pr11-original-parity\6kinoko-rebuild\third_party\libvorbis-1.2.0\lib\psy.c(308,16): warning C4244: “初始化”: 从“double”转换到“float”，可能丢失数据 [C:\Users\poker\.codex\worktrees\pr11-original-parity\6kinoko-rebuild\build-runs\boundary-615a6b6\kinoko_vorbis.vcxproj]
C:\Users\poker\.codex\worktrees\pr11-original-parity\6kinoko-rebuild\third_party\libvorbis-1.2.0\lib\psy.c(332,42): warning C4244: “初始化”: 从“double”转换到“float”，可能丢失数据 [C:\Users\poker\.codex\worktrees\pr11-original-parity\6kinoko-rebuild\build-runs\boundary-615a6b6\kinoko_vorbis.vcxproj]
C:\Users\poker\.codex\worktrees\pr11-original-parity\6kinoko-rebuild\third_party\libvorbis-1.2.0\lib\psy.c(398,46): warning C4244: “=”: 从“const float”转换到“int”，可能丢失数据 [C:\Users\poker\.codex\worktrees\pr11-original-parity\6kinoko-rebuild\build-runs\boundary-615a6b6\kinoko_vorbis.vcxproj]
C:\Users\poker\.codex\worktrees\pr11-original-parity\6kinoko-rebuild\third_party\libvorbis-1.2.0\lib\psy.c(400,14): warning C4244: “=”: 从“const float”转换到“int”，可能丢失数据 [C:\Users\poker\.codex\worktrees\pr11-original-parity\6kinoko-rebuild\build-runs\boundary-615a6b6\kinoko_vorbis.vcxproj]
C:\Users\poker\.codex\worktrees\pr11-original-parity\6kinoko-rebuild\third_party\libvorbis-1.2.0\lib\psy.c(567,13): warning C4244: “=”: 从“double”转换到“float”，可能丢失数据 [C:\Users\poker\.codex\worktrees\pr11-original-parity\6kinoko-rebuild\build-runs\boundary-615a6b6\kinoko_vorbis.vcxproj]
C:\Users\poker\.codex\worktrees\pr11-original-parity\6kinoko-rebuild\third_party\libvorbis-1.2.0\lib\psy.c(821,22): warning C4244: “初始化”: 从“double”转换到“int”，可能丢失数据 [C:\Users\poker\.codex\worktrees\pr11-original-parity\6kinoko-rebuild\build-runs\boundary-615a6b6\kinoko_vorbis.vcxproj]
C:\Users\poker\.codex\worktrees\pr11-original-parity\6kinoko-rebuild\third_party\libvorbis-1.2.0\lib\psy.c(883,16): warning C4305: “=”: 从“double”到“float”截断 [C:\Users\poker\.codex\worktrees\pr11-original-parity\6kinoko-rebuild\build-runs\boundary-615a6b6\kinoko_vorbis.vcxproj]
C:\Users\poker\.codex\worktrees\pr11-original-parity\6kinoko-rebuild\third_party\libvorbis-1.2.0\lib\psy.c(889,10): warning C4244: “=”: 从“double”转换到“float”，可能丢失数据 [C:\Users\poker\.codex\worktrees\pr11-original-parity\6kinoko-rebuild\build-runs\boundary-615a6b6\kinoko_vorbis.vcxproj]
C:\Users\poker\.codex\worktrees\pr11-original-parity\6kinoko-rebuild\third_party\libvorbis-1.2.0\lib\psy.c(896,18): warning C4305: “=”: 从“double”到“float”截断 [C:\Users\poker\.codex\worktrees\pr11-original-parity\6kinoko-rebuild\build-runs\boundary-615a6b6\kinoko_vorbis.vcxproj]
C:\Users\poker\.codex\worktrees\pr11-original-parity\6kinoko-rebuild\third_party\libvorbis-1.2.0\lib\psy.c(900,10): warning C4244: “=”: 从“double”转换到“float”，可能丢失数据 [C:\Users\poker\.codex\worktrees\pr11-original-parity\6kinoko-rebuild\build-runs\boundary-615a6b6\kinoko_vorbis.vcxproj]
C:\Users\poker\.codex\worktrees\pr11-original-parity\6kinoko-rebuild\third_party\libvorbis-1.2.0\lib\psy.c(940,20): warning C4244: “=”: 从“double”转换到“float”，可能丢失数据 [C:\Users\poker\.codex\worktrees\pr11-original-parity\6kinoko-rebuild\build-runs\boundary-615a6b6\kinoko_vorbis.vcxproj]
C:\Users\poker\.codex\worktrees\pr11-original-parity\6kinoko-rebuild\third_party\libvorbis-1.2.0\lib\psy.c(946,3): warning C4305: “初始化”: 从“double”到“float”截断 [C:\Users\poker\.codex\worktrees\pr11-original-parity\6kinoko-rebuild\build-runs\boundary-615a6b6\kinoko_vorbis.vcxproj]
C:\Users\poker\.codex\worktrees\pr11-original-parity\6kinoko-rebuild\third_party\libvorbis-1.2.0\lib\psy.c(946,14): warning C4305: “初始化”: 从“double”到“float”截断 [C:\Users\poker\.codex\worktrees\pr11-original-parity\6kinoko-rebuild\build-runs\boundary-615a6b6\kinoko_vorbis.vcxproj]
C:\Users\poker\.codex\worktrees\pr11-original-parity\6kinoko-rebuild\third_party\libvorbis-1.2.0\lib\psy.c(946,25): warning C4305: “初始化”: 从“double”到“float”截断 [C:\Users\poker\.codex\worktrees\pr11-original-parity\6kinoko-rebuild\build-runs\boundary-615a6b6\kinoko_vorbis.vcxproj]
C:\Users\poker\.codex\worktrees\pr11-original-parity\6kinoko-rebuild\third_party\libvorbis-1.2.0\lib\psy.c(946,36): warning C4305: “初始化”: 从“double”到“float”截断 [C:\Users\poker\.codex\worktrees\pr11-original-parity\6kinoko-rebuild\build-runs\boundary-615a6b6\kinoko_vorbis.vcxproj]
C:\Users\poker\.codex\worktrees\pr11-original-parity\6kinoko-rebuild\third_party\libvorbis-1.2.0\lib\psy.c(947,3): warning C4305: “初始化”: 从“double”到“float”截断 [C:\Users\poker\.codex\worktrees\pr11-original-parity\6kinoko-rebuild\build-runs\boundary-615a6b6\kinoko_vorbis.vcxproj]
C:\Users\poker\.codex\worktrees\pr11-original-parity\6kinoko-rebuild\third_party\libvorbis-1.2.0\lib\psy.c(947,14): warning C4305: “初始化”: 从“double”到“float”截断 [C:\Users\poker\.codex\worktrees\pr11-original-parity\6kinoko-rebuild\build-runs\boundary-615a6b6\kinoko_vorbis.vcxproj]
C:\Users\poker\.codex\worktrees\pr11-original-parity\6kinoko-rebuild\third_party\libvorbis-1.2.0\lib\psy.c(947,25): warning C4305: “初始化”: 从“double”到“float”截断 [C:\Users\poker\.codex\worktrees\pr11-original-parity\6kinoko-rebuild\build-runs\boundary-615a6b6\kinoko_vorbis.vcxproj]
C:\Users\poker\.codex\worktrees\pr11-original-parity\6kinoko-rebuild\third_party\libvorbis-1.2.0\lib\psy.c(947,36): warning C4305: “初始化”: 从“double”到“float”截断 [C:\Users\poker\.codex\worktrees\pr11-original-parity\6kinoko-rebuild\build-runs\boundary-615a6b6\kinoko_vorbis.vcxproj]
C:\Users\poker\.codex\worktrees\pr11-original-parity\6kinoko-rebuild\third_party\libvorbis-1.2.0\lib\psy.c(948,3): warning C4305: “初始化”: 从“double”到“float”截断 [C:\Users\poker\.codex\worktrees\pr11-original-parity\6kinoko-rebuild\build-runs\boundary-615a6b6\kinoko_vorbis.vcxproj]
C:\Users\poker\.codex\worktrees\pr11-original-parity\6kinoko-rebuild\third_party\libvorbis-1.2.0\lib\psy.c(948,14): warning C4305: “初始化”: 从“double”到“float”截断 [C:\Users\poker\.codex\worktrees\pr11-original-parity\6kinoko-rebuild\build-runs\boundary-615a6b6\kinoko_vorbis.vcxproj]
C:\Users\poker\.codex\worktrees\pr11-original-parity\6kinoko-rebuild\third_party\libvorbis-1.2.0\lib\psy.c(948,25): warning C4305: “初始化”: 从“double”到“float”截断 [C:\Users\poker\.codex\worktrees\pr11-original-parity\6kinoko-rebuild\build-runs\boundary-615a6b6\kinoko_vorbis.vcxproj]
C:\Users\poker\.codex\worktrees\pr11-original-parity\6kinoko-rebuild\third_party\libvorbis-1.2.0\lib\psy.c(948,36): warning C4305: “初始化”: 从“double”到“float”截断 [C:\Users\poker\.codex\worktrees\pr11-original-parity\6kinoko-rebuild\build-runs\boundary-615a6b6\kinoko_vorbis.vcxproj]
C:\Users\poker\.codex\worktrees\pr11-original-parity\6kinoko-rebuild\third_party\libvorbis-1.2.0\lib\psy.c(949,3): warning C4305: “初始化”: 从“double”到“float”截断 [C:\Users\poker\.codex\worktrees\pr11-original-parity\6kinoko-rebuild\build-runs\boundary-615a6b6\kinoko_vorbis.vcxproj]
C:\Users\poker\.codex\worktrees\pr11-original-parity\6kinoko-rebuild\third_party\libvorbis-1.2.0\lib\psy.c(949,14): warning C4305: “初始化”: 从“double”到“float”截断 [C:\Users\poker\.codex\worktrees\pr11-original-parity\6kinoko-rebuild\build-runs\boundary-615a6b6\kinoko_vorbis.vcxproj]
C:\Users\poker\.codex\worktrees\pr11-original-parity\6kinoko-rebuild\third_party\libvorbis-1.2.0\lib\psy.c(949,25): warning C4305: “初始化”: 从“double”到“float”截断 [C:\Users\poker\.codex\worktrees\pr11-original-parity\6kinoko-rebuild\build-runs\boundary-615a6b6\kinoko_vorbis.vcxproj]
C:\Users\poker\.codex\worktrees\pr11-original-parity\6kinoko-rebuild\third_party\libvorbis-1.2.0\lib\psy.c(949,36): warning C4305: “初始化”: 从“double”到“float”截断 [C:\Users\poker\.codex\worktrees\pr11-original-parity\6kinoko-rebuild\build-runs\boundary-615a6b6\kinoko_vorbis.vcxproj]
C:\Users\poker\.codex\worktrees\pr11-original-parity\6kinoko-rebuild\third_party\libvorbis-1.2.0\lib\psy.c(950,3): warning C4305: “初始化”: 从“double”到“float”截断 [C:\Users\poker\.codex\worktrees\pr11-original-parity\6kinoko-rebuild\build-runs\boundary-615a6b6\kinoko_vorbis.vcxproj]
C:\Users\poker\.codex\worktrees\pr11-original-parity\6kinoko-rebuild\third_party\libvorbis-1.2.0\lib\psy.c(950,14): warning C4305: “初始化”: 从“double”到“float”截断 [C:\Users\poker\.codex\worktrees\pr11-original-parity\6kinoko-rebuild\build-runs\boundary-615a6b6\kinoko_vorbis.vcxproj]
C:\Users\poker\.codex\worktrees\pr11-original-parity\6kinoko-rebuild\third_party\libvorbis-1.2.0\lib\psy.c(950,25): warning C4305: “初始化”: 从“double”到“float”截断 [C:\Users\poker\.codex\worktrees\pr11-original-parity\6kinoko-rebuild\build-runs\boundary-615a6b6\kinoko_vorbis.vcxproj]
C:\Users\poker\.codex\worktrees\pr11-original-parity\6kinoko-rebuild\third_party\libvorbis-1.2.0\lib\psy.c(950,36): warning C4305: “初始化”: 从“double”到“float”截断 [C:\Users\poker\.codex\worktrees\pr11-original-parity\6kinoko-rebuild\build-runs\boundary-615a6b6\kinoko_vorbis.vcxproj]
C:\Users\poker\.codex\worktrees\pr11-original-parity\6kinoko-rebuild\third_party\libvorbis-1.2.0\lib\psy.c(951,3): warning C4305: “初始化”: 从“double”到“float”截断 [C:\Users\poker\.codex\worktrees\pr11-original-parity\6kinoko-rebuild\build-runs\boundary-615a6b6\kinoko_vorbis.vcxproj]
C:\Users\poker\.codex\worktrees\pr11-original-parity\6kinoko-rebuild\third_party\libvorbis-1.2.0\lib\psy.c(951,14): warning C4305: “初始化”: 从“double”到“float”截断 [C:\Users\poker\.codex\worktrees\pr11-original-parity\6kinoko-rebuild\build-runs\boundary-615a6b6\kinoko_vorbis.vcxproj]
C:\Users\poker\.codex\worktrees\pr11-original-parity\6kinoko-rebuild\third_party\libvorbis-1.2.0\lib\psy.c(951,25): warning C4305: “初始化”: 从“double”到“float”截断 [C:\Users\poker\.codex\worktrees\pr11-original-parity\6kinoko-rebuild\build-runs\boundary-615a6b6\kinoko_vorbis.vcxproj]
C:\Users\poker\.codex\worktrees\pr11-original-parity\6kinoko-rebuild\third_party\libvorbis-1.2.0\lib\psy.c(951,36): warning C4305: “初始化”: 从“double”到“float”截断 [C:\Users\poker\.codex\worktrees\pr11-original-parity\6kinoko-rebuild\build-runs\boundary-615a6b6\kinoko_vorbis.vcxproj]
C:\Users\poker\.codex\worktrees\pr11-original-parity\6kinoko-rebuild\third_party\libvorbis-1.2.0\lib\psy.c(952,3): warning C4305: “初始化”: 从“double”到“float”截断 [C:\Users\poker\.codex\worktrees\pr11-original-parity\6kinoko-rebuild\build-runs\boundary-615a6b6\kinoko_vorbis.vcxproj]
C:\Users\poker\.codex\worktrees\pr11-original-parity\6kinoko-rebuild\third_party\libvorbis-1.2.0\lib\psy.c(952,14): warning C4305: “初始化”: 从“double”到“float”截断 [C:\Users\poker\.codex\worktrees\pr11-original-parity\6kinoko-rebuild\build-runs\boundary-615a6b6\kinoko_vorbis.vcxproj]
C:\Users\poker\.codex\worktrees\pr11-original-parity\6kinoko-rebuild\third_party\libvorbis-1.2.0\lib\psy.c(952,25): warning C4305: “初始化”: 从“double”到“float”截断 [C:\Users\poker\.codex\worktrees\pr11-original-parity\6kinoko-rebuild\build-runs\boundary-615a6b6\kinoko_vorbis.vcxproj]
C:\Users\poker\.codex\worktrees\pr11-original-parity\6kinoko-rebuild\third_party\libvorbis-1.2.0\lib\psy.c(952,36): warning C4305: “初始化”: 从“double”到“float”截断 [C:\Users\poker\.codex\worktrees\pr11-original-parity\6kinoko-rebuild\build-runs\boundary-615a6b6\kinoko_vorbis.vcxproj]
C:\Users\poker\.codex\worktrees\pr11-original-parity\6kinoko-rebuild\third_party\libvorbis-1.2.0\lib\psy.c(953,3): warning C4305: “初始化”: 从“double”到“float”截断 [C:\Users\poker\.codex\worktrees\pr11-original-parity\6kinoko-rebuild\build-runs\boundary-615a6b6\kinoko_vorbis.vcxproj]
C:\Users\poker\.codex\worktrees\pr11-original-parity\6kinoko-rebuild\third_party\libvorbis-1.2.0\lib\psy.c(953,14): warning C4305: “初始化”: 从“double”到“float”截断 [C:\Users\poker\.codex\worktrees\pr11-original-parity\6kinoko-rebuild\build-runs\boundary-615a6b6\kinoko_vorbis.vcxproj]
C:\Users\poker\.codex\worktrees\pr11-original-parity\6kinoko-rebuild\third_party\libvorbis-1.2.0\lib\psy.c(953,25): warning C4305: “初始化”: 从“double”到“float”截断 [C:\Users\poker\.codex\worktrees\pr11-original-parity\6kinoko-rebuild\build-runs\boundary-615a6b6\kinoko_vorbis.vcxproj]
C:\Users\poker\.codex\worktrees\pr11-original-parity\6kinoko-rebuild\third_party\libvorbis-1.2.0\lib\psy.c(953,36): warning C4305: “初始化”: 从“double”到“float”截断 [C:\Users\poker\.codex\worktrees\pr11-original-parity\6kinoko-rebuild\build-runs\boundary-615a6b6\kinoko_vorbis.vcxproj]
C:\Users\poker\.codex\worktrees\pr11-original-parity\6kinoko-rebuild\third_party\libvorbis-1.2.0\lib\psy.c(977,20): warning C4244: “return”: 从“double”转换到“float”，可能丢失数据 [C:\Users\poker\.codex\worktrees\pr11-original-parity\6kinoko-rebuild\build-runs\boundary-615a6b6\kinoko_vorbis.vcxproj]
C:\Users\poker\.codex\worktrees\pr11-original-parity\6kinoko-rebuild\third_party\libvorbis-1.2.0\lib\psy.c(978,20): warning C4244: “return”: 从“double”转换到“float”，可能丢失数据 [C:\Users\poker\.codex\worktrees\pr11-original-parity\6kinoko-rebuild\build-runs\boundary-615a6b6\kinoko_vorbis.vcxproj]
C:\Users\poker\.codex\worktrees\pr11-original-parity\6kinoko-rebuild\third_party\libvorbis-1.2.0\lib\psy.c(979,12): warning C4244: “return”: 从“double”转换到“float”，可能丢失数据 [C:\Users\poker\.codex\worktrees\pr11-original-parity\6kinoko-rebuild\build-runs\boundary-615a6b6\kinoko_vorbis.vcxproj]
C:\Users\poker\.codex\worktrees\pr11-original-parity\6kinoko-rebuild\third_party\libvorbis-1.2.0\lib\psy.c(981,18): warning C4244: “return”: 从“double”转换到“float”，可能丢失数据 [C:\Users\poker\.codex\worktrees\pr11-original-parity\6kinoko-rebuild\build-runs\boundary-615a6b6\kinoko_vorbis.vcxproj]
C:\Users\poker\.codex\worktrees\pr11-original-parity\6kinoko-rebuild\third_party\libvorbis-1.2.0\lib\psy.c(982,18): warning C4244: “return”: 从“double”转换到“float”，可能丢失数据 [C:\Users\poker\.codex\worktrees\pr11-original-parity\6kinoko-rebuild\build-runs\boundary-615a6b6\kinoko_vorbis.vcxproj]
C:\Users\poker\.codex\worktrees\pr11-original-parity\6kinoko-rebuild\third_party\libvorbis-1.2.0\lib\psy.c(983,10): warning C4244: “return”: 从“double”转换到“float”，可能丢失数据 [C:\Users\poker\.codex\worktrees\pr11-original-parity\6kinoko-rebuild\build-runs\boundary-615a6b6\kinoko_vorbis.vcxproj]
C:\Users\poker\.codex\worktrees\pr11-original-parity\6kinoko-rebuild\third_party\libvorbis-1.2.0\lib\psy.c(987,20): warning C4244: “return”: 从“double”转换到“float”，可能丢失数据 [C:\Users\poker\.codex\worktrees\pr11-original-parity\6kinoko-rebuild\build-runs\boundary-615a6b6\kinoko_vorbis.vcxproj]
C:\Users\poker\.codex\worktrees\pr11-original-parity\6kinoko-rebuild\third_party\libvorbis-1.2.0\lib\psy.c(988,20): warning C4244: “return”: 从“double”转换到“float”，可能丢失数据 [C:\Users\poker\.codex\worktrees\pr11-original-parity\6kinoko-rebuild\build-runs\boundary-615a6b6\kinoko_vorbis.vcxproj]
C:\Users\poker\.codex\worktrees\pr11-original-parity\6kinoko-rebuild\third_party\libvorbis-1.2.0\lib\psy.c(989,12): warning C4244: “return”: 从“double”转换到“float”，可能丢失数据 [C:\Users\poker\.codex\worktrees\pr11-original-parity\6kinoko-rebuild\build-runs\boundary-615a6b6\kinoko_vorbis.vcxproj]
C:\Users\poker\.codex\worktrees\pr11-original-parity\6kinoko-rebuild\third_party\libvorbis-1.2.0\lib\psy.c(991,18): warning C4244: “return”: 从“double”转换到“float”，可能丢失数据 [C:\Users\poker\.codex\worktrees\pr11-original-parity\6kinoko-rebuild\build-runs\boundary-615a6b6\kinoko_vorbis.vcxproj]
C:\Users\poker\.codex\worktrees\pr11-original-parity\6kinoko-rebuild\third_party\libvorbis-1.2.0\lib\psy.c(992,18): warning C4244: “return”: 从“double”转换到“float”，可能丢失数据 [C:\Users\poker\.codex\worktrees\pr11-original-parity\6kinoko-rebuild\build-runs\boundary-615a6b6\kinoko_vorbis.vcxproj]
C:\Users\poker\.codex\worktrees\pr11-original-parity\6kinoko-rebuild\third_party\libvorbis-1.2.0\lib\psy.c(993,10): warning C4244: “return”: 从“double”转换到“float”，可能丢失数据 [C:\Users\poker\.codex\worktrees\pr11-original-parity\6kinoko-rebuild\build-runs\boundary-615a6b6\kinoko_vorbis.vcxproj]
C:\Users\poker\.codex\worktrees\pr11-original-parity\6kinoko-rebuild\third_party\libvorbis-1.2.0\lib\psy.c(1022,12): warning C4244: “初始化”: 从“double”转换到“float”，可能丢失数据 [C:\Users\poker\.codex\worktrees\pr11-original-parity\6kinoko-rebuild\build-runs\boundary-615a6b6\kinoko_vorbis.vcxproj]
C:\Users\poker\.codex\worktrees\pr11-original-parity\6kinoko-rebuild\third_party\libvorbis-1.2.0\lib\psy.c(1023,12): warning C4244: “初始化”: 从“double”转换到“float”，可能丢失数据 [C:\Users\poker\.codex\worktrees\pr11-original-parity\6kinoko-rebuild\build-runs\boundary-615a6b6\kinoko_vorbis.vcxproj]
C:\Users\poker\.codex\worktrees\pr11-original-parity\6kinoko-rebuild\third_party\libvorbis-1.2.0\lib\psy.c(1082,14): warning C4244: “=”: 从“double”转换到“float”，可能丢失数据 [C:\Users\poker\.codex\worktrees\pr11-original-parity\6kinoko-rebuild\build-runs\boundary-615a6b6\kinoko_vorbis.vcxproj]
C:\Users\poker\.codex\worktrees\pr11-original-parity\6kinoko-rebuild\third_party\libvorbis-1.2.0\lib\psy.c(1095,11): warning C4244: “=”: 从“double”转换到“float”，可能丢失数据 [C:\Users\poker\.codex\worktrees\pr11-original-parity\6kinoko-rebuild\build-runs\boundary-615a6b6\kinoko_vorbis.vcxproj]
C:\Users\poker\.codex\worktrees\pr11-original-parity\6kinoko-rebuild\third_party\libvorbis-1.2.0\lib\psy.c(1113,12): warning C4244: “=”: 从“double”转换到“float”，可能丢失数据 [C:\Users\poker\.codex\worktrees\pr11-original-parity\6kinoko-rebuild\build-runs\boundary-615a6b6\kinoko_vorbis.vcxproj]
C:\Users\poker\.codex\worktrees\pr11-original-parity\6kinoko-rebuild\third_party\libvorbis-1.2.0\lib\psy.c(1165,46): warning C4244: “=”: 从“double”转换到“float”，可能丢失数据 [C:\Users\poker\.codex\worktrees\pr11-original-parity\6kinoko-rebuild\build-runs\boundary-615a6b6\kinoko_vorbis.vcxproj]
C:\Users\poker\.codex\worktrees\pr11-original-parity\6kinoko-rebuild\third_party\libvorbis-1.2.0\lib\psy.c(1154,40): warning C4244: “初始化”: 从“double”转换到“float”，可能丢失数据 [C:\Users\poker\.codex\worktrees\pr11-original-parity\6kinoko-rebuild\build-runs\boundary-615a6b6\kinoko_vorbis.vcxproj]
C:\Users\poker\.codex\worktrees\pr11-original-parity\6kinoko-rebuild\third_party\libvorbis-1.2.0\lib\psy.c(1155,41): warning C4244: “初始化”: 从“double”转换到“float”，可能丢失数据 [C:\Users\poker\.codex\worktrees\pr11-original-parity\6kinoko-rebuild\build-runs\boundary-615a6b6\kinoko_vorbis.vcxproj]
C:\Users\poker\.codex\worktrees\pr11-original-parity\6kinoko-rebuild\third_party\libvorbis-1.2.0\lib\psy.c(1225,21): warning C4244: “*=”: 从“double”转换到“float”，可能丢失数据 [C:\Users\poker\.codex\worktrees\pr11-original-parity\6kinoko-rebuild\build-runs\boundary-615a6b6\kinoko_vorbis.vcxproj]
C:\Users\poker\.codex\worktrees\pr11-original-parity\6kinoko-rebuild\third_party\libvorbis-1.2.0\lib\psy.c(1218,25): warning C4244: “初始化”: 从“double”转换到“int”，可能丢失数据 [C:\Users\poker\.codex\worktrees\pr11-original-parity\6kinoko-rebuild\build-runs\boundary-615a6b6\kinoko_vorbis.vcxproj]
C:\Users\poker\.codex\worktrees\pr11-original-parity\6kinoko-rebuild\third_party\libvorbis-1.2.0\lib\psy.c(1220,7): warning C4189: “start”: 局部变量已初始化但不引用 [C:\Users\poker\.codex\worktrees\pr11-original-parity\6kinoko-rebuild\build-runs\boundary-615a6b6\kinoko_vorbis.vcxproj]
  info.c
C:\Users\poker\.codex\worktrees\pr11-original-parity\6kinoko-rebuild\third_party\libvorbis-1.2.0\lib\os.h(133,62): warning C4100: 'fpu': 未引用的参数 [C:\Users\poker\.codex\worktrees\pr11-original-parity\6kinoko-rebuild\build-runs\boundary-615a6b6\kinoko_vorbis.vcxproj]
  (编译源文件“../../third_party/libvorbis-1.2.0/lib/info.c”)
  
C:\Users\poker\.codex\worktrees\pr11-original-parity\6kinoko-rebuild\third_party\libvorbis-1.2.0\lib\os.h(136,60): warning C4100: 'fpu': 未引用的参数 [C:\Users\poker\.codex\worktrees\pr11-original-parity\6kinoko-rebuild\build-runs\boundary-615a6b6\kinoko_vorbis.vcxproj]
  (编译源文件“../../third_party/libvorbis-1.2.0/lib/info.c”)
  
C:\Users\poker\.codex\worktrees\pr11-original-parity\6kinoko-rebuild\third_party\libvorbis-1.2.0\lib\info.c(54,12): warning C4244: “=”: 从“long”转换到“char”，可能丢失数据 [C:\Users\poker\.codex\worktrees\pr11-original-parity\6kinoko-rebuild\build-runs\boundary-615a6b6\kinoko_vorbis.vcxproj]
  floor1.c
C:\Users\poker\.codex\worktrees\pr11-original-parity\6kinoko-rebuild\third_party\libvorbis-1.2.0\lib\os.h(133,62): warning C4100: 'fpu': 未引用的参数 [C:\Users\poker\.codex\worktrees\pr11-original-parity\6kinoko-rebuild\build-runs\boundary-615a6b6\kinoko_vorbis.vcxproj]
  (编译源文件“../../third_party/libvorbis-1.2.0/lib/floor1.c”)
  
C:\Users\poker\.codex\worktrees\pr11-original-parity\6kinoko-rebuild\third_party\libvorbis-1.2.0\lib\os.h(136,60): warning C4100: 'fpu': 未引用的参数 [C:\Users\poker\.codex\worktrees\pr11-original-parity\6kinoko-rebuild\build-runs\boundary-615a6b6\kinoko_vorbis.vcxproj]
  (编译源文件“../../third_party/libvorbis-1.2.0/lib/floor1.c”)
  
C:\Users\poker\.codex\worktrees\pr11-original-parity\6kinoko-rebuild\third_party\libvorbis-1.2.0\lib\floor1.c(196,57): warning C4100: 'vd': 未引用的参数 [C:\Users\poker\.codex\worktrees\pr11-original-parity\6kinoko-rebuild\build-runs\boundary-615a6b6\kinoko_vorbis.vcxproj]
C:\Users\poker\.codex\worktrees\pr11-original-parity\6kinoko-rebuild\third_party\libvorbis-1.2.0\lib\floor1.c(288,23): warning C4244: “初始化”: 从“const float”转换到“int”，可能丢失数据 [C:\Users\poker\.codex\worktrees\pr11-original-parity\6kinoko-rebuild\build-runs\boundary-615a6b6\kinoko_vorbis.vcxproj]
C:\Users\poker\.codex\worktrees\pr11-original-parity\6kinoko-rebuild\third_party\libvorbis-1.2.0\lib\floor1.c(430,9): warning C4456: “quantized”的声明隐藏了上一个本地声明 [C:\Users\poker\.codex\worktrees\pr11-original-parity\6kinoko-rebuild\build-runs\boundary-615a6b6\kinoko_vorbis.vcxproj]
      C:\Users\poker\.codex\worktrees\pr11-original-parity\6kinoko-rebuild\third_party\libvorbis-1.2.0\lib\floor1.c(420,7):
      参见“quantized”的声明
  
C:\Users\poker\.codex\worktrees\pr11-original-parity\6kinoko-rebuild\third_party\libvorbis-1.2.0\lib\floor1.c(459,37): warning C4244: “初始化”: 从“float”转换到“int”，可能丢失数据 [C:\Users\poker\.codex\worktrees\pr11-original-parity\6kinoko-rebuild\build-runs\boundary-615a6b6\kinoko_vorbis.vcxproj]
C:\Users\poker\.codex\worktrees\pr11-original-parity\6kinoko-rebuild\third_party\libvorbis-1.2.0\lib\floor1.c(420,7): warning C4189: “quantized”: 局部变量已初始化但不引用 [C:\Users\poker\.codex\worktrees\pr11-original-parity\6kinoko-rebuild\build-runs\boundary-615a6b6\kinoko_vorbis.vcxproj]
C:\Users\poker\.codex\worktrees\pr11-original-parity\6kinoko-rebuild\third_party\libvorbis-1.2.0\lib\floor1.c(511,12): warning C4457: “a”的声明隐藏了函数参数 [C:\Users\poker\.codex\worktrees\pr11-original-parity\6kinoko-rebuild\build-runs\boundary-615a6b6\kinoko_vorbis.vcxproj]
      C:\Users\poker\.codex\worktrees\pr11-original-parity\6kinoko-rebuild\third_party\libvorbis-1.2.0\lib\floor1.c(472,33):
      参见“a”的声明
  
C:\Users\poker\.codex\worktrees\pr11-original-parity\6kinoko-rebuild\third_party\libvorbis-1.2.0\lib\floor1.c(513,9): warning C4244: “=”: 从“double”转换到“int”，可能丢失数据 [C:\Users\poker\.codex\worktrees\pr11-original-parity\6kinoko-rebuild\build-runs\boundary-615a6b6\kinoko_vorbis.vcxproj]
C:\Users\poker\.codex\worktrees\pr11-original-parity\6kinoko-rebuild\third_party\libvorbis-1.2.0\lib\floor1.c(514,9): warning C4244: “=”: 从“double”转换到“int”，可能丢失数据 [C:\Users\poker\.codex\worktrees\pr11-original-parity\6kinoko-rebuild\build-runs\boundary-615a6b6\kinoko_vorbis.vcxproj]
C:\Users\poker\.codex\worktrees\pr11-original-parity\6kinoko-rebuild\third_party\libvorbis-1.2.0\lib\floor1.c(725,11): warning C4456: “y0”的声明隐藏了上一个本地声明 [C:\Users\poker\.codex\worktrees\pr11-original-parity\6kinoko-rebuild\build-runs\boundary-615a6b6\kinoko_vorbis.vcxproj]
      C:\Users\poker\.codex\worktrees\pr11-original-parity\6kinoko-rebuild\third_party\libvorbis-1.2.0\lib\floor1.c(636,9):
      参见“y0”的声明
  
C:\Users\poker\.codex\worktrees\pr11-original-parity\6kinoko-rebuild\third_party\libvorbis-1.2.0\lib\floor1.c(726,11): warning C4456: “y1”的声明隐藏了上一个本地声明 [C:\Users\poker\.codex\worktrees\pr11-original-parity\6kinoko-rebuild\build-runs\boundary-615a6b6\kinoko_vorbis.vcxproj]
      C:\Users\poker\.codex\worktrees\pr11-original-parity\6kinoko-rebuild\third_party\libvorbis-1.2.0\lib\floor1.c(637,9):
      参见“y1”的声明
  
C:\Users\poker\.codex\worktrees\pr11-original-parity\6kinoko-rebuild\third_party\libvorbis-1.2.0\lib\floor1.c(776,15): warning C4459: “seq”的声明隐藏了全局声明 [C:\Users\poker\.codex\worktrees\pr11-original-parity\6kinoko-rebuild\build-runs\boundary-615a6b6\kinoko_vorbis.vcxproj]
      C:\Users\poker\.codex\worktrees\pr11-original-parity\6kinoko-rebuild\third_party\libvorbis-1.2.0\lib\floor1.c(598,12):
      参见“seq”的声明
  
C:\Users\poker\.codex\worktrees\pr11-original-parity\6kinoko-rebuild\third_party\libvorbis-1.2.0\lib\floor1.c(770,8): warning C4189: “n”: 局部变量已初始化但不引用 [C:\Users\poker\.codex\worktrees\pr11-original-parity\6kinoko-rebuild\build-runs\boundary-615a6b6\kinoko_vorbis.vcxproj]
  floor0.c
C:\Users\poker\.codex\worktrees\pr11-original-parity\6kinoko-rebuild\third_party\libvorbis-1.2.0\lib\os.h(133,62): warning C4100: 'fpu': 未引用的参数 [C:\Users\poker\.codex\worktrees\pr11-original-parity\6kinoko-rebuild\build-runs\boundary-615a6b6\kinoko_vorbis.vcxproj]
  (编译源文件“../../third_party/libvorbis-1.2.0/lib/floor0.c”)
  
C:\Users\poker\.codex\worktrees\pr11-original-parity\6kinoko-rebuild\third_party\libvorbis-1.2.0\lib\os.h(136,60): warning C4100: 'fpu': 未引用的参数 [C:\Users\poker\.codex\worktrees\pr11-original-parity\6kinoko-rebuild\build-runs\boundary-615a6b6\kinoko_vorbis.vcxproj]
  (编译源文件“../../third_party/libvorbis-1.2.0/lib/floor0.c”)
  
C:\Users\poker\.codex\worktrees\pr11-original-parity\6kinoko-rebuild\third_party\libvorbis-1.2.0\lib\floor0.c(124,25): warning C4244: “初始化”: 从“double”转换到“float”，可能丢失数据 [C:\Users\poker\.codex\worktrees\pr11-original-parity\6kinoko-rebuild\build-runs\boundary-615a6b6\kinoko_vorbis.vcxproj]
C:\Users\poker\.codex\worktrees\pr11-original-parity\6kinoko-rebuild\third_party\libvorbis-1.2.0\lib\floor0.c(134,15): warning C4244: “初始化”: 从“double”转换到“int”，可能丢失数据 [C:\Users\poker\.codex\worktrees\pr11-original-parity\6kinoko-rebuild\build-runs\boundary-615a6b6\kinoko_vorbis.vcxproj]
C:\Users\poker\.codex\worktrees\pr11-original-parity\6kinoko-rebuild\third_party\libvorbis-1.2.0\lib\floor0.c(144,57): warning C4100: 'vd': 未引用的参数 [C:\Users\poker\.codex\worktrees\pr11-original-parity\6kinoko-rebuild\build-runs\boundary-615a6b6\kinoko_vorbis.vcxproj]
  res0.c
  renderer.cpp
C:\Users\poker\.codex\worktrees\pr11-original-parity\6kinoko-rebuild\third_party\libvorbis-1.2.0\lib\os.h(133,62): warning C4100: 'fpu': 未引用的参数 [C:\Users\poker\.codex\worktrees\pr11-original-parity\6kinoko-rebuild\build-runs\boundary-615a6b6\kinoko_vorbis.vcxproj]
  (编译源文件“../../third_party/libvorbis-1.2.0/lib/res0.c”)
  
C:\Users\poker\.codex\worktrees\pr11-original-parity\6kinoko-rebuild\third_party\libvorbis-1.2.0\lib\os.h(136,60): warning C4100: 'fpu': 未引用的参数 [C:\Users\poker\.codex\worktrees\pr11-original-parity\6kinoko-rebuild\build-runs\boundary-615a6b6\kinoko_vorbis.vcxproj]
  (编译源文件“../../third_party/libvorbis-1.2.0/lib/res0.c”)
  
C:\Users\poker\.codex\worktrees\pr11-original-parity\6kinoko-rebuild\third_party\libvorbis-1.2.0\lib\res0.c(266,18): warning C4244: “=”: 从“double”转换到“int”，可能丢失数据 [C:\Users\poker\.codex\worktrees\pr11-original-parity\6kinoko-rebuild\build-runs\boundary-615a6b6\kinoko_vorbis.vcxproj]
C:\Users\poker\.codex\worktrees\pr11-original-parity\6kinoko-rebuild\third_party\libvorbis-1.2.0\lib\res0.c(319,9): warning C4456: “i”的声明隐藏了上一个本地声明 [C:\Users\poker\.codex\worktrees\pr11-original-parity\6kinoko-rebuild\build-runs\boundary-615a6b6\kinoko_vorbis.vcxproj]
      C:\Users\poker\.codex\worktrees\pr11-original-parity\6kinoko-rebuild\third_party\libvorbis-1.2.0\lib\res0.c(291,21):
      参见“i”的声明
  
C:\Users\poker\.codex\worktrees\pr11-original-parity\6kinoko-rebuild\third_party\libvorbis-1.2.0\lib\res0.c(349,31): warning C4100: 'acc': 未引用的参数 [C:\Users\poker\.codex\worktrees\pr11-original-parity\6kinoko-rebuild\build-runs\boundary-615a6b6\kinoko_vorbis.vcxproj]
C:\Users\poker\.codex\worktrees\pr11-original-parity\6kinoko-rebuild\third_party\libvorbis-1.2.0\lib\res0.c(401,35): warning C4244: “=”: 从“double”转换到“float”，可能丢失数据 [C:\Users\poker\.codex\worktrees\pr11-original-parity\6kinoko-rebuild\build-runs\boundary-615a6b6\kinoko_vorbis.vcxproj]
C:\Users\poker\.codex\worktrees\pr11-original-parity\6kinoko-rebuild\third_party\libvorbis-1.2.0\lib\res0.c(402,7): warning C4244: “+=”: 从“double”转换到“float”，可能丢失数据 [C:\Users\poker\.codex\worktrees\pr11-original-parity\6kinoko-rebuild\build-runs\boundary-615a6b6\kinoko_vorbis.vcxproj]
C:\Users\poker\.codex\worktrees\pr11-original-parity\6kinoko-rebuild\third_party\libvorbis-1.2.0\lib\res0.c(384,19): warning C4244: “初始化”: 从“double”转换到“float”，可能丢失数据 [C:\Users\poker\.codex\worktrees\pr11-original-parity\6kinoko-rebuild\build-runs\boundary-615a6b6\kinoko_vorbis.vcxproj]
C:\Users\poker\.codex\worktrees\pr11-original-parity\6kinoko-rebuild\third_party\libvorbis-1.2.0\lib\res0.c(375,26): warning C4189: “ci”: 局部变量已初始化但不引用 [C:\Users\poker\.codex\worktrees\pr11-original-parity\6kinoko-rebuild\build-runs\boundary-615a6b6\kinoko_vorbis.vcxproj]
C:\Users\poker\.codex\worktrees\pr11-original-parity\6kinoko-rebuild\third_party\libvorbis-1.2.0\lib\res0.c(464,39): warning C4244: “=”: 从“double”转换到“float”，可能丢失数据 [C:\Users\poker\.codex\worktrees\pr11-original-parity\6kinoko-rebuild\build-runs\boundary-615a6b6\kinoko_vorbis.vcxproj]
C:\Users\poker\.codex\worktrees\pr11-original-parity\6kinoko-rebuild\third_party\libvorbis-1.2.0\lib\res0.c(466,34): warning C4244: “=”: 从“double”转换到“float”，可能丢失数据 [C:\Users\poker\.codex\worktrees\pr11-original-parity\6kinoko-rebuild\build-runs\boundary-615a6b6\kinoko_vorbis.vcxproj]
C:\Users\poker\.codex\worktrees\pr11-original-parity\6kinoko-rebuild\third_party\libvorbis-1.2.0\lib\res0.c(503,26): warning C4189: “vd”: 局部变量已初始化但不引用 [C:\Users\poker\.codex\worktrees\pr11-original-parity\6kinoko-rebuild\build-runs\boundary-615a6b6\kinoko_vorbis.vcxproj]
  mapping0.c
C:\Users\poker\.codex\worktrees\pr11-original-parity\6kinoko-rebuild\third_party\libvorbis-1.2.0\lib\os.h(133,62): warning C4100: 'fpu': 未引用的参数 [C:\Users\poker\.codex\worktrees\pr11-original-parity\6kinoko-rebuild\build-runs\boundary-615a6b6\kinoko_vorbis.vcxproj]
  (编译源文件“../../third_party/libvorbis-1.2.0/lib/mapping0.c”)
  
C:\Users\poker\.codex\worktrees\pr11-original-parity\6kinoko-rebuild\third_party\libvorbis-1.2.0\lib\os.h(136,60): warning C4100: 'fpu': 未引用的参数 [C:\Users\poker\.codex\worktrees\pr11-original-parity\6kinoko-rebuild\build-runs\boundary-615a6b6\kinoko_vorbis.vcxproj]
  (编译源文件“../../third_party/libvorbis-1.2.0/lib/mapping0.c”)
  
C:\Users\poker\.codex\worktrees\pr11-original-parity\6kinoko-rebuild\third_party\libvorbis-1.2.0\lib\mapping0.c(277,27): warning C4244: “=”: 从“double”转换到“float”，可能丢失数据 [C:\Users\poker\.codex\worktrees\pr11-original-parity\6kinoko-rebuild\build-runs\boundary-615a6b6\kinoko_vorbis.vcxproj]
C:\Users\poker\.codex\worktrees\pr11-original-parity\6kinoko-rebuild\third_party\libvorbis-1.2.0\lib\mapping0.c(317,35): warning C4244: “=”: 从“double”转换到“float”，可能丢失数据 [C:\Users\poker\.codex\worktrees\pr11-original-parity\6kinoko-rebuild\build-runs\boundary-615a6b6\kinoko_vorbis.vcxproj]
C:\Users\poker\.codex\worktrees\pr11-original-parity\6kinoko-rebuild\third_party\libvorbis-1.2.0\lib\mapping0.c(334,55): warning C4244: “=”: 从“double”转换到“float”，可能丢失数据 [C:\Users\poker\.codex\worktrees\pr11-original-parity\6kinoko-rebuild\build-runs\boundary-615a6b6\kinoko_vorbis.vcxproj]
C:\Users\poker\.codex\worktrees\pr11-original-parity\6kinoko-rebuild\third_party\libvorbis-1.2.0\lib\mapping0.c(390,27): warning C4244: “=”: 从“double”转换到“float”，可能丢失数据 [C:\Users\poker\.codex\worktrees\pr11-original-parity\6kinoko-rebuild\build-runs\boundary-615a6b6\kinoko_vorbis.vcxproj]
C:\Users\poker\.codex\worktrees\pr11-original-parity\6kinoko-rebuild\third_party\libvorbis-1.2.0\lib\mapping0.c(738,7): warning C4189: “hs”: 局部变量已初始化但不引用 [C:\Users\poker\.codex\worktrees\pr11-original-parity\6kinoko-rebuild\build-runs\boundary-615a6b6\kinoko_vorbis.vcxproj]
  registry.c
C:\Users\poker\.codex\worktrees\pr11-original-parity\6kinoko-rebuild\third_party\libvorbis-1.2.0\lib\os.h(133,62): warning C4100: 'fpu': 未引用的参数 [C:\Users\poker\.codex\worktrees\pr11-original-parity\6kinoko-rebuild\build-runs\boundary-615a6b6\kinoko_vorbis.vcxproj]
  (编译源文件“../../third_party/libvorbis-1.2.0/lib/registry.c”)
  
C:\Users\poker\.codex\worktrees\pr11-original-parity\6kinoko-rebuild\third_party\libvorbis-1.2.0\lib\os.h(136,60): warning C4100: 'fpu': 未引用的参数 [C:\Users\poker\.codex\worktrees\pr11-original-parity\6kinoko-rebuild\build-runs\boundary-615a6b6\kinoko_vorbis.vcxproj]
  (编译源文件“../../third_party/libvorbis-1.2.0/lib/registry.c”)
  
  codebook.c
C:\Users\poker\.codex\worktrees\pr11-original-parity\6kinoko-rebuild\third_party\libvorbis-1.2.0\lib\os.h(133,62): warning C4100: 'fpu': 未引用的参数 [C:\Users\poker\.codex\worktrees\pr11-original-parity\6kinoko-rebuild\build-runs\boundary-615a6b6\kinoko_vorbis.vcxproj]
  (编译源文件“../../third_party/libvorbis-1.2.0/lib/codebook.c”)
  
C:\Users\poker\.codex\worktrees\pr11-original-parity\6kinoko-rebuild\third_party\libvorbis-1.2.0\lib\os.h(136,60): warning C4100: 'fpu': 未引用的参数 [C:\Users\poker\.codex\worktrees\pr11-original-parity\6kinoko-rebuild\build-runs\boundary-615a6b6\kinoko_vorbis.vcxproj]
  (编译源文件“../../third_party/libvorbis-1.2.0/lib/codebook.c”)
  
  sharedbook.c
C:\Users\poker\.codex\worktrees\pr11-original-parity\6kinoko-rebuild\third_party\libvorbis-1.2.0\lib\os.h(133,62): warning C4100: 'fpu': 未引用的参数 [C:\Users\poker\.codex\worktrees\pr11-original-parity\6kinoko-rebuild\build-runs\boundary-615a6b6\kinoko_vorbis.vcxproj]
  (编译源文件“../../third_party/libvorbis-1.2.0/lib/sharedbook.c”)
  
C:\Users\poker\.codex\worktrees\pr11-original-parity\6kinoko-rebuild\third_party\libvorbis-1.2.0\lib\os.h(136,60): warning C4100: 'fpu': 未引用的参数 [C:\Users\poker\.codex\worktrees\pr11-original-parity\6kinoko-rebuild\build-runs\boundary-615a6b6\kinoko_vorbis.vcxproj]
  (编译源文件“../../third_party/libvorbis-1.2.0/lib/sharedbook.c”)
  
C:\Users\poker\.codex\worktrees\pr11-original-parity\6kinoko-rebuild\third_party\libvorbis-1.2.0\lib\sharedbook.c(55,8): warning C4244: “=”: 从“double”转换到“long”，可能丢失数据 [C:\Users\poker\.codex\worktrees\pr11-original-parity\6kinoko-rebuild\build-runs\boundary-615a6b6\kinoko_vorbis.vcxproj]
C:\Users\poker\.codex\worktrees\pr11-original-parity\6kinoko-rebuild\third_party\libvorbis-1.2.0\lib\sharedbook.c(56,8): warning C4244: “=”: 从“double”转换到“long”，可能丢失数据 [C:\Users\poker\.codex\worktrees\pr11-original-parity\6kinoko-rebuild\build-runs\boundary-615a6b6\kinoko_vorbis.vcxproj]
C:\Users\poker\.codex\worktrees\pr11-original-parity\6kinoko-rebuild\third_party\libvorbis-1.2.0\lib\sharedbook.c(67,9): warning C4244: “return”: 从“double”转换到“float”，可能丢失数据 [C:\Users\poker\.codex\worktrees\pr11-original-parity\6kinoko-rebuild\build-runs\boundary-615a6b6\kinoko_vorbis.vcxproj]
C:\Users\poker\.codex\worktrees\pr11-original-parity\6kinoko-rebuild\third_party\libvorbis-1.2.0\lib\sharedbook.c(151,13): warning C4244: “初始化”: 从“double”转换到“long”，可能丢失数据 [C:\Users\poker\.codex\worktrees\pr11-original-parity\6kinoko-rebuild\build-runs\boundary-615a6b6\kinoko_vorbis.vcxproj]
C:\Users\poker\.codex\worktrees\pr11-original-parity\6kinoko-rebuild\third_party\libvorbis-1.2.0\lib\sharedbook.c(210,32): warning C4244: “=”: 从“double”转换到“float”，可能丢失数据 [C:\Users\poker\.codex\worktrees\pr11-original-parity\6kinoko-rebuild\build-runs\boundary-615a6b6\kinoko_vorbis.vcxproj]
C:\Users\poker\.codex\worktrees\pr11-original-parity\6kinoko-rebuild\third_party\libvorbis-1.2.0\lib\sharedbook.c(230,32): warning C4244: “=”: 从“double”转换到“float”，可能丢失数据 [C:\Users\poker\.codex\worktrees\pr11-original-parity\6kinoko-rebuild\build-runs\boundary-615a6b6\kinoko_vorbis.vcxproj]
C:\Users\poker\.codex\worktrees\pr11-original-parity\6kinoko-rebuild\third_party\libvorbis-1.2.0\lib\sharedbook.c(209,28): warning C4244: “初始化”: 从“long”转换到“float”，可能丢失数据 [C:\Users\poker\.codex\worktrees\pr11-original-parity\6kinoko-rebuild\build-runs\boundary-615a6b6\kinoko_vorbis.vcxproj]
C:\Users\poker\.codex\worktrees\pr11-original-parity\6kinoko-rebuild\third_party\libvorbis-1.2.0\lib\sharedbook.c(229,28): warning C4244: “初始化”: 从“long”转换到“float”，可能丢失数据 [C:\Users\poker\.codex\worktrees\pr11-original-parity\6kinoko-rebuild\build-runs\boundary-615a6b6\kinoko_vorbis.vcxproj]
C:\Users\poker\.codex\worktrees\pr11-original-parity\6kinoko-rebuild\third_party\libvorbis-1.2.0\lib\sharedbook.c(380,50): warning C4244: “=”: 从“long”转换到“char”，可能丢失数据 [C:\Users\poker\.codex\worktrees\pr11-original-parity\6kinoko-rebuild\build-runs\boundary-615a6b6\kinoko_vorbis.vcxproj]
  lookup.c
C:\Users\poker\.codex\worktrees\pr11-original-parity\6kinoko-rebuild\third_party\libvorbis-1.2.0\lib\os.h(133,62): warning C4100: 'fpu': 未引用的参数 [C:\Users\poker\.codex\worktrees\pr11-original-parity\6kinoko-rebuild\build-runs\boundary-615a6b6\kinoko_vorbis.vcxproj]
  (编译源文件“../../third_party/libvorbis-1.2.0/lib/lookup.c”)
  
C:\Users\poker\.codex\worktrees\pr11-original-parity\6kinoko-rebuild\third_party\libvorbis-1.2.0\lib\os.h(136,60): warning C4100: 'fpu': 未引用的参数 [C:\Users\poker\.codex\worktrees\pr11-original-parity\6kinoko-rebuild\build-runs\boundary-615a6b6\kinoko_vorbis.vcxproj]
  (编译源文件“../../third_party/libvorbis-1.2.0/lib/lookup.c”)
  
  bitrate.c
  input_aggregation.cpp
C:\Users\poker\.codex\worktrees\pr11-original-parity\6kinoko-rebuild\third_party\libvorbis-1.2.0\lib\os.h(133,62): warning C4100: 'fpu': 未引用的参数 [C:\Users\poker\.codex\worktrees\pr11-original-parity\6kinoko-rebuild\build-runs\boundary-615a6b6\kinoko_vorbis.vcxproj]
  (编译源文件“../../third_party/libvorbis-1.2.0/lib/bitrate.c”)
  
C:\Users\poker\.codex\worktrees\pr11-original-parity\6kinoko-rebuild\third_party\libvorbis-1.2.0\lib\os.h(136,60): warning C4100: 'fpu': 未引用的参数 [C:\Users\poker\.codex\worktrees\pr11-original-parity\6kinoko-rebuild\build-runs\boundary-615a6b6\kinoko_vorbis.vcxproj]
  (编译源文件“../../third_party/libvorbis-1.2.0/lib/bitrate.c”)
  
C:\Users\poker\.codex\worktrees\pr11-original-parity\6kinoko-rebuild\third_party\libvorbis-1.2.0\lib\bitrate.c(42,22): warning C4244: “=”: 从“double”转换到“long”，可能丢失数据 [C:\Users\poker\.codex\worktrees\pr11-original-parity\6kinoko-rebuild\build-runs\boundary-615a6b6\kinoko_vorbis.vcxproj]
C:\Users\poker\.codex\worktrees\pr11-original-parity\6kinoko-rebuild\third_party\libvorbis-1.2.0\lib\bitrate.c(43,22): warning C4244: “=”: 从“double”转换到“long”，可能丢失数据 [C:\Users\poker\.codex\worktrees\pr11-original-parity\6kinoko-rebuild\build-runs\boundary-615a6b6\kinoko_vorbis.vcxproj]
C:\Users\poker\.codex\worktrees\pr11-original-parity\6kinoko-rebuild\third_party\libvorbis-1.2.0\lib\bitrate.c(44,22): warning C4244: “=”: 从“double”转换到“long”，可能丢失数据 [C:\Users\poker\.codex\worktrees\pr11-original-parity\6kinoko-rebuild\build-runs\boundary-615a6b6\kinoko_vorbis.vcxproj]
C:\Users\poker\.codex\worktrees\pr11-original-parity\6kinoko-rebuild\third_party\libvorbis-1.2.0\lib\bitrate.c(51,43): warning C4244: “初始化”: 从“double”转换到“long”，可能丢失数据 [C:\Users\poker\.codex\worktrees\pr11-original-parity\6kinoko-rebuild\build-runs\boundary-615a6b6\kinoko_vorbis.vcxproj]
C:\Users\poker\.codex\worktrees\pr11-original-parity\6kinoko-rebuild\third_party\libvorbis-1.2.0\lib\bitrate.c(135,12): warning C4244: “=”: 从“double”转换到“int”，可能丢失数据 [C:\Users\poker\.codex\worktrees\pr11-original-parity\6kinoko-rebuild\build-runs\boundary-615a6b6\kinoko_vorbis.vcxproj]
C:\Users\poker\.codex\worktrees\pr11-original-parity\6kinoko-rebuild\third_party\libvorbis-1.2.0\lib\bitrate.c(83,15): warning C4244: “初始化”: 从“double”转换到“int”，可能丢失数据 [C:\Users\poker\.codex\worktrees\pr11-original-parity\6kinoko-rebuild\build-runs\boundary-615a6b6\kinoko_vorbis.vcxproj]
C:\Users\poker\.codex\worktrees\pr11-original-parity\6kinoko-rebuild\third_party\libvorbis-1.2.0\lib\bitrate.c(88,39): warning C4244: “初始化”: 从“double”转换到“long”，可能丢失数据 [C:\Users\poker\.codex\worktrees\pr11-original-parity\6kinoko-rebuild\build-runs\boundary-615a6b6\kinoko_vorbis.vcxproj]
  正在生成代码...
  inspect_archive.cpp
  正在生成代码...
C:\Users\poker\.codex\worktrees\pr11-original-parity\6kinoko-rebuild\third_party\libvorbis-1.2.0\lib\mapping0.c(685,1): warning C4701: 使用了可能未初始化的局部变量“mag_memo” [C:\Users\poker\.codex\worktrees\pr11-original-parity\6kinoko-rebuild\build-runs\boundary-615a6b6\kinoko_vorbis.vcxproj]
C:\Users\poker\.codex\worktrees\pr11-original-parity\6kinoko-rebuild\third_party\libvorbis-1.2.0\lib\mapping0.c(685,1): warning C4703: 使用了可能未初始化的本地指针变量“mag_memo” [C:\Users\poker\.codex\worktrees\pr11-original-parity\6kinoko-rebuild\build-runs\boundary-615a6b6\kinoko_vorbis.vcxproj]
C:\Users\poker\.codex\worktrees\pr11-original-parity\6kinoko-rebuild\third_party\libvorbis-1.2.0\lib\mapping0.c(685,1): warning C4701: 使用了可能未初始化的局部变量“mag_sort” [C:\Users\poker\.codex\worktrees\pr11-original-parity\6kinoko-rebuild\build-runs\boundary-615a6b6\kinoko_vorbis.vcxproj]
C:\Users\poker\.codex\worktrees\pr11-original-parity\6kinoko-rebuild\third_party\libvorbis-1.2.0\lib\mapping0.c(685,1): warning C4703: 使用了可能未初始化的本地指针变量“mag_sort” [C:\Users\poker\.codex\worktrees\pr11-original-parity\6kinoko-rebuild\build-runs\boundary-615a6b6\kinoko_vorbis.vcxproj]
  kinoko_archive_smoke.vcxproj -> C:\Users\poker\.codex\worktrees\pr11-original-parity\6kinoko-rebuild\runtime-builds\boundary-615a6b6\tools\kinoko_archive_smoke.exe
  input_keys.cpp
  Building Custom Rule C:/Users/poker/.codex/worktrees/pr11-original-parity/6kinoko-rebuild/CMakeLists.txt
  kinoko_asset_probe.vcxproj -> C:\Users\poker\.codex\worktrees\pr11-original-parity\6kinoko-rebuild\runtime-builds\boundary-615a6b6\tools\kinoko_asset_probe.exe
  archive_random.cpp
  input_copy.cpp
  game_lifecycle_contract.cpp
  kinoko_device_lifecycle_contract.vcxproj -> C:\Users\poker\.codex\worktrees\pr11-original-parity\6kinoko-rebuild\runtime-builds\boundary-615a6b6\tools\kinoko_device_lifecycle_contract.exe
  Building Custom Rule C:/Users/poker/.codex/worktrees/pr11-original-parity/6kinoko-rebuild/CMakeLists.txt
  input_frame.cpp
  input_runtime.cpp
  pat_animation.cpp
  Building Custom Rule C:/Users/poker/.codex/worktrees/pr11-original-parity/6kinoko-rebuild/CMakeLists.txt
  kinoko_vorbis.vcxproj -> C:\Users\poker\.codex\worktrees\pr11-original-parity\6kinoko-rebuild\build-runs\boundary-615a6b6\Release\kinoko_vorbis.lib
  Building Custom Rule C:/Users/poker/.codex/worktrees/pr11-original-parity/6kinoko-rebuild/CMakeLists.txt
  正在生成代码...
  game_runtime.cpp
  Building Custom Rule C:/Users/poker/.codex/worktrees/pr11-original-parity/6kinoko-rebuild/CMakeLists.txt
  diagnostics_capture.cpp
  kinoko_archive_inspect.vcxproj -> C:\Users\poker\.codex\worktrees\pr11-original-parity\6kinoko-rebuild\runtime-builds\boundary-615a6b6\tools\kinoko_archive_inspect.exe
  input_cluster_contract.cpp
  game_math_contract.cpp
  input_aggregation.cpp
  pat_frame.cpp
  正在生成代码...
  kinoko_file_archive_contract.vcxproj -> C:\Users\poker\.codex\worktrees\pr11-original-parity\6kinoko-rebuild\runtime-builds\boundary-615a6b6\tools\kinoko_file_archive_contract.exe
C:\Users\poker\.codex\worktrees\pr11-original-parity\6kinoko-rebuild\tests\game_math_contract.cpp(53,9): warning C4389: “==”: 有符号/无符号不匹配 [C:\Users\poker\.codex\worktrees\pr11-original-parity\6kinoko-rebuild\build-runs\boundary-615a6b6\kinoko_game_math_contract.vcxproj]
  Building Custom Rule C:/Users/poker/.codex/worktrees/pr11-original-parity/6kinoko-rebuild/CMakeLists.txt
  正在生成代码...
  Building Custom Rule C:/Users/poker/.codex/worktrees/pr11-original-parity/6kinoko-rebuild/CMakeLists.txt
  collision_callbacks.cpp
  input_copy_contract.cpp
  input_copy.cpp
  input_device_contract.cpp
  act_frame_update.cpp
  camera_runtime.cpp
  kinoko_input_cluster_contract.vcxproj -> C:\Users\poker\.codex\worktrees\pr11-original-parity\6kinoko-rebuild\runtime-builds\boundary-615a6b6\tools\kinoko_input_cluster_contract.exe
  input_aggregation.cpp
  camera_projection.cpp
  kinoko_game_lifecycle_contract.vcxproj -> C:\Users\poker\.codex\worktrees\pr11-original-parity\6kinoko-rebuild\runtime-builds\boundary-615a6b6\tools\kinoko_game_lifecycle_contract.exe
  kinoko_diagnostics_capture.vcxproj -> C:\Users\poker\.codex\worktrees\pr11-original-parity\6kinoko-rebuild\runtime-builds\boundary-615a6b6\tools\kinoko_diagnostics_capture.exe
  physical_input.cpp
  Building Custom Rule C:/Users/poker/.codex/worktrees/pr11-original-parity/6kinoko-rebuild/CMakeLists.txt
  act_frame_render.cpp
  input_keys.cpp
  actor_render.cpp
  正在生成代码...
  kinoko_game_math_contract.vcxproj -> C:\Users\poker\.codex\worktrees\pr11-original-parity\6kinoko-rebuild\runtime-builds\boundary-615a6b6\tools\kinoko_game_math_contract.exe
  input_frame_contract.cpp
  vorbisfile.c
  input_frame.cpp
C:\Users\poker\.codex\worktrees\pr11-original-parity\6kinoko-rebuild\third_party\libvorbis-1.2.0\include\vorbis\vorbisfile.h(53,18): warning C4244: “函数”: 从“ogg_int64_t”转换到“long”，可能丢失数据 [C:\Users\poker\.codex\worktrees\pr11-original-parity\6kinoko-rebuild\build-runs\boundary-615a6b6\kinoko_vorbisfile.vcxproj]
  (编译源文件“../../third_party/libvorbis-1.2.0/lib/vorbisfile.c”)
  
C:\Users\poker\.codex\worktrees\pr11-original-parity\6kinoko-rebuild\third_party\libvorbis-1.2.0\include\vorbis\vorbisfile.h(56,44): warning C4232: 使用了非标准扩展:“read_func”: dllimport“fread”的地址是非静态，不保证标识 [C:\Users\poker\.codex\worktrees\pr11-original-parity\6kinoko-rebuild\build-runs\boundary-615a6b6\kinoko_vorbisfile.vcxproj]
  (编译源文件“../../third_party/libvorbis-1.2.0/lib/vorbisfile.c”)
      C:\Program Files (x86)\Windows Kits\10\Include\10.0.26100.0\ucrt\stdio.h(239,29):
      参见“fread”的声明
  
C:\Users\poker\.codex\worktrees\pr11-original-parity\6kinoko-rebuild\third_party\libvorbis-1.2.0\include\vorbis\vorbisfile.h(56,44): warning C4232: 使用了非标准扩展:“close_func”: dllimport“fclose”的地址是非静态，不保证标识 [C:\Users\poker\.codex\worktrees\pr11-original-parity\6kinoko-rebuild\build-runs\boundary-615a6b6\kinoko_vorbisfile.vcxproj]
  (编译源文件“../../third_party/libvorbis-1.2.0/lib/vorbisfile.c”)
      C:\Program Files (x86)\Windows Kits\10\Include\10.0.26100.0\ucrt\stdio.h(152,26):
      参见“fclose”的声明
  
C:\Users\poker\.codex\worktrees\pr11-original-parity\6kinoko-rebuild\third_party\libvorbis-1.2.0\include\vorbis\vorbisfile.h(56,44): warning C4232: 使用了非标准扩展:“tell_func”: dllimport“ftell”的地址是非静态，不保证标识 [C:\Users\poker\.codex\worktrees\pr11-original-parity\6kinoko-rebuild\build-runs\boundary-615a6b6\kinoko_vorbisfile.vcxproj]
  (编译源文件“../../third_party/libvorbis-1.2.0/lib/vorbisfile.c”)
      C:\Program Files (x86)\Windows Kits\10\Include\10.0.26100.0\ucrt\stdio.h(286,27):
      参见“ftell”的声明
  
C:\Users\poker\.codex\worktrees\pr11-original-parity\6kinoko-rebuild\third_party\libvorbis-1.2.0\include\vorbis\vorbisfile.h(63,44): warning C4232: 使用了非标准扩展:“read_func”: dllimport“fread”的地址是非静态，不保证标识 [C:\Users\poker\.codex\worktrees\pr11-original-parity\6kinoko-rebuild\build-runs\boundary-615a6b6\kinoko_vorbisfile.vcxproj]
  (编译源文件“../../third_party/libvorbis-1.2.0/lib/vorbisfile.c”)
      C:\Program Files (x86)\Windows Kits\10\Include\10.0.26100.0\ucrt\stdio.h(239,29):
      参见“fread”的声明
  
C:\Users\poker\.codex\worktrees\pr11-original-parity\6kinoko-rebuild\third_party\libvorbis-1.2.0\include\vorbis\vorbisfile.h(63,44): warning C4232: 使用了非标准扩展:“tell_func”: dllimport“ftell”的地址是非静态，不保证标识 [C:\Users\poker\.codex\worktrees\pr11-original-parity\6kinoko-rebuild\build-runs\boundary-615a6b6\kinoko_vorbisfile.vcxproj]
  (编译源文件“../../third_party/libvorbis-1.2.0/lib/vorbisfile.c”)
      C:\Program Files (x86)\Windows Kits\10\Include\10.0.26100.0\ucrt\stdio.h(286,27):
      参见“ftell”的声明
  
C:\Users\poker\.codex\worktrees\pr11-original-parity\6kinoko-rebuild\third_party\libvorbis-1.2.0\include\vorbis\vorbisfile.h(70,47): warning C4232: 使用了非标准扩展:“read_func”: dllimport“fread”的地址是非静态，不保证标识 [C:\Users\poker\.codex\worktrees\pr11-original-parity\6kinoko-rebuild\build-runs\boundary-615a6b6\kinoko_vorbisfile.vcxproj]
  (编译源文件“../../third_party/libvorbis-1.2.0/lib/vorbisfile.c”)
      C:\Program Files (x86)\Windows Kits\10\Include\10.0.26100.0\ucrt\stdio.h(239,29):
      参见“fread”的声明
  
C:\Users\poker\.codex\worktrees\pr11-original-parity\6kinoko-rebuild\third_party\libvorbis-1.2.0\include\vorbis\vorbisfile.h(70,47): warning C4232: 使用了非标准扩展:“close_func”: dllimport“fclose”的地址是非静态，不保证标识 [C:\Users\poker\.codex\worktrees\pr11-original-parity\6kinoko-rebuild\build-runs\boundary-615a6b6\kinoko_vorbisfile.vcxproj]
  (编译源文件“../../third_party/libvorbis-1.2.0/lib/vorbisfile.c”)
      C:\Program Files (x86)\Windows Kits\10\Include\10.0.26100.0\ucrt\stdio.h(152,26):
      参见“fclose”的声明
  
C:\Users\poker\.codex\worktrees\pr11-original-parity\6kinoko-rebuild\third_party\libvorbis-1.2.0\include\vorbis\vorbisfile.h(77,55): warning C4232: 使用了非标准扩展:“read_func”: dllimport“fread”的地址是非静态，不保证标识 [C:\Users\poker\.codex\worktrees\pr11-original-parity\6kinoko-rebuild\build-runs\boundary-615a6b6\kinoko_vorbisfile.vcxproj]
  (编译源文件“../../third_party/libvorbis-1.2.0/lib/vorbisfile.c”)
      C:\Program Files (x86)\Windows Kits\10\Include\10.0.26100.0\ucrt\stdio.h(239,29):
      参见“fread”的声明
  
C:\Users\poker\.codex\worktrees\pr11-original-parity\6kinoko-rebuild\third_party\libvorbis-1.2.0\lib\os.h(133,62): warning C4100: 'fpu': 未引用的参数 [C:\Users\poker\.codex\worktrees\pr11-original-parity\6kinoko-rebuild\build-runs\boundary-615a6b6\kinoko_vorbisfile.vcxproj]
  (编译源文件“../../third_party/libvorbis-1.2.0/lib/vorbisfile.c”)
  
C:\Users\poker\.codex\worktrees\pr11-original-parity\6kinoko-rebuild\third_party\libvorbis-1.2.0\lib\os.h(136,60): warning C4100: 'fpu': 未引用的参数 [C:\Users\poker\.codex\worktrees\pr11-original-parity\6kinoko-rebuild\build-runs\boundary-615a6b6\kinoko_vorbisfile.vcxproj]
  (编译源文件“../../third_party/libvorbis-1.2.0/lib/vorbisfile.c”)
  
C:\Users\poker\.codex\worktrees\pr11-original-parity\6kinoko-rebuild\third_party\libvorbis-1.2.0\lib\vorbisfile.c(216,23): warning C4244: “return”: 从“ogg_int64_t”转换到“int”，可能丢失数据 [C:\Users\poker\.codex\worktrees\pr11-original-parity\6kinoko-rebuild\build-runs\boundary-615a6b6\kinoko_vorbisfile.vcxproj]
C:\Users\poker\.codex\worktrees\pr11-original-parity\6kinoko-rebuild\third_party\libvorbis-1.2.0\lib\vorbisfile.c(259,19): warning C4244: “return”: 从“ogg_int64_t”转换到“int”，可能丢失数据 [C:\Users\poker\.codex\worktrees\pr11-original-parity\6kinoko-rebuild\build-runs\boundary-615a6b6\kinoko_vorbisfile.vcxproj]
C:\Users\poker\.codex\worktrees\pr11-original-parity\6kinoko-rebuild\third_party\libvorbis-1.2.0\lib\vorbisfile.c(276,19): warning C4244: “return”: 从“ogg_int64_t”转换到“int”，可能丢失数据 [C:\Users\poker\.codex\worktrees\pr11-original-parity\6kinoko-rebuild\build-runs\boundary-615a6b6\kinoko_vorbisfile.vcxproj]
C:\Users\poker\.codex\worktrees\pr11-original-parity\6kinoko-rebuild\third_party\libvorbis-1.2.0\lib\vorbisfile.c(278,19): warning C4244: “return”: 从“ogg_int64_t”转换到“int”，可能丢失数据 [C:\Users\poker\.codex\worktrees\pr11-original-parity\6kinoko-rebuild\build-runs\boundary-615a6b6\kinoko_vorbisfile.vcxproj]
C:\Users\poker\.codex\worktrees\pr11-original-parity\6kinoko-rebuild\third_party\libvorbis-1.2.0\lib\vorbisfile.c(287,21): warning C4244: “return”: 从“ogg_int64_t”转换到“int”，可能丢失数据 [C:\Users\poker\.codex\worktrees\pr11-original-parity\6kinoko-rebuild\build-runs\boundary-615a6b6\kinoko_vorbisfile.vcxproj]
C:\Users\poker\.codex\worktrees\pr11-original-parity\6kinoko-rebuild\third_party\libvorbis-1.2.0\lib\vorbisfile.c(569,19): warning C4244: “return”: 从“ogg_int64_t”转换到“int”，可能丢失数据 [C:\Users\poker\.codex\worktrees\pr11-original-parity\6kinoko-rebuild\build-runs\boundary-615a6b6\kinoko_vorbisfile.vcxproj]
C:\Users\poker\.codex\worktrees\pr11-original-parity\6kinoko-rebuild\third_party\libvorbis-1.2.0\lib\vorbisfile.c(800,18): warning C4244: “函数”: 从“ogg_int64_t”转换到“long”，可能丢失数据 [C:\Users\poker\.codex\worktrees\pr11-original-parity\6kinoko-rebuild\build-runs\boundary-615a6b6\kinoko_vorbisfile.vcxproj]
C:\Users\poker\.codex\worktrees\pr11-original-parity\6kinoko-rebuild\third_party\libvorbis-1.2.0\lib\vorbisfile.c(1009,9): warning C4457: “i”的声明隐藏了函数参数 [C:\Users\poker\.codex\worktrees\pr11-original-parity\6kinoko-rebuild\build-runs\boundary-615a6b6\kinoko_vorbisfile.vcxproj]
      C:\Users\poker\.codex\worktrees\pr11-original-parity\6kinoko-rebuild\third_party\libvorbis-1.2.0\lib\vorbisfile.c(1003,40):
      参见“i”的声明
  
C:\Users\poker\.codex\worktrees\pr11-original-parity\6kinoko-rebuild\third_party\libvorbis-1.2.0\lib\vorbisfile.c(1017,14): warning C4244: “=”: 从“double”转换到“float”，可能丢失数据 [C:\Users\poker\.codex\worktrees\pr11-original-parity\6kinoko-rebuild\build-runs\boundary-615a6b6\kinoko_vorbisfile.vcxproj]
C:\Users\poker\.codex\worktrees\pr11-original-parity\6kinoko-rebuild\third_party\libvorbis-1.2.0\lib\vorbisfile.c(1018,11): warning C4244: “return”: 从“double”转换到“long”，可能丢失数据 [C:\Users\poker\.codex\worktrees\pr11-original-parity\6kinoko-rebuild\build-runs\boundary-615a6b6\kinoko_vorbisfile.vcxproj]
C:\Users\poker\.codex\worktrees\pr11-original-parity\6kinoko-rebuild\third_party\libvorbis-1.2.0\lib\vorbisfile.c(1022,13): warning C4244: “return”: 从“double”转换到“long”，可能丢失数据 [C:\Users\poker\.codex\worktrees\pr11-original-parity\6kinoko-rebuild\build-runs\boundary-615a6b6\kinoko_vorbisfile.vcxproj]
C:\Users\poker\.codex\worktrees\pr11-original-parity\6kinoko-rebuild\third_party\libvorbis-1.2.0\lib\vorbisfile.c(1050,51): warning C4244: “=”: 从“double”转换到“long”，可能丢失数据 [C:\Users\poker\.codex\worktrees\pr11-original-parity\6kinoko-rebuild\build-runs\boundary-615a6b6\kinoko_vorbisfile.vcxproj]
C:\Users\poker\.codex\worktrees\pr11-original-parity\6kinoko-rebuild\third_party\libvorbis-1.2.0\lib\vorbisfile.c(1077,9): warning C4457: “i”的声明隐藏了函数参数 [C:\Users\poker\.codex\worktrees\pr11-original-parity\6kinoko-rebuild\build-runs\boundary-615a6b6\kinoko_vorbisfile.vcxproj]
      C:\Users\poker\.codex\worktrees\pr11-original-parity\6kinoko-rebuild\third_party\libvorbis-1.2.0\lib\vorbisfile.c(1072,49):
      参见“i”的声明
  
C:\Users\poker\.codex\worktrees\pr11-original-parity\6kinoko-rebuild\third_party\libvorbis-1.2.0\lib\vorbisfile.c(1096,9): warning C4457: “i”的声明隐藏了函数参数 [C:\Users\poker\.codex\worktrees\pr11-original-parity\6kinoko-rebuild\build-runs\boundary-615a6b6\kinoko_vorbisfile.vcxproj]
      C:\Users\poker\.codex\worktrees\pr11-original-parity\6kinoko-rebuild\third_party\libvorbis-1.2.0\lib\vorbisfile.c(1091,49):
      参见“i”的声明
  
C:\Users\poker\.codex\worktrees\pr11-original-parity\6kinoko-rebuild\third_party\libvorbis-1.2.0\lib\vorbisfile.c(1115,9): warning C4457: “i”的声明隐藏了函数参数 [C:\Users\poker\.codex\worktrees\pr11-original-parity\6kinoko-rebuild\build-runs\boundary-615a6b6\kinoko_vorbisfile.vcxproj]
      C:\Users\poker\.codex\worktrees\pr11-original-parity\6kinoko-rebuild\third_party\libvorbis-1.2.0\lib\vorbisfile.c(1110,45):
      参见“i”的声明
  
C:\Users\poker\.codex\worktrees\pr11-original-parity\6kinoko-rebuild\third_party\libvorbis-1.2.0\lib\vorbisfile.c(1389,16): warning C4456: “og”的声明隐藏了上一个本地声明 [C:\Users\poker\.codex\worktrees\pr11-original-parity\6kinoko-rebuild\build-runs\boundary-615a6b6\kinoko_vorbisfile.vcxproj]
      C:\Users\poker\.codex\worktrees\pr11-original-parity\6kinoko-rebuild\third_party\libvorbis-1.2.0\lib\vorbisfile.c(1319,14):
      参见“og”的声明
  
C:\Users\poker\.codex\worktrees\pr11-original-parity\6kinoko-rebuild\third_party\libvorbis-1.2.0\lib\vorbisfile.c(1484,9): warning C4456: “ret”的声明隐藏了上一个本地声明 [C:\Users\poker\.codex\worktrees\pr11-original-parity\6kinoko-rebuild\build-runs\boundary-615a6b6\kinoko_vorbisfile.vcxproj]
      C:\Users\poker\.codex\worktrees\pr11-original-parity\6kinoko-rebuild\third_party\libvorbis-1.2.0\lib\vorbisfile.c(1473,7):
      参见“ret”的声明
  
C:\Users\poker\.codex\worktrees\pr11-original-parity\6kinoko-rebuild\third_party\libvorbis-1.2.0\lib\vorbisfile.c(1553,31): warning C4244: “=”: 从“ogg_int64_t”转换到“long”，可能丢失数据 [C:\Users\poker\.codex\worktrees\pr11-original-parity\6kinoko-rebuild\build-runs\boundary-615a6b6\kinoko_vorbisfile.vcxproj]
C:\Users\poker\.codex\worktrees\pr11-original-parity\6kinoko-rebuild\third_party\libvorbis-1.2.0\lib\vorbisfile.c(1589,33): warning C4244: “初始化”: 从“double”转换到“ogg_int64_t”，可能丢失数据 [C:\Users\poker\.codex\worktrees\pr11-original-parity\6kinoko-rebuild\build-runs\boundary-615a6b6\kinoko_vorbisfile.vcxproj]
C:\Users\poker\.codex\worktrees\pr11-original-parity\6kinoko-rebuild\third_party\libvorbis-1.2.0\lib\vorbisfile.c(1619,33): warning C4244: “初始化”: 从“double”转换到“ogg_int64_t”，可能丢失数据 [C:\Users\poker\.codex\worktrees\pr11-original-parity\6kinoko-rebuild\build-runs\boundary-615a6b6\kinoko_vorbisfile.vcxproj]
C:\Users\poker\.codex\worktrees\pr11-original-parity\6kinoko-rebuild\third_party\libvorbis-1.2.0\lib\vorbisfile.c(1790,19): warning C4244: “=”: 从“int”转换到“char”，可能丢失数据 [C:\Users\poker\.codex\worktrees\pr11-original-parity\6kinoko-rebuild\build-runs\boundary-615a6b6\kinoko_vorbisfile.vcxproj]
C:\Users\poker\.codex\worktrees\pr11-original-parity\6kinoko-rebuild\third_party\libvorbis-1.2.0\lib\vorbisfile.c(1807,9): warning C4244: “=”: 从“int”转换到“short”，可能丢失数据 [C:\Users\poker\.codex\worktrees\pr11-original-parity\6kinoko-rebuild\build-runs\boundary-615a6b6\kinoko_vorbisfile.vcxproj]
C:\Users\poker\.codex\worktrees\pr11-original-parity\6kinoko-rebuild\third_party\libvorbis-1.2.0\lib\vorbisfile.c(1823,12): warning C4244: “=”: 从“int”转换到“short”，可能丢失数据 [C:\Users\poker\.codex\worktrees\pr11-original-parity\6kinoko-rebuild\build-runs\boundary-615a6b6\kinoko_vorbisfile.vcxproj]
C:\Users\poker\.codex\worktrees\pr11-original-parity\6kinoko-rebuild\third_party\libvorbis-1.2.0\lib\vorbisfile.c(1839,22): warning C4244: “=”: 从“int”转换到“char”，可能丢失数据 [C:\Users\poker\.codex\worktrees\pr11-original-parity\6kinoko-rebuild\build-runs\boundary-615a6b6\kinoko_vorbisfile.vcxproj]
C:\Users\poker\.codex\worktrees\pr11-original-parity\6kinoko-rebuild\third_party\libvorbis-1.2.0\lib\vorbisfile.c(1845,8): warning C4456: “val”的声明隐藏了上一个本地声明 [C:\Users\poker\.codex\worktrees\pr11-original-parity\6kinoko-rebuild\build-runs\boundary-615a6b6\kinoko_vorbisfile.vcxproj]
      C:\Users\poker\.codex\worktrees\pr11-original-parity\6kinoko-rebuild\third_party\libvorbis-1.2.0\lib\vorbisfile.c(1781,11):
      参见“val”的声明
  
C:\Users\poker\.codex\worktrees\pr11-original-parity\6kinoko-rebuild\third_party\libvorbis-1.2.0\lib\vorbisfile.c(1854,22): warning C4244: “=”: 从“int”转换到“char”，可能丢失数据 [C:\Users\poker\.codex\worktrees\pr11-original-parity\6kinoko-rebuild\build-runs\boundary-615a6b6\kinoko_vorbisfile.vcxproj]
C:\Users\poker\.codex\worktrees\pr11-original-parity\6kinoko-rebuild\third_party\libvorbis-1.2.0\lib\vorbisfile.c(1939,18): warning C4244: “初始化”: 从“double”转换到“float”，可能丢失数据 [C:\Users\poker\.codex\worktrees\pr11-original-parity\6kinoko-rebuild\build-runs\boundary-615a6b6\kinoko_vorbisfile.vcxproj]
  input_copy.cpp
  正在生成代码...
  正在生成代码...
  kinoko_input_device_contract.vcxproj -> C:\Users\poker\.codex\worktrees\pr11-original-parity\6kinoko-rebuild\runtime-builds\boundary-615a6b6\tools\kinoko_input_device_contract.exe
  Building Custom Rule C:/Users/poker/.codex/worktrees/pr11-original-parity/6kinoko-rebuild/CMakeLists.txt
C:\Users\poker\.codex\worktrees\pr11-original-parity\6kinoko-rebuild\src\reconstructed\act_frame_render.cpp(197,83): warning C4389: “==”: 有符号/无符号不匹配 [C:\Users\poker\.codex\worktrees\pr11-original-parity\6kinoko-rebuild\build-runs\boundary-615a6b6\kinoko_squirrel_cpp_vm.vcxproj]
  input_aggregation.cpp
  kinoko_vorbisfile.vcxproj -> C:\Users\poker\.codex\worktrees\pr11-original-parity\6kinoko-rebuild\build-runs\boundary-615a6b6\Release\kinoko_vorbisfile.lib
  act_draw_storage.cpp
  input_keys_contract.cpp
  kinoko_input_copy_contract.vcxproj -> C:\Users\poker\.codex\worktrees\pr11-original-parity\6kinoko-rebuild\runtime-builds\boundary-615a6b6\tools\kinoko_input_copy_contract.exe
  Building Custom Rule C:/Users/poker/.codex/worktrees/pr11-original-parity/6kinoko-rebuild/CMakeLists.txt
  input_keys.cpp
  Building Custom Rule C:/Users/poker/.codex/worktrees/pr11-original-parity/6kinoko-rebuild/CMakeLists.txt
  input_keys.cpp
  legacy_string_contract.cpp
  正在生成代码...
  Building Custom Rule C:/Users/poker/.codex/worktrees/pr11-original-parity/6kinoko-rebuild/CMakeLists.txt
  正在编译...
  actor_animation.cpp
  正在生成代码...
  act_layer_access.cpp
  legacy_method_entries_contract.cpp
  animation_storage.cpp
  kinoko_input_keys_contract.vcxproj -> C:\Users\poker\.codex\worktrees\pr11-original-parity\6kinoko-rebuild\runtime-builds\boundary-615a6b6\tools\kinoko_input_keys_contract.exe
  legacy_abi_contract.cpp
  kinoko_input_frame_contract.vcxproj -> C:\Users\poker\.codex\worktrees\pr11-original-parity\6kinoko-rebuild\runtime-builds\boundary-615a6b6\tools\kinoko_input_frame_contract.exe
  act_runtime_lifecycle.cpp
  Building Custom Rule C:/Users/poker/.codex/worktrees/pr11-original-parity/6kinoko-rebuild/CMakeLists.txt
  integer_vector.cpp
  kinoko_legacy_abi_contract.vcxproj -> C:\Users\poker\.codex\worktrees\pr11-original-parity\6kinoko-rebuild\runtime-builds\boundary-615a6b6\tools\kinoko_legacy_abi_contract.exe
  kinoko_legacy_method_entries_contract.vcxproj -> C:\Users\poker\.codex\worktrees\pr11-original-parity\6kinoko-rebuild\runtime-builds\boundary-615a6b6\tools\kinoko_legacy_method_entries_contract.exe
  kinoko_legacy_string_contract.vcxproj -> C:\Users\poker\.codex\worktrees\pr11-original-parity\6kinoko-rebuild\runtime-builds\boundary-615a6b6\tools\kinoko_legacy_string_contract.exe
  Building Custom Rule C:/Users/poker/.codex/worktrees/pr11-original-parity/6kinoko-rebuild/CMakeLists.txt
  map_chip_cache_contract.cpp
  Building Custom Rule C:/Users/poker/.codex/worktrees/pr11-original-parity/6kinoko-rebuild/CMakeLists.txt
  Building Custom Rule C:/Users/poker/.codex/worktrees/pr11-original-parity/6kinoko-rebuild/CMakeLists.txt
  integer_map.cpp
  vorbis_decoder.cpp
  act_lifetime.cpp
cl : 命令行  warning D9025: 正在重写“/EHc”(用“/EHc-”) [C:\Users\poker\.codex\worktrees\pr11-original-parity\6kinoko-rebuild\build-runs\boundary-615a6b6\kinoko_map_loading_contract.vcxproj]
  map_manager_contract.cpp
  map_loading_contract.cpp
  actor_priority.cpp
C:\Users\poker\.codex\worktrees\pr11-original-parity\6kinoko-rebuild\third_party\libvorbis-1.2.0\include\vorbis\vorbisfile.h(53,18): warning C4244: “参数”: 从“ogg_int64_t”转换到“long”，可能丢失数据 [C:\Users\poker\.codex\worktrees\pr11-original-parity\6kinoko-rebuild\build-runs\boundary-615a6b6\kinoko_vorbis_decoder.vcxproj]
  (编译源文件“../../src/reconstructed/vorbis_decoder.cpp”)
  
  map_chip_cache.cpp
  map_manager.cpp
  actor_manager.cpp
  kinoko_vorbis_decoder.vcxproj -> C:\Users\poker\.codex\worktrees\pr11-original-parity\6kinoko-rebuild\build-runs\boundary-615a6b6\Release\kinoko_vorbis_decoder.lib
cl : 命令行  warning D9025: 正在重写“/EHc”(用“/EHc-”) [C:\Users\poker\.codex\worktrees\pr11-original-parity\6kinoko-rebuild\build-runs\boundary-615a6b6\kinoko_map_loading_contract.vcxproj]
  map_loading.cpp
  Building Custom Rule C:/Users/poker/.codex/worktrees/pr11-original-parity/6kinoko-rebuild/CMakeLists.txt
  act_layer_lifecycle.cpp
  actor_cleanup.cpp
  Building Custom Rule C:/Users/poker/.codex/worktrees/pr11-original-parity/6kinoko-rebuild/CMakeLists.txt
  map_copy.cpp
  map_containers.cpp
  audio_runtime.cpp
  act_map.cpp
  act_script_lifecycle.cpp
  stage_cleanup.cpp
  kinoko_map_loading_contract.vcxproj -> C:\Users\poker\.codex\worktrees\pr11-original-parity\6kinoko-rebuild\runtime-builds\boundary-615a6b6\tools\kinoko_map_loading_contract.exe
  audio_runtime_contract.cpp
C:\Users\poker\.codex\worktrees\pr11-original-parity\6kinoko-rebuild\src\reconstructed\map_containers.cpp(47,39): warning C4297: “kinoko_map_append_render”: 假定函数不引发异常，但确实发生了 [C:\Users\poker\.codex\worktrees\pr11-original-parity\6kinoko-rebuild\build-runs\boundary-615a6b6\kinoko_map_manager_contract.vcxproj]
      C:\Users\poker\.codex\worktrees\pr11-original-parity\6kinoko-rebuild\src\reconstructed\map_containers.cpp(47,39):
      函数是 extern "C" 并且指定了 /EHc
  
  正在生成代码...
C:\Users\poker\.codex\worktrees\pr11-original-parity\6kinoko-rebuild\src\reconstructed\audio_runtime.cpp(627,9): warning C4101: “index”: 未引用的局部变量 [C:\Users\poker\.codex\worktrees\pr11-original-parity\6kinoko-rebuild\build-runs\boundary-615a6b6\kinoko_audio_runtime.vcxproj]
C:\Users\poker\.codex\worktrees\pr11-original-parity\6kinoko-rebuild\src\reconstructed\audio_runtime.cpp(831,9): warning C4101: “index”: 未引用的局部变量 [C:\Users\poker\.codex\worktrees\pr11-original-parity\6kinoko-rebuild\build-runs\boundary-615a6b6\kinoko_audio_runtime.vcxproj]
C:\Users\poker\.codex\worktrees\pr11-original-parity\6kinoko-rebuild\src\reconstructed\audio_runtime.cpp(1043,9): warning C4101: “index”: 未引用的局部变量 [C:\Users\poker\.codex\worktrees\pr11-original-parity\6kinoko-rebuild\build-runs\boundary-615a6b6\kinoko_audio_runtime.vcxproj]
C:\Users\poker\.codex\worktrees\pr11-original-parity\6kinoko-rebuild\src\reconstructed\audio_runtime.cpp(1164,16): warning C4389: “==”: 有符号/无符号不匹配 [C:\Users\poker\.codex\worktrees\pr11-original-parity\6kinoko-rebuild\build-runs\boundary-615a6b6\kinoko_audio_runtime.vcxproj]
C:\Users\poker\.codex\worktrees\pr11-original-parity\6kinoko-rebuild\src\reconstructed\audio_runtime.cpp(1909,35): warning C4305: “参数”: 从“long double”到“float”截断 [C:\Users\poker\.codex\worktrees\pr11-original-parity\6kinoko-rebuild\build-runs\boundary-615a6b6\kinoko_audio_runtime.vcxproj]
C:\Users\poker\.codex\worktrees\pr11-original-parity\6kinoko-rebuild\src\reconstructed\audio_runtime.cpp(1911,50): warning C4305: “参数”: 从“long double”到“float”截断 [C:\Users\poker\.codex\worktrees\pr11-original-parity\6kinoko-rebuild\build-runs\boundary-615a6b6\kinoko_audio_runtime.vcxproj]
C:\Users\poker\.codex\worktrees\pr11-original-parity\6kinoko-rebuild\src\reconstructed\audio_runtime.cpp(1931,88): warning C4100: 'a4': 未引用的参数 [C:\Users\poker\.codex\worktrees\pr11-original-parity\6kinoko-rebuild\build-runs\boundary-615a6b6\kinoko_audio_runtime.vcxproj]
  map_layout_lifetime.cpp
C:\Users\poker\.codex\worktrees\pr11-original-parity\6kinoko-rebuild\src\reconstructed\audio_runtime.cpp(450,12): warning C4505: “retdec_decode_bgm”: 已删除具有内部链接的未引用函数 [C:\Users\poker\.codex\worktrees\pr11-original-parity\6kinoko-rebuild\build-runs\boundary-615a6b6\kinoko_audio_runtime.vcxproj]
C:\Users\poker\.codex\worktrees\pr11-original-parity\6kinoko-rebuild\src\reconstructed\audio_runtime.cpp(822,13): warning C4505: “retdec_bgm_release_track”: 已删除具有内部链接的未引用函数 [C:\Users\poker\.codex\worktrees\pr11-original-parity\6kinoko-rebuild\build-runs\boundary-615a6b6\kinoko_audio_runtime.vcxproj]
C:\Users\poker\.codex\worktrees\pr11-original-parity\6kinoko-rebuild\src\reconstructed\audio_runtime.cpp(1102,13): warning C4505: “retdec_bgm_begin_fade”: 已删除具有内部链接的未引用函数 [C:\Users\poker\.codex\worktrees\pr11-original-parity\6kinoko-rebuild\build-runs\boundary-615a6b6\kinoko_audio_runtime.vcxproj]
C:\Users\poker\.codex\worktrees\pr11-original-parity\6kinoko-rebuild\src\reconstructed\audio_runtime.cpp(1465,13): warning C4505: “retdec_bgm_stop”: 已删除具有内部链接的未引用函数 [C:\Users\poker\.codex\worktrees\pr11-original-parity\6kinoko-rebuild\build-runs\boundary-615a6b6\kinoko_audio_runtime.vcxproj]
  renderer.cpp
  act_serializable.cpp
  kinoko_map_manager_contract.vcxproj -> C:\Users\poker\.codex\worktrees\pr11-original-parity\6kinoko-rebuild\runtime-builds\boundary-615a6b6\tools\kinoko_map_manager_contract.exe
C:\Users\poker\.codex\worktrees\pr11-original-parity\6kinoko-rebuild\src\reconstructed\audio_runtime.cpp(627,9): warning C4101: “index”: 未引用的局部变量 [C:\Users\poker\.codex\worktrees\pr11-original-parity\6kinoko-rebuild\build-runs\boundary-615a6b6\kinoko_audio_runtime_contract.vcxproj]
  (编译源文件“../../tests/audio_runtime_contract.cpp”)
  
C:\Users\poker\.codex\worktrees\pr11-original-parity\6kinoko-rebuild\src\reconstructed\audio_runtime.cpp(831,9): warning C4101: “index”: 未引用的局部变量 [C:\Users\poker\.codex\worktrees\pr11-original-parity\6kinoko-rebuild\build-runs\boundary-615a6b6\kinoko_audio_runtime_contract.vcxproj]
  (编译源文件“../../tests/audio_runtime_contract.cpp”)
  
C:\Users\poker\.codex\worktrees\pr11-original-parity\6kinoko-rebuild\src\reconstructed\audio_runtime.cpp(1043,9): warning C4101: “index”: 未引用的局部变量 [C:\Users\poker\.codex\worktrees\pr11-original-parity\6kinoko-rebuild\build-runs\boundary-615a6b6\kinoko_audio_runtime_contract.vcxproj]
  (编译源文件“../../tests/audio_runtime_contract.cpp”)
  
C:\Users\poker\.codex\worktrees\pr11-original-parity\6kinoko-rebuild\src\reconstructed\audio_runtime.cpp(1164,16): warning C4389: “==”: 有符号/无符号不匹配 [C:\Users\poker\.codex\worktrees\pr11-original-parity\6kinoko-rebuild\build-runs\boundary-615a6b6\kinoko_audio_runtime_contract.vcxproj]
  (编译源文件“../../tests/audio_runtime_contract.cpp”)
  
  Building Custom Rule C:/Users/poker/.codex/worktrees/pr11-original-parity/6kinoko-rebuild/CMakeLists.txt
C:\Users\poker\.codex\worktrees\pr11-original-parity\6kinoko-rebuild\src\reconstructed\audio_runtime.cpp(1909,35): warning C4305: “参数”: 从“long double”到“float”截断 [C:\Users\poker\.codex\worktrees\pr11-original-parity\6kinoko-rebuild\build-runs\boundary-615a6b6\kinoko_audio_runtime_contract.vcxproj]
  (编译源文件“../../tests/audio_runtime_contract.cpp”)
  
C:\Users\poker\.codex\worktrees\pr11-original-parity\6kinoko-rebuild\src\reconstructed\audio_runtime.cpp(1911,50): warning C4305: “参数”: 从“long double”到“float”截断 [C:\Users\poker\.codex\worktrees\pr11-original-parity\6kinoko-rebuild\build-runs\boundary-615a6b6\kinoko_audio_runtime_contract.vcxproj]
  (编译源文件“../../tests/audio_runtime_contract.cpp”)
  
C:\Users\poker\.codex\worktrees\pr11-original-parity\6kinoko-rebuild\src\reconstructed\audio_runtime.cpp(1931,88): warning C4100: 'a4': 未引用的参数 [C:\Users\poker\.codex\worktrees\pr11-original-parity\6kinoko-rebuild\build-runs\boundary-615a6b6\kinoko_audio_runtime_contract.vcxproj]
  (编译源文件“../../tests/audio_runtime_contract.cpp”)
  
  device_runtime.cpp
C:\Users\poker\.codex\worktrees\pr11-original-parity\6kinoko-rebuild\src\reconstructed\audio_runtime.cpp(450,12): warning C4505: “retdec_decode_bgm”: 已删除具有内部链接的未引用函数 [C:\Users\poker\.codex\worktrees\pr11-original-parity\6kinoko-rebuild\build-runs\boundary-615a6b6\kinoko_audio_runtime_contract.vcxproj]
  (编译源文件“../../tests/audio_runtime_contract.cpp”)
  
C:\Users\poker\.codex\worktrees\pr11-original-parity\6kinoko-rebuild\src\reconstructed\audio_runtime.cpp(822,13): warning C4505: “retdec_bgm_release_track”: 已删除具有内部链接的未引用函数 [C:\Users\poker\.codex\worktrees\pr11-original-parity\6kinoko-rebuild\build-runs\boundary-615a6b6\kinoko_audio_runtime_contract.vcxproj]
  (编译源文件“../../tests/audio_runtime_contract.cpp”)
  
C:\Users\poker\.codex\worktrees\pr11-original-parity\6kinoko-rebuild\src\reconstructed\audio_runtime.cpp(1102,13): warning C4505: “retdec_bgm_begin_fade”: 已删除具有内部链接的未引用函数 [C:\Users\poker\.codex\worktrees\pr11-original-parity\6kinoko-rebuild\build-runs\boundary-615a6b6\kinoko_audio_runtime_contract.vcxproj]
  (编译源文件“../../tests/audio_runtime_contract.cpp”)
  
C:\Users\poker\.codex\worktrees\pr11-original-parity\6kinoko-rebuild\src\reconstructed\audio_runtime.cpp(1465,13): warning C4505: “retdec_bgm_stop”: 已删除具有内部链接的未引用函数 [C:\Users\poker\.codex\worktrees\pr11-original-parity\6kinoko-rebuild\build-runs\boundary-615a6b6\kinoko_audio_runtime_contract.vcxproj]
  (编译源文件“../../tests/audio_runtime_contract.cpp”)
  
  kinoko_audio_runtime.vcxproj -> C:\Users\poker\.codex\worktrees\pr11-original-parity\6kinoko-rebuild\build-runs\boundary-615a6b6\Release\kinoko_audio_runtime.lib
  map_visible_contract.cpp
  Building Custom Rule C:/Users/poker/.codex/worktrees/pr11-original-parity/6kinoko-rebuild/CMakeLists.txt
C:\Users\poker\.codex\worktrees\pr11-original-parity\6kinoko-rebuild\src\reconstructed\map_layout_lifetime.cpp(44,70): warning C4297: “kinoko_clone_map_layout”: 假定函数不引发异常，但确实发生了 [C:\Users\poker\.codex\worktrees\pr11-original-parity\6kinoko-rebuild\build-runs\boundary-615a6b6\kinoko_map_chip_cache_contract.vcxproj]
      C:\Users\poker\.codex\worktrees\pr11-original-parity\6kinoko-rebuild\src\reconstructed\map_layout_lifetime.cpp(44,70):
      函数是 extern "C" 并且指定了 /EHc
  
C:\Users\poker\.codex\worktrees\pr11-original-parity\6kinoko-rebuild\src\reconstructed\map_layout_lifetime.cpp(62,9): warning C4297: “kinoko_clone_map_layout”: 假定函数不引发异常，但确实发生了 [C:\Users\poker\.codex\worktrees\pr11-original-parity\6kinoko-rebuild\build-runs\boundary-615a6b6\kinoko_map_chip_cache_contract.vcxproj]
      C:\Users\poker\.codex\worktrees\pr11-original-parity\6kinoko-rebuild\src\reconstructed\map_layout_lifetime.cpp(62,9):
      函数是 extern "C" 并且指定了 /EHc
  
  native_buffer.cpp
  device_initialization.cpp
  actor_owner_list.cpp
  mesh_layout_contract.cpp
C:\Users\poker\.codex\worktrees\pr11-original-parity\6kinoko-rebuild\include\kinoko\map_query.hpp(11,11): warning C4459: “data”的声明隐藏了全局声明 [C:\Users\poker\.codex\worktrees\pr11-original-parity\6kinoko-rebuild\build-runs\boundary-615a6b6\kinoko_map_visible_contract.vcxproj]
  (编译源文件“../../tests/map_visible_contract.cpp”)
      C:\Users\poker\.codex\worktrees\pr11-original-parity\6kinoko-rebuild\tests\map_visible_contract.cpp(6,24):
      参见“data”的声明
      C:\Users\poker\.codex\worktrees\pr11-original-parity\6kinoko-rebuild\include\kinoko\map_query.hpp(11,11):
      模板实例化上下文(最早的实例化上下文)为
          C:\Users\poker\.codex\worktrees\pr11-original-parity\6kinoko-rebuild\tests\map_visible_contract.cpp(19,5):
          查看对正在编译的函数 模板 实例化“int kinoko::map::query_visible<main::<lambda_1>>(KinokoActLayout *,int32_t *,int32_t,int32_t,int32_t,int32_t,Emit)”的引用
          with
          [
              Emit=main::<lambda_1>
          ]
  
C:\Users\poker\.codex\worktrees\pr11-original-parity\6kinoko-rebuild\include\kinoko\map_query.hpp(47,19): warning C4459: “chip”的声明隐藏了全局声明 [C:\Users\poker\.codex\worktrees\pr11-original-parity\6kinoko-rebuild\build-runs\boundary-615a6b6\kinoko_map_visible_contract.vcxproj]
  (编译源文件“../../tests/map_visible_contract.cpp”)
      C:\Users\poker\.codex\worktrees\pr11-original-parity\6kinoko-rebuild\tests\map_visible_contract.cpp(5,24):
      参见“chip”的声明
  
  kinoko_audio_runtime_contract.vcxproj -> C:\Users\poker\.codex\worktrees\pr11-original-parity\6kinoko-rebuild\runtime-builds\boundary-615a6b6\tools\kinoko_audio_runtime_contract.exe
  quad_submit.cpp
C:\Users\poker\.codex\worktrees\pr11-original-parity\6kinoko-rebuild\src\reconstructed\actor_owner_list.cpp(38,37): warning C4297: “kinoko_actor_owner_list_acquire”: 假定函数不引发异常，但确实发生了 [C:\Users\poker\.codex\worktrees\pr11-original-parity\6kinoko-rebuild\build-runs\boundary-615a6b6\kinoko_squirrel_cpp_vm.vcxproj]
      C:\Users\poker\.codex\worktrees\pr11-original-parity\6kinoko-rebuild\src\reconstructed\actor_owner_list.cpp(38,37):
      函数是 extern "C" 并且指定了 /EHc
  
  actor_pool.cpp
  正在生成代码...
  Building Custom Rule C:/Users/poker/.codex/worktrees/pr11-original-parity/6kinoko-rebuild/CMakeLists.txt
  kinoko_map_visible_contract.vcxproj -> C:\Users\poker\.codex\worktrees\pr11-original-parity\6kinoko-rebuild\runtime-builds\boundary-615a6b6\tools\kinoko_map_visible_contract.exe
  native_control_contract.cpp
  Unknown compiler version - please run the configure tests and report the results
  Building Custom Rule C:/Users/poker/.codex/worktrees/pr11-original-parity/6kinoko-rebuild/CMakeLists.txt
C:\Users\poker\.codex\worktrees\pr11-original-parity\6kinoko-rebuild\tests\mesh_layout_contract.cpp(57,41): warning C4389: “==”: 有符号/无符号不匹配 [C:\Users\poker\.codex\worktrees\pr11-original-parity\6kinoko-rebuild\build-runs\boundary-615a6b6\kinoko_mesh_layout_contract.vcxproj]
C:\Users\poker\.codex\worktrees\pr11-original-parity\6kinoko-rebuild\src\reconstructed\actor_pool.cpp(70,23): warning C4297: “kinoko_actor_pool_acquire”: 假定函数不引发异常，但确实发生了 [C:\Users\poker\.codex\worktrees\pr11-original-parity\6kinoko-rebuild\build-runs\boundary-615a6b6\kinoko_squirrel_cpp_vm.vcxproj]
      C:\Users\poker\.codex\worktrees\pr11-original-parity\6kinoko-rebuild\src\reconstructed\actor_pool.cpp(70,23):
      函数是 extern "C" 并且指定了 /EHc
  
C:\Users\poker\.codex\worktrees\pr11-original-parity\6kinoko-rebuild\src\reconstructed\actor_pool.cpp(106,49): warning C4297: “kinoko_actor_pool_retire”: 假定函数不引发异常，但确实发生了 [C:\Users\poker\.codex\worktrees\pr11-original-parity\6kinoko-rebuild\build-runs\boundary-615a6b6\kinoko_squirrel_cpp_vm.vcxproj]
      C:\Users\poker\.codex\worktrees\pr11-original-parity\6kinoko-rebuild\src\reconstructed\actor_pool.cpp(106,49):
      函数是 extern "C" 并且指定了 /EHc
  
  mesh_model.cpp
  act_render_state.cpp
  timer_events.cpp
  kinoko_map_chip_cache_contract.vcxproj -> C:\Users\poker\.codex\worktrees\pr11-original-parity\6kinoko-rebuild\runtime-builds\boundary-615a6b6\tools\kinoko_map_chip_cache_contract.exe
  native_record_view_contract.cpp
  Building Custom Rule C:/Users/poker/.codex/worktrees/pr11-original-parity/6kinoko-rebuild/CMakeLists.txt
  Building Custom Rule C:/Users/poker/.codex/worktrees/pr11-original-parity/6kinoko-rebuild/CMakeLists.txt
  ime_input.cpp
  capture_process_dump.cpp
  kinoko_native_record_view_contract.vcxproj -> C:\Users\poker\.codex\worktrees\pr11-original-parity\6kinoko-rebuild\runtime-builds\boundary-615a6b6\tools\kinoko_native_record_view_contract.exe
  quad_submit_contract.cpp
  act_layout_3d.cpp
  act_layout_3d.cpp
  Building Custom Rule C:/Users/poker/.codex/worktrees/pr11-original-parity/6kinoko-rebuild/CMakeLists.txt
  kinoko_native_control_contract.vcxproj -> C:\Users\poker\.codex\worktrees\pr11-original-parity\6kinoko-rebuild\runtime-builds\boundary-615a6b6\tools\kinoko_native_control_contract.exe
  application_runtime.cpp
  quad_transform_contract.cpp
  kinoko_process_dump.vcxproj -> C:\Users\poker\.codex\worktrees\pr11-original-parity\6kinoko-rebuild\runtime-builds\boundary-615a6b6\tools\kinoko_process_dump.exe
  quad_submit.cpp
  Building Custom Rule C:/Users/poker/.codex/worktrees/pr11-original-parity/6kinoko-rebuild/CMakeLists.txt
  quad_transform.cpp
  正在生成代码...
  mesh_model.cpp
  game_runtime.cpp
  正在生成代码...
  retdec_memory.cpp
  angle_math.cpp
  retdec_address_space.cpp
  render_state.cpp
  retdec_runtime_compat.cpp
  runtime_bootstrap.cpp
  kinoko_mesh_layout_contract.vcxproj -> C:\Users\poker\.codex\worktrees\pr11-original-parity\6kinoko-rebuild\runtime-builds\boundary-615a6b6\tools\kinoko_mesh_layout_contract.exe
  正在生成代码...
  kinoko_quad_transform_contract.vcxproj -> C:\Users\poker\.codex\worktrees\pr11-original-parity\6kinoko-rebuild\build-runs\boundary-615a6b6\Release\kinoko_quad_transform_contract.exe
  正在生成代码...
  act_mesh.cpp
  Building Custom Rule C:/Users/poker/.codex/worktrees/pr11-original-parity/6kinoko-rebuild/CMakeLists.txt
  Building Custom Rule C:/Users/poker/.codex/worktrees/pr11-original-parity/6kinoko-rebuild/CMakeLists.txt
  scene_operations_contract.cpp
  game_script_entries.cpp
  Building Custom Rule C:/Users/poker/.codex/worktrees/pr11-original-parity/6kinoko-rebuild/CMakeLists.txt
  kinoko_retdec_support.vcxproj -> C:\Users\poker\.codex\worktrees\pr11-original-parity\6kinoko-rebuild\build-runs\boundary-615a6b6\Release\kinoko_retdec_support.lib
  Building Custom Rule C:/Users/poker/.codex/worktrees/pr11-original-parity/6kinoko-rebuild/CMakeLists.txt
  scene_queue.cpp
cl : 命令行  warning D9025: 正在重写“/EHc”(用“/EHc-”) [C:\Users\poker\.codex\worktrees\pr11-original-parity\6kinoko-rebuild\build-runs\boundary-615a6b6\kinoko_stage_owner_contract.vcxproj]
  stage_owner_contract.cpp
  scene_operations.cpp
  texture_binding_contract.cpp
  file_io.cpp
  render_queue.cpp
  render_state.cpp
  stage_runtime.cpp
  sprite_draw_contract.cpp
  texture_binding.cpp
C:\Users\poker\.codex\worktrees\pr11-original-parity\6kinoko-rebuild\src\reconstructed\render_queue.cpp(29,36): warning C4297: “kinoko_render_queue_append”: 假定函数不引发异常，但确实发生了 [C:\Users\poker\.codex\worktrees\pr11-original-parity\6kinoko-rebuild\build-runs\boundary-615a6b6\kinoko_scene_operations_contract.vcxproj]
      C:\Users\poker\.codex\worktrees\pr11-original-parity\6kinoko-rebuild\src\reconstructed\render_queue.cpp(29,36):
      函数是 extern "C" 并且指定了 /EHc
  
  正在生成代码...
  sprite.cpp
  正在生成代码...
  sprite.cpp
  正在生成代码...
  正在生成代码...
  act_source.cpp
  kinoko_scene_operations_contract.vcxproj -> C:\Users\poker\.codex\worktrees\pr11-original-parity\6kinoko-rebuild\runtime-builds\boundary-615a6b6\tools\kinoko_scene_operations_contract.exe
  Building Custom Rule C:/Users/poker/.codex/worktrees/pr11-original-parity/6kinoko-rebuild/CMakeLists.txt
  sprite_rect.cpp
  kinoko_quad_submit_contract.vcxproj -> C:\Users\poker\.codex\worktrees\pr11-original-parity\6kinoko-rebuild\runtime-builds\boundary-615a6b6\tools\kinoko_quad_submit_contract.exe
  kinoko_texture_binding_contract.vcxproj -> C:\Users\poker\.codex\worktrees\pr11-original-parity\6kinoko-rebuild\runtime-builds\boundary-615a6b6\tools\kinoko_texture_binding_contract.exe
  Building Custom Rule C:/Users/poker/.codex/worktrees/pr11-original-parity/6kinoko-rebuild/CMakeLists.txt
  正在编译...
  archive_store.cpp
  angle_math.cpp
  retdec_memory_contract.cpp
  sprite_color.cpp
  正在生成代码...
  texture_image_contract.cpp
  正在生成代码...
  stage_cleanup.cpp
  kinoko_sprite_draw_contract.vcxproj -> C:\Users\poker\.codex\worktrees\pr11-original-parity\6kinoko-rebuild\build-runs\boundary-615a6b6\Release\kinoko_sprite_draw_contract.exe
  Building Custom Rule C:/Users/poker/.codex/worktrees/pr11-original-parity/6kinoko-rebuild/CMakeLists.txt
  kinoko_retdec_memory_contract.vcxproj -> C:\Users\poker\.codex\worktrees\pr11-original-parity\6kinoko-rebuild\runtime-builds\boundary-615a6b6\tools\kinoko_retdec_memory_contract.exe
  archive_random.cpp
  texture_image.cpp
  vorbisenc.c
C:\Users\poker\.codex\worktrees\pr11-original-parity\6kinoko-rebuild\third_party\libvorbis-1.2.0\lib\os.h(133,62): warning C4100: 'fpu': 未引用的参数 [C:\Users\poker\.codex\worktrees\pr11-original-parity\6kinoko-rebuild\build-runs\boundary-615a6b6\kinoko_vorbisenc.vcxproj]
  (编译源文件“../../third_party/libvorbis-1.2.0/lib/vorbisenc.c”)
  
C:\Users\poker\.codex\worktrees\pr11-original-parity\6kinoko-rebuild\third_party\libvorbis-1.2.0\lib\os.h(136,60): warning C4100: 'fpu': 未引用的参数 [C:\Users\poker\.codex\worktrees\pr11-original-parity\6kinoko-rebuild\build-runs\boundary-615a6b6\kinoko_vorbisenc.vcxproj]
  (编译源文件“../../third_party/libvorbis-1.2.0/lib/vorbisenc.c”)
  
C:\Users\poker\.codex\worktrees\pr11-original-parity\6kinoko-rebuild\third_party\libvorbis-1.2.0\lib\modes\psych_44.h(27,5): warning C4244: “初始化”: 从“double”转换到“int”，可能丢失数据 [C:\Users\poker\.codex\worktrees\pr11-original-parity\6kinoko-rebuild\build-runs\boundary-615a6b6\kinoko_vorbisenc.vcxproj]
  (编译源文件“../../third_party/libvorbis-1.2.0/lib/vorbisenc.c”)
  
C:\Users\poker\.codex\worktrees\pr11-original-parity\6kinoko-rebuild\third_party\libvorbis-1.2.0\lib\modes\psych_44.h(27,12): warning C4244: “初始化”: 从“double”转换到“int”，可能丢失数据 [C:\Users\poker\.codex\worktrees\pr11-original-parity\6kinoko-rebuild\build-runs\boundary-615a6b6\kinoko_vorbisenc.vcxproj]
  (编译源文件“../../third_party/libvorbis-1.2.0/lib/vorbisenc.c”)
  
C:\Users\poker\.codex\worktrees\pr11-original-parity\6kinoko-rebuild\third_party\libvorbis-1.2.0\lib\modes\psych_44.h(27,18): warning C4244: “初始化”: 从“double”转换到“int”，可能丢失数据 [C:\Users\poker\.codex\worktrees\pr11-original-parity\6kinoko-rebuild\build-runs\boundary-615a6b6\kinoko_vorbisenc.vcxproj]
  (编译源文件“../../third_party/libvorbis-1.2.0/lib/vorbisenc.c”)
  
C:\Users\poker\.codex\worktrees\pr11-original-parity\6kinoko-rebuild\third_party\libvorbis-1.2.0\lib\modes\psych_44.h(27,34): warning C4244: “初始化”: 从“double”转换到“int”，可能丢失数据 [C:\Users\poker\.codex\worktrees\pr11-original-parity\6kinoko-rebuild\build-runs\boundary-615a6b6\kinoko_vorbisenc.vcxproj]
  (编译源文件“../../third_party/libvorbis-1.2.0/lib/vorbisenc.c”)
  
C:\Users\poker\.codex\worktrees\pr11-original-parity\6kinoko-rebuild\third_party\libvorbis-1.2.0\lib\modes\psych_44.h(27,39): warning C4244: “初始化”: 从“double”转换到“int”，可能丢失数据 [C:\Users\poker\.codex\worktrees\pr11-original-parity\6kinoko-rebuild\build-runs\boundary-615a6b6\kinoko_vorbisenc.vcxproj]
  (编译源文件“../../third_party/libvorbis-1.2.0/lib/vorbisenc.c”)
  
C:\Users\poker\.codex\worktrees\pr11-original-parity\6kinoko-rebuild\third_party\libvorbis-1.2.0\lib\modes\psych_44.h(33,5): warning C4244: “初始化”: 从“double”转换到“int”，可能丢失数据 [C:\Users\poker\.codex\worktrees\pr11-original-parity\6kinoko-rebuild\build-runs\boundary-615a6b6\kinoko_vorbisenc.vcxproj]
  (编译源文件“../../third_party/libvorbis-1.2.0/lib/vorbisenc.c”)
  
C:\Users\poker\.codex\worktrees\pr11-original-parity\6kinoko-rebuild\third_party\libvorbis-1.2.0\lib\modes\psych_44.h(33,12): warning C4244: “初始化”: 从“double”转换到“int”，可能丢失数据 [C:\Users\poker\.codex\worktrees\pr11-original-parity\6kinoko-rebuild\build-runs\boundary-615a6b6\kinoko_vorbisenc.vcxproj]
  (编译源文件“../../third_party/libvorbis-1.2.0/lib/vorbisenc.c”)
  
C:\Users\poker\.codex\worktrees\pr11-original-parity\6kinoko-rebuild\third_party\libvorbis-1.2.0\lib\modes\psych_44.h(33,18): warning C4244: “初始化”: 从“double”转换到“int”，可能丢失数据 [C:\Users\poker\.codex\worktrees\pr11-original-parity\6kinoko-rebuild\build-runs\boundary-615a6b6\kinoko_vorbisenc.vcxproj]
  (编译源文件“../../third_party/libvorbis-1.2.0/lib/vorbisenc.c”)
  
C:\Users\poker\.codex\worktrees\pr11-original-parity\6kinoko-rebuild\third_party\libvorbis-1.2.0\lib\modes\psych_44.h(33,34): warning C4244: “初始化”: 从“double”转换到“int”，可能丢失数据 [C:\Users\poker\.codex\worktrees\pr11-original-parity\6kinoko-rebuild\build-runs\boundary-615a6b6\kinoko_vorbisenc.vcxproj]
  (编译源文件“../../third_party/libvorbis-1.2.0/lib/vorbisenc.c”)
  
C:\Users\poker\.codex\worktrees\pr11-original-parity\6kinoko-rebuild\third_party\libvorbis-1.2.0\lib\modes\psych_44.h(33,39): warning C4244: “初始化”: 从“double”转换到“int”，可能丢失数据 [C:\Users\poker\.codex\worktrees\pr11-original-parity\6kinoko-rebuild\build-runs\boundary-615a6b6\kinoko_vorbisenc.vcxproj]
  (编译源文件“../../third_party/libvorbis-1.2.0/lib/vorbisenc.c”)
  
C:\Users\poker\.codex\worktrees\pr11-original-parity\6kinoko-rebuild\third_party\libvorbis-1.2.0\lib\modes\psych_44.h(39,5): warning C4244: “初始化”: 从“double”转换到“int”，可能丢失数据 [C:\Users\poker\.codex\worktrees\pr11-original-parity\6kinoko-rebuild\build-runs\boundary-615a6b6\kinoko_vorbisenc.vcxproj]
  (编译源文件“../../third_party/libvorbis-1.2.0/lib/vorbisenc.c”)
  
C:\Users\poker\.codex\worktrees\pr11-original-parity\6kinoko-rebuild\third_party\libvorbis-1.2.0\lib\modes\psych_44.h(39,12): warning C4244: “初始化”: 从“double”转换到“int”，可能丢失数据 [C:\Users\poker\.codex\worktrees\pr11-original-parity\6kinoko-rebuild\build-runs\boundary-615a6b6\kinoko_vorbisenc.vcxproj]
  (编译源文件“../../third_party/libvorbis-1.2.0/lib/vorbisenc.c”)
  
C:\Users\poker\.codex\worktrees\pr11-original-parity\6kinoko-rebuild\third_party\libvorbis-1.2.0\lib\modes\psych_44.h(39,18): warning C4244: “初始化”: 从“double”转换到“int”，可能丢失数据 [C:\Users\poker\.codex\worktrees\pr11-original-parity\6kinoko-rebuild\build-runs\boundary-615a6b6\kinoko_vorbisenc.vcxproj]
  (编译源文件“../../third_party/libvorbis-1.2.0/lib/vorbisenc.c”)
  
C:\Users\poker\.codex\worktrees\pr11-original-parity\6kinoko-rebuild\third_party\libvorbis-1.2.0\lib\modes\psych_44.h(39,34): warning C4244: “初始化”: 从“double”转换到“int”，可能丢失数据 [C:\Users\poker\.codex\worktrees\pr11-original-parity\6kinoko-rebuild\build-runs\boundary-615a6b6\kinoko_vorbisenc.vcxproj]
  (编译源文件“../../third_party/libvorbis-1.2.0/lib/vorbisenc.c”)
  
C:\Users\poker\.codex\worktrees\pr11-original-parity\6kinoko-rebuild\third_party\libvorbis-1.2.0\lib\modes\psych_44.h(39,39): warning C4244: “初始化”: 从“double”转换到“int”，可能丢失数据 [C:\Users\poker\.codex\worktrees\pr11-original-parity\6kinoko-rebuild\build-runs\boundary-615a6b6\kinoko_vorbisenc.vcxproj]
  (编译源文件“../../third_party/libvorbis-1.2.0/lib/vorbisenc.c”)
  
C:\Users\poker\.codex\worktrees\pr11-original-parity\6kinoko-rebuild\third_party\libvorbis-1.2.0\lib\modes\psych_44.h(45,5): warning C4244: “初始化”: 从“double”转换到“int”，可能丢失数据 [C:\Users\poker\.codex\worktrees\pr11-original-parity\6kinoko-rebuild\build-runs\boundary-615a6b6\kinoko_vorbisenc.vcxproj]
  (编译源文件“../../third_party/libvorbis-1.2.0/lib/vorbisenc.c”)
  
C:\Users\poker\.codex\worktrees\pr11-original-parity\6kinoko-rebuild\third_party\libvorbis-1.2.0\lib\modes\psych_44.h(45,12): warning C4244: “初始化”: 从“double”转换到“int”，可能丢失数据 [C:\Users\poker\.codex\worktrees\pr11-original-parity\6kinoko-rebuild\build-runs\boundary-615a6b6\kinoko_vorbisenc.vcxproj]
  (编译源文件“../../third_party/libvorbis-1.2.0/lib/vorbisenc.c”)
  
C:\Users\poker\.codex\worktrees\pr11-original-parity\6kinoko-rebuild\third_party\libvorbis-1.2.0\lib\modes\psych_44.h(45,18): warning C4244: “初始化”: 从“double”转换到“int”，可能丢失数据 [C:\Users\poker\.codex\worktrees\pr11-original-parity\6kinoko-rebuild\build-runs\boundary-615a6b6\kinoko_vorbisenc.vcxproj]
  (编译源文件“../../third_party/libvorbis-1.2.0/lib/vorbisenc.c”)
  
C:\Users\poker\.codex\worktrees\pr11-original-parity\6kinoko-rebuild\third_party\libvorbis-1.2.0\lib\modes\psych_44.h(45,34): warning C4244: “初始化”: 从“double”转换到“int”，可能丢失数据 [C:\Users\poker\.codex\worktrees\pr11-original-parity\6kinoko-rebuild\build-runs\boundary-615a6b6\kinoko_vorbisenc.vcxproj]
  (编译源文件“../../third_party/libvorbis-1.2.0/lib/vorbisenc.c”)
  
C:\Users\poker\.codex\worktrees\pr11-original-parity\6kinoko-rebuild\third_party\libvorbis-1.2.0\lib\modes\psych_44.h(45,39): warning C4244: “初始化”: 从“double”转换到“int”，可能丢失数据 [C:\Users\poker\.codex\worktrees\pr11-original-parity\6kinoko-rebuild\build-runs\boundary-615a6b6\kinoko_vorbisenc.vcxproj]
  (编译源文件“../../third_party/libvorbis-1.2.0/lib/vorbisenc.c”)
  
C:\Users\poker\.codex\worktrees\pr11-original-parity\6kinoko-rebuild\third_party\libvorbis-1.2.0\lib\modes\psych_44.h(51,5): warning C4244: “初始化”: 从“double”转换到“int”，可能丢失数据 [C:\Users\poker\.codex\worktrees\pr11-original-parity\6kinoko-rebuild\build-runs\boundary-615a6b6\kinoko_vorbisenc.vcxproj]
  (编译源文件“../../third_party/libvorbis-1.2.0/lib/vorbisenc.c”)
  
C:\Users\poker\.codex\worktrees\pr11-original-parity\6kinoko-rebuild\third_party\libvorbis-1.2.0\lib\modes\psych_44.h(51,12): warning C4244: “初始化”: 从“double”转换到“int”，可能丢失数据 [C:\Users\poker\.codex\worktrees\pr11-original-parity\6kinoko-rebuild\build-runs\boundary-615a6b6\kinoko_vorbisenc.vcxproj]
  (编译源文件“../../third_party/libvorbis-1.2.0/lib/vorbisenc.c”)
  
C:\Users\poker\.codex\worktrees\pr11-original-parity\6kinoko-rebuild\third_party\libvorbis-1.2.0\lib\modes\psych_44.h(51,18): warning C4244: “初始化”: 从“double”转换到“int”，可能丢失数据 [C:\Users\poker\.codex\worktrees\pr11-original-parity\6kinoko-rebuild\build-runs\boundary-615a6b6\kinoko_vorbisenc.vcxproj]
  (编译源文件“../../third_party/libvorbis-1.2.0/lib/vorbisenc.c”)
  
C:\Users\poker\.codex\worktrees\pr11-original-parity\6kinoko-rebuild\third_party\libvorbis-1.2.0\lib\modes\psych_44.h(51,34): warning C4244: “初始化”: 从“double”转换到“int”，可能丢失数据 [C:\Users\poker\.codex\worktrees\pr11-original-parity\6kinoko-rebuild\build-runs\boundary-615a6b6\kinoko_vorbisenc.vcxproj]
  (编译源文件“../../third_party/libvorbis-1.2.0/lib/vorbisenc.c”)
  
C:\Users\poker\.codex\worktrees\pr11-original-parity\6kinoko-rebuild\third_party\libvorbis-1.2.0\lib\modes\psych_44.h(51,39): warning C4244: “初始化”: 从“double”转换到“int”，可能丢失数据 [C:\Users\poker\.codex\worktrees\pr11-original-parity\6kinoko-rebuild\build-runs\boundary-615a6b6\kinoko_vorbisenc.vcxproj]
  (编译源文件“../../third_party/libvorbis-1.2.0/lib/vorbisenc.c”)
  
C:\Users\poker\.codex\worktrees\pr11-original-parity\6kinoko-rebuild\third_party\libvorbis-1.2.0\lib\vorbisenc.c(203,14): warning C4244: “初始化”: 从“double”转换到“int”，可能丢失数据 [C:\Users\poker\.codex\worktrees\pr11-original-parity\6kinoko-rebuild\build-runs\boundary-615a6b6\kinoko_vorbisenc.vcxproj]
C:\Users\poker\.codex\worktrees\pr11-original-parity\6kinoko-rebuild\third_party\libvorbis-1.2.0\lib\vorbisenc.c(259,58): warning C4244: “=”: 从“double”转换到“float”，可能丢失数据 [C:\Users\poker\.codex\worktrees\pr11-original-parity\6kinoko-rebuild\build-runs\boundary-615a6b6\kinoko_vorbisenc.vcxproj]
C:\Users\poker\.codex\worktrees\pr11-original-parity\6kinoko-rebuild\third_party\libvorbis-1.2.0\lib\vorbisenc.c(260,60): warning C4244: “=”: 从“double”转换到“float”，可能丢失数据 [C:\Users\poker\.codex\worktrees\pr11-original-parity\6kinoko-rebuild\build-runs\boundary-615a6b6\kinoko_vorbisenc.vcxproj]
C:\Users\poker\.codex\worktrees\pr11-original-parity\6kinoko-rebuild\third_party\libvorbis-1.2.0\lib\vorbisenc.c(262,31): warning C4244: “=”: 从“double”转换到“float”，可能丢失数据 [C:\Users\poker\.codex\worktrees\pr11-original-parity\6kinoko-rebuild\build-runs\boundary-615a6b6\kinoko_vorbisenc.vcxproj]
C:\Users\poker\.codex\worktrees\pr11-original-parity\6kinoko-rebuild\third_party\libvorbis-1.2.0\lib\vorbisenc.c(242,12): warning C4244: “初始化”: 从“double”转换到“int”，可能丢失数据 [C:\Users\poker\.codex\worktrees\pr11-original-parity\6kinoko-rebuild\build-runs\boundary-615a6b6\kinoko_vorbisenc.vcxproj]
C:\Users\poker\.codex\worktrees\pr11-original-parity\6kinoko-rebuild\third_party\libvorbis-1.2.0\lib\vorbisenc.c(283,49): warning C4244: “=”: 从“double”转换到“int”，可能丢失数据 [C:\Users\poker\.codex\worktrees\pr11-original-parity\6kinoko-rebuild\build-runs\boundary-615a6b6\kinoko_vorbisenc.vcxproj]
C:\Users\poker\.codex\worktrees\pr11-original-parity\6kinoko-rebuild\third_party\libvorbis-1.2.0\lib\vorbisenc.c(284,49): warning C4244: “=”: 从“double”转换到“int”，可能丢失数据 [C:\Users\poker\.codex\worktrees\pr11-original-parity\6kinoko-rebuild\build-runs\boundary-615a6b6\kinoko_vorbisenc.vcxproj]
C:\Users\poker\.codex\worktrees\pr11-original-parity\6kinoko-rebuild\third_party\libvorbis-1.2.0\lib\vorbisenc.c(285,22): warning C4244: “=”: 从“float”转换到“int”，可能丢失数据 [C:\Users\poker\.codex\worktrees\pr11-original-parity\6kinoko-rebuild\build-runs\boundary-615a6b6\kinoko_vorbisenc.vcxproj]
C:\Users\poker\.codex\worktrees\pr11-original-parity\6kinoko-rebuild\third_party\libvorbis-1.2.0\lib\vorbisenc.c(287,33): warning C4244: “=”: 从“double”转换到“float”，可能丢失数据 [C:\Users\poker\.codex\worktrees\pr11-original-parity\6kinoko-rebuild\build-runs\boundary-615a6b6\kinoko_vorbisenc.vcxproj]
C:\Users\poker\.codex\worktrees\pr11-original-parity\6kinoko-rebuild\third_party\libvorbis-1.2.0\lib\vorbisenc.c(288,45): warning C4244: “=”: 从“double”转换到“int”，可能丢失数据 [C:\Users\poker\.codex\worktrees\pr11-original-parity\6kinoko-rebuild\build-runs\boundary-615a6b6\kinoko_vorbisenc.vcxproj]
C:\Users\poker\.codex\worktrees\pr11-original-parity\6kinoko-rebuild\third_party\libvorbis-1.2.0\lib\vorbisenc.c(289,45): warning C4244: “=”: 从“double”转换到“int”，可能丢失数据 [C:\Users\poker\.codex\worktrees\pr11-original-parity\6kinoko-rebuild\build-runs\boundary-615a6b6\kinoko_vorbisenc.vcxproj]
C:\Users\poker\.codex\worktrees\pr11-original-parity\6kinoko-rebuild\third_party\libvorbis-1.2.0\lib\vorbisenc.c(295,49): warning C4244: “=”: 从“double”转换到“int”，可能丢失数据 [C:\Users\poker\.codex\worktrees\pr11-original-parity\6kinoko-rebuild\build-runs\boundary-615a6b6\kinoko_vorbisenc.vcxproj]
C:\Users\poker\.codex\worktrees\pr11-original-parity\6kinoko-rebuild\third_party\libvorbis-1.2.0\lib\vorbisenc.c(296,49): warning C4244: “=”: 从“double”转换到“int”，可能丢失数据 [C:\Users\poker\.codex\worktrees\pr11-original-parity\6kinoko-rebuild\build-runs\boundary-615a6b6\kinoko_vorbisenc.vcxproj]
C:\Users\poker\.codex\worktrees\pr11-original-parity\6kinoko-rebuild\third_party\libvorbis-1.2.0\lib\vorbisenc.c(297,22): warning C4244: “=”: 从“float”转换到“int”，可能丢失数据 [C:\Users\poker\.codex\worktrees\pr11-original-parity\6kinoko-rebuild\build-runs\boundary-615a6b6\kinoko_vorbisenc.vcxproj]
C:\Users\poker\.codex\worktrees\pr11-original-parity\6kinoko-rebuild\third_party\libvorbis-1.2.0\lib\vorbisenc.c(300,50): warning C4244: “=”: 从“double”转换到“float”，可能丢失数据 [C:\Users\poker\.codex\worktrees\pr11-original-parity\6kinoko-rebuild\build-runs\boundary-615a6b6\kinoko_vorbisenc.vcxproj]
C:\Users\poker\.codex\worktrees\pr11-original-parity\6kinoko-rebuild\third_party\libvorbis-1.2.0\lib\vorbisenc.c(302,45): warning C4244: “=”: 从“double”转换到“int”，可能丢失数据 [C:\Users\poker\.codex\worktrees\pr11-original-parity\6kinoko-rebuild\build-runs\boundary-615a6b6\kinoko_vorbisenc.vcxproj]
C:\Users\poker\.codex\worktrees\pr11-original-parity\6kinoko-rebuild\third_party\libvorbis-1.2.0\lib\vorbisenc.c(303,45): warning C4244: “=”: 从“double”转换到“int”，可能丢失数据 [C:\Users\poker\.codex\worktrees\pr11-original-parity\6kinoko-rebuild\build-runs\boundary-615a6b6\kinoko_vorbisenc.vcxproj]
C:\Users\poker\.codex\worktrees\pr11-original-parity\6kinoko-rebuild\third_party\libvorbis-1.2.0\lib\vorbisenc.c(269,13): warning C4244: “初始化”: 从“double”转换到“float”，可能丢失数据 [C:\Users\poker\.codex\worktrees\pr11-original-parity\6kinoko-rebuild\build-runs\boundary-615a6b6\kinoko_vorbisenc.vcxproj]
C:\Users\poker\.codex\worktrees\pr11-original-parity\6kinoko-rebuild\third_party\libvorbis-1.2.0\lib\vorbisenc.c(270,12): warning C4244: “初始化”: 从“float”转换到“int”，可能丢失数据 [C:\Users\poker\.codex\worktrees\pr11-original-parity\6kinoko-rebuild\build-runs\boundary-615a6b6\kinoko_vorbisenc.vcxproj]
C:\Users\poker\.codex\worktrees\pr11-original-parity\6kinoko-rebuild\third_party\libvorbis-1.2.0\lib\vorbisenc.c(282,32): warning C4244: “初始化”: 从“double”转换到“float”，可能丢失数据 [C:\Users\poker\.codex\worktrees\pr11-original-parity\6kinoko-rebuild\build-runs\boundary-615a6b6\kinoko_vorbisenc.vcxproj]
C:\Users\poker\.codex\worktrees\pr11-original-parity\6kinoko-rebuild\third_party\libvorbis-1.2.0\lib\vorbisenc.c(293,49): warning C4244: “初始化”: 从“double”转换到“float”，可能丢失数据 [C:\Users\poker\.codex\worktrees\pr11-original-parity\6kinoko-rebuild\build-runs\boundary-615a6b6\kinoko_vorbisenc.vcxproj]
C:\Users\poker\.codex\worktrees\pr11-original-parity\6kinoko-rebuild\third_party\libvorbis-1.2.0\lib\vorbisenc.c(323,10): warning C4244: “初始化”: 从“double”转换到“int”，可能丢失数据 [C:\Users\poker\.codex\worktrees\pr11-original-parity\6kinoko-rebuild\build-runs\boundary-615a6b6\kinoko_vorbisenc.vcxproj]
C:\Users\poker\.codex\worktrees\pr11-original-parity\6kinoko-rebuild\third_party\libvorbis-1.2.0\lib\vorbisenc.c(357,46): warning C4244: “=”: 从“double”转换到“float”，可能丢失数据 [C:\Users\poker\.codex\worktrees\pr11-original-parity\6kinoko-rebuild\build-runs\boundary-615a6b6\kinoko_vorbisenc.vcxproj]
C:\Users\poker\.codex\worktrees\pr11-original-parity\6kinoko-rebuild\third_party\libvorbis-1.2.0\lib\vorbisenc.c(358,46): warning C4244: “=”: 从“double”转换到“float”，可能丢失数据 [C:\Users\poker\.codex\worktrees\pr11-original-parity\6kinoko-rebuild\build-runs\boundary-615a6b6\kinoko_vorbisenc.vcxproj]
C:\Users\poker\.codex\worktrees\pr11-original-parity\6kinoko-rebuild\third_party\libvorbis-1.2.0\lib\vorbisenc.c(359,46): warning C4244: “=”: 从“double”转换到“float”，可能丢失数据 [C:\Users\poker\.codex\worktrees\pr11-original-parity\6kinoko-rebuild\build-runs\boundary-615a6b6\kinoko_vorbisenc.vcxproj]
C:\Users\poker\.codex\worktrees\pr11-original-parity\6kinoko-rebuild\third_party\libvorbis-1.2.0\lib\vorbisenc.c(360,44): warning C4244: “=”: 从“double”转换到“float”，可能丢失数据 [C:\Users\poker\.codex\worktrees\pr11-original-parity\6kinoko-rebuild\build-runs\boundary-615a6b6\kinoko_vorbisenc.vcxproj]
C:\Users\poker\.codex\worktrees\pr11-original-parity\6kinoko-rebuild\third_party\libvorbis-1.2.0\lib\vorbisenc.c(361,38): warning C4244: “=”: 从“double”转换到“float”，可能丢失数据 [C:\Users\poker\.codex\worktrees\pr11-original-parity\6kinoko-rebuild\build-runs\boundary-615a6b6\kinoko_vorbisenc.vcxproj]
C:\Users\poker\.codex\worktrees\pr11-original-parity\6kinoko-rebuild\third_party\libvorbis-1.2.0\lib\vorbisenc.c(363,34): warning C4244: “=”: 从“double”转换到“float”，可能丢失数据 [C:\Users\poker\.codex\worktrees\pr11-original-parity\6kinoko-rebuild\build-runs\boundary-615a6b6\kinoko_vorbisenc.vcxproj]
C:\Users\poker\.codex\worktrees\pr11-original-parity\6kinoko-rebuild\third_party\libvorbis-1.2.0\lib\vorbisenc.c(366,42): warning C4244: “=”: 从“double”转换到“float”，可能丢失数据 [C:\Users\poker\.codex\worktrees\pr11-original-parity\6kinoko-rebuild\build-runs\boundary-615a6b6\kinoko_vorbisenc.vcxproj]
C:\Users\poker\.codex\worktrees\pr11-original-parity\6kinoko-rebuild\third_party\libvorbis-1.2.0\lib\vorbisenc.c(350,12): warning C4244: “初始化”: 从“double”转换到“int”，可能丢失数据 [C:\Users\poker\.codex\worktrees\pr11-original-parity\6kinoko-rebuild\build-runs\boundary-615a6b6\kinoko_vorbisenc.vcxproj]
C:\Users\poker\.codex\worktrees\pr11-original-parity\6kinoko-rebuild\third_party\libvorbis-1.2.0\lib\vorbisenc.c(388,46): warning C4244: “=”: 从“double”转换到“float”，可能丢失数据 [C:\Users\poker\.codex\worktrees\pr11-original-parity\6kinoko-rebuild\build-runs\boundary-615a6b6\kinoko_vorbisenc.vcxproj]
C:\Users\poker\.codex\worktrees\pr11-original-parity\6kinoko-rebuild\third_party\libvorbis-1.2.0\lib\vorbisenc.c(373,12): warning C4244: “初始化”: 从“double”转换到“int”，可能丢失数据 [C:\Users\poker\.codex\worktrees\pr11-original-parity\6kinoko-rebuild\build-runs\boundary-615a6b6\kinoko_vorbisenc.vcxproj]
C:\Users\poker\.codex\worktrees\pr11-original-parity\6kinoko-rebuild\third_party\libvorbis-1.2.0\lib\vorbisenc.c(399,41): warning C4244: “=”: 从“double”转换到“float”，可能丢失数据 [C:\Users\poker\.codex\worktrees\pr11-original-parity\6kinoko-rebuild\build-runs\boundary-615a6b6\kinoko_vorbisenc.vcxproj]
C:\Users\poker\.codex\worktrees\pr11-original-parity\6kinoko-rebuild\third_party\libvorbis-1.2.0\lib\vorbisenc.c(394,10): warning C4244: “初始化”: 从“double”转换到“int”，可能丢失数据 [C:\Users\poker\.codex\worktrees\pr11-original-parity\6kinoko-rebuild\build-runs\boundary-615a6b6\kinoko_vorbisenc.vcxproj]
C:\Users\poker\.codex\worktrees\pr11-original-parity\6kinoko-rebuild\third_party\libvorbis-1.2.0\lib\vorbisenc.c(414,39): warning C4244: “=”: 从“double”转换到“float”，可能丢失数据 [C:\Users\poker\.codex\worktrees\pr11-original-parity\6kinoko-rebuild\build-runs\boundary-615a6b6\kinoko_vorbisenc.vcxproj]
C:\Users\poker\.codex\worktrees\pr11-original-parity\6kinoko-rebuild\third_party\libvorbis-1.2.0\lib\vorbisenc.c(421,50): warning C4244: “=”: 从“double”转换到“float”，可能丢失数据 [C:\Users\poker\.codex\worktrees\pr11-original-parity\6kinoko-rebuild\build-runs\boundary-615a6b6\kinoko_vorbisenc.vcxproj]
C:\Users\poker\.codex\worktrees\pr11-original-parity\6kinoko-rebuild\third_party\libvorbis-1.2.0\lib\vorbisenc.c(428,26): warning C4244: “+=”: 从“double”转换到“float”，可能丢失数据 [C:\Users\poker\.codex\worktrees\pr11-original-parity\6kinoko-rebuild\build-runs\boundary-615a6b6\kinoko_vorbisenc.vcxproj]
C:\Users\poker\.codex\worktrees\pr11-original-parity\6kinoko-rebuild\third_party\libvorbis-1.2.0\lib\vorbisenc.c(409,12): warning C4244: “初始化”: 从“double”转换到“int”，可能丢失数据 [C:\Users\poker\.codex\worktrees\pr11-original-parity\6kinoko-rebuild\build-runs\boundary-615a6b6\kinoko_vorbisenc.vcxproj]
C:\Users\poker\.codex\worktrees\pr11-original-parity\6kinoko-rebuild\third_party\libvorbis-1.2.0\lib\vorbisenc.c(440,23): warning C4244: “=”: 从“double”转换到“float”，可能丢失数据 [C:\Users\poker\.codex\worktrees\pr11-original-parity\6kinoko-rebuild\build-runs\boundary-615a6b6\kinoko_vorbisenc.vcxproj]
C:\Users\poker\.codex\worktrees\pr11-original-parity\6kinoko-rebuild\third_party\libvorbis-1.2.0\lib\vorbisenc.c(441,23): warning C4244: “=”: 从“double”转换到“float”，可能丢失数据 [C:\Users\poker\.codex\worktrees\pr11-original-parity\6kinoko-rebuild\build-runs\boundary-615a6b6\kinoko_vorbisenc.vcxproj]
C:\Users\poker\.codex\worktrees\pr11-original-parity\6kinoko-rebuild\third_party\libvorbis-1.2.0\lib\vorbisenc.c(458,10): warning C4244: “初始化”: 从“double”转换到“int”，可能丢失数据 [C:\Users\poker\.codex\worktrees\pr11-original-parity\6kinoko-rebuild\build-runs\boundary-615a6b6\kinoko_vorbisenc.vcxproj]
C:\Users\poker\.codex\worktrees\pr11-original-parity\6kinoko-rebuild\third_party\libvorbis-1.2.0\lib\vorbisenc.c(552,18): warning C4244: “=”: 从“double”转换到“int”，可能丢失数据 [C:\Users\poker\.codex\worktrees\pr11-original-parity\6kinoko-rebuild\build-runs\boundary-615a6b6\kinoko_vorbisenc.vcxproj]
C:\Users\poker\.codex\worktrees\pr11-original-parity\6kinoko-rebuild\third_party\libvorbis-1.2.0\lib\vorbisenc.c(582,14): warning C4244: “初始化”: 从“double”转换到“int”，可能丢失数据 [C:\Users\poker\.codex\worktrees\pr11-original-parity\6kinoko-rebuild\build-runs\boundary-615a6b6\kinoko_vorbisenc.vcxproj]
C:\Users\poker\.codex\worktrees\pr11-original-parity\6kinoko-rebuild\third_party\libvorbis-1.2.0\lib\vorbisenc.c(611,12): warning C4244: “初始化”: 从“double”转换到“int”，可能丢失数据 [C:\Users\poker\.codex\worktrees\pr11-original-parity\6kinoko-rebuild\build-runs\boundary-615a6b6\kinoko_vorbisenc.vcxproj]
C:\Users\poker\.codex\worktrees\pr11-original-parity\6kinoko-rebuild\third_party\libvorbis-1.2.0\lib\vorbisenc.c(651,17): warning C4244: “初始化”: 从“double”转换到“float”，可能丢失数据 [C:\Users\poker\.codex\worktrees\pr11-original-parity\6kinoko-rebuild\build-runs\boundary-615a6b6\kinoko_vorbisenc.vcxproj]
C:\Users\poker\.codex\worktrees\pr11-original-parity\6kinoko-rebuild\third_party\libvorbis-1.2.0\lib\vorbisenc.c(652,18): warning C4244: “初始化”: 从“double”转换到“float”，可能丢失数据 [C:\Users\poker\.codex\worktrees\pr11-original-parity\6kinoko-rebuild\build-runs\boundary-615a6b6\kinoko_vorbisenc.vcxproj]
C:\Users\poker\.codex\worktrees\pr11-original-parity\6kinoko-rebuild\third_party\libvorbis-1.2.0\lib\vorbisenc.c(653,23): warning C4244: “初始化”: 从“double”转换到“float”，可能丢失数据 [C:\Users\poker\.codex\worktrees\pr11-original-parity\6kinoko-rebuild\build-runs\boundary-615a6b6\kinoko_vorbisenc.vcxproj]
C:\Users\poker\.codex\worktrees\pr11-original-parity\6kinoko-rebuild\third_party\libvorbis-1.2.0\lib\vorbisenc.c(830,25): warning C4244: “=”: 从“double”转换到“long”，可能丢失数据 [C:\Users\poker\.codex\worktrees\pr11-original-parity\6kinoko-rebuild\build-runs\boundary-615a6b6\kinoko_vorbisenc.vcxproj]
C:\Users\poker\.codex\worktrees\pr11-original-parity\6kinoko-rebuild\third_party\libvorbis-1.2.0\lib\vorbisenc.c(836,53): warning C4244: “=”: 从“double”转换到“long”，可能丢失数据 [C:\Users\poker\.codex\worktrees\pr11-original-parity\6kinoko-rebuild\build-runs\boundary-615a6b6\kinoko_vorbisenc.vcxproj]
C:\Users\poker\.codex\worktrees\pr11-original-parity\6kinoko-rebuild\third_party\libvorbis-1.2.0\lib\vorbisenc.c(838,24): warning C4244: “=”: 从“double”转换到“long”，可能丢失数据 [C:\Users\poker\.codex\worktrees\pr11-original-parity\6kinoko-rebuild\build-runs\boundary-615a6b6\kinoko_vorbisenc.vcxproj]
C:\Users\poker\.codex\worktrees\pr11-original-parity\6kinoko-rebuild\third_party\libvorbis-1.2.0\lib\vorbisenc.c(869,8): warning C4244: “=”: 从“double”转换到“int”，可能丢失数据 [C:\Users\poker\.codex\worktrees\pr11-original-parity\6kinoko-rebuild\build-runs\boundary-615a6b6\kinoko_vorbisenc.vcxproj]
C:\Users\poker\.codex\worktrees\pr11-original-parity\6kinoko-rebuild\third_party\libvorbis-1.2.0\lib\vorbisenc.c(909,12): warning C4305: “+=”: 从“double”到“float”截断 [C:\Users\poker\.codex\worktrees\pr11-original-parity\6kinoko-rebuild\build-runs\boundary-615a6b6\kinoko_vorbisenc.vcxproj]
C:\Users\poker\.codex\worktrees\pr11-original-parity\6kinoko-rebuild\third_party\libvorbis-1.2.0\lib\vorbisenc.c(910,26): warning C4305: “=”: 从“double”到“float”截断 [C:\Users\poker\.codex\worktrees\pr11-original-parity\6kinoko-rebuild\build-runs\boundary-615a6b6\kinoko_vorbisenc.vcxproj]
C:\Users\poker\.codex\worktrees\pr11-original-parity\6kinoko-rebuild\third_party\libvorbis-1.2.0\lib\vorbisenc.c(954,43): warning C4244: “=”: 从“double”转换到“long”，可能丢失数据 [C:\Users\poker\.codex\worktrees\pr11-original-parity\6kinoko-rebuild\build-runs\boundary-615a6b6\kinoko_vorbisenc.vcxproj]
C:\Users\poker\.codex\worktrees\pr11-original-parity\6kinoko-rebuild\third_party\libvorbis-1.2.0\lib\vorbisenc.c(956,29): warning C4244: “=”: 从“double”转换到“long”，可能丢失数据 [C:\Users\poker\.codex\worktrees\pr11-original-parity\6kinoko-rebuild\build-runs\boundary-615a6b6\kinoko_vorbisenc.vcxproj]
C:\Users\poker\.codex\worktrees\pr11-original-parity\6kinoko-rebuild\third_party\libvorbis-1.2.0\lib\vorbisenc.c(979,18): warning C4244: “=”: 从“double”转换到“long”，可能丢失数据 [C:\Users\poker\.codex\worktrees\pr11-original-parity\6kinoko-rebuild\build-runs\boundary-615a6b6\kinoko_vorbisenc.vcxproj]
C:\Users\poker\.codex\worktrees\pr11-original-parity\6kinoko-rebuild\third_party\libvorbis-1.2.0\lib\vorbisenc.c(1063,56): warning C4244: “=”: 从“double”转换到“long”，可能丢失数据 [C:\Users\poker\.codex\worktrees\pr11-original-parity\6kinoko-rebuild\build-runs\boundary-615a6b6\kinoko_vorbisenc.vcxproj]
C:\Users\poker\.codex\worktrees\pr11-original-parity\6kinoko-rebuild\third_party\libvorbis-1.2.0\lib\vorbisenc.c(1079,39): warning C4244: “=”: 从“double”转换到“long”，可能丢失数据 [C:\Users\poker\.codex\worktrees\pr11-original-parity\6kinoko-rebuild\build-runs\boundary-615a6b6\kinoko_vorbisenc.vcxproj]
C:\Users\poker\.codex\worktrees\pr11-original-parity\6kinoko-rebuild\third_party\libvorbis-1.2.0\lib\vorbisenc.c(1082,26): warning C4244: “=”: 从“double”转换到“long”，可能丢失数据 [C:\Users\poker\.codex\worktrees\pr11-original-parity\6kinoko-rebuild\build-runs\boundary-615a6b6\kinoko_vorbisenc.vcxproj]
  kinoko_stage_owner_contract.vcxproj -> C:\Users\poker\.codex\worktrees\pr11-original-parity\6kinoko-rebuild\runtime-builds\boundary-615a6b6\tools\kinoko_stage_owner_contract.exe
  正在编译...
  texture_binding.cpp
  正在生成代码...
  render_target.cpp
  kinoko_vorbisenc.vcxproj -> C:\Users\poker\.codex\worktrees\pr11-original-parity\6kinoko-rebuild\build-runs\boundary-615a6b6\Release\kinoko_vorbisenc.lib
  Building Custom Rule C:/Users/poker/.codex/worktrees/pr11-original-parity/6kinoko-rebuild/CMakeLists.txt
  vorbis_decoder_contract.cpp
  kinoko_texture_image_contract.vcxproj -> C:\Users\poker\.codex\worktrees\pr11-original-parity\6kinoko-rebuild\runtime-builds\boundary-615a6b6\tools\kinoko_texture_image_contract.exe
  texture_image.cpp
C:\Users\poker\.codex\worktrees\pr11-original-parity\6kinoko-rebuild\third_party\libvorbis-1.2.0\include\vorbis\vorbisfile.h(53,18): warning C4244: “参数”: 从“ogg_int64_t”转换到“long”，可能丢失数据 [C:\Users\poker\.codex\worktrees\pr11-original-parity\6kinoko-rebuild\build-runs\boundary-615a6b6\kinoko_vorbis_decoder_contract.vcxproj]
  (编译源文件“../../tests/vorbis_decoder_contract.cpp”)
  
C:\Users\poker\.codex\worktrees\pr11-original-parity\6kinoko-rebuild\src\reconstructed\render_target.cpp(84,46): warning C4297: “kinoko_add_device_listener”: 假定函数不引发异常，但确实发生了 [C:\Users\poker\.codex\worktrees\pr11-original-parity\6kinoko-rebuild\build-runs\boundary-615a6b6\kinoko_squirrel_cpp_vm.vcxproj]
      C:\Users\poker\.codex\worktrees\pr11-original-parity\6kinoko-rebuild\src\reconstructed\render_target.cpp(84,46):
      函数是 extern "C" 并且指定了 /EHc
  
C:\Users\poker\.codex\worktrees\pr11-original-parity\6kinoko-rebuild\tests\vorbis_decoder_contract.cpp(147,23): warning C4996: 'tmpfile': This function or variable may be unsafe. Consider using tmpfile_s instead. To disable deprecation, use _CRT_SECURE_NO_WARNINGS. See online help for details. [C:\Users\poker\.codex\worktrees\pr11-original-parity\6kinoko-rebuild\build-runs\boundary-615a6b6\kinoko_vorbis_decoder_contract.vcxproj]
C:\Users\poker\.codex\worktrees\pr11-original-parity\6kinoko-rebuild\tests\vorbis_decoder_contract.cpp(195,38): warning C4996: 'fopen': This function or variable may be unsafe. Consider using fopen_s instead. To disable deprecation, use _CRT_SECURE_NO_WARNINGS. See online help for details. [C:\Users\poker\.codex\worktrees\pr11-original-parity\6kinoko-rebuild\build-runs\boundary-615a6b6\kinoko_vorbis_decoder_contract.vcxproj]
  render_queue.cpp
C:\Users\poker\.codex\worktrees\pr11-original-parity\6kinoko-rebuild\src\reconstructed\render_queue.cpp(29,36): warning C4297: “kinoko_render_queue_append”: 假定函数不引发异常，但确实发生了 [C:\Users\poker\.codex\worktrees\pr11-original-parity\6kinoko-rebuild\build-runs\boundary-615a6b6\kinoko_squirrel_cpp_vm.vcxproj]
      C:\Users\poker\.codex\worktrees\pr11-original-parity\6kinoko-rebuild\src\reconstructed\render_queue.cpp(29,36):
      函数是 extern "C" 并且指定了 /EHc
  
  string_layout_render.cpp
  bitmap.cpp
  kinoko_vorbis_decoder_contract.vcxproj -> C:\Users\poker\.codex\worktrees\pr11-original-parity\6kinoko-rebuild\runtime-builds\boundary-615a6b6\tools\kinoko_vorbis_decoder_contract.exe
  texture_store.cpp
  string_render.cpp
  map_containers.cpp
  string_font.cpp
C:\Users\poker\.codex\worktrees\pr11-original-parity\6kinoko-rebuild\src\reconstructed\map_containers.cpp(47,39): warning C4297: “kinoko_map_append_render”: 假定函数不引发异常，但确实发生了 [C:\Users\poker\.codex\worktrees\pr11-original-parity\6kinoko-rebuild\build-runs\boundary-615a6b6\kinoko_native_methods.vcxproj]
      C:\Users\poker\.codex\worktrees\pr11-original-parity\6kinoko-rebuild\src\reconstructed\map_containers.cpp(47,39):
      函数是 extern "C" 并且指定了 /EHc
  
  map_copy.cpp
C:\Users\poker\.codex\worktrees\pr11-original-parity\6kinoko-rebuild\src\reconstructed\string_font.cpp(260,43): warning C4297: “kinoko_string_font_upload”: 假定函数不引发异常，但确实发生了 [C:\Users\poker\.codex\worktrees\pr11-original-parity\6kinoko-rebuild\build-runs\boundary-615a6b6\kinoko_squirrel_cpp_vm.vcxproj]
      C:\Users\poker\.codex\worktrees\pr11-original-parity\6kinoko-rebuild\src\reconstructed\string_font.cpp(260,43):
      函数是 extern "C" 并且指定了 /EHc
  
  map_layers.cpp
  string_text.cpp
  map_activation.cpp
  string_glyph_cache.cpp
  map_collision.cpp
  act_document_resources.cpp
  collision_manager.cpp
  act_document_association.cpp
  collision_queries.cpp
  act_script_io.cpp
  actor_motion.cpp
  map_chip_cache.cpp
  act_texture_io.cpp
  map_layout_lifetime.cpp
  act_map.cpp
C:\Users\poker\.codex\worktrees\pr11-original-parity\6kinoko-rebuild\src\reconstructed\map_layout_lifetime.cpp(44,70): warning C4297: “kinoko_clone_map_layout”: 假定函数不引发异常，但确实发生了 [C:\Users\poker\.codex\worktrees\pr11-original-parity\6kinoko-rebuild\build-runs\boundary-615a6b6\kinoko_native_methods.vcxproj]
      C:\Users\poker\.codex\worktrees\pr11-original-parity\6kinoko-rebuild\src\reconstructed\map_layout_lifetime.cpp(44,70):
      函数是 extern "C" 并且指定了 /EHc
  
C:\Users\poker\.codex\worktrees\pr11-original-parity\6kinoko-rebuild\src\reconstructed\map_layout_lifetime.cpp(62,9): warning C4297: “kinoko_clone_map_layout”: 假定函数不引发异常，但确实发生了 [C:\Users\poker\.codex\worktrees\pr11-original-parity\6kinoko-rebuild\build-runs\boundary-615a6b6\kinoko_native_methods.vcxproj]
      C:\Users\poker\.codex\worktrees\pr11-original-parity\6kinoko-rebuild\src\reconstructed\map_layout_lifetime.cpp(62,9):
      函数是 extern "C" 并且指定了 /EHc
  
  map_render.cpp
  act_layout.cpp
  正在生成代码...
  squirrel_legacy_api.cpp
  squirrel_host_compat.cpp
  squirrel_vm_bootstrap.cpp
  angle_math.cpp
  actor_initialization.cpp
  map_manager.cpp
  script_callbacks.cpp
  正在生成代码...
  正在生成代码...
cl : 命令行  warning D9025: 正在重写“/EHc”(用“/EHc-”) [C:\Users\poker\.codex\worktrees\pr11-original-parity\6kinoko-rebuild\build-runs\boundary-615a6b6\kinoko_native_methods.vcxproj]
  act_document_clone.cpp
  stage_runtime.cpp
  act_source.cpp
  正在编译...
  script_callback_invocation.cpp
  map_loading.cpp
  actor_state.cpp
  actor_diagnostics.cpp
  正在生成代码...
  actor_lifecycle.cpp
  kinoko_native_methods.vcxproj -> C:\Users\poker\.codex\worktrees\pr11-original-parity\6kinoko-rebuild\build-runs\boundary-615a6b6\Release\kinoko_native_methods.lib
  Building Custom Rule C:/Users/poker/.codex/worktrees/pr11-original-parity/6kinoko-rebuild/CMakeLists.txt
  Building Custom Rule C:/Users/poker/.codex/worktrees/pr11-original-parity/6kinoko-rebuild/CMakeLists.txt
  Building Custom Rule C:/Users/poker/.codex/worktrees/pr11-original-parity/6kinoko-rebuild/CMakeLists.txt
  Building Custom Rule C:/Users/poker/.codex/worktrees/pr11-original-parity/6kinoko-rebuild/CMakeLists.txt
  squirrel_native_calls.cpp
  script_file.cpp
  squirrel_game_objects.cpp
  squirrel_table_values.cpp
  actor_render_contract.cpp
  actor_records_contract.cpp
  pat_animation_contract.cpp
  texture_store_contract.cpp
  table_diagnostics.cpp
  sqrat_object_bridge.cpp
C:\Users\poker\.codex\worktrees\pr11-original-parity\6kinoko-rebuild\tests\actor_records_contract.cpp(120,5): warning C4389: “==”: 有符号/无符号不匹配 [C:\Users\poker\.codex\worktrees\pr11-original-parity\6kinoko-rebuild\build-runs\boundary-615a6b6\kinoko_actor_records_contract.vcxproj]
C:\Users\poker\.codex\worktrees\pr11-original-parity\6kinoko-rebuild\tests\pat_animation_contract.cpp(30,34): warning C4244: “初始化”: 从“const _Elem”转换到“uint8_t”，可能丢失数据 [C:\Users\poker\.codex\worktrees\pr11-original-parity\6kinoko-rebuild\build-runs\boundary-615a6b6\kinoko_pat_animation_contract.vcxproj]
C:\Users\poker\.codex\worktrees\pr11-original-parity\6kinoko-rebuild\tests\pat_animation_contract.cpp(30,34): warning C4244:         with [C:\Users\poker\.codex\worktrees\pr11-original-parity\6kinoko-rebuild\build-runs\boundary-615a6b6\kinoko_pat_animation_contract.vcxproj]
C:\Users\poker\.codex\worktrees\pr11-original-parity\6kinoko-rebuild\tests\pat_animation_contract.cpp(30,34): warning C4244:         [ [C:\Users\poker\.codex\worktrees\pr11-original-parity\6kinoko-rebuild\build-runs\boundary-615a6b6\kinoko_pat_animation_contract.vcxproj]
C:\Users\poker\.codex\worktrees\pr11-original-parity\6kinoko-rebuild\tests\pat_animation_contract.cpp(30,34): warning C4244:             _Elem=int [C:\Users\poker\.codex\worktrees\pr11-original-parity\6kinoko-rebuild\build-runs\boundary-615a6b6\kinoko_pat_animation_contract.vcxproj]
C:\Users\poker\.codex\worktrees\pr11-original-parity\6kinoko-rebuild\tests\pat_animation_contract.cpp(30,34): warning C4244:         ] [C:\Users\poker\.codex\worktrees\pr11-original-parity\6kinoko-rebuild\build-runs\boundary-615a6b6\kinoko_pat_animation_contract.vcxproj]
C:\Users\poker\.codex\worktrees\pr11-original-parity\6kinoko-rebuild\tests\pat_animation_contract.cpp(31,38): warning C4244: “初始化”: 从“const _Elem”转换到“uint16_t”，可能丢失数据 [C:\Users\poker\.codex\worktrees\pr11-original-parity\6kinoko-rebuild\build-runs\boundary-615a6b6\kinoko_pat_animation_contract.vcxproj]
C:\Users\poker\.codex\worktrees\pr11-original-parity\6kinoko-rebuild\tests\pat_animation_contract.cpp(31,38): warning C4244:         with [C:\Users\poker\.codex\worktrees\pr11-original-parity\6kinoko-rebuild\build-runs\boundary-615a6b6\kinoko_pat_animation_contract.vcxproj]
C:\Users\poker\.codex\worktrees\pr11-original-parity\6kinoko-rebuild\tests\pat_animation_contract.cpp(31,38): warning C4244:         [ [C:\Users\poker\.codex\worktrees\pr11-original-parity\6kinoko-rebuild\build-runs\boundary-615a6b6\kinoko_pat_animation_contract.vcxproj]
C:\Users\poker\.codex\worktrees\pr11-original-parity\6kinoko-rebuild\tests\pat_animation_contract.cpp(31,38): warning C4244:             _Elem=int [C:\Users\poker\.codex\worktrees\pr11-original-parity\6kinoko-rebuild\build-runs\boundary-615a6b6\kinoko_pat_animation_contract.vcxproj]
C:\Users\poker\.codex\worktrees\pr11-original-parity\6kinoko-rebuild\tests\pat_animation_contract.cpp(31,38): warning C4244:         ] [C:\Users\poker\.codex\worktrees\pr11-original-parity\6kinoko-rebuild\build-runs\boundary-615a6b6\kinoko_pat_animation_contract.vcxproj]
  kinoko_texture_store_contract.vcxproj -> C:\Users\poker\.codex\worktrees\pr11-original-parity\6kinoko-rebuild\runtime-builds\boundary-615a6b6\tools\kinoko_texture_store_contract.exe
  kinoko_actor_render_contract.vcxproj -> C:\Users\poker\.codex\worktrees\pr11-original-parity\6kinoko-rebuild\runtime-builds\boundary-615a6b6\tools\kinoko_actor_render_contract.exe
  native_property_bridge.cpp
  kinoko_actor_records_contract.vcxproj -> C:\Users\poker\.codex\worktrees\pr11-original-parity\6kinoko-rebuild\runtime-builds\boundary-615a6b6\tools\kinoko_actor_records_contract.exe
  kinoko_pat_animation_contract.vcxproj -> C:\Users\poker\.codex\worktrees\pr11-original-parity\6kinoko-rebuild\runtime-builds\boundary-615a6b6\tools\kinoko_pat_animation_contract.exe
  squirrel_native_arguments.cpp
  squirrel_class_binding.cpp
  actor_registration.cpp
  input_registration.cpp
  global_registration.cpp
  table_serialization.cpp
  camera_map_binding.cpp
  squirrel_native_variables.cpp
  squirrel_method_dispatch.cpp
  正在生成代码...
  正在编译...
  squirrel_object.cpp
  native_instance.cpp
  squirrel_source_runtime.cpp
  squirrel_source_gc.cpp
  squirrel_compile_bridge.cpp
  squirrel_value_bridge.cpp
  squirrel_operations.cpp
  squirrel_thread.cpp
  squirrel_csv.cpp
  squirrel_generator_bridge.cpp
  squirrel_array_bridge.cpp
  sqstdaux.cpp
  sqstdblob.cpp
  sqstdio.cpp
  sqstdmath.cpp
  sqstdrex.cpp
C:\Users\poker\.codex\worktrees\pr11-original-parity\6kinoko-rebuild\third_party\squirrel-2.2.2\sqstdlib\sqstdrex.cpp(538,5): warning C4611: “_setjmp”和 C++ 对象析构之间的交互是不可移植的 [C:\Users\poker\.codex\worktrees\pr11-original-parity\6kinoko-rebuild\build-runs\boundary-615a6b6\kinoko_squirrel_cpp_vm.vcxproj]
  sqstdstream.cpp
  sqstdstring.cpp
  sqapi.cpp
  sqbaselib.cpp
  正在生成代码...
C:\Users\poker\.codex\worktrees\pr11-original-parity\6kinoko-rebuild\third_party\squirrel-2.2.2\squirrel\sqapi.cpp(61,1): warning C4702: 无法访问的代码 [C:\Users\poker\.codex\worktrees\pr11-original-parity\6kinoko-rebuild\build-runs\boundary-615a6b6\kinoko_squirrel_cpp_vm.vcxproj]
C:\Users\poker\.codex\worktrees\pr11-original-parity\6kinoko-rebuild\third_party\squirrel-2.2.2\squirrel\sqapi.cpp(966,1): warning C4702: 无法访问的代码 [C:\Users\poker\.codex\worktrees\pr11-original-parity\6kinoko-rebuild\build-runs\boundary-615a6b6\kinoko_squirrel_cpp_vm.vcxproj]
C:\Users\poker\.codex\worktrees\pr11-original-parity\6kinoko-rebuild\third_party\squirrel-2.2.2\squirrel\sqapi.cpp(967,1): warning C4702: 无法访问的代码 [C:\Users\poker\.codex\worktrees\pr11-original-parity\6kinoko-rebuild\build-runs\boundary-615a6b6\kinoko_squirrel_cpp_vm.vcxproj]
C:\Users\poker\.codex\worktrees\pr11-original-parity\6kinoko-rebuild\third_party\squirrel-2.2.2\squirrel\sqapi.cpp(968,1): warning C4702: 无法访问的代码 [C:\Users\poker\.codex\worktrees\pr11-original-parity\6kinoko-rebuild\build-runs\boundary-615a6b6\kinoko_squirrel_cpp_vm.vcxproj]
C:\Users\poker\.codex\worktrees\pr11-original-parity\6kinoko-rebuild\third_party\squirrel-2.2.2\sqstdlib\sqstdstring.cpp(124,1): warning C4701: 使用了可能未初始化的局部变量“ts” [C:\Users\poker\.codex\worktrees\pr11-original-parity\6kinoko-rebuild\build-runs\boundary-615a6b6\kinoko_squirrel_cpp_vm.vcxproj]
C:\Users\poker\.codex\worktrees\pr11-original-parity\6kinoko-rebuild\third_party\squirrel-2.2.2\sqstdlib\sqstdstring.cpp(124,1): warning C4703: 使用了可能未初始化的本地指针变量“ts” [C:\Users\poker\.codex\worktrees\pr11-original-parity\6kinoko-rebuild\build-runs\boundary-615a6b6\kinoko_squirrel_cpp_vm.vcxproj]
C:\Users\poker\.codex\worktrees\pr11-original-parity\6kinoko-rebuild\third_party\squirrel-2.2.2\sqstdlib\sqstdstring.cpp(125,1): warning C4701: 使用了可能未初始化的局部变量“ti” [C:\Users\poker\.codex\worktrees\pr11-original-parity\6kinoko-rebuild\build-runs\boundary-615a6b6\kinoko_squirrel_cpp_vm.vcxproj]
C:\Users\poker\.codex\worktrees\pr11-original-parity\6kinoko-rebuild\third_party\squirrel-2.2.2\sqstdlib\sqstdstring.cpp(126,1): warning C4701: 使用了可能未初始化的局部变量“tf” [C:\Users\poker\.codex\worktrees\pr11-original-parity\6kinoko-rebuild\build-runs\boundary-615a6b6\kinoko_squirrel_cpp_vm.vcxproj]
C:\Users\poker\.codex\worktrees\pr11-original-parity\6kinoko-rebuild\third_party\squirrel-2.2.2\sqstdlib\sqstdrex.cpp(521,1): warning C4702: 无法访问的代码 [C:\Users\poker\.codex\worktrees\pr11-original-parity\6kinoko-rebuild\build-runs\boundary-615a6b6\kinoko_squirrel_cpp_vm.vcxproj]
  正在编译...
  sqclass.cpp
  sqcompiler.cpp
C:\Users\poker\.codex\worktrees\pr11-original-parity\6kinoko-rebuild\third_party\squirrel-2.2.2\squirrel\sqcompiler.cpp(167,6): warning C4611: “_setjmp”和 C++ 对象析构之间的交互是不可移植的 [C:\Users\poker\.codex\worktrees\pr11-original-parity\6kinoko-rebuild\build-runs\boundary-615a6b6\kinoko_squirrel_cpp_vm.vcxproj]
C:\Users\poker\.codex\worktrees\pr11-original-parity\6kinoko-rebuild\third_party\squirrel-2.2.2\squirrel\sqcompiler.cpp(699,23): warning C4127: 条件表达式是常量 [C:\Users\poker\.codex\worktrees\pr11-original-parity\6kinoko-rebuild\build-runs\boundary-615a6b6\kinoko_squirrel_cpp_vm.vcxproj]
      C:\Users\poker\.codex\worktrees\pr11-original-parity\6kinoko-rebuild\third_party\squirrel-2.2.2\squirrel\sqcompiler.cpp(699,23):
      考虑改用 "if constexpr" 语句
  
C:\Users\poker\.codex\worktrees\pr11-original-parity\6kinoko-rebuild\third_party\squirrel-2.2.2\squirrel\sqcompiler.cpp(828,14): warning C4189: “attrs”: 局部变量已初始化但不引用 [C:\Users\poker\.codex\worktrees\pr11-original-parity\6kinoko-rebuild\build-runs\boundary-615a6b6\kinoko_squirrel_cpp_vm.vcxproj]
  sqdebug.cpp
  sqfuncstate.cpp
  sqlexer.cpp
  sqmem.cpp
  sqobject.cpp
C:\Users\poker\.codex\worktrees\pr11-original-parity\6kinoko-rebuild\third_party\squirrel-2.2.2\squirrel\sqobject.cpp(444,15): warning C4456: “name”的声明隐藏了上一个本地声明 [C:\Users\poker\.codex\worktrees\pr11-original-parity\6kinoko-rebuild\build-runs\boundary-615a6b6\kinoko_squirrel_cpp_vm.vcxproj]
      C:\Users\poker\.codex\worktrees\pr11-original-parity\6kinoko-rebuild\third_party\squirrel-2.2.2\squirrel\sqobject.cpp(405,26):
      参见“name”的声明
  
  sqstate.cpp
C:\Users\poker\.codex\worktrees\pr11-original-parity\6kinoko-rebuild\third_party\squirrel-2.2.2\squirrel\sqstate.cpp(285,12): warning C4189: “z”: 局部变量已初始化但不引用 [C:\Users\poker\.codex\worktrees\pr11-original-parity\6kinoko-rebuild\build-runs\boundary-615a6b6\kinoko_squirrel_cpp_vm.vcxproj]
C:\Users\poker\.codex\worktrees\pr11-original-parity\6kinoko-rebuild\third_party\squirrel-2.2.2\squirrel\sqstate.cpp(251,12): warning C4189: “x”: 局部变量已初始化但不引用 [C:\Users\poker\.codex\worktrees\pr11-original-parity\6kinoko-rebuild\build-runs\boundary-615a6b6\kinoko_squirrel_cpp_vm.vcxproj]
  sqtable.cpp
  sqvm.cpp
C:\Users\poker\.codex\worktrees\pr11-original-parity\6kinoko-rebuild\third_party\squirrel-2.2.2\squirrel\sqvm.cpp(576,73): warning C4458: “ci”的声明隐藏了类成员 [C:\Users\poker\.codex\worktrees\pr11-original-parity\6kinoko-rebuild\build-runs\boundary-615a6b6\kinoko_squirrel_cpp_vm.vcxproj]
      C:\Users\poker\.codex\worktrees\pr11-original-parity\6kinoko-rebuild\third_party\squirrel-2.2.2\squirrel\sqvm.h(158,12):
      参见“SQVM::ci”的声明
  
C:\Users\poker\.codex\worktrees\pr11-original-parity\6kinoko-rebuild\third_party\squirrel-2.2.2\squirrel\sqvm.cpp(986,24): warning C4457: “et”的声明隐藏了函数参数 [C:\Users\poker\.codex\worktrees\pr11-original-parity\6kinoko-rebuild\build-runs\boundary-615a6b6\kinoko_squirrel_cpp_vm.vcxproj]
      C:\Users\poker\.codex\worktrees\pr11-original-parity\6kinoko-rebuild\third_party\squirrel-2.2.2\squirrel\sqvm.cpp(658,150):
      参见“et”的声明
  
C:\Users\poker\.codex\worktrees\pr11-original-parity\6kinoko-rebuild\third_party\squirrel-2.2.2\squirrel\sqvm.cpp(1051,14): warning C4458: “temp_reg”的声明隐藏了类成员 [C:\Users\poker\.codex\worktrees\pr11-original-parity\6kinoko-rebuild\build-runs\boundary-615a6b6\kinoko_squirrel_cpp_vm.vcxproj]
      C:\Users\poker\.codex\worktrees\pr11-original-parity\6kinoko-rebuild\third_party\squirrel-2.2.2\squirrel\sqvm.h(149,14):
      参见“SQVM::temp_reg”的声明
  
C:\Users\poker\.codex\worktrees\pr11-original-parity\6kinoko-rebuild\third_party\squirrel-2.2.2\squirrel\sqvm.cpp(1264,14): warning C4458: “temp_reg”的声明隐藏了类成员 [C:\Users\poker\.codex\worktrees\pr11-original-parity\6kinoko-rebuild\build-runs\boundary-615a6b6\kinoko_squirrel_cpp_vm.vcxproj]
      C:\Users\poker\.codex\worktrees\pr11-original-parity\6kinoko-rebuild\third_party\squirrel-2.2.2\squirrel\sqvm.h(149,14):
      参见“SQVM::temp_reg”的声明
  
  正在生成代码...
C:\Users\poker\.codex\worktrees\pr11-original-parity\6kinoko-rebuild\third_party\squirrel-2.2.2\squirrel\sqvm.cpp(209,1): warning C4702: 无法访问的代码 [C:\Users\poker\.codex\worktrees\pr11-original-parity\6kinoko-rebuild\build-runs\boundary-615a6b6\kinoko_squirrel_cpp_vm.vcxproj]
C:\Users\poker\.codex\worktrees\pr11-original-parity\6kinoko-rebuild\third_party\squirrel-2.2.2\squirrel\sqvm.cpp(1216,1): warning C4702: 无法访问的代码 [C:\Users\poker\.codex\worktrees\pr11-original-parity\6kinoko-rebuild\build-runs\boundary-615a6b6\kinoko_squirrel_cpp_vm.vcxproj]
C:\Users\poker\.codex\worktrees\pr11-original-parity\6kinoko-rebuild\third_party\squirrel-2.2.2\squirrel\sqvm.cpp(1404,1): warning C4702: 无法访问的代码 [C:\Users\poker\.codex\worktrees\pr11-original-parity\6kinoko-rebuild\build-runs\boundary-615a6b6\kinoko_squirrel_cpp_vm.vcxproj]
C:\Users\poker\.codex\worktrees\pr11-original-parity\6kinoko-rebuild\third_party\squirrel-2.2.2\squirrel\sqlexer.cpp(259,1): warning C4702: 无法访问的代码 [C:\Users\poker\.codex\worktrees\pr11-original-parity\6kinoko-rebuild\build-runs\boundary-615a6b6\kinoko_squirrel_cpp_vm.vcxproj]
  scene_operations.cpp
cl : 命令行  warning D9025: 正在重写“/EHc”(用“/EHc-”) [C:\Users\poker\.codex\worktrees\pr11-original-parity\6kinoko-rebuild\build-runs\boundary-615a6b6\kinoko_squirrel_cpp_vm.vcxproj]
  game_script_api.cpp
  act_document.cpp
  act_document_io.cpp
  act_binding.cpp
C:\Users\poker\.codex\worktrees\pr11-original-parity\6kinoko-rebuild\src\squirrel\act_binding.cpp(1882,71): error C2039: "layer_begin": 不是 "kinoko::act::DocumentRecord" 的成员 [C:\Users\poker\.codex\worktrees\pr11-original-parity\6kinoko-rebuild\build-runs\boundary-615a6b6\kinoko_squirrel_cpp_vm.vcxproj]
      C:\Users\poker\.codex\worktrees\pr11-original-parity\6kinoko-rebuild\include\kinoko\act_document_records.hpp(21,8):
      参见“kinoko::act::DocumentRecord”的声明
  
C:\Users\poker\.codex\worktrees\pr11-original-parity\6kinoko-rebuild\src\squirrel\act_binding.cpp(1882,71): error C2065: “layer_begin”: 未声明的标识符 [C:\Users\poker\.codex\worktrees\pr11-original-parity\6kinoko-rebuild\build-runs\boundary-615a6b6\kinoko_squirrel_cpp_vm.vcxproj]
C:\Users\poker\.codex\worktrees\pr11-original-parity\6kinoko-rebuild\src\squirrel\act_binding.cpp(1882,28): error C2737: “begin”: 必须初始化 const 对象 [C:\Users\poker\.codex\worktrees\pr11-original-parity\6kinoko-rebuild\build-runs\boundary-615a6b6\kinoko_squirrel_cpp_vm.vcxproj]
C:\Users\poker\.codex\worktrees\pr11-original-parity\6kinoko-rebuild\src\squirrel\act_binding.cpp(1883,69): error C2039: "layer_end": 不是 "kinoko::act::DocumentRecord" 的成员 [C:\Users\poker\.codex\worktrees\pr11-original-parity\6kinoko-rebuild\build-runs\boundary-615a6b6\kinoko_squirrel_cpp_vm.vcxproj]
      C:\Users\poker\.codex\worktrees\pr11-original-parity\6kinoko-rebuild\include\kinoko\act_document_records.hpp(21,8):
      参见“kinoko::act::DocumentRecord”的声明
  
C:\Users\poker\.codex\worktrees\pr11-original-parity\6kinoko-rebuild\src\squirrel\act_binding.cpp(1883,69): error C2065: “layer_end”: 未声明的标识符 [C:\Users\poker\.codex\worktrees\pr11-original-parity\6kinoko-rebuild\build-runs\boundary-615a6b6\kinoko_squirrel_cpp_vm.vcxproj]
C:\Users\poker\.codex\worktrees\pr11-original-parity\6kinoko-rebuild\src\squirrel\act_binding.cpp(1883,28): error C2737: “end”: 必须初始化 const 对象 [C:\Users\poker\.codex\worktrees\pr11-original-parity\6kinoko-rebuild\build-runs\boundary-615a6b6\kinoko_squirrel_cpp_vm.vcxproj]
C:\Users\poker\.codex\worktrees\pr11-original-parity\6kinoko-rebuild\src\squirrel\act_binding.cpp(1884,22): error C3536: “begin”: 初始化之前无法使用 [C:\Users\poker\.codex\worktrees\pr11-original-parity\6kinoko-rebuild\build-runs\boundary-615a6b6\kinoko_squirrel_cpp_vm.vcxproj]
C:\Users\poker\.codex\worktrees\pr11-original-parity\6kinoko-rebuild\src\squirrel\act_binding.cpp(1884,31): error C3536: “end”: 初始化之前无法使用 [C:\Users\poker\.codex\worktrees\pr11-original-parity\6kinoko-rebuild\build-runs\boundary-615a6b6\kinoko_squirrel_cpp_vm.vcxproj]
  正在生成代码...
