function,category,original_line,current_line,variants
function_401000,保留原反编译函数体,8585,9615,1
function_401010,保留原反编译函数体,8595,9625,1
function_401040,已修改／替换的非空实现,8611,9641,1
function_4011b0,已修改／替换的非空实现,8679,9709,2
function_4013d0,已修改／替换的非空实现,8788,9837,1
function_4014d0,保留原反编译函数体,8847,9896,1
function_401600,已修改／替换的非空实现,8880,9929,1
function_401660,已修改／替换的非空实现,8905,9957,1
function_4016e0,已修改／替换的非空实现,8956,9997,1
function_401740,保留原反编译函数体,8992,10033,1
function_401760,已修改／替换的非空实现,9002,10043,1
function_401790,已修改／替换的非空实现,9015,10070,1
function_4017b0,已修改／替换的非空实现,9022,10082,3
function_401820,已修改／替换的非空实现,9057,10114,1
function_401850,保留原反编译函数体,9065,10136,1
function_401a30,保留原反编译函数体,9175,10246,1
function_401ae0,已修改／替换的非空实现,9190,10261,1
function_401ba0,保留原反编译函数体,9208,10307,1
function_401da0,保留原反编译函数体,9360,10459,1
function_401dc0,已修改／替换的非空实现,9367,10466,1
function_401e60,保留原反编译函数体,9400,10499,1
function_401ee0,保留原反编译函数体,9412,10511,1
function_401f80,已修改／替换的非空实现,9551,10650,1
function_4021e0,已修改／替换的非空实现,9923,11022,1
function_402230,保留原反编译函数体,9960,11059,1
function_402290,保留原反编译函数体,9994,11093,1
function_4022f0,保留原反编译函数体,10013,11112,1
function_402310,保留原反编译函数体,10034,11133,1
function_402360,保留原反编译函数体,10086,11185,1
function_402430,保留原反编译函数体,10157,11256,1
function_402610,保留原反编译函数体,10410,11509,1
function_402670,保留原反编译函数体,10441,11540,1
function_4026e0,已修改／替换的非空实现,10480,11579,1
function_402770,已修改／替换的非空实现,10505,11601,1
function_4028d0,已修改／替换的非空实现,10673,11705,1
function_402930,保留原反编译函数体,10721,11735,1
function_402970,已修改／替换的非空实现,10730,11744,1
function_4029b0,保留原反编译函数体,10755,11761,1
function_4029d0,保留原反编译函数体,10763,11769,1
function_4029f0,保留原反编译函数体,10780,11786,1
function_402a10,保留原反编译函数体,10791,11797,1
function_402a20,保留原反编译函数体,10800,11806,1
function_402a50,保留原反编译函数体,10812,11818,1
function_402aa0,已修改／替换的非空实现,10824,11830,1
function_402ac0,保留原反编译函数体,10831,11848,1
function_402ad0,原版即为简单返回／空函数,10838,11855,1
function_402af0,已修改／替换的非空实现,10844,11861,1
function_402b90,已修改／替换的非空实现,10855,11872,1
function_4a96d0,简化返回／占位候选，待核对,10875,226170,1
function_402d30,原版即为简单返回／空函数,10952,11975,1
function_402d40,已修改／替换的非空实现,10958,12016,1
function_403000,保留原反编译函数体,10989,12131,1
function_4a9a30,保留原反编译函数体,10995,12137,4
function_40bf10,保留原反编译函数体,11021,12163,2
function_40c560,保留原反编译函数体,11376,12518,2
function_403790,保留原反编译函数体,11798,12940,1
function_4037e0,保留原反编译函数体,11808,12950,1
function_403820,保留原反编译函数体,11817,12959,2
function_403830,保留原反编译函数体,11824,12966,1
function_4038c0,已修改／替换的非空实现,11908,13181,1
function_4039e0,已修改／替换的非空实现,11998,13223,4
function_403a90,保留原反编译函数体,12053,13265,1
function_403ad0,保留原反编译函数体,12063,13275,1
function_403b90,保留原反编译函数体,12092,13304,1
function_403bf0,已修改／替换的非空实现,12119,13331,1
function_403ce0,已修改／替换的非空实现,12198,13157,4
function_403db6,保留原反编译函数体,12237,13439,1
function_403dbc,已修改／替换的非空实现,12244,13447,1
function_403e50,保留原反编译函数体,12269,13458,1
function_403e80,保留原反编译函数体,12284,13473,1
function_403f00,保留原反编译函数体,12300,13489,1
function_403f20,保留原反编译函数体,12310,13499,1
function_403fc0,保留原反编译函数体,12400,13589,1
function_403fe0,保留原反编译函数体,12409,13598,1
function_404040,保留原反编译函数体,12447,13636,1
function_404090,保留原反编译函数体,12460,13649,1
function_4040d0,已修改／替换的非空实现,12471,13660,1
function_404130,已修改／替换的非空实现,12479,13666,1
function_404180,保留原反编译函数体,12487,13672,1
function_404230,保留原反编译函数体,12533,13718,1
function_404270,保留原反编译函数体,12556,13741,1
function_404390,已修改／替换的非空实现,12618,13803,1
function_477160,已修改／替换的非空实现,12622,149909,1
function_404430,已修改／替换的非空实现,12644,13824,1
function_474000,已修改／替换的非空实现,12648,143776,1
function_4044d0,保留原反编译函数体,12670,13845,1
function_4045c0,已修改／替换的非空实现,12761,13936,2
function_404610,保留原反编译函数体,12800,13946,1
function_404640,保留原反编译函数体,12809,13955,1
function_404770,保留原反编译函数体,12927,14073,1
function_4049c0,保留原反编译函数体,13167,14313,1
function_404bc0,保留原反编译函数体,13379,14525,1
function_404e10,保留原反编译函数体,13619,14765,1
function_404eb0,保留原反编译函数体,13638,14784,1
function_404ee0,保留原反编译函数体,13645,14791,1
function_405040,保留原反编译函数体,13795,14941,1
function_405060,保留原反编译函数体,13804,14950,1
function_405080,保留原反编译函数体,13813,14959,1
function_405140,保留原反编译函数体,13841,14987,1
function_405180,保留原反编译函数体,13856,15002,1
function_4051e0,保留原反编译函数体,13871,15017,1
function_405220,保留原反编译函数体,13886,15032,1
function_405280,保留原反编译函数体,13901,15047,1
function_4052c0,保留原反编译函数体,13916,15062,1
function_405320,保留原反编译函数体,13931,15077,1
function_405720,保留原反编译函数体,14432,15578,1
function_405800,已修改／替换的非空实现,14458,15767,2
function_405900,保留原反编译函数体,14489,15787,2
function_405980,已修改／替换的非空实现,14566,15864,1
function_405990,保留原反编译函数体,14574,15872,1
function_4059c0,保留原反编译函数体,14582,15880,1
function_405a50,保留原反编译函数体,14600,15898,1
function_405aa0,保留原反编译函数体,14616,15914,1
function_405b30,已修改／替换的非空实现,14637,15935,1
function_405bd0,已修改／替换的非空实现,14670,15968,1
function_405c90,保留原反编译函数体,14680,15978,1
function_405d60,已修改／替换的非空实现,14689,16069,1
function_405e30,已修改／替换的非空实现,14765,16078,1
function_405ea0,已修改／替换的非空实现,14785,16114,1
function_405f80,已修改／替换的非空实现,14808,16137,1
function_406180,已修改／替换的非空实现,14894,16223,1
function_4062d0,已修改／替换的非空实现,14971,16300,1
function_406350,保留原反编译函数体,15007,16336,1
function_406360,保留原反编译函数体,15014,16343,1
function_406370,已修改／替换的非空实现,15022,16351,1
function_4065a0,保留原反编译函数体,15091,16420,1
function_4065d0,保留原反编译函数体,15104,16433,1
function_406600,已修改／替换的非空实现,15117,16446,20
function_406670,保留原反编译函数体,15149,16478,1
function_406690,保留原反编译函数体,15159,16488,1
function_4067f0,已修改／替换的非空实现,15270,16521,1
function_406880,保留原反编译函数体,15309,16560,1
function_4068f0,保留原反编译函数体,15401,16652,1
function_406a50,保留原反编译函数体,15437,16688,1
function_406ac0,保留原反编译函数体,15459,16710,1
function_406cc0,已修改／替换的非空实现,15579,16830,1
function_406db0,保留原反编译函数体,15662,16913,1
function_406df0,保留原反编译函数体,15694,16945,1
function_406ee0,保留原反编译函数体,15742,16993,1
function_406fc0,保留原反编译函数体,15999,17250,1
function_407000,保留原反编译函数体,16041,17292,1
function_407070,保留原反编译函数体,16089,17340,1
function_407130,保留原反编译函数体,16131,17382,1
function_407190,保留原反编译函数体,16158,17409,1
function_407210,保留原反编译函数体,16197,17448,1
function_407250,保留原反编译函数体,16222,17473,1
function_407270,保留原反编译函数体,16239,17490,1
function_4072b0,已修改／替换的非空实现,16257,17508,1
function_4072d0,已修改／替换的非空实现,16266,17517,1
function_407300,已修改／替换的非空实现,16276,17534,1
function_407310,保留原反编译函数体,16285,17548,1
function_407340,保留原反编译函数体,16303,17566,1
function_407350,保留原反编译函数体,16311,17574,1
function_407360,已修改／替换的非空实现,16319,17582,1
function_407370,已修改／替换的非空实现,16325,12051,8
function_407450,保留原反编译函数体,16412,17748,1
function_407480,保留原反编译函数体,16422,17758,1
function_4074b0,保留原反编译函数体,16435,17771,1
function_4074c0,保留原反编译函数体,16443,17779,1
function_407500,已修改／替换的非空实现,16461,17960,1
function_4077c0,已修改／替换的非空实现,16754,18253,1
function_4082b0,保留原反编译函数体,18542,20041,1
function_4082d0,保留原反编译函数体,18552,20051,1
function_408320,已修改／替换的非空实现,18572,20071,1
function_4083e0,已修改／替换的非空实现,18656,20154,1
function_408430,已修改／替换的非空实现,18689,20188,1
function_408530,保留原反编译函数体,18787,20286,1
function_408550,保留原反编译函数体,18796,20295,1
function_408590,保留原反编译函数体,18816,20315,1
function_408600,保留原反编译函数体,18846,20345,1
function_408650,已修改／替换的非空实现,18866,20365,1
function_4086e0,已修改／替换的非空实现,18884,20396,1
function_4087b0,已修改／替换的非空实现,18903,20427,1
function_4087e0,已修改／替换的非空实现,18917,20441,1
function_408800,已修改／替换的非空实现,18928,20463,1
function_408830,已修改／替换的非空实现,18944,20479,1
function_408850,已修改／替换的非空实现,18953,20488,1
function_408860,已修改／替换的非空实现,18960,20495,1
function_408870,保留原反编译函数体,18967,20502,1
function_408930,已修改／替换的非空实现,19002,20537,1
function_4089c0,已修改／替换的非空实现,19026,20562,1
function_408b10,保留原反编译函数体,19131,20596,1
function_408b30,已修改／替换的非空实现,19138,20603,2
function_408bf0,已修改／替换的非空实现,19164,20649,2
function_408c80,已修改／替换的非空实现,19183,20660,1
function_408d00,已修改／替换的非空实现,19256,20697,2
function_408e60,已修改／替换的非空实现,19285,20740,1
function_408e80,已修改／替换的非空实现,19292,20745,1
function_408eb0,已修改／替换的非空实现,19309,20751,1
function_409030,原版即为简单返回／空函数,19376,20757,1
function_4090a0,保留原反编译函数体,19382,20763,1
function_4090d0,保留原反编译函数体,19398,20779,1
function_409130,保留原反编译函数体,19416,20797,1
function_4093b0,保留原反编译函数体,19518,20899,1
function_4093f0,保留原反编译函数体,19531,20912,1
function_409450,保留原反编译函数体,19555,20936,1
function_409480,保留原反编译函数体,19576,20957,1
function_4094b0,保留原反编译函数体,19608,20989,1
function_4094e0,保留原反编译函数体,19642,21023,1
function_409540,保留原反编译函数体,19667,21048,1
function_409620,保留原反编译函数体,19735,21116,1
function_4096d0,保留原反编译函数体,19765,21146,2
function_409840,保留原反编译函数体,19868,21249,1
function_4098a0,保留原反编译函数体,19898,21279,1
function_409930,保留原反编译函数体,19954,21335,1
function_4099c0,保留原反编译函数体,19996,21377,1
function_409da0,保留原反编译函数体,20216,21597,1
function_40a0f0,已修改／替换的非空实现,20528,23631,1
function_40a3d0,已修改／替换的非空实现,20713,23641,1
function_40a460,已修改／替换的非空实现,20733,23696,1
function_40a5d0,保留原反编译函数体,20886,23731,1
function_40a5f0,已修改／替换的非空实现,20893,23738,1
function_40a6c0,已修改／替换的非空实现,20957,23802,1
function_40a7f0,已修改／替换的非空实现,21009,23854,1
function_40a890,已修改／替换的非空实现,21049,23894,1
function_40a8d0,已修改／替换的非空实现,21064,23909,1
function_40a950,已修改／替换的非空实现,21099,23944,1
function_40a9a0,已修改／替换的非空实现,21118,23963,1
function_40a9f0,已修改／替换的非空实现,21137,23982,1
function_40aaa0,已修改／替换的非空实现,21198,23993,1
function_40aac0,已修改／替换的非空实现,21210,24008,1
function_40aae0,已修改／替换的非空实现,21221,24033,1
function_40adb0,已修改／替换的非空实现,21545,24045,1
function_40ae70,已修改／替换的非空实现,21592,24092,1
function_40af70,保留原反编译函数体,21712,24212,1
function_40af80,保留原反编译函数体,21722,24222,1
function_40afb0,保留原反编译函数体,21735,24235,1
function_40afe0,已修改／替换的非空实现,21750,24250,1
function_40b160,已修改／替换的非空实现,21859,24359,1
function_40b210,已修改／替换的非空实现,21921,24421,1
function_40b2c0,保留原反编译函数体,21964,24464,1
function_40b2d0,保留原反编译函数体,21976,24476,1
function_40b3a0,已修改／替换的非空实现,21997,24497,1
function_40b520,已修改／替换的非空实现,22123,24505,1
function_40b6f0,保留原反编译函数体,22303,24510,1
function_40b760,保留原反编译函数体,22387,24594,1
function_411b90,保留原反编译函数体,22403,24610,2
function_40b840,保留原反编译函数体,22435,24642,1
function_40b8a0,已修改／替换的非空实现,22460,24667,1
function_40b9a0,保留原反编译函数体,22589,24673,1
function_40ba20,已修改／替换的非空实现,22638,24722,1
function_40bb70,已修改／替换的非空实现,22715,24799,1
function_40bbf0,保留原反编译函数体,22749,24833,1
function_40bc00,已修改／替换的非空实现,22759,24843,1
function_40bd10,已修改／替换的非空实现,22835,24919,1
function_40bd90,保留原反编译函数体,22869,24953,1
function_40bda0,保留原反编译函数体,22877,24961,1
function_40bdf0,保留原反编译函数体,22919,25003,1
function_40be40,保留原反编译函数体,22963,25047,1
function_40be70,保留原反编译函数体,22976,25060,1
function_40bea0,保留原反编译函数体,22991,25075,1
function_40bed0,保留原反编译函数体,23004,25088,1
function_40bf00,保留原反编译函数体,23017,25101,1
function_40c010,保留原反编译函数体,23075,25159,1
function_40c2e0,保留原反编译函数体,23283,25367,1
function_4429b0,原版即为简单返回／空函数,23286,25370,6
function_40c370,保留原反编译函数体,23296,25380,1
function_40c410,已修改／替换的非空实现,23326,25410,1
function_40c4b0,保留原反编译函数体,23347,25431,1
function_40c5f0,保留原反编译函数体,23412,25496,1
function_40c670,原版即为简单返回／空函数,23452,25536,1
function_40c6d0,保留原反编译函数体,23460,25544,1
function_40c790,保留原反编译函数体,23528,25612,1
function_40c870,保留原反编译函数体,23610,25694,1
function_40c8a0,保留原反编译函数体,23623,25707,1
function_40c900,保留原反编译函数体,23647,25731,1
function_40ca50,保留原反编译函数体,23754,25838,1
function_40cba0,已修改／替换的非空实现,23861,25945,1
function_40cc80,保留原反编译函数体,23942,26026,1
function_40ccc0,保留原反编译函数体,23957,26041,1
function_40cdd0,原版即为简单返回／空函数,24010,26094,1
function_40ce60,保留原反编译函数体,24016,26100,1
function_40d0a0,保留原反编译函数体,24142,26226,1
function_40d1e0,保留原反编译函数体,24256,26340,1
function_40d240,保留原反编译函数体,24290,26374,1
function_40d2f0,保留原反编译函数体,24341,26425,1
function_40d330,保留原反编译函数体,24372,26456,1
function_40d400,保留原反编译函数体,24411,26495,1
function_40d500,保留原反编译函数体,24536,26620,1
function_40d520,保留原反编译函数体,24553,26637,1
function_40d560,保留原反编译函数体,24571,26655,1
function_40d590,保留原反编译函数体,24581,26665,1
function_40d5b0,保留原反编译函数体,24590,26674,1
function_40d5e0,已修改／替换的非空实现,24608,26692,1
function_40d790,已修改／替换的非空实现,24690,26774,2
function_40d940,已修改／替换的非空实现,24824,26949,1
function_40da60,已修改／替换的非空实现,24892,27050,1
function_40db30,已修改／替换的非空实现,24943,27113,1
function_40dbe0,已修改／替换的非空实现,25084,27152,1
function_40df60,已修改／替换的非空实现,25365,27157,1
function_40e130,已修改／替换的非空实现,25645,27609,1
function_40e220,已修改／替换的非空实现,25749,27651,1
function_40e2b0,已修改／替换的非空实现,25789,27682,1
function_40e2d0,已修改／替换的非空实现,25801,27697,1
function_40e2f0,保留原反编译函数体,25813,27712,1
function_40e320,已修改／替换的非空实现,25825,27724,1
function_40e3f0,保留原反编译函数体,26032,27779,1
function_40e460,已修改／替换的非空实现,26068,27815,1
function_40e540,已修改／替换的非空实现,26128,27877,1
function_40e590,已修改／替换的非空实现,26150,27890,1
function_40e5d0,已修改／替换的非空实现,26161,27901,2
function_40e630,已修改／替换的非空实现,26181,27922,1
function_40e850,已修改／替换的非空实现,26313,28071,1
function_40eae0,已修改／替换的非空实现,26434,28194,1
function_40ebf0,保留原反编译函数体,26479,28239,1
function_40ec30,保留原反编译函数体,26494,28254,1
function_40ec70,保留原反编译函数体,26511,28271,1
function_40ed40,保留原反编译函数体,26563,28323,1
function_40ee30,保留原反编译函数体,26674,28434,1
function_40efd0,保留原反编译函数体,26806,28566,1
function_40f130,保留原反编译函数体,26867,28627,1
function_40f1c0,已修改／替换的非空实现,26936,28696,1
function_40f2e0,保留原反编译函数体,27015,28775,1
function_40f370,已修改／替换的非空实现,27095,28855,1
function_40f5e0,已修改／替换的非空实现,27154,28914,1
function_40f790,已修改／替换的非空实现,27182,28942,1
function_40fe30,保留原反编译函数体,27508,29268,1
function_40ffb0,保留原反编译函数体,27648,29408,1
function_4100c0,保留原反编译函数体,27879,29639,1
function_4100f0,已修改／替换的非空实现,27900,29660,1
function_410110,保留原反编译函数体,27919,29679,1
function_410160,保留原反编译函数体,27941,29701,1
function_410190,保留原反编译函数体,27949,29709,1
function_4101a0,保留原反编译函数体,27956,29716,1
function_4101e0,保留原反编译函数体,27967,29727,1
function_410230,保留原反编译函数体,27985,29745,1
function_410260,保留原反编译函数体,28006,29766,1
function_410270,已修改／替换的非空实现,28015,29775,1
function_4103b0,已修改／替换的非空实现,28061,29821,1
function_410480,保留原反编译函数体,28084,29844,1
function_410500,已修改／替换的非空实现,28104,29962,1
function_410750,已修改／替换的非空实现,28212,30053,1
function_4109a0,保留原反编译函数体,28308,30086,1
function_4109d0,已修改／替换的非空实现,28327,30106,1
function_410b90,已修改／替换的非空实现,28460,30149,1
function_410c00,已修改／替换的非空实现,28498,30191,1
function_410c80,保留原反编译函数体,28530,30230,1
function_410cb0,保留原反编译函数体,28547,30247,1
function_410d90,保留原反编译函数体,28620,30320,1
function_410e00,保留原反编译函数体,28654,30354,1
function_410e80,保留原反编译函数体,28684,30384,1
function_410ef0,保留原反编译函数体,28756,30456,1
function_411000,保留原反编译函数体,28800,30500,1
function_411040,保留原反编译函数体,28842,30542,1
function_411100,已修改／替换的非空实现,28987,30687,1
function_411390,保留原反编译函数体,29379,31079,1
function_4113f0,保留原反编译函数体,29413,31113,1
function_411450,保留原反编译函数体,29432,31132,1
function_411520,保留原反编译函数体,29513,31213,1
function_411720,保留原反编译函数体,29793,31493,1
function_411870,保留原反编译函数体,29934,31634,1
function_411930,保留原反编译函数体,30059,31759,1
function_411980,保留原反编译函数体,30076,31776,1
function_4119a0,保留原反编译函数体,30088,31788,1
function_4119e0,保留原反编译函数体,30108,31808,1
function_411a10,保留原反编译函数体,30125,31825,1
function_411ff0,原版即为简单返回／空函数,30128,31828,3
function_411aa0,保留原反编译函数体,30138,31838,1
function_411d10,保留原反编译函数体,30322,32022,1
function_411d30,保留原反编译函数体,30335,32035,1
function_411d80,已修改／替换的非空实现,30349,32049,1
function_411f90,保留原反编译函数体,30423,32177,1
function_412060,保留原反编译函数体,30461,32215,1
function_4120c0,保留原反编译函数体,30474,32228,1
function_4120d0,已修改／替换的非空实现,30481,32235,1
function_412210,原版即为简单返回／空函数,30560,32314,1
function_412240,已修改／替换的非空实现,30566,32320,1
function_412350,保留原反编译函数体,30729,32484,1
function_4123a0,保留原反编译函数体,30739,32494,1
function_4123c0,原版即为简单返回／空函数,30746,32501,1
function_4123e0,已修改／替换的非空实现,30752,32507,1
function_4125d0,原版即为简单返回／空函数,30782,32539,1
function_4125e0,已修改／替换的非空实现,30788,32545,1
function_412610,保留原反编译函数体,30799,32556,1
function_412660,保留原反编译函数体,30829,32586,1
function_412680,保留原反编译函数体,30842,32599,1
function_412720,保留原反编译函数体,30879,32636,1
function_4127b0,保留原反编译函数体,30911,32668,1
function_412890,已修改／替换的非空实现,30934,32691,1
function_412ad0,已修改／替换的非空实现,31094,32888,1
function_412b80,已修改／替换的非空实现,31216,33057,1
function_412c10,已修改／替换的非空实现,31247,33101,1
function_412ca0,已修改／替换的非空实现,31290,33133,1
function_412d30,保留原反编译函数体,31302,33151,1
function_412da0,保留原反编译函数体,31316,33165,1
function_412ef0,保留原反编译函数体,31374,33223,1
function_413000,保留原反编译函数体,31433,33282,1
function_4130a0,保留原反编译函数体,31508,33357,1
function_4131b0,保留原反编译函数体,31580,33429,1
function_4131e0,保留原反编译函数体,31598,27614,2
function_413470,保留原反编译函数体,31761,33610,1
function_4134e0,保留原反编译函数体,31785,33634,1
function_413500,已修改／替换的非空实现,31799,33648,1
function_413f18,保留原反编译函数体,32552,34405,1
function_414010,已修改／替换的非空实现,32582,34435,1
function_4141e0,保留原反编译函数体,32620,34502,1
function_4145b0,已修改／替换的非空实现,33409,35291,1
function_4146a0,已修改／替换的非空实现,33438,35322,1
function_414850,已修改／替换的非空实现,33464,35350,1
function_414930,已修改／替换的非空实现,33479,35367,1
function_414a30,保留原反编译函数体,33494,35384,1
function_414ad0,保留原反编译函数体,33527,35417,1
function_414b80,保留原反编译函数体,33572,35462,1
function_414c10,保留原反编译函数体,33621,35511,1
function_414c70,保留原反编译函数体,33661,35551,1
function_414cb0,保留原反编译函数体,33676,35566,1
function_414d60,原版即为简单返回／空函数,33712,35602,1
function_414d80,保留原反编译函数体,33720,35610,1
function_414db0,原版即为简单返回／空函数,33751,35641,1
function_414dd0,保留原反编译函数体,33759,35649,1
function_414e00,保留原反编译函数体,33790,35680,1
function_414e10,保留原反编译函数体,33799,35689,1
function_414e40,保留原反编译函数体,33808,35698,1
function_414e50,保留原反编译函数体,33817,35707,1
function_414e80,保留原反编译函数体,33826,35716,1
function_414ed0,保留原反编译函数体,33852,35742,1
function_414fa0,保留原反编译函数体,33927,35817,1
function_414fe0,保留原反编译函数体,33946,35836,1
function_415070,保留原反编译函数体,33986,35876,1
function_4150a0,原版即为简单返回／空函数,33999,35889,1
function_4150b0,保留原反编译函数体,34007,35897,1
function_4150e0,保留原反编译函数体,34022,35912,1
function_415110,保留原反编译函数体,34034,35924,1
function_415130,保留原反编译函数体,34048,35938,2
function_415190,保留原反编译函数体,34065,35955,1
function_4151a0,保留原反编译函数体,34073,35963,1
function_4151d0,保留原反编译函数体,34088,35978,1
function_4151e0,保留原反编译函数体,34094,35984,1
function_4151f0,保留原反编译函数体,34102,35992,1
function_415220,保留原反编译函数体,34118,36008,1
function_415230,保留原反编译函数体,34126,36016,1
function_4152a0,保留原反编译函数体,34143,36033,1
function_415350,已修改／替换的非空实现,34176,36066,1
function_48a6f0,保留原反编译函数体,34180,36070,21
function_4153e0,保留原反编译函数体,34206,36096,1
function_415420,保留原反编译函数体,34220,36110,1
function_415480,保留原反编译函数体,34247,36137,1
function_415550,保留原反编译函数体,34281,36171,1
function_4155d0,保留原反编译函数体,34298,36246,1
function_4156d0,保留原反编译函数体,34332,36280,1
function_415750,保留原反编译函数体,34353,36301,1
function_415790,保留原反编译函数体,34370,36318,1
function_415810,已修改／替换的非空实现,34395,36401,1
function_415870,保留原反编译函数体,34406,36408,1
function_4158e0,保留原反编译函数体,34420,36422,1
function_4159a0,保留原反编译函数体,34459,36461,1
function_4159d0,保留原反编译函数体,34479,36481,1
function_4159f0,保留原反编译函数体,34494,36496,1
function_415b00,保留原反编译函数体,34533,36535,1
function_48afc0,原版即为简单返回／空函数,34540,36542,2
function_415b50,原版即为简单返回／空函数,34550,36552,1
function_415b80,保留原反编译函数体,34558,36560,1
function_415c50,保留原反编译函数体,34592,36594,1
function_415e20,已修改／替换的非空实现,34945,36947,1
function_415ea0,已修改／替换的非空实现,34955,36957,1
function_415f60,已修改／替换的非空实现,34982,36984,1
function_415fd0,保留原反编译函数体,35004,37006,2
function_416427,原版即为简单返回／空函数,35253,37255,1
function_41642d,原版即为简单返回／空函数,35259,37261,1
function_416440,保留原反编译函数体,35267,37269,1
function_416510,保留原反编译函数体,35328,37330,1
function_416700,保留原反编译函数体,35451,37453,1
function_416790,已修改／替换的非空实现,35489,37491,1
function_416b8d,原版即为简单返回／空函数,35596,37600,1
function_416b93,保留原反编译函数体,35602,37606,1
function_416b98,原版即为简单返回／空函数,35609,37613,1
function_416ba0,保留原反编译函数体,35615,37619,1
function_416bd0,保留原反编译函数体,35626,37630,1
function_416bf0,保留原反编译函数体,35642,37646,1
function_416c50,保留原反编译函数体,35666,37670,1
function_416c60,保留原反编译函数体,35675,37679,1
function_416ce0,保留原反编译函数体,35715,37719,1
function_416d60,原版即为简单返回／空函数,35755,37759,1
function_416d70,原版即为简单返回／空函数,35761,37765,1
function_416d80,原版即为简单返回／空函数,35767,37771,1
function_416d90,原版即为简单返回／空函数,35773,37777,1
function_416da0,原版即为简单返回／空函数,35779,37783,1
function_416db0,保留原反编译函数体,35785,37789,1
function_416de0,保留原反编译函数体,35801,37805,1
function_416ec0,保留原反编译函数体,35903,37907,1
function_416fa0,保留原反编译函数体,36019,38023,1
function_416fd0,保留原反编译函数体,36030,38034,1
function_417000,保留原反编译函数体,36041,38045,1
function_417010,保留原反编译函数体,36048,38052,1
function_417100,保留原反编译函数体,36097,38101,1
function_4173c0,原版即为简单返回／空函数,36227,38231,1
function_4173d0,已修改／替换的非空实现,36233,38237,1
function_417420,原版即为简单返回／空函数,36250,38254,1
function_417430,保留原反编译函数体,36256,38260,1
function_4174f0,保留原反编译函数体,36279,38283,1
function_4175f0,保留原反编译函数体,36304,38308,1
function_417a00,保留原反编译函数体,36675,38679,1
function_417a30,已修改／替换的非空实现,36688,38692,1
function_417c90,保留原反编译函数体,37011,39015,1
function_417d00,保留原反编译函数体,37045,39049,1
function_417d30,保留原反编译函数体,37062,39066,1
function_417d70,保留原反编译函数体,37080,39084,1
function_417da0,保留原反编译函数体,37093,39097,1
function_417dd0,保留原反编译函数体,37107,39111,1
function_417e30,保留原反编译函数体,37136,39140,1
function_417e50,保留原反编译函数体,37147,39151,1
function_417ee0,保留原反编译函数体,37198,39202,2
function_4180a0,保留原反编译函数体,37327,39331,1
function_4180c0,保留原反编译函数体,37339,39343,1
function_4180e0,已修改／替换的非空实现,37351,39355,1
function_418370,保留原反编译函数体,37745,39749,1
function_418400,保留原反编译函数体,37809,39813,1
function_418410,保留原反编译函数体,37816,39820,4
function_418430,保留原反编译函数体,37825,39829,1
function_418480,保留原反编译函数体,37859,39863,1
function_4184d0,保留原反编译函数体,37878,39882,1
function_4184e0,保留原反编译函数体,37885,39889,1
function_4184f0,保留原反编译函数体,37892,39896,1
function_418500,已修改／替换的非空实现,37899,39903,1
function_4185b0,保留原反编译函数体,37967,39971,1
function_418660,保留原反编译函数体,38001,40005,1
function_418750,保留原反编译函数体,38047,40051,1
function_418820,保留原反编译函数体,38193,40197,1
function_418880,保留原反编译函数体,38227,40231,1
function_4188e0,保留原反编译函数体,38246,40250,1
function_418980,保留原反编译函数体,38382,40386,1
function_4189d0,保留原反编译函数体,38434,40438,1
function_4189f0,保留原反编译函数体,38441,40445,1
function_418a10,保留原反编译函数体,38450,40454,1
function_418a20,保留原反编译函数体,38459,40463,1
function_418a30,已修改／替换的非空实现,38468,40472,1
function_418a80,已修改／替换的非空实现,38488,40492,1
function_418ad0,已修改／替换的非空实现,38508,40512,1
function_418b20,保留原反编译函数体,38528,40532,1
function_418b70,保留原反编译函数体,38546,40550,1
function_418bd0,保留原反编译函数体,38584,40588,1
function_418bf0,保留原反编译函数体,38591,40595,1
function_418c10,保留原反编译函数体,38599,40603,1
function_418cc0,保留原反编译函数体,38634,40638,1
function_418d20,保留原反编译函数体,38705,40709,1
function_418e60,保留原反编译函数体,38814,40818,1
function_418fa0,保留原反编译函数体,38860,40864,1
function_4190e0,保留原反编译函数体,38906,40910,1
function_419150,保留原反编译函数体,38920,40924,1
function_419290,保留原反编译函数体,39029,41033,1
function_4192d0,保留原反编译函数体,39041,41045,1
function_4192e0,保留原反编译函数体,39049,41053,1
function_419450,保留原反编译函数体,39169,41173,1
function_419510,保留原反编译函数体,39243,41247,1
function_4195d0,原版即为简单返回／空函数,39279,41283,1
function_4195f0,保留原反编译函数体,39285,41289,1
function_419740,保留原反编译函数体,39445,41449,1
function_419970,保留原反编译函数体,39710,41714,1
function_419a8f,保留原反编译函数体,39775,41779,1
function_419aa0,保留原反编译函数体,39782,41786,1
function_419b00,保留原反编译函数体,39813,41817,1
function_419c50,保留原反编译函数体,39869,41873,1
function_419ce0,保留原反编译函数体,39890,41894,1
function_419d10,保留原反编译函数体,39898,41902,1
function_419d30,原版即为简单返回／空函数,39907,41911,1
function_419d40,保留原反编译函数体,39913,41917,1
function_419dd0,保留原反编译函数体,39934,41938,1
function_419e49,保留原反编译函数体,39957,41961,1
function_419f50,保留原反编译函数体,39986,41990,1
function_41a010,保留原反编译函数体,40007,42011,1
function_41a1c0,原版即为简单返回／空函数,40048,42052,1
function_41a1d0,保留原反编译函数体,40054,42058,1
function_41a310,保留原反编译函数体,40108,42112,1
function_41a350,已修改／替换的非空实现,40121,42125,1
function_41a3f0,已修改／替换的非空实现,40143,42147,1
function_41a420,保留原反编译函数体,40157,42161,1
function_41a480,保留原反编译函数体,40175,42179,1
function_41a4d0,保留原反编译函数体,40190,42194,1
function_41a680,保留原反编译函数体,40261,42265,1
function_41a77e,保留原反编译函数体,40330,42334,1
function_41a7bd,保留原反编译函数体,40348,42352,1
function_41a820,保留原反编译函数体,40374,42378,1
function_41a850,保留原反编译函数体,40385,42389,1
function_41a890,保留原反编译函数体,40397,42401,1
function_41a910,保留原反编译函数体,40419,42423,1
function_41a950,已修改／替换的非空实现,40440,42444,1
function_41db20,保留原反编译函数体,40547,42555,42
function_41abc0,保留原反编译函数体,40568,42576,1
function_41ad10,保留原反编译函数体,40646,42654,1
function_41ae60,保留原反编译函数体,40724,42732,1
function_41af90,保留原反编译函数体,40770,42778,1
function_41b0c0,保留原反编译函数体,40814,42822,1
function_41b220,保留原反编译函数体,40886,42894,1
function_41b380,保留原反编译函数体,40958,42966,1
function_41b460,已修改／替换的非空实现,40991,42999,1
function_41b550,保留原反编译函数体,41023,43032,1
function_41b640,保留原反编译函数体,41052,43061,1
function_41b790,保留原反编译函数体,41130,43139,1
function_41b7c0,保留原反编译函数体,41143,43152,1
function_41d520,保留原反编译函数体,41506,43515,15
function_41bc30,保留原反编译函数体,41760,43769,1
function_41c7b0,已修改／替换的非空实现,43628,45637,1
function_41c870,保留原反编译函数体,43677,45686,1
function_41d570,保留原反编译函数体,45751,47760,1
function_41d5c0,已修改／替换的非空实现,45788,47797,1
function_41d610,保留原反编译函数体,45804,47813,1
function_41d630,保留原反编译函数体,45812,47821,1
function_41d770,保留原反编译函数体,45921,47930,1
function_41d9b0,保留原反编译函数体,46170,48179,1
function_41da60,保留原反编译函数体,46187,48196,1
function_41dbc0,保留原反编译函数体,46338,48347,1
function_41dc80,已修改／替换的非空实现,46351,48360,1
function_41de70,已修改／替换的非空实现,46475,48484,1
function_41df30,原版即为简单返回／空函数,46542,48551,1
function_41df40,原版即为简单返回／空函数,46550,48559,1
function_41df50,原版即为简单返回／空函数,46558,48567,1
function_41df60,原版即为简单返回／空函数,46564,48573,1
function_41df70,已修改／替换的非空实现,46570,48579,3
function_41e0c0,已修改／替换的非空实现,46708,48717,1
function_41e190,保留原反编译函数体,46735,48744,1
function_41e1e0,保留原反编译函数体,46755,48764,1
function_41e200,保留原反编译函数体,46772,48781,1
function_41e260,保留原反编译函数体,46791,48800,1
function_48ce00,原版即为简单返回／空函数,46794,48803,15
function_41e2c0,保留原反编译函数体,46805,48814,1
function_41e320,保留原反编译函数体,46820,48829,1
function_41e390,已修改／替换的非空实现,46838,48847,1
function_41e790,已修改／替换的非空实现,47036,49045,1
function_41ea50,保留原反编译函数体,47087,49096,1
function_41eca0,保留原反编译函数体,47275,49284,1
function_41eed0,保留原反编译函数体,47373,49382,1
function_41ef20,保留原反编译函数体,47398,49407,1
function_41ef50,保留原反编译函数体,47414,49423,1
function_41efb0,已修改／替换的非空实现,47477,49486,1
function_41eff0,保留原反编译函数体,47493,49515,2
function_41f580,保留原反编译函数体,47636,49658,1
function_41f800,保留原反编译函数体,47765,49787,1
function_41f990,保留原反编译函数体,47908,49930,1
function_41fbd0,保留原反编译函数体,48183,50205,1
function_41fe90,原版即为简单返回／空函数,48313,50335,1
function_41fea0,已修改／替换的非空实现,48319,50341,1
function_41fef0,原版即为简单返回／空函数,48336,50358,1
function_41ff00,原版即为简单返回／空函数,48342,50364,1
function_41ff10,保留原反编译函数体,48348,50370,1
function_41ffe0,保留原反编译函数体,48371,50393,1
function_4200e0,保留原反编译函数体,48398,50420,1
function_4204f0,保留原反编译函数体,48769,50791,1
function_420530,保留原反编译函数体,48787,50809,1
function_4205b0,保留原反编译函数体,48817,50839,1
function_4206d0,保留原反编译函数体,48876,50898,1
function_420740,保留原反编译函数体,48908,50930,1
function_4207c0,保留原反编译函数体,48924,50946,1
function_4207e0,原版即为简单返回／空函数,48932,50954,1
function_4207f0,保留原反编译函数体,48940,50962,1
function_420830,保留原反编译函数体,48960,50982,1
function_420900,保留原反编译函数体,49004,51026,1
function_420980,保留原反编译函数体,49039,51061,1
function_4209b0,保留原反编译函数体,49053,51075,1
function_420a10,保留原反编译函数体,49081,51103,1
function_420a30,保留原反编译函数体,49092,51114,1
function_420a80,保留原反编译函数体,49117,51139,1
function_420a90,保留原反编译函数体,49126,51148,1
function_420b20,保留原反编译函数体,49150,51172,1
function_420b90,保留原反编译函数体,49172,51194,1
function_420dc0,保留原反编译函数体,49321,51343,1
function_420e40,保留原反编译函数体,49332,51354,1
function_420ec0,保留原反编译函数体,49343,51365,1
function_420f40,保留原反编译函数体,49354,51376,1
function_420fc0,保留原反编译函数体,49365,51387,1
function_4211d0,保留原反编译函数体,49638,51660,1
function_4213d0,保留原反编译函数体,49791,51813,1
function_421440,保留原反编译函数体,49800,51822,1
function_421495,原版即为简单返回／空函数,49819,51841,1
function_4214a0,保留原反编译函数体,49825,51847,1
function_4215af,保留原反编译函数体,49887,51909,1
function_4216a0,保留原反编译函数体,50048,52070,1
function_421860,已修改／替换的非空实现,50084,52106,1
function_421dc0,保留原反编译函数体,50478,52500,1
function_421e40,保留原反编译函数体,50529,52551,1
function_4220c0,保留原反编译函数体,50718,52740,1
function_422130,保留原反编译函数体,50807,52829,1
function_422190,已修改／替换的非空实现,50892,52914,1
function_422410,保留原反编译函数体,51231,53253,1
function_4224b0,保留原反编译函数体,51290,53312,1
function_422500,保留原反编译函数体,51324,53346,1
function_422550,保留原反编译函数体,51343,53365,1
function_422690,保留原反编译函数体,51389,53411,1
function_4227d0,保留原反编译函数体,51435,53457,1
function_422910,保留原反编译函数体,51481,53503,1
function_422a60,保留原反编译函数体,51527,53549,1
function_422b40,保留原反编译函数体,51547,53569,1
function_422c20,保留原反编译函数体,51567,53589,1
function_422d00,保留原反编译函数体,51587,53609,1
function_422de0,保留原反编译函数体,51607,53629,1
function_422ec0,保留原反编译函数体,51627,53649,1
function_422fc0,保留原反编译函数体,51647,53669,1
function_4230a0,保留原反编译函数体,51681,53703,1
function_4231e0,保留原反编译函数体,51790,53812,1
function_423350,保留原反编译函数体,51935,53957,1
function_423430,保留原反编译函数体,52010,54032,1
function_423560,保留原反编译函数体,52092,54114,1
function_423620,保留原反编译函数体,52132,54154,1
function_423640,已修改／替换的非空实现,52142,54164,1
function_4236d4,原版即为简单返回／空函数,52163,54185,1
function_4236dc,保留原反编译函数体,52169,54191,1
function_423700,保留原反编译函数体,52179,54201,1
function_423757,保留原反编译函数体,52190,54212,1
function_42376a,保留原反编译函数体,52199,54221,1
function_423790,保留原反编译函数体,52209,54231,1
function_4237b0,保留原反编译函数体,52216,54238,1
function_423990,保留原反编译函数体,52478,54500,1
function_423be0,保留原反编译函数体,52748,54770,1
function_423cf0,保留原反编译函数体,52796,54818,1
function_423d60,保留原反编译函数体,52813,54835,1
function_423dd0,保留原反编译函数体,52829,54851,1
function_423e70,保留原反编译函数体,52846,54868,1
function_423f00,保留原反编译函数体,52867,54889,1
function_423f50,保留原反编译函数体,52881,54903,1
function_423f90,原版即为简单返回／空函数,52889,54911,1
function_423fd0,保留原反编译函数体,52895,54917,1
function_424060,保留原反编译函数体,52916,54938,1
function_4240f0,保留原反编译函数体,52937,54959,1
function_424180,保留原反编译函数体,52958,54980,1
function_4241f9,保留原反编译函数体,52979,55001,1
function_424280,保留原反编译函数体,52996,55018,1
function_424320,保留原反编译函数体,53015,55037,1
function_424350,保留原反编译函数体,53047,55069,1
function_424430,保留原反编译函数体,53076,55098,1
function_4247f0,保留原反编译函数体,53085,55107,2
function_424f60,保留原反编译函数体,53103,55125,2
function_424640,保留原反编译函数体,53138,55160,1
function_4248e0,保留原反编译函数体,53145,55167,2
function_424720,保留原反编译函数体,53158,55180,1
function_4249d0,保留原反编译函数体,53301,55323,1
function_424bb0,保留原反编译函数体,53383,55405,1
function_424d60,保留原反编译函数体,53454,55476,1
function_424da0,保留原反编译函数体,53474,55496,1
function_425030,保留原反编译函数体,53631,55653,1
function_4250e0,保留原反编译函数体,53663,55685,1
function_4252d0,原版即为简单返回／空函数,53734,55756,1
function_4252e0,保留原反编译函数体,53740,55762,1
function_4252f0,原版即为简单返回／空函数,53747,55769,1
function_425300,保留原反编译函数体,53755,55777,1
function_425320,保留原反编译函数体,53770,55792,1
function_425350,已修改／替换的非空实现,53789,55811,1
function_4253d0,保留原反编译函数体,53801,55823,1
function_425420,保留原反编译函数体,53827,55849,1
function_425510,保留原反编译函数体,53915,55937,1
function_4255e0,保留原反编译函数体,53988,56010,1
function_4258a0,原版即为简单返回／空函数,54118,56140,1
function_4258b0,已修改／替换的非空实现,54124,56146,1
function_425900,原版即为简单返回／空函数,54141,56163,1
function_425910,保留原反编译函数体,54147,56169,1
function_4259e0,保留原反编译函数体,54176,56198,1
function_425ae0,保留原反编译函数体,54201,56223,1
function_425ef0,保留原反编译函数体,54572,56594,1
function_426090,保留原反编译函数体,54608,56630,2
function_425fd0,保留原反编译函数体,54617,56639,1
function_426030,保留原反编译函数体,54667,56689,1
function_426060,保留原反编译函数体,54679,56701,1
function_4260d0,保留原反编译函数体,54713,56735,1
function_426120,保留原反编译函数体,54740,56762,1
function_4261f0,保留原反编译函数体,54781,56803,1
function_426250,保留原反编译函数体,54805,56827,1
function_426390,保留原反编译函数体,54851,56873,1
function_4263c0,原版即为简单返回／空函数,54875,56897,1
function_4263e0,保留原反编译函数体,54881,56903,1
function_426470,保留原反编译函数体,54902,56924,1
function_426500,保留原反编译函数体,54923,56945,1
function_426530,原版即为简单返回／空函数,54959,56981,1
function_426540,保留原反编译函数体,54967,56989,1
function_426560,保留原反编译函数体,54981,57003,1
function_4265e0,保留原反编译函数体,55013,57035,1
function_426650,保留原反编译函数体,55042,57064,1
function_426740,保留原反编译函数体,55078,57100,1
function_426840,已修改／替换的非空实现,55139,57161,1
function_4269f0,保留原反编译函数体,55204,57226,1
function_426b30,原版即为简单返回／空函数,55280,57302,1
function_426b40,已修改／替换的非空实现,55286,57308,1
function_426b90,原版即为简单返回／空函数,55303,57325,1
function_426ba0,保留原反编译函数体,55309,57331,1
function_426c70,保留原反编译函数体,55337,57359,1
function_426d70,保留原反编译函数体,55362,57384,1
function_4271b0,保留原反编译函数体,55733,57755,1
function_4272f0,原版即为简单返回／空函数,55778,57800,1
function_427310,保留原反编译函数体,55784,57806,1
function_4273a0,保留原反编译函数体,55805,57827,1
function_427520,原版即为简单返回／空函数,55873,57895,1
function_427530,已修改／替换的非空实现,55881,58175,2
function_427610,保留原反编译函数体,55919,58214,1
function_427750,已修改／替换的非空实现,55995,58290,1
function_427950,未找到同名入口，待核对替代,56034,,0
function_428000,已修改／替换的非空实现,56668,60058,3
function_428150,保留原反编译函数体,56690,60091,1
function_428720,保留原反编译函数体,57160,60561,1
function_4289c0,已修改／替换的非空实现,57460,60861,1
function_428af0,保留原反编译函数体,57612,61013,1
function_428bd0,保留原反编译函数体,57746,61147,1
function_428cc0,保留原反编译函数体,57882,61283,1
function_428f80,原版即为简单返回／空函数,58012,61413,1
function_428f90,已修改／替换的非空实现,58018,61419,1
function_428fe0,原版即为简单返回／空函数,58035,61436,1
function_428ff0,已修改／替换的非空实现,58041,61442,1
function_4290c0,保留原反编译函数体,58064,61465,1
function_4291c0,保留原反编译函数体,58091,61492,1
function_4295d0,保留原反编译函数体,58461,61862,1
function_429630,保留原反编译函数体,58511,61912,1
function_4296a0,保留原反编译函数体,58544,61945,1
function_429720,保留原反编译函数体,58583,61984,1
function_429780,保留原反编译函数体,58613,62014,1
function_4297e0,保留原反编译函数体,58640,62041,1
function_429840,保留原反编译函数体,58669,62070,1
function_4298a0,保留原反编译函数体,58696,62097,1
function_4298d0,保留原反编译函数体,58708,62109,1
function_429910,保留原反编译函数体,58737,62138,1
function_429920,保留原反编译函数体,58744,62145,1
function_4299c0,已修改／替换的非空实现,58883,62284,1
function_429c20,保留原反编译函数体,59255,62656,1
function_429c70,已修改／替换的非空实现,59292,62693,1
function_429cb0,保留原反编译函数体,59323,62698,1
function_429d10,保留原反编译函数体,59357,62732,1
function_429d70,保留原反编译函数体,59376,62751,1
function_429d90,保留原反编译函数体,59397,62772,1
function_429de0,保留原反编译函数体,59449,62824,1
function_429e00,保留原反编译函数体,59470,62845,1
function_429f40,保留原反编译函数体,59516,62891,1
function_42a080,保留原反编译函数体,59562,62937,1
function_42a1d0,保留原反编译函数体,59608,62983,1
function_42a310,保留原反编译函数体,59654,63029,1
function_42a3e0,保留原反编译函数体,59729,63104,1
function_42a510,保留原反编译函数体,59814,63189,1
function_42a530,原版即为简单返回／空函数,59823,63198,1
function_42a570,原版即为简单返回／空函数,59829,63204,1
function_42a5a0,原版即为简单返回／空函数,59835,63210,1
function_42a5c0,保留原反编译函数体,59841,63216,1
function_42a7a0,保留原反编译函数体,60094,63469,1
function_42a800,保留原反编译函数体,60123,63498,1
function_42a900,保留原反编译函数体,60175,63550,1
function_42a9a0,保留原反编译函数体,60216,63591,1
function_42aa30,保留原反编译函数体,60237,63612,1
function_42aac0,保留原反编译函数体,60258,63633,1
function_42ab50,保留原反编译函数体,60279,63654,1
function_42abe0,保留原反编译函数体,60302,63677,1
function_42ac10,原版即为简单返回／空函数,60315,63690,1
function_42ac20,保留原反编译函数体,60321,63696,1
function_42b280,未找到同名入口，待核对替代,60545,,0
function_42b2a0,未找到同名入口，待核对替代,60558,,0
function_42b2d0,未找到同名入口，待核对替代,60572,,0
function_42b3a0,保留原反编译函数体,60586,63920,1
function_42b3f0,保留原反编译函数体,60594,63928,1
function_42b470,原版即为简单返回／空函数,60611,63945,1
function_42b480,保留原反编译函数体,60619,63953,1
function_42b4a0,保留原反编译函数体,60634,63968,1
function_42b550,保留原反编译函数体,60664,63998,1
function_42b560,保留原反编译函数体,60674,64008,1
function_42b580,保留原反编译函数体,60685,64019,1
function_42b5c0,保留原反编译函数体,60702,64036,1
function_42b6d0,保留原反编译函数体,60731,64065,2
function_42ba50,保留原反编译函数体,60827,64161,1
function_42bcc0,已修改／替换的非空实现,60908,64965,2
function_42bd00,已修改／替换的非空实现,60926,64984,1
function_42c030,保留原反编译函数体,60983,65041,1
function_42c0a0,保留原反编译函数体,61013,65071,1
function_42c100,已修改／替换的非空实现,61040,65184,2
function_42c300,已修改／替换的非空实现,61128,65237,2
function_42c470,保留原反编译函数体,61161,65257,1
function_42c510,保留原反编译函数体,61196,65292,1
function_42c520,保留原反编译函数体,61203,65299,1
function_42c550,保留原反编译函数体,61212,65308,1
function_42c560,保留原反编译函数体,61219,65315,1
function_42c590,保留原反编译函数体,61228,65324,1
function_42c5a0,保留原反编译函数体,61235,65331,1
function_42c5d0,保留原反编译函数体,61246,65342,1
function_42c890,原版即为简单返回／空函数,61376,65472,1
function_42c8a0,已修改／替换的非空实现,61382,65478,1
function_42c8f0,原版即为简单返回／空函数,61399,65495,1
function_42c900,保留原反编译函数体,61405,65501,1
function_42c9c0,保留原反编译函数体,61428,65524,1
function_42cac0,保留原反编译函数体,61455,65551,1
function_42ced0,保留原反编译函数体,61828,65924,1
function_42cf50,保留原反编译函数体,61858,65954,1
function_42d060,保留原反编译函数体,61921,66017,1
function_42d0d0,保留原反编译函数体,61955,66051,1
function_42d160,保留原反编译函数体,61979,66075,1
function_42d180,原版即为简单返回／空函数,61987,66083,1
function_42d190,保留原反编译函数体,61993,66089,1
function_42d1c0,保留原反编译函数体,62005,66101,1
function_42d230,保留原反编译函数体,62033,66129,1
function_42d240,保留原反编译函数体,62040,66136,1
function_42d400,保留原反编译函数体,62076,66172,1
function_42d4d0,已修改／替换的非空实现,62220,66316,1
function_42d750,保留原反编译函数体,62559,66655,1
function_42d7a0,保留原反编译函数体,62593,66689,1
function_42d7f0,保留原反编译函数体,62612,66708,1
function_42d850,保留原反编译函数体,62646,66742,1
function_42d930,保留原反编译函数体,62666,66762,1
function_42da10,保留原反编译函数体,62686,66782,1
function_42da80,保留原反编译函数体,62713,66809,1
function_42db20,保留原反编译函数体,62730,66826,1
function_42dc70,保留原反编译函数体,62776,66872,1
function_42ddb0,保留原反编译函数体,62822,66918,1
function_42de90,保留原反编译函数体,62897,66993,1
function_42dfc0,保留原反编译函数体,62979,67075,1
function_42e030,保留原反编译函数体,62995,67091,1
function_42e050,原版即为简单返回／空函数,63004,67100,1
function_42e070,保留原反编译函数体,63010,67106,1
function_42e2c0,保留原反编译函数体,63280,67376,1
function_42e3d0,保留原反编译函数体,63326,67422,1
function_42e430,保留原反编译函数体,63338,67434,1
function_42e4c0,保留原反编译函数体,63355,67451,1
function_42e539,保留原反编译函数体,63376,67472,1
function_42e5b0,保留原反编译函数体,63392,67488,1
function_42e640,保留原反编译函数体,63413,67509,1
function_42e6b9,保留原反编译函数体,63434,67530,1
function_42e6e0,原版即为简单返回／空函数,63444,67540,1
function_42e6f0,原版即为简单返回／空函数,63452,67548,1
function_42e700,保留原反编译函数体,63460,67556,1
function_42e7d0,保留原反编译函数体,63497,67593,1
function_42e940,已修改／替换的非空实现,63720,67816,1
function_42ea80,保留原反编译函数体,63740,67838,1
function_42ed30,已修改／替换的非空实现,63915,68013,1
function_42ef00,已修改／替换的非空实现,63970,68068,1
function_42f120,已修改／替换的非空实现,64060,68158,1
function_42f1b0,保留原反编译函数体,64088,68186,1
function_42f2a0,已修改／替换的非空实现,64153,68251,1
function_42f350,保留原反编译函数体,64168,68266,1
function_42f6c0,保留原反编译函数体,64283,68381,1
function_42f800,保留原反编译函数体,64371,68469,1
function_42f910,保留原反编译函数体,64419,68517,1
function_42f970,保留原反编译函数体,64445,68543,1
function_42f9d0,保留原反编译函数体,64472,68570,1
function_42fa50,保留原反编译函数体,64493,68591,1
function_42fae0,已修改／替换的非空实现,64526,68624,1
function_42fe10,保留原反编译函数体,64690,68788,1
function_42fe80,保留原反编译函数体,64748,68846,1
function_42fee0,保留原反编译函数体,64783,68881,1
function_42ff70,保留原反编译函数体,64816,68914,3
function_42ffb0,保留原反编译函数体,64836,68934,1
function_430080,保留原反编译函数体,64887,68985,1
function_4300d0,保留原反编译函数体,64924,69022,1
function_430140,保留原反编译函数体,64958,69056,1
function_430180,保留原反编译函数体,64975,69073,1
function_430280,保留原反编译函数体,65034,69132,1
function_430540,原版即为简单返回／空函数,65164,69262,1
function_430550,已修改／替换的非空实现,65170,69268,1
function_4305a0,原版即为简单返回／空函数,65187,69285,1
function_4305b0,保留原反编译函数体,65193,69291,1
function_430670,保留原反编译函数体,65216,69314,1
function_430770,保留原反编译函数体,65243,69341,1
function_430bd0,保留原反编译函数体,65616,69714,1
function_430c50,保留原反编译函数体,65646,69744,1
function_430d70,保留原反编译函数体,65705,69803,1
function_430de0,保留原反编译函数体,65737,69835,1
function_430e00,原版即为简单返回／空函数,65745,69843,1
function_430e10,保留原反编译函数体,65753,69851,1
function_430ea0,保留原反编译函数体,65777,69875,1
function_430ec0,原版即为简单返回／空函数,65785,69883,1
function_430ed0,保留原反编译函数体,65791,69889,1
function_430f00,保留原反编译函数体,65803,69901,1
function_430f40,保留原反编译函数体,65834,69932,1
function_430f50,保留原反编译函数体,65841,69939,1
function_430fc0,保留原反编译函数体,65870,69968,1
function_430fd0,保留原反编译函数体,65879,69977,1
function_431060,保留原反编译函数体,65903,70001,1
function_431220,保留原反编译函数体,65939,70037,1
function_4312c0,保留原反编译函数体,66078,70176,1
function_4313a2,保留原反编译函数体,66123,70221,1
function_431490,保留原反编译函数体,66281,70379,1
function_431650,保留原反编译函数体,66317,70415,1
function_431670,已修改／替换的非空实现,66324,70422,1
function_4318d0,保留原反编译函数体,66696,70794,1
function_431920,已修改／替换的非空实现,66748,70846,1
function_431ba0,保留原反编译函数体,67087,71185,1
function_431c00,保留原反编译函数体,67121,71219,1
function_431c60,保留原反编译函数体,67140,71238,1
function_431c80,保留原反编译函数体,67161,71259,1
function_431cd0,保留原反编译函数体,67195,71293,1
function_431d20,保留原反编译函数体,67214,71312,1
function_431d80,已修改／替换的非空实现,67233,71331,1
function_431e40,保留原反编译函数体,67283,71381,1
function_431ee0,保留原反编译函数体,67299,71397,1
function_432020,保留原反编译函数体,67345,71443,1
function_432160,保留原反编译函数体,67391,71489,1
function_432240,保留原反编译函数体,67411,71509,1
function_432320,保留原反编译函数体,67431,71529,1
function_432400,保留原反编译函数体,67451,71549,1
function_4324e0,保留原反编译函数体,67471,71569,1
function_4325c0,保留原反编译函数体,67491,71589,1
function_432660,保留原反编译函数体,67508,71606,1
function_4326a0,保留原反编译函数体,67547,71645,1
function_432770,保留原反编译函数体,67618,71716,1
function_432850,保留原反编译函数体,67693,71791,1
function_432980,保留原反编译函数体,67777,71875,1
function_4329a0,原版即为简单返回／空函数,67786,71884,1
function_4329c0,保留原反编译函数体,67792,71890,1
function_432ba0,保留原反编译函数体,68045,72143,1
function_432df0,保留原反编译函数体,68313,72411,1
function_432e50,保留原反编译函数体,68342,72440,1
function_432f70,保留原反编译函数体,68424,72522,1
function_433080,保留原反编译函数体,68470,72568,1
function_4330e0,保留原反编译函数体,68482,72580,1
function_433160,保留原反编译函数体,68494,72592,1
function_4331d0,保留原反编译函数体,68506,72604,1
function_433260,保留原反编译函数体,68523,72621,1
function_4332df,保留原反编译函数体,68544,72642,1
function_433300,保留原反编译函数体,68552,72650,1
function_433390,保留原反编译函数体,68573,72671,1
function_4333d0,保留原反编译函数体,68618,72716,1
function_4333f0,保留原反编译函数体,68634,72732,1
function_433480,保留原反编译函数体,68655,72753,1
function_4334f9,保留原反编译函数体,68676,72774,1
function_4335a0,保留原反编译函数体,68697,72795,1
function_433630,保留原反编译函数体,68713,72811,1
function_4336e0,保留原反编译函数体,68773,72871,1
function_433710,原版即为简单返回／空函数,68789,72887,1
function_433720,原版即为简单返回／空函数,68797,72895,1
function_433730,保留原反编译函数体,68803,72901,1
function_433740,保留原反编译函数体,68810,72908,1
function_433760,保留原反编译函数体,68820,72918,1
function_433770,保留原反编译函数体,68827,72925,1
function_433780,保留原反编译函数体,68837,72935,1
function_4338d0,保留原反编译函数体,68896,72994,1
function_433aa0,保留原反编译函数体,69027,73125,1
function_433ae0,保留原反编译函数体,69045,73143,1
function_433c90,保留原反编译函数体,69081,73179,2
function_4341f0,保留原反编译函数体,69228,73326,1
function_434380,保留原反编译函数体,69297,73395,1
function_434760,已修改／替换的非空实现,69669,73767,1
function_434920,保留原反编译函数体,69702,73800,1
function_434a50,保留原反编译函数体,69780,73878,1
function_434b40,未找到同名入口，待核对替代,69862,,0
function_434b60,未找到同名入口，待核对替代,69871,,0
function_434f40,未找到同名入口，待核对替代,70193,,0
function_435220,保留原反编译函数体,70352,73958,1
function_4355f0,保留原反编译函数体,70794,74400,1
function_435720,保留原反编译函数体,70888,74494,1
function_435860,保留原反编译函数体,70996,74602,1
function_435af0,保留原反编译函数体,71204,74810,1
function_435b20,保留原反编译函数体,71218,74824,1
function_435d00,保留原反编译函数体,71424,75030,2
function_435e80,保留原反编译函数体,71504,75110,1
function_435ee0,保留原反编译函数体,71526,75132,1
function_435f00,保留原反编译函数体,71539,75145,1
function_435fc0,保留原反编译函数体,71625,75231,1
function_435fd0,保留原反编译函数体,71633,75239,1
function_4360c0,保留原反编译函数体,71679,75285,1
function_436110,保留原反编译函数体,71700,75306,1
function_436140,保留原反编译函数体,71718,75324,1
function_436180,保留原反编译函数体,71737,75343,1
function_4361c0,保留原反编译函数体,71755,75361,1
function_436290,保留原反编译函数体,71784,75390,1
function_4362f0,保留原反编译函数体,71831,75437,1
function_436350,保留原反编译函数体,71885,75491,1
function_4363b0,保留原反编译函数体,71933,75539,1
function_436450,保留原反编译函数体,71973,75579,1
function_436710,原版即为简单返回／空函数,72103,75709,1
function_436720,已修改／替换的非空实现,72109,75715,1
function_436770,原版即为简单返回／空函数,72126,75732,1
function_436780,保留原反编译函数体,72132,75738,1
function_436840,保留原反编译函数体,72155,75761,1
function_436940,保留原反编译函数体,72180,75786,1
function_436d50,保留原反编译函数体,72551,76157,1
function_437e10,保留原反编译函数体,72592,76198,2
function_436e60,保留原反编译函数体,72601,76207,1
function_436ec0,保留原反编译函数体,72650,76256,1
function_436fe0,保留原反编译函数体,72707,76313,1
function_437f40,保留原反编译函数体,72747,76353,2
function_437170,保留原反编译函数体,72778,76384,1
function_437220,保留原反编译函数体,72810,76416,1
function_437260,保留原反编译函数体,72825,76431,1
function_437290,保留原反编译函数体,72841,76447,1
function_438080,保留原反编译函数体,72886,76492,2
function_4373b0,保留原反编译函数体,72895,76501,1
function_437440,保留原反编译函数体,72946,76552,1
function_437470,保留原反编译函数体,72960,76566,1
function_438190,保留原反编译函数体,73006,76612,2
function_4375c0,保留原反编译函数体,73015,76621,1
function_437690,保留原反编译函数体,73064,76670,1
function_438270,保留原反编译函数体,73111,76717,2
function_4377f0,保留原反编译函数体,73120,76726,1
function_4378c0,保留原反编译函数体,73160,76766,1
function_4379e0,保留原反编译函数体,73219,76825,1
function_437a60,保留原反编译函数体,73249,76855,1
function_437b70,保留原反编译函数体,73312,76918,1
function_437be0,保留原反编译函数体,73346,76952,1
function_437c70,保留原反编译函数体,73372,76978,1
function_437c90,原版即为简单返回／空函数,73382,76988,1
function_437ca0,保留原反编译函数体,73390,76996,1
function_437d30,保留原反编译函数体,73416,77022,1
function_437d50,原版即为简单返回／空函数,73426,77032,1
function_437d60,保留原反编译函数体,73432,77038,1
function_437d90,保留原反编译函数体,73444,77050,1
function_437df0,保留原反编译函数体,73473,77079,1
function_437e50,保留原反编译函数体,73513,77119,1
function_437ea0,保留原反编译函数体,73540,77146,1
function_437ee0,保留原反编译函数体,73567,77173,1
function_437f90,保留原反编译函数体,73625,77231,1
function_437fb0,保留原反编译函数体,73650,77256,1
function_438030,保留原反编译函数体,73680,77286,1
function_4380c0,保留原反编译函数体,73748,77354,1
function_438140,保留原反编译函数体,73778,77384,1
function_4381d0,保留原反编译函数体,73837,77443,1
function_4381f0,保留原反编译函数体,73855,77461,1
function_4382b0,保留原反编译函数体,73910,77516,1
function_438330,保留原反编译函数体,73939,77545,1
function_438370,保留原反编译函数体,73966,77572,1
function_438380,保留原反编译函数体,73973,77579,1
function_438540,保留原反编译函数体,74009,77615,1
function_438700,保留原反编译函数体,74045,77651,1
function_4387d0,保留原反编译函数体,74087,77693,1
function_438820,保留原反编译函数体,74111,77717,1
function_438940,保留原反编译函数体,74154,77760,1
function_4389a0,保留原反编译函数体,74178,77784,1
function_438a90,保留原反编译函数体,74226,77832,1
function_438af0,保留原反编译函数体,74248,77854,1
function_438bf0,保留原反编译函数体,74292,77898,1
function_438c50,保留原反编译函数体,74316,77922,1
function_438d40,保留原反编译函数体,74359,77965,1
function_438da0,保留原反编译函数体,74383,77989,1
function_438e70,保留原反编译函数体,74527,78133,1
function_438f00,已修改／替换的非空实现,74591,78197,1
function_439180,保留原反编译函数体,74930,78536,1
function_4391d0,保留原反编译函数体,74964,78570,1
function_439220,保留原反编译函数体,74983,78589,1
function_439300,保留原反编译函数体,75003,78609,1
function_4393e0,保留原反编译函数体,75023,78629,1
function_439460,保留原反编译函数体,75039,78645,1
function_439540,保留原反编译函数体,75059,78665,1
function_439620,保留原反编译函数体,75079,78685,1
function_439700,保留原反编译函数体,75099,78705,1
function_4397e0,保留原反编译函数体,75119,78725,1
function_439840,保留原反编译函数体,75146,78752,1
function_4398e0,保留原反编译函数体,75163,78769,1
function_439940,保留原反编译函数体,75240,78846,1
function_439a80,保留原反编译函数体,75286,78892,1
function_439bd0,保留原反编译函数体,75332,78938,1
function_439c20,保留原反编译函数体,75347,78953,1
function_439c50,保留原反编译函数体,75375,78981,1
function_439c80,保留原反编译函数体,75382,78988,1
function_439cb0,保留原反编译函数体,75406,79012,1
function_439ce0,保留原反编译函数体,75434,79040,1
function_439e10,保留原反编译函数体,75517,79123,1
function_439ef0,保留原反编译函数体,75592,79198,1
function_43a020,已修改／替换的非空实现,75676,79282,1
function_43a0ae,原版即为简单返回／空函数,75694,79300,1
function_43a0b6,保留原反编译函数体,75700,79306,1
function_43a0e0,原版即为简单返回／空函数,75708,79314,1
function_43a100,保留原反编译函数体,75714,79320,1
function_43a350,保留原反编译函数体,75982,79588,1
function_43a3b0,保留原反编译函数体,76013,79619,1
function_43a4c0,保留原反编译函数体,76060,79666,1
function_43a550,保留原反编译函数体,76077,79683,1
function_43a620,保留原反编译函数体,76199,79805,1
function_43a720,保留原反编译函数体,76338,79944,1
function_43a7b0,保留原反编译函数体,76359,79965,1
function_43a860,保留原反编译函数体,76425,80031,1
function_43a900,保留原反编译函数体,76488,80094,1
function_43a9f0,保留原反编译函数体,76565,80171,1
function_43aa40,保留原反编译函数体,76606,80212,1
function_43ab00,保留原反编译函数体,76675,80281,1
function_43ab60,保留原反编译函数体,76686,80292,1
function_43abc0,保留原反编译函数体,76698,80304,1
function_43adc0,保留原反编译函数体,76820,80426,1
function_43ade0,保留原反编译函数体,76841,80447,1
function_43ae60,保留原反编译函数体,76856,80462,1
function_43af30,保留原反编译函数体,76877,80483,1
function_43afd0,保留原反编译函数体,76894,80500,1
function_43b060,保留原反编译函数体,76910,80516,1
function_43b0e0,保留原反编译函数体,76925,80531,1
function_43b150,保留原反编译函数体,76938,80544,1
function_43b1b0,保留原反编译函数体,76950,80556,1
function_43b2f0,保留原反编译函数体,77173,80779,1
function_43b380,保留原反编译函数体,77194,80800,1
function_43b410,保留原反编译函数体,77215,80821,1
function_43b6c0,保留原反编译函数体,77500,81106,1
function_43b6f0,保留原反编译函数体,77532,81138,1
function_43b790,保留原反编译函数体,77590,81196,1
function_43b7d0,保留原反编译函数体,77626,81232,1
function_43b800,保留原反编译函数体,77658,81264,1
function_43b840,保留原反编译函数体,77690,81296,1
function_43b900,保留原反编译函数体,77754,81360,1
function_43b980,保留原反编译函数体,77772,81378,1
function_43bab0,保留原反编译函数体,77878,81484,1
function_43bb50,保留原反编译函数体,78054,81660,1
function_43bba0,保留原反编译函数体,78085,81691,1
function_43bc20,保留原反编译函数体,78209,81815,1
function_43bcc0,保留原反编译函数体,78231,81837,1
function_43bdc0,保留原反编译函数体,78347,81953,1
function_43be50,保留原反编译函数体,78388,81994,1
function_43bf40,保留原反编译函数体,78471,82077,1
function_43bfc0,保留原反编译函数体,78548,82154,1
function_43c070,保留原反编译函数体,78569,82175,1
function_43c140,保留原反编译函数体,78647,82253,1
function_43c1b0,原版即为简单返回／空函数,78696,82302,1
function_43c1c0,原版即为简单返回／空函数,78704,82310,1
function_43c1d0,原版即为简单返回／空函数,78712,82318,1
function_43c1e0,保留原反编译函数体,78720,82326,1
function_43c210,保留原反编译函数体,78740,82346,1
function_43c220,保留原反编译函数体,78750,82356,1
function_43c2b0,保留原反编译函数体,78794,82400,2
function_43c530,保留原反编译函数体,78874,82480,1
function_43c690,保留原反编译函数体,78940,82546,1
function_43c6b0,已修改／替换的非空实现,78953,82559,1
function_43c860,已修改／替换的非空实现,78986,82614,2
function_43c8c0,保留原反编译函数体,79012,82636,1
function_43c920,保留原反编译函数体,79039,82663,1
function_43ca40,保留原反编译函数体,79089,82713,1
function_43cc00,保留原反编译函数体,79121,82745,1
function_43cec0,原版即为简单返回／空函数,79251,82875,1
function_43ced0,已修改／替换的非空实现,79257,82881,1
function_43cf20,已修改／替换的非空实现,79274,82899,2
function_43cf30,保留原反编译函数体,79280,82914,1
function_43d010,保留原反编译函数体,79314,82948,1
function_43d110,已修改／替换的非空实现,79341,83347,2
function_43d520,保留原反编译函数体,79714,83368,1
function_43d5a0,保留原反编译函数体,79744,83398,1
function_43d6b0,保留原反编译函数体,79807,83461,1
function_43d720,保留原反编译函数体,79841,83495,1
function_43d7b0,保留原反编译函数体,79865,83519,1
function_43d7d0,原版即为简单返回／空函数,79873,83527,1
function_43d7e0,保留原反编译函数体,79879,83533,1
function_43d810,保留原反编译函数体,79893,83547,1
function_43d870,保留原反编译函数体,79920,83574,1
function_43d880,保留原反编译函数体,79927,83581,1
function_43da40,保留原反编译函数体,79963,83617,1
function_43db10,已修改／替换的非空实现,80107,83761,1
function_43dd90,保留原反编译函数体,80446,84100,1
function_43dde0,保留原反编译函数体,80480,84134,1
function_43de30,保留原反编译函数体,80499,84153,1
function_43df10,保留原反编译函数体,80519,84173,1
function_43dfb0,保留原反编译函数体,80536,84190,1
function_43e100,保留原反编译函数体,80584,84238,1
function_43e110,保留原反编译函数体,80591,84245,1
function_43e1f0,保留原反编译函数体,80666,84320,1
function_43e320,原版即为简单返回／空函数,80748,84402,1
function_43e340,保留原反编译函数体,80754,84408,1
function_43e590,保留原反编译函数体,81024,84678,1
function_43e6a0,保留原反编译函数体,81070,84724,1
function_43e730,保留原反编译函数体,81087,84741,1
function_43e7aa,保留原反编译函数体,81108,84762,1
function_43e7c0,保留原反编译函数体,81117,84771,1
function_43e83a,保留原反编译函数体,81138,84792,1
function_43e850,保留原反编译函数体,81149,84803,1
function_43e860,原版即为简单返回／空函数,81156,84810,1
function_43e870,原版即为简单返回／空函数,81162,84816,1
function_43e880,保留原反编译函数体,81170,84824,1
function_43e890,已修改／替换的非空实现,81178,84832,1
function_43eb80,保留原反编译函数体,81295,84949,1
function_43ec30,保留原反编译函数体,81322,84976,1
function_43eda0,保留原反编译函数体,81358,85012,2
function_43f5a0,保留原反编译函数体,81620,85274,1
function_43f750,保留原反编译函数体,81687,85341,1
function_43f770,已修改／替换的非空实现,81700,85354,1
function_43fb00,已修改／替换的非空实现,81764,85418,1
function_43fbe0,保留原反编译函数体,81800,85454,1
function_43fc40,已修改／替换的非空实现,81825,85479,1
function_440180,保留原反编译函数体,82295,85949,1
function_440350,已修改／替换的非空实现,82357,86011,1
function_440390,保留原反编译函数体,82374,86021,1
function_440560,保留原反编译函数体,82495,86142,1
function_440710,已修改／替换的非空实现,82597,86244,1
function_440770,保留原反编译函数体,82612,86259,1
function_4407a0,保留原反编译函数体,82627,86274,1
function_440900,保留原反编译函数体,82839,86486,1
function_440910,已修改／替换的非空实现,82847,86494,1
function_440ca0,保留原反编译函数体,82978,86617,1
function_440de0,保留原反编译函数体,83008,86647,1
function_440df0,已修改／替换的非空实现,83022,86661,1
function_440e20,保留原反编译函数体,83035,86674,1
function_440e30,保留原反编译函数体,83042,86681,1
function_440e60,保留原反编译函数体,83062,86701,1
function_440e70,保留原反编译函数体,83069,86708,1
function_440e90,保留原反编译函数体,83077,86716,1
function_440ea0,保留原反编译函数体,83084,86723,1
function_440ed0,保留原反编译函数体,83093,86732,1
function_440ee0,保留原反编译函数体,83100,86739,1
function_440f10,保留原反编译函数体,83109,86748,1
function_440f20,保留原反编译函数体,83116,86755,1
function_440f50,保留原反编译函数体,83125,86764,1
function_440f60,保留原反编译函数体,83132,86771,1
function_440f90,保留原反编译函数体,83141,86780,1
function_440fa0,保留原反编译函数体,83148,86787,1
function_440fd0,保留原反编译函数体,83157,86796,1
function_440fe0,保留原反编译函数体,83164,86803,1
function_441010,保留原反编译函数体,83173,86812,1
function_441020,保留原反编译函数体,83180,86819,1
function_441040,保留原反编译函数体,83188,86827,1
function_441050,保留原反编译函数体,83195,86834,1
function_441070,保留原反编译函数体,83203,86842,1
function_441080,保留原反编译函数体,83210,86849,1
function_441090,保留原反编译函数体,83218,86857,1
function_4410a0,保留原反编译函数体,83225,86864,1
function_4410b0,保留原反编译函数体,83232,86871,1
function_4410c0,已修改／替换的非空实现,83239,86878,1
function_441250,保留原反编译函数体,83395,87034,1
function_4413a0,保留原反编译函数体,83551,87190,1
function_441660,原版即为简单返回／空函数,83681,87320,1
function_441670,已修改／替换的非空实现,83687,87326,1
function_4416c0,原版即为简单返回／空函数,83704,87343,1
function_4416d0,保留原反编译函数体,83710,87349,1
function_4417a0,保留原反编译函数体,83733,87372,1
function_4418a0,保留原反编译函数体,83758,87397,1
function_441cb0,保留原反编译函数体,84131,87770,1
function_441df0,保留原反编译函数体,84441,88080,1
function_441e80,保留原反编译函数体,84563,88202,1
function_441ed0,保留原反编译函数体,84602,88241,1
function_442040,保留原反编译函数体,84673,88312,1
function_4420f0,保留原反编译函数体,84706,88345,1
function_442110,保留原反编译函数体,84716,88355,1
function_4422e0,保留原反编译函数体,84787,88426,1
function_442300,保留原反编译函数体,84798,88437,1
function_442430,保留原反编译函数体,84956,88595,1
function_442480,保留原反编译函数体,84978,88617,1
function_4424b0,保留原反编译函数体,85003,88642,1
function_4424f0,保留原反编译函数体,85030,88669,1
function_442570,保留原反编译函数体,85060,88699,1
function_442680,保留原反编译函数体,85123,88762,1
function_4426f0,保留原反编译函数体,85157,88796,1
function_442780,保留原反编译函数体,85183,88822,1
function_4427a0,原版即为简单返回／空函数,85193,88832,1
function_4427b0,保留原反编译函数体,85199,88838,1
function_4427e0,保留原反编译函数体,85211,88850,1
function_442840,保留原反编译函数体,85237,88876,1
function_4428b0,保留原反编译函数体,85266,88905,1
function_442900,保留原反编译函数体,85291,88930,1
function_442930,保留原反编译函数体,85311,88950,1
function_4429d0,保留原反编译函数体,85351,88990,1
function_442bd0,保留原反编译函数体,85498,89137,1
function_442d20,保留原反编译函数体,85605,89244,1
function_442da0,保留原反编译函数体,85687,89326,1
function_442db0,保留原反编译函数体,85694,89333,1
function_442f70,保留原反编译函数体,85730,89369,1
function_442fb0,已修改／替换的非空实现,85751,89390,1
function_442fe0,保留原反编译函数体,85761,89400,1
function_4430e0,保留原反编译函数体,85811,89450,1
function_443140,保留原反编译函数体,85835,89474,1
function_443170,保留原反编译函数体,85851,89490,1
function_443240,已修改／替换的非空实现,85995,89634,1
function_4434c0,保留原反编译函数体,86334,89973,1
function_443510,保留原反编译函数体,86368,90007,1
function_443560,保留原反编译函数体,86387,90026,1
function_443580,保留原反编译函数体,86408,90047,1
function_443660,保留原反编译函数体,86428,90067,1
function_443740,保留原反编译函数体,86448,90087,1
function_443820,保留原反编译函数体,86468,90107,1
function_4438a0,保留原反编译函数体,86485,90124,1
function_443920,保留原反编译函数体,86502,90141,1
function_4439a0,保留原反编译函数体,86516,90155,1
function_443a40,保留原反编译函数体,86533,90172,1
function_443b80,保留原反编译函数体,86579,90218,1
function_443cc0,保留原反编译函数体,86625,90264,1
function_443e00,保留原反编译函数体,86671,90310,1
function_443f50,保留原反编译函数体,86717,90356,1
function_444000,原版即为简单返回／空函数,86779,90418,1
function_444090,保留原反编译函数体,86785,90424,1
function_444120,保留原反编译函数体,86793,90432,1
function_4441b0,保留原反编译函数体,86813,90452,1
function_444290,保留原反编译函数体,86888,90527,1
function_4443c0,保留原反编译函数体,86970,90609,1
function_444430,保留原反编译函数体,86985,90624,1
function_444487,保留原反编译函数体,86994,90633,1
function_44449a,保留原反编译函数体,87003,90642,1
function_4444c0,保留原反编译函数体,87013,90652,1
function_44451b,保留原反编译函数体,87023,90662,1
function_44452e,保留原反编译函数体,87032,90671,1
function_444550,保留原反编译函数体,87042,90681,1
function_444570,已修改／替换的非空实现,87052,90691,1
function_4445fe,原版即为简单返回／空函数,87070,90709,1
function_444606,保留原反编译函数体,87076,90715,1
function_444630,原版即为简单返回／空函数,87086,90725,1
function_444650,保留原反编译函数体,87094,90733,1
function_4446a7,保留原反编译函数体,87103,90742,1
function_4446ba,保留原反编译函数体,87112,90751,1
function_4446e0,保留原反编译函数体,87120,90759,1
function_444930,保留原反编译函数体,87388,91027,1
function_4449c0,保留原反编译函数体,87405,91044,1
function_444a50,保留原反编译函数体,87426,91065,1
function_444ad0,保留原反编译函数体,87476,91115,1
function_444bf0,保留原反编译函数体,87530,91169,1
function_444e30,保留原反编译函数体,87656,91295,1
function_444f00,保留原反编译函数体,87687,91326,1
function_444fb0,保留原反编译函数体,87726,91365,1
function_4450f0,保留原反编译函数体,87751,91390,1
function_445220,原版即为简单返回／空函数,87877,91516,1
function_445230,保留原反编译函数体,87883,91522,1
function_445350,保留原反编译函数体,87924,91563,1
function_445410,保留原反编译函数体,87998,91637,1
function_445530,已修改／替换的非空实现,88090,91729,1
function_445580,保留原反编译函数体,88101,91747,1
function_4455e0,保留原反编译函数体,88112,91758,1
function_445650,保留原反编译函数体,88125,91771,1
function_4456c0,保留原反编译函数体,88139,91785,1
function_445730,已修改／替换的非空实现,88153,91799,1
function_445790,保留原反编译函数体,88165,91817,1
function_4457f0,保留原反编译函数体,88177,91829,1
function_445880,保留原反编译函数体,88198,91850,1
function_445910,保留原反编译函数体,88219,91871,1
function_4459a0,保留原反编译函数体,88240,91892,1
function_445a30,保留原反编译函数体,88261,91913,1
function_445b40,保留原反编译函数体,88355,92007,1
function_445ba0,保留原反编译函数体,88389,92041,1
function_445c50,保留原反编译函数体,88440,92092,1
function_445d40,保留原反编译函数体,88504,92156,1
function_445e90,保留原反编译函数体,88538,92190,1
function_445f50,保留原反编译函数体,88574,92226,1
function_445fb0,保留原反编译函数体,88597,92249,1
function_4460d0,保留原反编译函数体,88691,92343,1
function_4461b0,原版即为简单返回／空函数,88724,92376,1
function_4461c0,原版即为简单返回／空函数,88732,92384,1
function_4461d0,保留原反编译函数体,88740,92392,1
function_446210,保留原反编译函数体,88764,92416,1
function_446220,已修改／替换的非空实现,88774,92426,1
function_4462c0,保留原反编译函数体,88806,92458,1
function_446370,已修改／替换的非空实现,88864,92516,1
function_446520,保留原反编译函数体,88897,92549,1
function_4467e0,保留原反编译函数体,88988,92640,1
function_446920,保留原反编译函数体,89075,92727,1
function_446a30,保留原反编译函数体,89123,92775,1
function_446a90,保留原反编译函数体,89153,92805,1
function_446af0,保留原反编译函数体,89180,92832,1
function_446b70,保留原反编译函数体,89203,92855,1
function_446bd0,已修改／替换的非空实现,89214,92866,1
function_447050,保留原反编译函数体,89535,93187,1
function_447080,保留原反编译函数体,89556,93208,1
function_447340,原版即为简单返回／空函数,89686,93338,1
function_447350,已修改／替换的非空实现,89692,93344,1
function_4473a0,原版即为简单返回／空函数,89709,93361,1
function_4473b0,保留原反编译函数体,89715,93367,1
function_447470,保留原反编译函数体,89738,93390,1
function_447570,保留原反编译函数体,89763,93415,1
function_447980,保留原反编译函数体,90136,93788,1
function_447a00,保留原反编译函数体,90166,93818,1
function_447b20,保留原反编译函数体,90225,93877,1
function_447b90,保留原反编译函数体,90259,93911,1
function_447bb0,原版即为简单返回／空函数,90269,93921,1
function_447bc0,保留原反编译函数体,90275,93927,1
function_447bf0,保留原反编译函数体,90287,93939,1
function_447c50,保留原反编译函数体,90299,93951,1
function_447c60,保留原反编译函数体,90308,93960,1
function_447cf0,保留原反编译函数体,90332,93984,1
function_447dc0,保留原反编译函数体,90476,94128,1
function_447f80,已修改／替换的非空实现,90512,94164,1
function_448200,保留原反编译函数体,90851,94503,1
function_448250,保留原反编译函数体,90885,94537,1
function_4482a0,保留原反编译函数体,90904,94556,1
function_4483e0,保留原反编译函数体,90950,94602,1
function_448520,保留原反编译函数体,90996,94648,1
function_448670,保留原反编译函数体,91042,94694,1
function_448750,保留原反编译函数体,91062,94714,1
function_448830,保留原反编译函数体,91082,94734,1
function_448910,保留原反编译函数体,91102,94754,1
function_4489b0,保留原反编译函数体,91119,94771,1
function_448a90,保留原反编译函数体,91194,94846,1
function_448bc0,已修改／替换的非空实现,91278,94930,1
function_448c7b,原版即为简单返回／空函数,91301,94953,1
function_448c83,保留原反编译函数体,91307,94959,1
function_448cb0,保留原反编译函数体,91315,94967,1
function_448f00,保留原反编译函数体,91585,95237,1
function_449040,保留原反编译函数体,91639,95291,1
function_4490d0,保留原反编译函数体,91660,95312,1
function_449160,保留原反编译函数体,91681,95333,1
function_4491f0,保留原反编译函数体,91702,95354,1
function_449269,保留原反编译函数体,91723,95375,1
function_449300,原版即为简单返回／空函数,91743,95395,1
function_449310,原版即为简单返回／空函数,91751,95403,1
function_449320,保留原反编译函数体,91759,95411,1
function_449360,保留原反编译函数体,91776,95428,1
function_4493f0,已修改／替换的非空实现,91802,95454,1
function_4495a0,保留原反编译函数体,91835,95487,1
function_449860,保留原反编译函数体,91926,95578,1
function_4499a0,保留原反编译函数体,92014,95666,1
function_449ab0,保留原反编译函数体,92062,95714,1
function_449b10,保留原反编译函数体,92092,95744,1
function_449b70,保留原反编译函数体,92119,95771,1
function_449c10,保留原反编译函数体,92148,95800,1
function_449c50,保留原反编译函数体,92166,95818,1
function_449f10,原版即为简单返回／空函数,92296,95948,1
function_449f20,已修改／替换的非空实现,92302,95954,1
function_449f70,原版即为简单返回／空函数,92319,95971,1
function_449f80,保留原反编译函数体,92325,95977,1
function_44a070,保留原反编译函数体,92358,96010,1
function_44a170,保留原反编译函数体,92385,96037,1
function_44a580,保留原反编译函数体,92758,96410,1
function_44a600,保留原反编译函数体,92788,96440,1
function_44a720,保留原反编译函数体,92847,96499,1
function_44a790,保留原反编译函数体,92879,96531,1
function_44a7b0,原版即为简单返回／空函数,92887,96539,1
function_44a7c0,保留原反编译函数体,92893,96545,1
function_44a7f0,保留原反编译函数体,92905,96557,1
function_44a800,保留原反编译函数体,92914,96566,1
function_44a890,保留原反编译函数体,92938,96590,1
function_44a960,保留原反编译函数体,93082,96734,1
function_44ab20,已修改／替换的非空实现,93118,96770,1
function_44ada0,保留原反编译函数体,93457,97109,1
function_44ae00,保留原反编译函数体,93516,97168,1
function_44ae50,保留原反编译函数体,93550,97202,1
function_44aea0,保留原反编译函数体,93569,97221,1
function_44afe0,保留原反编译函数体,93614,97266,1
function_44b120,保留原反编译函数体,93660,97312,1
function_44b270,保留原反编译函数体,93706,97358,1
function_44b350,保留原反编译函数体,93726,97378,1
function_44b430,保留原反编译函数体,93746,97398,1
function_44b510,保留原反编译函数体,93766,97418,1
function_44b5b0,保留原反编译函数体,93783,97435,1
function_44b690,保留原反编译函数体,93858,97510,1
function_44b7c0,保留原反编译函数体,93942,97594,1
function_44b7e0,原版即为简单返回／空函数,93951,97603,1
function_44b800,原版即为简单返回／空函数,93957,97609,1
function_44b820,原版即为简单返回／空函数,93963,97615,1
function_44b840,保留原反编译函数体,93969,97621,1
function_44ba90,保留原反编译函数体,94237,97889,1
function_44bb10,保留原反编译函数体,94248,97900,1
function_44bbc0,保留原反编译函数体,94268,97920,1
function_44bc50,保留原反编译函数体,94285,97937,1
function_44bce0,保留原反编译函数体,94306,97958,1
function_44be20,保留原反编译函数体,94360,98012,1
function_44beb0,保留原反编译函数体,94381,98033,1
function_44bf29,保留原反编译函数体,94402,98054,1
function_44bf50,保留原反编译函数体,94414,98066,1
function_44c050,已修改／替换的非空实现,94465,98117,1
function_44c140,保留原反编译函数体,94507,98159,1
function_44c1c0,保留原反编译函数体,94566,98218,1
function_44c2a0,已修改／替换的非空实现,94618,98270,1
function_44c350,保留原反编译函数体,94631,98283,1
function_44c5c0,保留原反编译函数体,94711,98363,1
function_44c700,保留原反编译函数体,94797,98449,1
function_44c810,保留原反编译函数体,94843,98495,1
function_44c870,保留原反编译函数体,94867,98519,1
function_44c8d0,保留原反编译函数体,94892,98544,1
function_44c990,已修改／替换的非空实现,94917,98569,1
function_44ca60,保留原反编译函数体,94951,98603,1
function_44cad0,已修改／替换的非空实现,94989,98641,1
function_44cbb0,保留原反编译函数体,95061,98713,1
function_44ce70,原版即为简单返回／空函数,95191,98843,1
function_44ce80,已修改／替换的非空实现,95197,98849,1
function_44ced0,原版即为简单返回／空函数,95214,98866,1
function_44cee0,保留原反编译函数体,95220,98872,1
function_44cfb0,保留原反编译函数体,95243,98895,1
function_44d0b0,保留原反编译函数体,95268,98920,1
function_44d4c0,保留原反编译函数体,95639,99291,1
function_44d550,保留原反编译函数体,95761,99413,1
function_44d5a0,保留原反编译函数体,95771,99423,1
function_44d670,保留原反编译函数体,95861,99513,1
function_44d730,保留原反编译函数体,95921,99573,1
function_44d7b0,保留原反编译函数体,95951,99603,1
function_44d8d0,保留原反编译函数体,96010,99662,1
function_44d940,保留原反编译函数体,96044,99696,1
function_44d960,原版即为简单返回／空函数,96054,99706,1
function_44d970,保留原反编译函数体,96060,99712,1
function_44d9a0,已修改／替换的非空实现,96074,99726,1
function_44daa0,保留原反编译函数体,96124,99776,1
function_44dab0,保留原反编译函数体,96133,99785,1
function_44db40,保留原反编译函数体,96157,99809,1
function_44dc10,保留原反编译函数体,96186,99838,1
function_44dda0,保留原反编译函数体,96363,100015,1
function_44df60,保留原反编译函数体,96399,100051,1
function_44dfc0,保留原反编译函数体,96451,100103,1
function_44e080,保留原反编译函数体,96596,100248,1
function_44e170,已修改／替换的非空实现,96692,100344,1
function_44e3f0,已修改／替换的非空实现,97031,100683,1
function_44e6e0,保留原反编译函数体,97435,101087,1
function_44e730,保留原反编译函数体,97469,101121,1
function_44e780,已修改／替换的非空实现,97488,247069,1
function_44e9d0,保留原反编译函数体,97607,101259,1
function_44eb10,保留原反编译函数体,97653,101305,1
function_44ec50,保留原反编译函数体,97699,101351,1
function_44ed30,保留原反编译函数体,97719,101371,1
function_44ee10,保留原反编译函数体,97739,101391,1
function_44eeb0,保留原反编译函数体,97756,101408,1
function_44ef90,保留原反编译函数体,97831,101483,1
function_44f0c0,原版即为简单返回／空函数,97913,101565,1
function_44f0e0,保留原反编译函数体,97919,101571,1
function_44f140,保留原反编译函数体,97933,101585,1
function_44f390,保留原反编译函数体,98201,101853,1
function_44f420,保留原反编译函数体,98218,101870,1
function_44f4b0,保留原反编译函数体,98239,101891,1
function_44f6f0,保留原反编译函数体,98336,101988,1
function_44f720,保留原反编译函数体,98365,102017,1
function_44f7ab,保留原反编译函数体,98386,102038,1
function_44f7b0,保留原反编译函数体,98393,102045,1
function_44f829,保留原反编译函数体,98414,102066,1
function_44f8d0,保留原反编译函数体,98436,102088,1
function_44f960,保留原反编译函数体,98455,102107,1
function_44f9c0,保留原反编译函数体,98468,102120,1
function_44fa90,保留原反编译函数体,98505,102157,1
function_44fb50,保留原反编译函数体,98650,102302,1
function_44fbe0,保留原反编译函数体,98700,102352,1
function_44fc83,原版即为简单返回／空函数,98718,102370,1
function_44fca0,保留原反编译函数体,98724,102376,1
function_44fcc0,保留原反编译函数体,98745,102397,1
function_44fd10,原版即为简单返回／空函数,98799,102451,1
function_44fd20,保留原反编译函数体,98805,102457,1
function_44fd30,保留原反编译函数体,98814,102466,1
function_44fd60,保留原反编译函数体,98827,102479,1
function_44fdd0,已修改／替换的非空实现,98842,102494,1
function_44fde0,已修改／替换的非空实现,98851,102503,1
function_44ff90,保留原反编译函数体,98931,102583,1
function_450020,已修改／替换的非空实现,98965,102617,1
function_450350,保留原反编译函数体,99310,102624,2
function_450950,已修改／替换的非空实现,99454,103036,2
function_450d80,已修改／替换的非空实现,99719,103055,1
function_450e30,已修改／替换的非空实现,99756,106378,2
function_450f30,已修改／替换的非空实现,99784,106392,2
function_451270,保留原反编译函数体,99940,106419,1
function_4513f0,保留原反编译函数体,100020,106499,1
function_4514a0,已修改／替换的非空实现,100049,106625,2
function_451590,已修改／替换的非空实现,100098,106711,1
function_4515a0,已修改／替换的非空实现,100105,106716,1
function_4515c0,已修改／替换的非空实现,100113,106721,1
function_4515f0,已修改／替换的非空实现,100121,106726,1
function_451610,已修改／替换的非空实现,100136,106731,1
function_451620,已修改／替换的非空实现,100144,106736,1
function_451630,已修改／替换的非空实现,100153,106741,1
function_451640,已修改／替换的非空实现,100162,106746,1
function_4517c0,已修改／替换的非空实现,100297,106870,1
function_4558b0,保留原反编译函数体,100324,106897,3
function_455ee0,保留原反编译函数体,100361,106934,3
function_451b70,已修改／替换的非空实现,100447,107020,1
function_451f30,保留原反编译函数体,100598,107171,1
function_451f80,已修改／替换的非空实现,100632,107205,1
function_452010,保留原反编译函数体,100651,107224,1
function_452020,已修改／替换的非空实现,100659,107232,1
function_452040,已修改／替换的非空实现,100672,107247,1
function_452150,已修改／替换的非空实现,100720,107332,1
function_452220,已修改／替换的非空实现,100742,107354,1
function_452270,保留原反编译函数体,100757,107369,1
function_4522c0,保留原反编译函数体,100773,107385,1
function_4522f0,已修改／替换的非空实现,100788,107745,1
function_4525d0,已修改／替换的非空实现,101041,108360,1
function_452ac0,保留原反编译函数体,101595,108545,1
function_452ad0,保留原反编译函数体,101607,108557,1
function_452ba0,保留原反编译函数体,101649,108599,1
function_452be0,保留原反编译函数体,101664,108614,1
function_452c20,已修改／替换的非空实现,101698,108651,1
function_452cf0,保留原反编译函数体,101750,108703,1
function_452d40,已修改／替换的非空实现,101783,108736,1
function_453030,保留原反编译函数体,102147,109100,1
function_4530a0,保留原反编译函数体,102183,109136,1
function_453120,保留原反编译函数体,102213,109166,1
function_453240,保留原反编译函数体,102272,109225,1
function_4532b0,保留原反编译函数体,102304,109257,1
function_4532d0,原版即为简单返回／空函数,102312,109265,1
function_4532e0,保留原反编译函数体,102318,109271,1
function_453360,保留原反编译函数体,102347,109300,1
function_4533e0,保留原反编译函数体,102377,109330,1
function_453440,保留原反编译函数体,102411,109364,1
function_4534a0,保留原反编译函数体,102430,109383,1
function_4534c0,保留原反编译函数体,102451,109404,1
function_4534e0,保留原反编译函数体,102472,109425,1
function_4534f0,保留原反编译函数体,102481,109434,1
function_453580,保留原反编译函数体,102507,109460,1
function_4535c0,保留原反编译函数体,102525,109478,1
function_4536b0,保留原反编译函数体,102568,109521,1
function_4537b0,保留原反编译函数体,102615,109568,1
function_4537d0,保留原反编译函数体,102633,109586,1
function_453880,保留原反编译函数体,102772,109725,1
function_4538e0,保留原反编译函数体,102824,109777,1
function_4539b0,保留原反编译函数体,102968,109921,1
function_453b70,保留原反编译函数体,103004,109957,1
function_453bd0,保留原反编译函数体,103028,109981,1
function_453c30,保留原反编译函数体,103052,110005,1
function_453c80,已修改／替换的非空实现,103089,110042,1
function_453f00,保留原反编译函数体,103428,110381,1
function_453f40,保留原反编译函数体,103459,110412,1
function_453f90,保留原反编译函数体,103493,110446,1
function_453fe0,保留原反编译函数体,103512,110465,1
function_454030,保留原反编译函数体,103564,110517,1
function_454110,保留原反编译函数体,103584,110537,1
function_4541f0,保留原反编译函数体,103604,110557,1
function_4542d0,保留原反编译函数体,103624,110577,1
function_4543b0,保留原反编译函数体,103644,110597,1
function_454490,保留原反编译函数体,103664,110617,1
function_454560,保留原反编译函数体,103739,110692,1
function_454640,保留原反编译函数体,103814,110767,1
function_454770,保留原反编译函数体,103896,110849,1
function_454950,保留原反编译函数体,104117,111070,1
function_454ba0,保留原反编译函数体,104385,111338,1
function_454c20,保留原反编译函数体,104414,111367,1
function_454c80,保留原反编译函数体,104425,111378,1
function_454cf0,保留原反编译函数体,104442,111395,1
function_454d60,保留原反编译函数体,104458,111411,1
function_454dd0,保留原反编译函数体,104474,111427,1
function_454e40,保留原反编译函数体,104492,111445,1
function_454ed0,保留原反编译函数体,104509,111462,1
function_454f80,保留原反编译函数体,104535,111488,1
function_455010,保留原反编译函数体,104554,111507,1
function_455090,保留原反编译函数体,104588,111541,1
function_4550d0,保留原反编译函数体,104622,111575,1
function_455180,保留原反编译函数体,104696,111649,1
function_455230,保留原反编译函数体,104735,111688,1
function_4552e0,已修改／替换的非空实现,104787,111740,1
function_455330,已修改／替换的非空实现,104797,111759,1
function_455390,保留原反编译函数体,104810,111810,1
function_4554b0,保留原反编译函数体,104839,111839,1
function_455520,保留原反编译函数体,104852,111852,1
function_4555a0,已修改／替换的非空实现,104867,111867,1
function_4556c0,保留原反编译函数体,104896,111896,1
function_455730,保留原反编译函数体,104909,111909,1
function_4557a0,保留原反编译函数体,104922,111922,1
function_4557d0,保留原反编译函数体,104954,111954,1
function_455880,已修改／替换的非空实现,105016,112016,1
function_455890,已修改／替换的非空实现,105024,112026,1
function_455990,保留原反编译函数体,105108,112120,1
function_455a20,保留原反编译函数体,105166,112178,1
function_455c40,保留原反编译函数体,105437,112449,1
function_455ce0,保留原反编译函数体,105514,112526,1
function_455d30,已修改／替换的非空实现,105534,112546,1
function_455dc0,保留原反编译函数体,105621,112634,1
function_455e40,已修改／替换的非空实现,105652,112741,1
function_455ec0,已修改／替换的非空实现,105669,112755,1
function_455f50,保留原反编译函数体,105710,112796,1
function_455fd0,保留原反编译函数体,105751,112837,1
function_456210,保留原反编译函数体,105973,113059,1
function_456260,保留原反编译函数体,105995,113081,1
function_456290,保留原反编译函数体,106014,113100,1
function_456310,保留原反编译函数体,106030,113116,1
function_456360,保留原反编译函数体,106060,113146,1
function_4563b0,保留原反编译函数体,106086,113172,1
function_456690,保留原反编译函数体,106283,113369,1
function_4567d0,保留原反编译函数体,106316,113402,1
function_456870,保留原反编译函数体,106445,113531,1
function_4569f0,保留原反编译函数体,106576,113662,1
function_456a00,保留原反编译函数体,106587,113673,1
function_456b30,保留原反编译函数体,106627,113713,1
function_456b60,保留原反编译函数体,106647,113733,1
function_456ca0,保留原反编译函数体,106754,113840,1
function_456d00,保留原反编译函数体,106782,113868,1
function_456f00,保留原反编译函数体,107046,114132,1
function_456f60,保留原反编译函数体,107075,114161,1
function_457110,保留原反编译函数体,107165,114251,1
function_457170,已修改／替换的非空实现,107187,114273,1
function_457260,保留原反编译函数体,107282,114368,1
function_457270,保留原反编译函数体,107289,114375,1
function_457280,保留原反编译函数体,107296,114382,1
function_457310,保留原反编译函数体,107346,114432,1
function_457500,保留原反编译函数体,107553,114639,1
function_457660,保留原反编译函数体,107671,114757,1
function_4576e0,保留原反编译函数体,107708,114794,1
function_457810,已修改／替换的非空实现,107907,114993,1
function_457a10,已修改／替换的非空实现,108073,115217,2
function_457a80,保留原反编译函数体,108140,115236,1
function_457ac0,保留原反编译函数体,108166,115262,1
function_457b40,保留原反编译函数体,108202,115298,1
function_457c40,保留原反编译函数体,108253,115349,1
function_457ca0,保留原反编译函数体,108280,115376,1
function_457cf0,保留原反编译函数体,108307,115403,1
function_457e30,保留原反编译函数体,108408,115504,1
function_457f00,保留原反编译函数体,108455,115551,1
function_457f60,保留原反编译函数体,108477,115573,1
function_457fc0,已修改／替换的非空实现,108505,115601,1
function_458090,已修改／替换的非空实现,108564,247077,1
function_458200,已修改／替换的非空实现,108717,247196,1
function_4582c0,保留原反编译函数体,108789,115884,1
function_458330,保留原反编译函数体,108818,115913,1
function_4583a0,已修改／替换的非空实现,108832,247240,1
function_4583f0,保留原反编译函数体,108864,115959,1
function_458410,保留原反编译函数体,108897,115992,1
function_458440,保留原反编译函数体,108925,116020,1
function_458570,原版即为简单返回／空函数,108988,116083,1
function_458580,原版即为简单返回／空函数,108994,116089,1
function_458590,保留原反编译函数体,109002,116097,1
function_4585c0,已修改／替换的非空实现,109020,116115,1
function_458710,保留原反编译函数体,109199,116296,1
function_4587d0,保留原反编译函数体,109236,116333,1
function_4588a0,保留原反编译函数体,109279,116376,1
function_458a20,保留原反编译函数体,109376,116473,1
function_459150,保留原反编译函数体,109824,116921,1
function_459360,保留原反编译函数体,109974,117071,1
function_459420,保留原反编译函数体,110008,117105,1
function_4594a0,保留原反编译函数体,110036,117133,1
function_4594d0,保留原反编译函数体,110053,117150,1
function_4594f0,已修改／替换的非空实现,110066,117163,1
function_4595e0,保留原反编译函数体,110089,117188,1
function_459690,原版即为简单返回／空函数,110113,117212,1
function_4596a0,原版即为简单返回／空函数,110121,117220,1
function_4596b0,保留原反编译函数体,110127,117226,1
function_459780,保留原反编译函数体,110165,117264,1
function_459800,保留原反编译函数体,110208,117307,1
function_459840,保留原反编译函数体,110237,117336,1
function_4598a0,保留原反编译函数体,110264,117363,1
function_459920,保留原反编译函数体,110299,117398,1
function_459980,保留原反编译函数体,110323,117422,1
function_4599e0,保留原反编译函数体,110388,117487,1
function_459a40,保留原反编译函数体,110453,117552,1
function_459b40,原版即为简单返回／空函数,110547,117646,1
function_459b50,保留原反编译函数体,110555,117654,1
function_459bc0,保留原反编译函数体,110589,117688,1
function_459d00,保留原反编译函数体,110689,117788,1
function_459e90,保留原反编译函数体,110819,117918,1
function_459ec0,保留原反编译函数体,110850,117949,1
function_459f00,保留原反编译函数体,110872,117971,1
function_459fa0,保留原反编译函数体,110889,117988,1
function_459fe0,保留原反编译函数体,110909,118008,1
function_45a080,保留原反编译函数体,110928,118027,1
function_45a0a0,保留原反编译函数体,110941,118040,1
function_45a150,保留原反编译函数体,110958,118057,1
function_45a190,保留原反编译函数体,110978,118077,1
function_45a230,保留原反编译函数体,110997,118096,1
function_45a250,保留原反编译函数体,111012,118111,1
function_45a2f0,保留原反编译函数体,111029,118128,1
function_45a320,保留原反编译函数体,111047,118146,1
function_45a3c0,保留原反编译函数体,111066,118165,1
function_45a3e0,保留原反编译函数体,111079,118178,1
function_45a490,保留原反编译函数体,111096,118195,1
function_45a4c0,保留原反编译函数体,111113,118212,1
function_45a560,保留原反编译函数体,111132,118231,1
function_45a590,保留原反编译函数体,111153,118252,1
function_45a630,保留原反编译函数体,111170,118269,1
function_45a650,保留原反编译函数体,111181,118280,1
function_45a700,保留原反编译函数体,111200,118299,1
function_45a740,保留原反编译函数体,111229,118328,1
function_45a770,保留原反编译函数体,111245,118344,1
function_45a780,保留原反编译函数体,111254,118353,1
function_45a7b0,保留原反编译函数体,111272,118371,1
function_45a810,保留原反编译函数体,111298,118397,1
function_45a870,保留原反编译函数体,111327,118426,1
function_45a8d0,保留原反编译函数体,111355,118454,1
function_45a940,保留原反编译函数体,111387,118486,1
function_45a9a0,保留原反编译函数体,111416,118515,1
function_45aa00,保留原反编译函数体,111445,118544,1
function_45aa60,保留原反编译函数体,111474,118573,1
function_45aac0,保留原反编译函数体,111503,118602,1
function_45ab20,保留原反编译函数体,111530,118629,1
function_45ab70,保留原反编译函数体,111546,118645,1
function_45bb10,保留原反编译函数体,111571,118670,3
function_45ac00,保留原反编译函数体,111581,118680,1
function_45ac90,已修改／替换的非空实现,111624,118723,1
function_45ade0,已修改／替换的非空实现,111701,118800,1
function_45ae60,保留原反编译函数体,111735,118834,1
function_45ae70,保留原反编译函数体,111745,118844,1
function_45aea0,保留原反编译函数体,111758,118857,1
function_45aed0,保留原反编译函数体,111771,118870,1
function_45af50,保留原反编译函数体,111806,118905,1
function_45b0b0,保留原反编译函数体,111842,118941,1
function_45b140,已修改／替换的非空实现,111856,118955,1
function_45b1d0,保留原反编译函数体,111932,119031,1
function_45b220,保留原反编译函数体,111981,119080,1
function_45b2e0,已修改／替换的非空实现,112024,119123,1
function_45b460,保留原反编译函数体,112111,119210,1
function_45b560,保留原反编译函数体,112201,119300,1
function_45b5b0,保留原反编译函数体,112217,119316,1
function_45b640,保留原反编译函数体,112253,119352,1
function_45b6d0,已修改／替换的非空实现,112296,119395,1
function_45b820,已修改／替换的非空实现,112373,119472,1
function_45b8a0,保留原反编译函数体,112407,119506,1
function_45b8b0,已修改／替换的非空实现,112415,119514,1
function_45bb60,保留原反编译函数体,112539,119638,1
function_45bb90,保留原反编译函数体,112552,119651,1
function_45bbc0,保留原反编译函数体,112565,119664,1
function_45bc30,保留原反编译函数体,112597,119696,1
function_45bc40,保留原反编译函数体,112610,119709,1
function_45bd00,已修改／替换的非空实现,112635,119734,1
function_45bd80,已修改／替换的非空实现,112679,119778,1
function_45be30,保留原反编译函数体,112724,119823,1
function_45bee0,保留原反编译函数体,112805,119904,1
function_45c030,保留原反编译函数体,112912,120011,1
function_45c070,保留原反编译函数体,112935,120034,1
function_45c090,保留原反编译函数体,112952,120051,1
function_45c0f0,保留原反编译函数体,112984,120083,1
function_45c200,保留原反编译函数体,113096,120195,1
function_45c260,保留原反编译函数体,113111,120210,1
function_45c300,保留原反编译函数体,113174,120273,1
function_45c340,保留原反编译函数体,113188,120287,1
function_45c360,保留原反编译函数体,113201,120300,1
function_45c390,保留原反编译函数体,113220,120319,1
function_45c4e0,保留原反编译函数体,113333,120432,1
function_45c500,保留原反编译函数体,113348,120447,1
function_45c560,原版即为简单返回／空函数,113384,120483,1
function_45c590,保留原反编译函数体,113392,120491,1
function_45c620,保留原反编译函数体,113408,120507,1
function_45c680,保留原反编译函数体,113417,120516,1
function_45c6e0,保留原反编译函数体,113429,120528,1
function_45c770,保留原反编译函数体,113441,120540,1
function_45c780,保留原反编译函数体,113452,120551,1
function_45c7a0,保留原反编译函数体,113469,120568,1
function_45c830,原版即为简单返回／空函数,113479,120578,1
function_45c8b0,保留原反编译函数体,113487,120586,1
function_45c8d0,保留原反编译函数体,113503,120602,1
function_45c920,保留原反编译函数体,113533,120632,1
function_45c930,保留原反编译函数体,113542,120641,1
function_45ca20,保留原反编译函数体,113601,120700,1
function_45ca30,保留原反编译函数体,113610,120709,1
function_45cac0,保留原反编译函数体,113652,120751,1
function_45cb20,保留原反编译函数体,113682,120781,1
function_45cc60,已修改／替换的非空实现,113759,120858,1
function_45cd50,保留原反编译函数体,113782,120883,1
function_45ce00,保留原反编译函数体,113806,120907,1
function_45d120,原版即为简单返回／空函数,113907,121008,1
function_45d240,保留原反编译函数体,113915,121016,1
function_45d2f0,已修改／替换的非空实现,113979,121080,1
function_45d530,保留原反编译函数体,114077,121178,1
function_45d5a0,保留原反编译函数体,114096,121197,1
function_45d5f0,已修改／替换的非空实现,114114,121215,1
function_45d740,已修改／替换的非空实现,114191,121292,1
function_45d7c0,保留原反编译函数体,114225,121326,1
function_45d7d0,保留原反编译函数体,114233,121334,1
function_45d800,保留原反编译函数体,114246,121347,1
function_45d830,保留原反编译函数体,114259,121360,1
function_45d890,保留原反编译函数体,114295,121396,1
function_45d8e0,保留原反编译函数体,114327,121428,1
function_45d960,已修改／替换的非空实现,114362,121463,1
function_45d970,已修改／替换的非空实现,114369,121497,1
function_45d9a0,保留原反编译函数体,114382,121502,1
function_45d9c0,保留原反编译函数体,114393,121513,1
function_45d9f0,已修改／替换的非空实现,114406,121526,1
function_45da00,已修改／替换的非空实现,114416,121555,1
function_45da40,原版即为简单返回／空函数,114428,121571,1
function_45da50,已修改／替换的非空实现,114436,121579,1
function_45dac0,已修改／替换的非空实现,114450,121594,1
function_45db10,保留原反编译函数体,114473,121629,1
function_45db30,保留原反编译函数体,114495,121651,1
function_45db90,保留原反编译函数体,114505,121661,1
function_45dbc0,未找到同名入口，待核对替代,114515,,0
function_45dbd0,已修改／替换的非空实现,114524,121672,2
function_45de70,已修改／替换的非空实现,114842,121687,1
function_45de90,保留原反编译函数体,114850,121692,1
function_45df10,已修改／替换的非空实现,114905,121768,1
function_45dfb0,已修改／替换的非空实现,114922,121784,1
function_45e020,保留原反编译函数体,114950,121789,1
function_45e0e0,保留原反编译函数体,114984,121823,1
function_45e120,保留原反编译函数体,115014,121853,1
function_45e270,已修改／替换的非空实现,115083,121922,1
function_45e300,已修改／替换的非空实现,115106,121949,1
function_45e410,已修改／替换的非空实现,115146,121996,1
function_45e460,已修改／替换的非空实现,115163,122067,2
function_45e5e0,已修改／替换的非空实现,115244,122284,2
function_45eb00,已修改／替换的非空实现,115421,122488,2
function_45ec60,简化返回／占位候选，待核对,115468,122501,1
function_45f0c0,保留原反编译函数体,115869,122886,1
function_45f0f0,保留原反编译函数体,115882,122899,1
function_45f350,保留原反编译函数体,116027,123044,1
function_45f3b0,保留原反编译函数体,116075,123092,1
function_45f3e0,已修改／替换的非空实现,116082,123099,1
function_45f4f0,已修改／替换的非空实现,116121,123185,1
function_45f560,保留原反编译函数体,116137,123202,1
function_48a7d0,保留原反编译函数体,116140,104538,10
function_45f5a0,保留原反编译函数体,116149,123214,1
function_48a830,保留原反编译函数体,116152,123217,4
function_45f5e0,已修改／替换的非空实现,116161,123244,1
function_45f640,已修改／替换的非空实现,116181,123275,1
function_45f760,未找到同名入口，待核对替代,116238,,0
function_45f780,未找到同名入口，待核对替代,116247,,0
function_45f7a0,未找到同名入口，待核对替代,116255,,0
function_45f7e0,未找到同名入口，待核对替代,116264,,0
function_45f800,未找到同名入口，待核对替代,116272,,0
function_45f810,未找到同名入口，待核对替代,116279,,0
function_45f820,未找到同名入口，待核对替代,116286,,0
function_45f850,已修改／替换的非空实现,116293,123308,1
function_45f8c0,已修改／替换的非空实现,116320,123327,1
function_45f9d0,已修改／替换的非空实现,116344,123352,1
function_45fab0,已修改／替换的非空实现,116402,123418,1
function_4aa080,已修改／替换的非空实现,116437,226609,1
function_45fb90,未找到同名入口，待核对替代,116446,,0
function_45fcd0,未找到同名入口，待核对替代,116478,,0
function_45fd80,未找到同名入口，待核对替代,116498,,0
function_45fe80,未找到同名入口，待核对替代,116529,,0
function_45ff80,保留原反编译函数体,116572,123465,1
function_45ff90,原版即为简单返回／空函数,116579,123472,1
function_45ffa0,保留原反编译函数体,116585,123478,1
function_45ffb0,原版即为简单返回／空函数,116594,123487,1
function_45ffc0,保留原反编译函数体,116600,123493,1
function_45ffd0,原版即为简单返回／空函数,116607,123500,1
function_45ffe0,保留原反编译函数体,116613,123506,1
function_460540,已修改／替换的非空实现,116795,123866,1
function_4606d0,已修改／替换的非空实现,116864,123874,2
function_4607e0,已修改／替换的非空实现,116926,123932,1
function_460900,原版即为简单返回／空函数,116967,123975,1
function_460920,已修改／替换的非空实现,116973,123981,1
function_4609c0,已修改／替换的非空实现,116995,124006,1
function_460a60,已修改／替换的非空实现,117017,124031,1
function_460b00,已修改／替换的非空实现,117039,124056,1
function_460b50,已修改／替换的非空实现,117052,124070,1
function_460bc0,已修改／替换的非空实现,117067,124087,1
function_460c10,已修改／替换的非空实现,117081,124100,1
function_460c70,已修改／替换的非空实现,117095,124116,1
function_460cc0,已修改／替换的非空实现,117109,124129,1
function_460d10,已修改／替换的非空实现,117123,124142,1
function_460de0,原版即为简单返回／空函数,117164,124183,1
function_460e00,已修改／替换的非空实现,117170,124189,1
function_462250,保留原反编译函数体,117918,124883,1
function_462280,未找到同名入口，待核对替代,117934,,0
function_462480,保留原反编译函数体,118101,124904,1
function_4624a0,保留原反编译函数体,118115,124918,1
function_4624c0,保留原反编译函数体,118133,124936,1
function_4624e0,保留原反编译函数体,118151,124954,1
function_462530,保留原反编译函数体,118203,125006,1
function_462550,保留原反编译函数体,118221,125024,1
function_4625a0,保留原反编译函数体,118273,125076,1
function_462600,保留原反编译函数体,118300,125103,1
function_4627c0,已修改／替换的非空实现,118453,126389,2
function_462810,保留原反编译函数体,118500,126409,1
function_462870,保留原反编译函数体,118538,126447,1
function_4628b0,保留原反编译函数体,118551,126460,1
function_462910,保留原反编译函数体,118573,126482,1
function_462970,保留原反编译函数体,118611,126520,1
function_4629d0,保留原反编译函数体,118649,126558,1
function_4629f0,保留原反编译函数体,118668,126577,1
function_462a20,保留原反编译函数体,118689,126598,1
function_462b10,保留原反编译函数体,118765,126674,1
function_462bf0,保留原反编译函数体,118840,126749,1
function_462ce0,已修改／替换的非空实现,118915,126843,1
function_462e3e,保留原反编译函数体,118973,126865,1
function_462e80,已修改／替换的非空实现,118987,126879,1
function_462f30,已修改／替换的非空实现,119094,126909,1
function_462f80,保留原反编译函数体,119138,126914,1
function_462fe0,保留原反编译函数体,119176,126952,1
function_463210,保留原反编译函数体,119439,127215,1
function_463280,已修改／替换的非空实现,119474,127285,1
function_4634d0,已修改／替换的非空实现,119761,127572,1
function_463510,保留原反编译函数体,119792,127577,1
function_463580,保留原反编译函数体,119806,127591,1
function_4635e0,保留原反编译函数体,119878,127663,1
function_463610,保留原反编译函数体,119906,127691,1
function_463690,已修改／替换的非空实现,119959,127945,1
function_4636e0,保留原反编译函数体,120004,127990,1
function_463730,已修改／替换的非空实现,120049,128035,1
function_463800,已修改／替换的非空实现,120233,128085,2
function_463820,保留原反编译函数体,120243,128100,1
function_4638b0,保留原反编译函数体,120268,128125,1
function_4638f0,保留原反编译函数体,120277,128134,1
function_4639f0,保留原反编译函数体,120344,128201,1
function_463af0,已修改／替换的非空实现,120410,128285,1
function_463b40,保留原反编译函数体,120429,128310,1
function_463cf0,已修改／替换的非空实现,120505,128471,1
function_463d40,已修改／替换的非空实现,120520,128477,1
function_463e60,已修改／替换的非空实现,120667,128624,1
function_4641d0,已修改／替换的非空实现,121106,128671,1
function_4645b0,保留原反编译函数体,121378,128681,1
function_4645f0,保留原反编译函数体,121416,128719,1
function_4646f0,保留原反编译函数体,121479,128782,1
function_464790,保留原反编译函数体,121516,128819,1
function_464870,保留原反编译函数体,121565,128868,1
function_4648b0,保留原反编译函数体,121586,128889,1
function_464c90,保留原反编译函数体,121729,129032,1
function_464d90,已修改／替换的非空实现,121767,129070,1
function_464e20,已修改／替换的非空实现,121775,129075,1
function_464f80,已修改／替换的非空实现,121924,129743,1
function_465f70,已修改／替换的非空实现,123295,129753,1
function_466050,已修改／替换的非空实现,123444,129758,1
function_466090,已修改／替换的非空实现,123465,129810,1
function_4660c0,已修改／替换的非空实现,123484,129844,1
function_466100,已修改／替换的非空实现,123512,129886,1
function_466270,已修改／替换的非空实现,123600,129985,1
function_466320,保留原反编译函数体,123626,130021,1
function_4663c0,未找到同名入口，待核对替代,123669,,0
function_466470,未找到同名入口，待核对替代,123689,,0
function_466490,已修改／替换的非空实现,123702,130067,7
function_4664a0,保留原反编译函数体,123709,130080,1
function_466540,原版即为简单返回／空函数,123744,130115,1
function_466560,保留原反编译函数体,123750,130121,1
function_4665d0,原版即为简单返回／空函数,123763,130134,1
function_4665e0,未找到同名入口，待核对替代,123769,,0
function_466770,已修改／替换的非空实现,123838,130234,1
function_466890,已修改／替换的非空实现,123879,130276,1
function_466900,已修改／替换的非空实现,123894,130316,1
function_4669d0,已修改／替换的非空实现,123935,130324,1
function_466e20,保留原反编译函数体,124101,130502,1
function_4674b0,保留原反编译函数体,124120,130521,1
function_4677c0,保留原反编译函数体,124240,130641,1
function_467cd0,保留原反编译函数体,124526,130927,1
function_4681e0,已修改／替换的非空实现,124804,131235,2
function_4682a0,已修改／替换的非空实现,124915,131284,1
function_4683c0,保留原反编译函数体,125155,131291,1
function_468440,保留原反编译函数体,125228,131364,1
function_4684a0,保留原反编译函数体,125250,131386,1
function_468540,保留原反编译函数体,125359,131495,1
function_468580,保留原反编译函数体,125403,131539,1
function_468620,已修改／替换的非空实现,125532,131668,1
function_468790,保留原反编译函数体,125695,131768,1
function_4687d0,保留原反编译函数体,125728,131801,1
function_46889b,保留原反编译函数体,125779,131852,1
function_468950,保留原反编译函数体,125838,131911,1
function_4689d0,已修改／替换的非空实现,125869,131967,1
function_4693a0,已修改／替换的非空实现,126983,133107,1
function_469620,已修改／替换的非空实现,127182,133197,2
function_469640,已修改／替换的非空实现,127189,133215,1
function_469680,已修改／替换的非空实现,127200,133251,1
function_4696b0,已修改／替换的非空实现,127210,133263,1
function_469700,已修改／替换的非空实现,127219,133279,1
function_469710,已修改／替换的非空实现,127225,133287,1
function_469740,原版即为简单返回／空函数,127231,133295,1
function_469750,原版即为简单返回／空函数,127237,133301,1
function_469780,已修改／替换的非空实现,127243,133307,1
function_4697a0,原版即为简单返回／空函数,127249,133316,1
function_4697c0,已修改／替换的非空实现,127255,133322,1
function_4697e0,已修改／替换的非空实现,127261,133327,1
function_469820,原版即为简单返回／空函数,127267,133334,1
function_469840,已修改／替换的非空实现,127273,133340,1
function_469860,已修改／替换的非空实现,127279,133357,1
function_469870,已修改／替换的非空实现,127285,133364,1
function_469880,原版即为简单返回／空函数,127291,133372,1
function_4698a0,原版即为简单返回／空函数,127297,133378,1
function_4698c0,保留原反编译函数体,127303,133384,1
function_4698d0,保留原反编译函数体,127311,133392,1
function_469900,已修改／替换的非空实现,127324,133405,1
function_4699bf,保留原反编译函数体,127360,133472,1
function_469a03,保留原反编译函数体,127376,133488,1
function_469a20,已修改／替换的非空实现,127382,133497,1
function_469b30,保留原反编译函数体,127414,133550,1
function_469b40,已修改／替换的非空实现,127423,133559,1
function_469d10,已修改／替换的非空实现,127460,133607,1
function_469dd0,已修改／替换的非空实现,127481,133628,1
function_469ed0,保留原反编译函数体,127502,133641,1
function_469ef0,已修改／替换的非空实现,127522,133661,1
function_46a140,已修改／替换的非空实现,127809,133948,1
function_46a1d0,已修改／替换的非空实现,127844,134003,1
function_46a210,已修改／替换的非空实现,127870,134021,1
function_46a260,保留原反编译函数体,127886,134051,1
function_46a2d0,已修改／替换的非空实现,127980,134145,1
function_46a380,保留原反编译函数体,128015,134325,1
function_46a390,已修改／替换的非空实现,128025,134335,1
function_46a450,保留原反编译函数体,128060,134370,1
function_46a550,保留原反编译函数体,128172,134482,1
function_46a580,保留原反编译函数体,128185,134495,1
function_46a5b0,保留原反编译函数体,128210,134520,1
function_46a650,保留原反编译函数体,128349,134659,1
function_46a6f0,已修改／替换的非空实现,128490,134832,2
function_46a7a0,保留原反编译函数体,128540,134846,1
function_46a7e0,保留原反编译函数体,128552,134858,1
function_46a830,已修改／替换的非空实现,128568,134901,1
function_46a9c0,保留原反编译函数体,128764,135106,1
function_46aa60,已修改／替换的非空实现,128812,135154,1
function_46aae0,保留原反编译函数体,128839,135212,1
function_46ab10,已修改／替换的非空实现,128854,135419,1
function_46acb0,保留原反编译函数体,128965,135430,1
function_46acf0,保留原反编译函数体,129010,135475,1
function_46ad50,保留原反编译函数体,129023,135488,1
function_46afa0,保留原反编译函数体,129133,135598,1
function_46b080,保留原反编译函数体,129202,135667,1
function_46b420,保留原反编译函数体,129494,135959,1
function_46b450,保留原反编译函数体,129506,135971,1
function_48a8d0,保留原反编译函数体,129509,135974,6
function_46b490,已修改／替换的非空实现,129518,135985,1
function_46b500,已修改／替换的非空实现,129545,136006,1
function_46b610,已修改／替换的非空实现,129633,136024,1
function_46b6f0,已修改／替换的非空实现,129694,136043,1
function_46b7c0,已修改／替换的非空实现,129757,136065,1
function_46b880,已修改／替换的非空实现,129790,136090,1
function_46b9a0,已修改／替换的非空实现,129843,136136,1
function_46bbe0,已修改／替换的非空实现,129875,136220,1
function_46bc90,已修改／替换的非空实现,129908,136253,1
function_46be40,已修改／替换的非空实现,130032,136292,1
function_46bea0,保留原反编译函数体,130054,136314,1
function_46bf00,保留原反编译函数体,130076,136336,1
function_46bf60,保留原反编译函数体,130104,136364,2
function_46bfc0,保留原反编译函数体,130135,136395,1
function_46bff0,保留原反编译函数体,130159,136419,1
function_46c040,保留原反编译函数体,130193,136453,1
function_46c0f0,保留原反编译函数体,130219,136479,1
function_46c1a0,保留原反编译函数体,130298,136558,1
function_46c220,保留原反编译函数体,130343,136603,1
function_46c3d0,保留原反编译函数体,130496,136756,1
function_46c400,保留原反编译函数体,130510,136770,1
function_46c4e0,保留原反编译函数体,130550,136810,1
function_46c570,保留原反编译函数体,130557,136817,1
function_46c600,保留原反编译函数体,130579,136839,1
function_46c840,保留原反编译函数体,130762,137022,1
function_46c8b0,保留原反编译函数体,130796,137056,1
function_46c9e0,已修改／替换的非空实现,130972,137232,1
function_46cbb0,保留原反编译函数体,131122,137384,1
function_46cd90,保留原反编译函数体,131252,137514,1
function_46ce40,原版即为简单返回／空函数,131312,137574,1
function_46ce70,已修改／替换的非空实现,131318,137613,1
function_46cec0,已修改／替换的非空实现,131330,137622,1
function_46cf10,已修改／替换的非空实现,131342,137631,1
function_46cf60,已修改／替换的非空实现,131354,137640,1
function_46cfb0,已修改／替换的非空实现,131366,137649,1
function_46d080,保留原反编译函数体,131397,137680,1
function_46d130,保留原反编译函数体,131448,137731,1
function_46d190,保留原反编译函数体,131481,137764,1
function_46d2a0,保留原反编译函数体,131534,137817,1
function_46d400,保留原反编译函数体,131651,137934,1
function_46d460,保留原反编译函数体,131683,137966,1
function_46d6d0,保留原反编译函数体,131854,138137,1
function_46d750,保留原反编译函数体,131884,138167,1
function_46d8b0,保留原反编译函数体,131937,138220,1
function_46d950,已修改／替换的非空实现,131956,138239,1
function_46e480,保留原反编译函数体,132377,138672,1
function_46e530,保留原反编译函数体,132392,138687,1
function_46e6f0,已修改／替换的非空实现,132484,138844,1
function_46ed80,原版即为简单返回／空函数,132809,138850,1
function_46eda0,原版即为简单返回／空函数,132817,138858,1
function_46edb0,原版即为简单返回／空函数,132823,138864,1
function_46edc0,已修改／替换的非空实现,132829,138897,1
function_46ee20,已修改／替换的非空实现,132853,138924,1
function_46eed0,未找到同名入口，待核对替代,132887,,0
function_46ef40,已修改／替换的非空实现,132898,138981,1
function_46efd0,保留原反编译函数体,132928,138987,2
function_46f020,保留原反编译函数体,132962,139021,1
function_46f0b0,已修改／替换的非空实现,132978,139037,1
function_46f0d0,保留原反编译函数体,132991,139072,1
function_46f100,保留原反编译函数体,132997,139078,1
function_46f140,已修改／替换的非空实现,133015,139096,1
function_46f200,已修改／替换的非空实现,133077,139102,1
function_46f320,保留原反编译函数体,133118,139144,1
function_46f450,保留原反编译函数体,133180,139206,1
function_46f620,已修改／替换的非空实现,133285,139311,1
function_46f6d0,已修改／替换的非空实现,133353,139529,1
function_46f9f0,未找到同名入口，待核对替代,133608,,0
function_46fac0,已修改／替换的非空实现,133647,139559,1
function_46fd70,已修改／替换的非空实现,133748,139666,1
function_46ff60,保留原反编译函数体,133923,139707,1
function_470030,已修改／替换的非空实现,133987,139771,1
function_4700b0,保留原反编译函数体,134015,139779,1
function_470100,已修改／替换的非空实现,134030,139794,1
function_4701b0,原版即为简单返回／空函数,134071,139835,1
function_4701d0,原版即为简单返回／空函数,134079,139843,1
function_4701e0,已修改／替换的非空实现,134085,139849,1
function_470220,已修改／替换的非空实现,134094,139860,1
function_470290,已修改／替换的非空实现,134123,139876,1
function_470300,已修改／替换的非空实现,134152,139891,1
function_470320,已修改／替换的非空实现,134163,139899,1
function_470360,已修改／替换的非空实现,134174,139910,1
function_470390,保留原反编译函数体,134187,139920,1
function_4703b0,已修改／替换的非空实现,134205,139944,1
function_4705e0,已修改／替换的非空实现,134466,140205,1
function_4706c0,已修改／替换的非空实现,134570,140345,1
function_470730,已修改／替换的非空实现,134604,140350,1
function_470890,已修改／替换的非空实现,134689,140435,1
function_470980,已修改／替换的非空实现,134852,140440,1
function_4709c0,已修改／替换的非空实现,134869,140495,1
function_470a30,已修改／替换的非空实现,134899,140525,1
function_470ab0,已修改／替换的非空实现,134941,140680,1
function_470d00,已修改／替换的非空实现,135215,140687,1
function_4aa1a0,已修改／替换的非空实现,135220,123280,4
function_470df0,已修改／替换的非空实现,135239,140729,1
function_48a890,已修改／替换的非空实现,135276,190055,2
function_470ee0,已修改／替换的非空实现,135313,140756,1
function_470f10,保留原反编译函数体,135321,140765,1
function_470f30,已修改／替换的非空实现,135329,140773,1
function_470f60,原版即为简单返回／空函数,135339,140783,1
function_470f80,保留原反编译函数体,135345,140789,1
function_470f90,原版即为简单返回／空函数,135352,140796,1
function_470fa0,已修改／替换的非空实现,135358,140802,1
function_471060,原版即为简单返回／空函数,135379,125766,2
function_471070,原版即为简单返回／空函数,135385,140833,1
function_471080,原版即为简单返回／空函数,135391,140839,1
function_4710a0,保留原反编译函数体,135397,140845,1
function_471100,保留原反编译函数体,135421,140869,1
function_471160,已修改／替换的非空实现,135444,140892,1
function_471240,保留原反编译函数体,135477,140918,1
function_471330,已修改／替换的非空实现,135508,140949,1
function_4713b0,保留原反编译函数体,135539,140965,1
function_471510,保留原反编译函数体,135578,141004,1
function_4715e0,保留原反编译函数体,135607,141033,1
function_4716b0,已修改／替换的非空实现,135665,141091,1
function_471720,已修改／替换的非空实现,135692,141108,1
function_471810,保留原反编译函数体,135723,141126,1
function_471880,已修改／替换的非空实现,135750,141157,1
function_471960,已修改／替换的非空实现,135765,141179,1
function_471a60,已修改／替换的非空实现,135790,141207,1
function_471b30,已修改／替换的非空实现,135844,141224,1
function_471bc0,已修改／替换的非空实现,135862,141373,1
function_471c10,已修改／替换的非空实现,135876,141382,1
function_48a920,已修改／替换的非空实现,135886,123788,3
function_471c70,已修改／替换的非空实现,135902,141387,1
function_471d30,已修改／替换的非空实现,135926,141408,1
function_471d90,已修改／替换的非空实现,135952,141429,1
function_471df0,已修改／替换的非空实现,135978,141442,1
function_471e50,已修改／替换的非空实现,136004,141480,1
function_471eb0,已修改／替换的非空实现,136030,141497,1
function_471f10,已修改／替换的非空实现,136056,141511,1
function_471f70,已修改／替换的非空实现,136082,141516,1
function_471fd0,已修改／替换的非空实现,136108,141534,1
function_472030,已修改／替换的非空实现,136134,141545,1
function_472080,已修改／替换的非空实现,136156,141556,1
function_4720e0,已修改／替换的非空实现,136182,141561,1
function_472140,已修改／替换的非空实现,136208,141566,1
function_4721a0,已修改／替换的非空实现,136234,141571,1
function_472240,已修改／替换的非空实现,136256,141599,1
function_4722e0,已修改／替换的非空实现,136278,142586,1
function_472820,已修改／替换的非空实现,136620,142708,1
function_4a9c60,保留原反编译函数体,136652,141998,3
function_472e50,已修改／替换的非空实现,137084,142872,1
function_473010,已修改／替换的非空实现,137124,142933,1
function_473af0,已修改／替换的非空实现,137714,143559,1
function_473b20,保留原反编译函数体,137722,143568,1
function_473dd8,保留原反编译函数体,137792,143670,1
function_473dde,原版即为简单返回／空函数,137798,143676,1
function_473ebb,原版即为简单返回／空函数,137804,143682,1
function_473ed0,保留原反编译函数体,137810,143688,1
function_473f30,保留原反编译函数体,137844,143722,1
function_474020,保留原反编译函数体,137904,143782,2
function_474110,保留原反编译函数体,137958,143836,1
function_475710,保留原反编译函数体,141613,147491,1
function_475760,保留原反编译函数体,141630,147508,1
function_475790,保留原反编译函数体,141645,147523,1
function_4757e0,已修改／替换的非空实现,141680,147558,1
function_475fc0,保留原反编译函数体,142428,148307,1
function_4760a0,保留原反编译函数体,142497,148376,1
function_476130,已修改／替换的非空实现,142526,148405,1
function_4762b0,保留原反编译函数体,142798,148678,1
function_476380,保留原反编译函数体,142877,148757,1
function_4764d0,保留原反编译函数体,143048,148928,1
function_4766b0,已修改／替换的非空实现,143208,149088,1
function_476a20,保留原反编译函数体,143493,149387,1
function_476eb0,保留原反编译函数体,143866,149760,1
function_476f40,保留原反编译函数体,143913,149807,1
function_477190,原版即为简单返回／空函数,144023,149917,1
function_4771a0,保留原反编译函数体,144034,149928,1
function_477440,保留原反编译函数体,144231,150125,1
function_477460,原版即为简单返回／空函数,144241,150135,1
function_477480,保留原反编译函数体,144247,150141,1
function_477490,保留原反编译函数体,144254,150148,1
function_477950,保留原反编译函数体,144822,150716,1
function_477e40,保留原反编译函数体,145308,151202,1
function_4780c0,保留原反编译函数体,145571,151465,1
function_478130,保留原反编译函数体,145611,151505,1
function_478200,保留原反编译函数体,145704,151598,1
function_478420,保留原反编译函数体,146025,151919,1
function_478510,保留原反编译函数体,146154,152048,1
function_478a20,保留原反编译函数体,146492,152386,1
function_478c80,保留原反编译函数体,146641,152535,1
function_479090,保留原反编译函数体,146842,152736,1
function_479160,保留原反编译函数体,146916,152810,1
function_4791e0,保留原反编译函数体,146947,152841,1
function_479260,保留原反编译函数体,146983,152877,1
function_4792f0,保留原反编译函数体,147031,152925,1
function_479360,保留原反编译函数体,147046,152940,1
function_4793f0,保留原反编译函数体,147088,152982,1
function_4795f0,保留原反编译函数体,147278,153172,1
function_4796c0,保留原反编译函数体,147327,153221,1
function_479760,保留原反编译函数体,147357,153251,1
function_479950,保留原反编译函数体,147451,153345,1
function_47aa44,保留原反编译函数体,147565,153459,1
function_47aa49,保留原反编译函数体,147572,153466,1
function_47aa54,保留原反编译函数体,147579,153473,1
function_47aa59,保留原反编译函数体,147586,153480,1
function_47aac4,保留原反编译函数体,147593,153487,1
function_47aac9,保留原反编译函数体,147600,153494,1
function_47aad4,保留原反编译函数体,147607,153501,1
function_47aad9,保留原反编译函数体,147614,153508,1
function_47acb4,原版即为简单返回／空函数,147621,153515,1
function_47acb9,原版即为简单返回／空函数,147627,153521,1
function_47acc4,原版即为简单返回／空函数,147633,153527,1
function_47acd4,保留原反编译函数体,147639,153533,1
function_47aed0,保留原反编译函数体,147781,153675,1
function_47afd0,保留原反编译函数体,147884,153778,1
function_47b020,保留原反编译函数体,147896,153790,1
function_47b140,保留原反编译函数体,147943,153837,1
function_47b290,原版即为简单返回／空函数,147951,153845,2
function_47b350,保留原反编译函数体,148134,154028,1
function_47b3c0,保留原反编译函数体,148160,154054,1
function_47b410,保留原反编译函数体,148186,154080,1
function_4c4c20,保留原反编译函数体,148201,154095,6
function_47b670,原版即为简单返回／空函数,148203,154097,3
function_47b510,保留原反编译函数体,148222,154116,1
function_47b630,保留原反编译函数体,148386,154280,1
function_47b890,保留原反编译函数体,148683,154577,1
function_4c4b40,保留原反编译函数体,148870,154764,2
function_47bb70,保留原反编译函数体,148969,154863,1
function_47bba0,保留原反编译函数体,148978,154872,2
function_47bc10,保留原反编译函数体,149020,154914,1
function_47bca0,保留原反编译函数体,149098,154992,1
function_47bfc0,保留原反编译函数体,149399,155293,1
function_47c5b0,保留原反编译函数体,150024,155918,1
function_47c8b0,保留原反编译函数体,150325,156219,1
function_47e130,保留原反编译函数体,150348,156242,2
function_47c930,保留原反编译函数体,150363,156257,1
function_47e840,保留原反编译函数体,150411,156305,2
function_47cc00,保留原反编译函数体,150671,156565,1
function_47cd00,保留原反编译函数体,150808,156702,1
function_47cdf0,保留原反编译函数体,150947,156841,1
function_47ce30,保留原反编译函数体,150972,156866,1
function_47d190,原版即为简单返回／空函数,151407,157301,1
function_47d1a0,保留原反编译函数体,151413,157307,1
function_47d1c0,保留原反编译函数体,151423,157317,1
function_47d230,保留原反编译函数体,151487,157381,1
function_47d250,保留原反编译函数体,151498,157392,1
function_47d280,保留原反编译函数体,151507,157401,1
function_47d3f0,保留原反编译函数体,151675,157569,1
function_47d4f0,保留原反编译函数体,151742,157636,1
function_47d520,保留原反编译函数体,151773,157667,1
function_4c5840,原版即为简单返回／空函数,151811,157705,11
function_47d600,保留原反编译函数体,151821,157715,1
function_47d6e0,保留原反编译函数体,151897,157791,1
function_481cb0,保留原反编译函数体,151924,157818,2
function_47d960,保留原反编译函数体,152176,158070,1
function_47d9b0,保留原反编译函数体,152193,158087,1
function_47da20,保留原反编译函数体,152225,158119,1
function_47da90,保留原反编译函数体,152278,158172,1
function_47daf0,保留原反编译函数体,152305,158199,2
function_47de90,保留原反编译函数体,152568,158462,1
function_47e0c0,保留原反编译函数体,152807,158701,1
function_47e160,保留原反编译函数体,152847,158741,1
function_47e7b0,保留原反编译函数体,153387,159281,1
function_47e810,保留原反编译函数体,153439,159333,1
function_47e990,保留原反编译函数体,153534,159428,1
function_47ea70,保留原反编译函数体,153579,159473,1
function_47eaf0,保留原反编译函数体,153613,159507,1
function_47eb10,保留原反编译函数体,153626,159520,1
function_47eb50,已修改／替换的非空实现,153639,159533,1
function_47f0a0,保留原反编译函数体,154698,160593,1
function_47f820,保留原反编译函数体,154984,160879,1
function_47f850,保留原反编译函数体,155024,160919,1
function_47f880,保留原反编译函数体,155064,160959,1
function_47f8a0,保留原反编译函数体,155094,160989,1
function_47f960,保留原反编译函数体,155166,161061,1
function_47f9c0,保留原反编译函数体,155202,161097,1
function_47fab0,保留原反编译函数体,155303,161198,1
function_480080,保留原反编译函数体,156193,162088,1
function_480120,保留原反编译函数体,156267,162162,1
function_480200,保留原反编译函数体,156459,162354,1
function_4802d0,保留原反编译函数体,156558,162453,1
function_480410,保留原反编译函数体,156768,162663,1
function_480570,保留原反编译函数体,156959,162854,1
function_480600,保留原反编译函数体,157043,162938,1
function_480750,保留原反编译函数体,157237,163132,1
function_480820,保留原反编译函数体,157244,163139,1
function_4808b0,保留原反编译函数体,157286,163181,1
function_480a10,保留原反编译函数体,157552,163447,1
function_480a60,保留原反编译函数体,157564,163459,1
function_480b30,保留原反编译函数体,157693,163588,1
function_480d80,原版即为简单返回／空函数,157949,163844,1
function_480da0,保留原反编译函数体,157955,163850,1
function_481190,保留原反编译函数体,158389,164284,1
function_481260,保留原反编译函数体,158483,164378,1
function_4812d0,保留原反编译函数体,158496,164391,1
function_4812e0,保留原反编译函数体,158516,164411,1
function_481330,已修改／替换的非空实现,158524,164419,1
function_4814b0,保留原反编译函数体,158768,164665,1
function_481520,保留原反编译函数体,158819,164716,1
function_481710,保留原反编译函数体,159142,165039,1
function_4817e0,保留原反编译函数体,159189,165086,1
function_481800,保留原反编译函数体,159202,165099,1
function_481860,保留原反编译函数体,159239,165136,1
function_4818c0,保留原反编译函数体,159253,165150,1
function_481c90,保留原反编译函数体,159764,165661,1
function_481ef0,保留原反编译函数体,160011,165908,1
function_481f30,保留原反编译函数体,160020,165917,1
function_482060,保留原反编译函数体,160153,166050,1
function_4820c0,保留原反编译函数体,160161,166058,1
function_4822c0,保留原反编译函数体,160418,166315,1
function_482650,保留原反编译函数体,160944,166841,2
function_4827d0,保留原反编译函数体,161133,167030,1
function_482990,保留原反编译函数体,161367,167264,1
function_482a70,保留原反编译函数体,161458,167355,2
function_482a90,保留原反编译函数体,161464,167361,1
function_482af0,保留原反编译函数体,161495,167392,1
function_482b20,保留原反编译函数体,161507,167404,1
function_482cb6,保留原反编译函数体,161784,167681,1
function_482cbe,保留原反编译函数体,161793,167690,1
function_482cd0,保留原反编译函数体,161806,167703,1
function_482e90,保留原反编译函数体,162151,168048,1
function_483300,保留原反编译函数体,162871,168768,1
function_483eb0,保留原反编译函数体,166186,172083,1
function_483ef0,保留原反编译函数体,166198,172095,1
function_483f10,保留原反编译函数体,166209,172106,1
function_4840a0,保留原反编译函数体,166647,172544,1
function_4840e0,保留原反编译函数体,166674,172571,1
function_4842c0,保留原反编译函数体,166832,172729,1
function_484300,保留原反编译函数体,166861,172758,1
function_484810,保留原反编译函数体,167884,173781,1
function_484d10,保留原反编译函数体,168083,173980,1
function_484da0,保留原反编译函数体,168109,174006,1
function_484ec0,保留原反编译函数体,168409,174306,1
function_485340,原版即为简单返回／空函数,169318,175215,1
function_485350,保留原反编译函数体,169324,175221,1
function_485480,保留原反编译函数体,169394,175291,1
function_4854a0,保留原反编译函数体,169407,175304,1
function_4855f0,保留原反编译函数体,169554,175451,1
function_485610,保留原反编译函数体,169580,175477,1
function_4857e0,保留原反编译函数体,169745,175642,1
function_486160,保留原反编译函数体,171048,176945,1
function_486190,保留原反编译函数体,171054,176951,1
function_486500,保留原反编译函数体,171522,177419,1
function_486520,保留原反编译函数体,171535,177432,1
function_4865a0,保留原反编译函数体,171596,177493,1
function_486690,保留原反编译函数体,171712,177609,1
function_4866b0,保留原反编译函数体,171732,177629,1
function_4867f0,保留原反编译函数体,171856,177753,1
function_4869d0,保留原反编译函数体,172074,177971,1
function_486a30,保留原反编译函数体,172118,178015,1
function_486c50,保留原反编译函数体,172799,178696,1
function_486d70,保留原反编译函数体,173013,178910,1
function_486dd0,保留原反编译函数体,173054,178951,1
function_486f90,保留原反编译函数体,173312,179209,1
function_487200,保留原反编译函数体,174085,179982,1
function_487260,已修改／替换的非空实现,174129,180026,1
function_487490,保留原反编译函数体,174929,180827,1
function_4874f0,保留原反编译函数体,174973,180871,1
function_487530,保留原反编译函数体,174999,180897,1
function_4876d0,保留原反编译函数体,175215,181113,1
function_487830,保留原反编译函数体,175392,181290,1
function_4879d0,保留原反编译函数体,175792,181690,1
function_4879f0,保留原反编译函数体,175805,181703,1
function_487a10,保留原反编译函数体,175818,181716,1
function_487bd0,保留原反编译函数体,176043,181941,1
function_487e00,保留原反编译函数体,176347,182245,1
function_488020,保留原反编译函数体,176593,182491,1
function_488040,保留原反编译函数体,176599,182497,1
function_488500,保留原反编译函数体,177152,183050,1
function_488550,保留原反编译函数体,177166,183064,1
function_488740,保留原反编译函数体,177361,183259,1
function_488770,保留原反编译函数体,177372,183270,1
function_488980,保留原反编译函数体,177551,183449,1
function_488bb0,保留原反编译函数体,177779,183677,1
function_488be0,保留原反编译函数体,177793,183691,1
function_488c90,已修改／替换的非空实现,177844,183742,1
function_489280,保留原反编译函数体,178668,184568,1
function_489310,保留原反编译函数体,178703,184603,1
function_489600,保留原反编译函数体,178982,184882,1
function_489710,保留原反编译函数体,179083,184983,1
function_4897d0,保留原反编译函数体,179121,185021,1
function_4897f0,保留原反编译函数体,179134,185034,1
function_489850,保留原反编译函数体,179173,185073,1
function_489910,保留原反编译函数体,179229,185129,1
function_489940,保留原反编译函数体,179240,185140,1
function_489a80,保留原反编译函数体,179423,185323,1
function_489b00,保留原反编译函数体,179441,185341,1
function_489c60,保留原反编译函数体,179601,185501,1
function_489de0,保留原反编译函数体,179931,185831,1
function_489e30,保留原反编译函数体,179941,185841,1
function_489e80,原版即为简单返回／空函数,179951,185851,1
function_489e90,保留原反编译函数体,179957,185857,1
function_489ef0,已修改／替换的非空实现,179976,185888,2
function_489f20,保留原反编译函数体,179989,185905,1
function_489f30,简化返回／占位候选，待核对,179998,185946,1
function_489f50,简化返回／占位候选，待核对,180020,185940,1
function_489fa0,已修改／替换的非空实现,180042,186051,1
function_48a0a0,已修改／替换的非空实现,180065,186091,11
function_48a170,已修改／替换的非空实现,180101,189633,1
function_492890,已修改／替换的非空实现,180139,199343,2
function_48a230,已修改／替换的非空实现,180152,189680,1
function_48a2d0,保留原反编译函数体,180194,189710,3
function_48a300,已修改／替换的非空实现,180205,189721,1
function_48a370,保留原反编译函数体,180243,189733,1
function_48a3e0,保留原反编译函数体,180281,189771,1
function_48a400,已修改／替换的非空实现,180289,189779,1
function_48a430,已修改／替换的非空实现,180301,189793,1
function_48a460,已修改／替换的非空实现,180312,189807,1
function_48a480,已修改／替换的非空实现,180318,189814,1
function_48a4f0,已修改／替换的非空实现,180343,189853,1
function_48a530,已修改／替换的非空实现,180363,189863,1
function_48a580,已修改／替换的非空实现,180384,189872,1
function_48a5c0,已修改／替换的非空实现,180404,189881,1
function_48a600,已修改／替换的非空实现,180424,189890,1
function_48a670,已修改／替换的非空实现,180457,189911,1
function_48a690,已修改／替换的非空实现,180463,189922,1
function_48a6b0,已修改／替换的非空实现,180469,189933,1
function_48a720,已修改／替换的非空实现,180489,189962,1
function_48a790,保留原反编译函数体,180517,189985,1
function_48a980,保留原反编译函数体,180632,190104,2
function_48a9e0,保留原反编译函数体,180656,190128,1
function_48aa20,原版即为简单返回／空函数,180668,104198,20
function_48aa30,已修改／替换的非空实现,180674,190146,1
function_48aa50,已修改／替换的非空实现,180680,190152,1
function_48aa60,原版即为简单返回／空函数,180686,190158,1
function_48aa80,已修改／替换的非空实现,180692,190164,1
function_48ab40,已修改／替换的非空实现,180734,123261,3
function_48ab90,已修改／替换的非空实现,180749,190216,1
function_48abe0,保留原反编译函数体,180773,190259,1
function_48ac00,已修改／替换的非空实现,180781,190267,1
function_48ac70,已修改／替换的非空实现,180803,190275,1
function_48acc0,原版即为简单返回／空函数,180834,190282,1
function_48ace0,已修改／替换的非空实现,180840,190288,5
function_48ada0,原版即为简单返回／空函数,180881,190402,1
function_48adb0,已修改／替换的非空实现,180887,190408,2
function_48af30,保留原反编译函数体,180980,190509,1
function_48afa0,保留原反编译函数体,181019,190548,1
function_48b050,已修改／替换的非空实现,181042,190571,1
function_48b160,原版即为简单返回／空函数,181048,190599,1
function_48b180,已修改／替换的非空实现,181054,190605,1
function_48b1a0,保留原反编译函数体,181060,190617,1
function_498a30,保留原反编译函数体,181072,190629,2
function_48b320,保留原反编译函数体,181131,190688,1
function_48b410,保留原反编译函数体,181191,190748,1
function_48b490,已修改／替换的非空实现,181213,104722,6
function_48b510,已修改／替换的非空实现,181235,190828,1
function_48b5a0,保留原反编译函数体,181265,190860,1
function_48b630,已修改／替换的非空实现,181299,190949,2
function_48b840,保留原反编译函数体,181403,190954,1
function_48b870,已修改／替换的非空实现,181417,190968,1
function_48b8b0,保留原反编译函数体,181427,190983,1
function_48b8d0,原版即为简单返回／空函数,181434,190990,1
function_48b8f0,已修改／替换的非空实现,181440,190996,1
function_48b900,原版即为简单返回／空函数,181446,191002,1
function_48b910,原版即为简单返回／空函数,181452,191008,1
function_48b920,保留原反编译函数体,181458,191014,1
function_48b980,保留原反编译函数体,181520,191098,1
function_48b9f0,保留原反编译函数体,181544,191122,1
function_48ba10,原版即为简单返回／空函数,181556,191134,1
function_48ba20,已修改／替换的非空实现,181564,191174,1
function_48bb10,已修改／替换的非空实现,181608,191218,2
function_48bb30,已修改／替换的非空实现,181615,191233,1
function_48bba0,简化返回／占位候选，待核对,181629,191247,1
function_48bc70,已修改／替换的非空实现,181660,191256,2
function_48bca0,已修改／替换的非空实现,181673,191273,1
function_48bd40,已修改／替换的非空实现,181700,191320,2
function_48bd60,已修改／替换的非空实现,181707,191358,1
function_48be40,已修改／替换的非空实现,181740,191376,2
function_48be70,已修改／替换的非空实现,181755,191396,2
function_48be80,已修改／替换的非空实现,181763,191461,2
function_48bec0,保留原反编译函数体,181770,191476,1
function_48bf50,已修改／替换的非空实现,181797,191504,2
function_48bfe0,已修改／替换的非空实现,181821,191520,1
function_48c080,未找到同名入口，待核对替代,181873,,0
function_48c170,保留原反编译函数体,181944,191629,1
function_48c1c0,已修改／替换的非空实现,181953,191638,1
function_48c1f0,已修改／替换的非空实现,181960,191645,1
function_48c2f0,已修改／替换的非空实现,182007,191692,1
function_48c350,已修改／替换的非空实现,182022,191721,2
function_48c400,已修改／替换的非空实现,182071,191771,1
function_48c580,保留原反编译函数体,182219,191802,1
function_48c620,保留原反编译函数体,182255,191838,2
function_48c690,保留原反编译函数体,182291,191874,2
function_48c700,保留原反编译函数体,182315,191898,3
function_48c780,已修改／替换的非空实现,182351,191934,1
function_48c7f0,保留原反编译函数体,182379,191961,1
function_48c840,已修改／替换的非空实现,182398,104742,7
function_48c890,保留原反编译函数体,182418,104330,21
function_48c910,已修改／替换的非空实现,182452,192045,1
function_48c950,已修改／替换的非空实现,182480,104999,2
function_48ca10,已修改／替换的非空实现,182513,192127,1
function_493cd0,已修改／替换的非空实现,182534,200652,1
function_48cb10,已修改／替换的非空实现,182570,192158,1
function_491880,原版即为简单返回／空函数,182580,192168,2
function_48cc70,已修改／替换的非空实现,182659,192251,1
function_48e520,已修改／替换的非空实现,182714,194031,1
function_48cd50,已修改／替换的非空实现,182724,192317,1
function_48ce70,已修改／替换的非空实现,182791,192418,4
function_48cfa0,已修改／替换的非空实现,182879,192533,1
function_48d0b0,保留原反编译函数体,182942,192555,2
function_48d0f0,保留原反编译函数体,182948,192561,1
function_48d1b0,保留原反编译函数体,183064,192677,1
function_48d220,已修改／替换的非空实现,183099,192712,1
function_48d310,保留原反编译函数体,183188,192801,1
function_48d390,已修改／替换的非空实现,183234,192874,1
function_48d430,保留原反编译函数体,183257,192897,1
function_48d450,保留原反编译函数体,183266,192906,1
function_48d4e0,已修改／替换的非空实现,183290,192930,1
function_48d550,已修改／替换的非空实现,183306,192946,1
function_48d5a0,已修改／替换的非空实现,183316,192956,1
function_48d620,保留原反编译函数体,183345,192985,2
function_48d6d0,保留原反编译函数体,183381,193021,1
function_48d720,已修改／替换的非空实现,183402,193050,2
function_48d770,已修改／替换的非空实现,183412,193065,1
function_48d7e0,已修改／替换的非空实现,183445,193100,1
function_48d850,已修改／替换的非空实现,183466,193121,1
function_48d940,已修改／替换的非空实现,183598,193208,1
function_48d9f0,保留原反编译函数体,183663,193213,1
function_48da60,已修改／替换的非空实现,183710,193260,1
function_48dac0,未找到同名入口，待核对替代,183728,,0
function_48db40,已修改／替换的非空实现,183763,193278,1
function_48dc10,已修改／替换的非空实现,183801,193307,1
function_48dd10,已修改／替换的非空实现,183853,193342,1
function_48dda0,已修改／替换的非空实现,183883,193347,1
function_49ab80,已修改／替换的非空实现,183897,193361,4
function_48de90,已修改／替换的非空实现,183914,193481,1
function_48e030,已修改／替换的非空实现,184015,193620,1
function_48e0e0,保留原反编译函数体,184052,193658,1
function_48e120,保留原反编译函数体,184067,193673,1
function_48e160,保留原反编译函数体,184087,193693,1
function_48e180,保留原反编译函数体,184109,193715,1
function_48e260,保留原反编译函数体,184155,193761,1
function_48e2e0,保留原反编译函数体,184195,193801,1
function_48e460,原版即为简单返回／空函数,184304,193910,1
function_48e480,已修改／替换的非空实现,184310,193916,1
function_48e4a0,已修改／替换的非空实现,184319,193952,2
function_48e4b0,保留原反编译函数体,184326,193967,1
function_48e4d0,保留原反编译函数体,184339,193980,1
function_48e4f0,已修改／替换的非空实现,184357,194016,2
function_48e580,已修改／替换的非空实现,184416,194078,1
function_48e600,已修改／替换的非空实现,184447,194110,1
function_48e640,已修改／替换的非空实现,184481,194157,1
function_48e680,已修改／替换的非空实现,184491,194164,10
function_48e6c0,保留原反编译函数体,184507,194170,1
function_48e6e0,保留原反编译函数体,184514,194177,2
function_48e730,保留原反编译函数体,184532,194195,1
function_48e800,已修改／替换的非空实现,184586,194249,4
function_48e9d0,保留原反编译函数体,184663,194335,1
function_48ee90,保留原反编译函数体,185106,194778,1
function_48ef10,保留原反编译函数体,185142,194814,1
function_48ef70,保留原反编译函数体,185168,194840,1
function_48eff0,保留原反编译函数体,185234,194906,1
function_48f040,保留原反编译函数体,185260,194932,1
function_48f050,保留原反编译函数体,185269,194941,1
function_48f1c0,保留原反编译函数体,185470,195142,1
function_48f240,保留原反编译函数体,185501,195173,1
function_48f280,已修改／替换的非空实现,185513,195185,1
function_48f300,保留原反编译函数体,185580,195202,1
function_48f380,已修改／替换的非空实现,185601,195541,2
function_48fac0,保留原反编译函数体,186312,196257,1
function_48fba0,保留原反编译函数体,186384,196329,1
function_48fc00,保留原反编译函数体,186429,196374,1
function_48fd00,保留原反编译函数体,186522,196467,1
function_48fd70,保留原反编译函数体,186569,196514,1
function_48fdf0,保留原反编译函数体,186632,196577,1
function_48fe70,已修改／替换的非空实现,186685,196653,2
function_48fed0,已修改／替换的非空实现,186729,196674,2
function_48ffd0,已修改／替换的非空实现,186877,196693,1
function_490040,已修改／替换的非空实现,186907,196729,1
function_4900d0,保留原反编译函数体,186926,196756,1
function_490280,保留原反编译函数体,187063,196893,1
function_490320,保留原反编译函数体,187088,196918,1
function_490370,已修改／替换的非空实现,187115,196945,4
function_490630,已修改／替换的非空实现,187359,196950,1
function_4908d0,保留原反编译函数体,187633,196955,1
function_4909e0,已修改／替换的非空实现,187727,197050,1
function_490b20,保留原反编译函数体,187798,197159,1
function_490b50,保留原反编译函数体,187821,197182,1
function_490b60,保留原反编译函数体,187830,197191,1
function_490c40,保留原反编译函数体,187916,197277,1
function_490c80,已修改／替换的非空实现,187933,197294,1
function_490d50,已修改／替换的非空实现,187995,197317,4
function_490d90,保留原反编译函数体,188027,197336,1
function_490fa0,保留原反编译函数体,188208,197517,1
function_490fc0,保留原反编译函数体,188222,197531,1
function_4910c0,已修改／替换的非空实现,188272,197589,2
function_4910e0,已修改／替换的非空实现,188279,197604,1
function_491150,已修改／替换的非空实现,188293,197678,2
function_491230,已修改／替换的非空实现,188329,197687,2
function_491260,已修改／替换的非空实现,188342,197709,1
function_4912e0,已修改／替换的非空实现,188387,197751,1
function_491340,保留原反编译函数体,188423,197773,1
function_491400,已修改／替换的非空实现,188468,197851,1
function_4914a0,已修改／替换的非空实现,188493,197960,1
function_491500,保留原反编译函数体,188550,197965,1
function_4915b0,已修改／替换的非空实现,188585,198000,3
function_4916a0,已修改／替换的非空实现,188643,198048,1
function_491760,已修改／替换的非空实现,188748,198153,1
function_4917b0,已修改／替换的非空实现,188785,198158,1
function_491820,已修改／替换的非空实现,188869,198163,1
function_491870,已修改／替换的非空实现,188904,198173,1
function_4918a0,已修改／替换的非空实现,188920,198187,1
function_4918b0,保留原反编译函数体,188927,198192,1
function_491910,已修改／替换的非空实现,188993,198313,2
function_4919b0,已修改／替换的非空实现,189033,198371,2
function_491a50,保留原反编译函数体,189072,198388,1
function_491bf0,保留原反编译函数体,189164,198480,1
function_491c10,保留原反编译函数体,189173,198489,1
function_491de0,保留原反编译函数体,189325,198641,1
function_491f30,保留原反编译函数体,189377,198693,1
function_491fe0,已修改／替换的非空实现,189396,198712,1
function_4920a0,已修改／替换的非空实现,189455,198848,1
function_497850,保留原反编译函数体,189664,199058,4
function_492370,已修改／替换的非空实现,189712,199106,1
function_492440,已修改／替换的非空实现,189761,199163,1
function_492640,已修改／替换的非空实现,189932,199228,1
function_4927b0,保留原反编译函数体,190001,199276,1
function_492a80,已修改／替换的非空实现,190155,199362,1
function_492c90,保留原反编译函数体,190271,199461,1
function_492d00,已修改／替换的非空实现,190296,199486,1
function_492dc0,已修改／替换的非空实现,190330,199501,1
function_492ed0,已修改／替换的非空实现,190383,199986,1
function_493310,已修改／替换的非空实现,190657,200247,1
function_493710,已修改／替换的非空实现,190899,200326,2
function_493a40,已修改／替换的非空实现,191129,200458,1
function_493e70,已修改／替换的非空实现,191387,200897,1
function_4940f0,保留原反编译函数体,191544,200904,1
function_494120,已修改／替换的非空实现,191557,200917,1
function_4944b0,已修改／替换的非空实现,191807,201409,1
function_494710,已修改／替换的非空实现,192064,201414,1
function_494770,已修改／替换的非空实现,192100,201427,1
function_4948a0,已修改／替换的非空实现,192168,201504,4
function_494990,已修改／替换的非空实现,192252,201677,1
function_494bf0,已修改／替换的非空实现,192418,201849,1
function_494da0,已修改／替换的非空实现,192533,201939,1
function_4950c0,已修改／替换的非空实现,192747,202162,1
function_495360,已修改／替换的非空实现,192990,203043,1
function_497680,已修改／替换的非空实现,195860,207887,1
function_497940,保留原反编译函数体,195989,207944,1
function_497990,已修改／替换的非空实现,196018,207975,2
function_497a00,已修改／替换的非空实现,196074,207994,3
function_497b10,已修改／替换的非空实现,196207,208019,2
function_497d30,保留原反编译函数体,196482,208038,1
function_497e30,已修改／替换的非空实现,196551,208109,2
function_497f10,已修改／替换的非空实现,196679,208131,2
function_497fd0,保留原反编译函数体,196780,208149,1
function_497ff0,保留原反编译函数体,196789,208158,1
function_498080,已修改／替换的非空实现,196822,208198,2
function_4980a0,已修改／替换的非空实现,196829,208218,2
function_4981e0,已修改／替换的非空实现,196961,208237,2
function_498200,已修改／替换的非空实现,196970,208254,2
function_4982f0,已修改／替换的非空实现,197033,208273,2
function_498320,已修改／替换的非空实现,197046,208292,2
function_498440,已修改／替换的非空实现,197182,208311,2
function_498580,已修改／替换的非空实现,197256,208326,1
function_498590,已修改／替换的非空实现,197262,208332,1
function_4985b0,已修改／替换的非空实现,197268,208345,1
function_4985d0,已修改／替换的非空实现,197275,208352,1
function_498690,保留原反编译函数体,197317,208370,1
function_4986b0,保留原反编译函数体,197342,208395,1
function_498730,保留原反编译函数体,197384,208437,1
function_498770,保留原反编译函数体,197400,208453,1
function_4987a0,保留原反编译函数体,197425,208529,1
function_4988e0,保留原反编译函数体,197469,208573,1
function_498b60,保留原反编译函数体,197603,208707,1
function_498c20,已修改／替换的非空实现,197676,208812,2
function_498c60,保留原反编译函数体,197691,208831,1
function_498d30,已修改／替换的非空实现,197759,209041,2
function_498da0,已修改／替换的非空实现,197855,209106,2
function_498e30,已修改／替换的非空实现,197881,209178,2
function_498e90,保留原反编译函数体,197919,209201,1
function_498f50,已修改／替换的非空实现,197996,209278,1
function_499080,已修改／替换的非空实现,198122,209329,1
function_499130,已修改／替换的非空实现,198152,209419,2
function_4992c0,简化返回／占位候选，待核对,198217,209457,1
function_499380,已修改／替换的非空实现,198246,209489,2
function_4993b0,已修改／替换的非空实现,198253,209546,1
function_49a000,已修改／替换的非空实现,198307,210125,1
function_499610,保留原反编译函数体,198364,209666,1
function_4996c0,已修改／替换的非空实现,198401,209704,2
function_4996f0,已修改／替换的非空实现,198414,209723,1
function_499800,已修改／替换的非空实现,198469,209751,1
function_499940,已修改／替换的非空实现,198549,209498,2
function_499970,已修改／替换的非空实现,198562,209815,2
function_499a20,已修改／替换的非空实现,198612,209851,1
function_499b00,已修改／替换的非空实现,198658,209880,1
function_499b50,已修改／替换的非空实现,198692,209892,1
function_499ca0,已修改／替换的非空实现,198738,209947,1
function_499d30,已修改／替换的非空实现,198759,209990,1
function_499df0,已修改／替换的非空实现,198790,210015,1
function_499f80,已修改／替换的非空实现,198976,210086,1
function_499fd0,保留原反编译函数体,199004,210111,1
function_49a0c0,保留原反编译函数体,199046,210153,1
function_49a140,保留原反编译函数体,199116,210223,1
function_49a170,保留原反编译函数体,199132,210239,1
function_49a1b0,已修改／替换的非空实现,199156,210263,1
function_49a220,保留原反编译函数体,199185,210317,1
function_49a280,保留原反编译函数体,199265,210414,1
function_49a2a0,保留原反编译函数体,199272,210421,1
function_49a2e0,保留原反编译函数体,199314,210463,1
function_49a360,保留原反编译函数体,199345,210494,1
function_49a3e0,保留原反编译函数体,199391,210556,1
function_49a400,保留原反编译函数体,199400,210565,1
function_49a430,保留原反编译函数体,199411,210576,1
function_49a4b0,保留原反编译函数体,199475,210640,1
function_49a520,已修改／替换的非空实现,199523,211173,1
function_49a670,保留原反编译函数体,199576,211182,1
function_49a680,保留原反编译函数体,199584,211190,1
function_49a790,保留原反编译函数体,199713,211319,1
function_49a8c0,保留原反编译函数体,199837,211443,1
function_49a8e0,已修改／替换的非空实现,199846,211452,1
function_49aa40,保留原反编译函数体,200063,211671,1
function_49aaa0,保留原反编译函数体,200090,211698,1
function_49ad60,已修改／替换的非空实现,200313,212061,1
function_49af80,已修改／替换的非空实现,200458,212362,1
function_49c350,未找到同名入口，待核对替代,201361,,0
function_49c9e0,保留原反编译函数体,201757,213663,1
function_49ca00,保留原反编译函数体,201768,213674,1
function_49cb20,保留原反编译函数体,201831,213737,1
function_49cb60,已修改／替换的非空实现,201837,213743,1
function_49cbb0,保留原反编译函数体,201878,213779,1
function_49cc80,保留原反编译函数体,201952,213853,1
function_49cce0,保留原反编译函数体,201962,213863,1
function_49cdf0,保留原反编译函数体,201982,213883,1
function_49ce50,保留原反编译函数体,201994,213895,1
function_49cf80,保留原反编译函数体,202202,214103,1
function_49d110,保留原反编译函数体,202298,214199,5
function_49d190,保留原反编译函数体,202354,214255,1
function_49d230,保留原反编译函数体,202391,214292,1
function_49d450,保留原反编译函数体,202613,214514,1
function_49d600,保留原反编译函数体,202680,214581,1
function_49d680,保留原反编译函数体,202696,214597,1
function_49d6c0,保留原反编译函数体,202736,214637,1
function_49d700,保留原反编译函数体,202776,214677,1
function_49d790,已修改／替换的非空实现,202806,214707,1
function_49d8a0,保留原反编译函数体,202844,214750,1
function_49d970,保留原反编译函数体,202896,214802,1
function_49da60,已修改／替换的非空实现,202928,214834,1
function_49ddd0,保留原反编译函数体,203253,215159,1
function_49e080,保留原反编译函数体,203271,215177,1
function_49e290,保留原反编译函数体,203376,215282,1
function_49e300,保留原反编译函数体,203389,215295,1
function_49e3f0,保留原反编译函数体,203457,215363,1
function_4a4b30,保留原反编译函数体,203820,215726,3
function_4a46d0,保留原反编译函数体,203858,215764,2
function_49ec10,保留原反编译函数体,203974,215880,1
function_49ef30,保留原反编译函数体,204249,216155,1
function_49f060,保留原反编译函数体,204348,216254,1
function_49f0e0,保留原反编译函数体,204384,216290,1
function_49f200,保留原反编译函数体,204464,216370,1
function_49f4f0,保留原反编译函数体,204601,216507,1
function_49f560,保留原反编译函数体,204642,216548,1
function_49f5d0,保留原反编译函数体,204683,216589,1
function_49f640,保留原反编译函数体,204724,216630,1
function_49f7e0,保留原反编译函数体,204833,216739,1
function_49f8d0,保留原反编译函数体,204881,216787,1
function_49fbb0,保留原反编译函数体,205087,216993,1
function_49fc80,保留原反编译函数体,205167,217073,1
function_49ffe0,保留原反编译函数体,205348,217254,1
function_4a0030,保留原反编译函数体,205374,217280,1
function_4a01f0,保留原反编译函数体,205562,217468,1
function_4a0410,保留原反编译函数体,205703,217609,1
function_4a0620,保留原反编译函数体,205841,217747,1
function_4a0a00,保留原反编译函数体,206172,218078,1
function_4a0c80,已修改／替换的非空实现,206388,218294,1
function_4a1230,已修改／替换的非空实现,206722,218628,1
function_4a15b0,已修改／替换的非空实现,206910,218825,1
function_4a16a0,已修改／替换的非空实现,206933,218878,3
function_4a1760,原版即为简单返回／空函数,206995,218885,1
function_4a1770,保留原反编译函数体,207001,218891,1
function_4a1790,保留原反编译函数体,207009,218899,1
function_4a17b0,保留原反编译函数体,207016,218906,1
function_4a17d0,保留原反编译函数体,207023,218913,1
function_4a1810,保留原反编译函数体,207035,218925,1
function_4a1850,保留原反编译函数体,207047,218937,1
function_4a1870,保留原反编译函数体,207054,218944,1
function_4a1890,保留原反编译函数体,207061,218951,1
function_4a18c0,已修改／替换的非空实现,207068,218958,1
function_4a1a00,保留原反编译函数体,207157,219001,1
function_4a1a40,已修改／替换的非空实现,207168,219143,1
function_4a1b40,保留原反编译函数体,207236,219149,1
function_4a1b90,保留原反编译函数体,207244,219157,1
function_4a1c10,保留原反编译函数体,207261,219174,1
function_4a1c60,原版即为简单返回／空函数,207270,219183,1
function_4a1c70,保留原反编译函数体,207276,219189,1
function_4a1d20,已修改／替换的非空实现,207295,219208,1
function_4a1e20,已修改／替换的非空实现,207414,219260,1
function_4a1eb0,已修改／替换的非空实现,207430,219390,1
function_4a2120,已修改／替换的非空实现,207531,219395,1
function_4a2360,保留原反编译函数体,207643,219400,1
function_4a2380,保留原反编译函数体,207650,219407,1
function_4a23a0,原版即为简单返回／空函数,207657,219414,1
function_4a23c0,保留原反编译函数体,207663,219420,1
function_4a2480,保留原反编译函数体,207694,219451,1
function_4a24a0,保留原反编译函数体,207700,219457,1
function_4a24e0,原版即为简单返回／空函数,207713,219470,1
function_4a2500,保留原反编译函数体,207719,219476,1
function_4a2520,原版即为简单返回／空函数,207725,219482,1
function_4a2540,保留原反编译函数体,207731,219488,1
function_4a2580,原版即为简单返回／空函数,207740,219497,1
function_4a25a0,已修改／替换的非空实现,207746,219503,1
function_4a25c0,已修改／替换的非空实现,207752,219508,3
function_4a2670,已修改／替换的非空实现,207778,219530,1
function_4a27d0,保留原反编译函数体,207822,219596,1
function_4a2890,保留原反编译函数体,207851,219625,1
function_4a2990,保留原反编译函数体,207901,219675,1
function_4a2a90,已修改／替换的非空实现,207951,219725,1
function_4a2ac0,已修改／替换的非空实现,207958,219731,1
function_4a2af0,保留原反编译函数体,207965,219737,1
function_4a2b10,保留原反编译函数体,207971,219743,1
function_4a2c80,保留原反编译函数体,208025,219797,1
function_4a2df0,保留原反编译函数体,208115,219887,1
function_4a2fa0,保留原反编译函数体,208198,219970,1
function_4a3030,保留原反编译函数体,208224,219996,1
function_4a3050,保留原反编译函数体,208230,220002,1
function_4a3070,保留原反编译函数体,208236,220008,1
function_4a3090,保留原反编译函数体,208242,220014,1
function_4a30b0,保留原反编译函数体,208248,220020,1
function_4a30d0,已修改／替换的非空实现,208254,220026,1
function_4a3120,已修改／替换的非空实现,208267,220033,1
function_4a3530,已修改／替换的非空实现,208676,220086,1
function_4a35a0,保留原反编译函数体,208694,220106,1
function_4a3610,原版即为简单返回／空函数,208731,220143,1
function_4a3630,原版即为简单返回／空函数,208737,220149,1
function_4a3650,保留原反编译函数体,208743,220155,1
function_4a36d0,已修改／替换的非空实现,208769,220181,1
function_4a3840,已修改／替换的非空实现,208851,220186,1
function_4a3a50,已修改／替换的非空实现,208986,220265,1
function_4a41a0,已修改／替换的非空实现,209448,220727,1
function_4a4300,已修改／替换的非空实现,209526,220805,1
function_4a4450,已修改／替换的非空实现,209603,220883,1
function_4a4520,已修改／替换的非空实现,209645,220912,1
function_4a4540,已修改／替换的非空实现,209652,220918,1
function_4a47e0,已修改／替换的非空实现,209772,221006,1
function_4a48c0,已修改／替换的非空实现,209799,221031,1
function_4a49c0,保留原反编译函数体,209840,221059,1
function_4a49e0,保留原反编译函数体,209852,221071,1
function_4a4a40,已修改／替换的非空实现,209862,221081,1
function_4a4a80,已修改／替换的非空实现,209875,221096,1
function_4a4af0,已修改／替换的非空实现,209911,221134,1
function_4a4b00,已修改／替换的非空实现,209919,221144,1
function_4a4b80,已修改／替换的非空实现,209969,221198,1
function_4a4bc0,已修改／替换的非空实现,209996,221227,1
function_4a5030,已修改／替换的非空实现,210369,221602,1
function_4a5070,已修改／替换的非空实现,210380,221630,1
function_4a50d0,已修改／替换的非空实现,210446,221657,1
function_4a51b0,已修改／替换的非空实现,210490,221696,1
function_4a5270,已修改／替换的非空实现,210567,221723,1
function_4a5320,已修改／替换的非空实现,210598,221759,1
function_4a5390,已修改／替换的非空实现,210626,221796,1
function_4a55f0,已修改／替换的非空实现,210751,221846,1
function_4a5680,保留原反编译函数体,210781,221871,1
function_4a56d0,保留原反编译函数体,210797,221887,1
function_4a57b0,已修改／替换的非空实现,210833,222056,1
function_4a58b0,已修改／替换的非空实现,210966,222162,1
function_4a5960,保留原反编译函数体,210996,222167,1
function_4a5ba0,已修改／替换的非空实现,211157,222350,1
function_4a5c30,保留原反编译函数体,211188,222356,1
function_4a5eb0,已修改／替换的非空实现,211468,222721,1
function_4a5fa0,已修改／替换的非空实现,211518,222873,1
function_4a6200,已修改／替换的非空实现,211624,222929,1
function_4a6270,已修改／替换的非空实现,211655,222934,1
function_4a6290,已修改／替换的非空实现,211662,222944,1
function_4a62d0,保留原反编译函数体,211677,222963,1
function_4a6470,已修改／替换的非空实现,211758,223044,1
function_4a64e0,已修改／替换的非空实现,211816,223104,1
function_4a65e0,保留原反编译函数体,211849,223139,1
function_4a6650,保留原反编译函数体,211919,223209,1
function_4a6680,原版即为简单返回／空函数,211951,223241,4
function_4a66a0,保留原反编译函数体,211957,223247,1
function_4a66e0,原版即为简单返回／空函数,212005,223295,1
function_4a6700,保留原反编译函数体,212011,223301,1
function_4a6720,已修改／替换的非空实现,212023,223313,1
function_4a6730,已修改／替换的非空实现,212033,223325,1
function_4a67a0,已修改／替换的非空实现,212048,223344,1
function_4a7b10,已修改／替换的非空实现,212955,224255,1
function_4a7b70,已修改／替换的非空实现,212982,224285,1
function_4a8060,已修改／替换的非空实现,213372,224680,1
function_4a8470,已修改／替换的非空实现,213805,225124,1
function_4a8540,已修改／替换的非空实现,213882,225204,1
function_4a8c50,已修改／替换的非空实现,214329,225653,1
function_4a8c90,已修改／替换的非空实现,214348,225668,1
function_4a8cc0,已修改／替换的非空实现,214356,225681,1
function_4a8d60,未找到同名入口，待核对替代,214382,,0
function_4a8db0,已修改／替换的非空实现,214404,225725,1
function_4a8ea0,已修改／替换的非空实现,214476,225794,1
function_4a8f90,已修改／替换的非空实现,214515,225833,1
function_4a90c0,已修改／替换的非空实现,214561,225879,1
function_4a91c0,已修改／替换的非空实现,214597,225885,1
function_4a9250,已修改／替换的非空实现,214609,225897,1
function_4a92e0,已修改／替换的非空实现,214621,225910,1
function_4a9370,已修改／替换的非空实现,214633,225916,1
function_4a9490,保留原反编译函数体,214721,226004,1
function_4a9500,已修改／替换的非空实现,214745,226036,1
function_4a9540,保留原反编译函数体,214759,226054,1
function_4a9570,已修改／替换的非空实现,214771,226093,1
function_4a95c0,保留原反编译函数体,214795,226098,1
function_4a9600,保留原反编译函数体,214807,226110,1
function_4a9660,已修改／替换的非空实现,214825,226128,1
function_4a96c0,保留原反编译函数体,214838,226145,1
function_4a9730,保留原反编译函数体,214871,226178,1
function_4a97b0,已修改／替换的非空实现,214884,226191,1
function_4a9840,保留原反编译函数体,214900,226221,1
function_4a98d0,保留原反编译函数体,214915,226236,1
function_4a9950,已修改／替换的非空实现,214928,226249,1
function_4a99f0,简化返回／占位候选，待核对,214945,226284,1
function_4a9a40,已修改／替换的非空实现,214965,226315,1
function_4a9ac0,已修改／替换的非空实现,214983,226340,1
function_4a9b40,已修改／替换的非空实现,215001,226365,1
function_4a9bb0,保留原反编译函数体,215018,226388,1
function_4a9c10,保留原反编译函数体,215033,226403,1
function_4a9d30,保留原反编译函数体,215078,226448,1
function_4a9d50,原版即为简单返回／空函数,215085,226480,1
function_4a9d70,简化返回／占位候选，待核对,215093,226488,1
function_4a9dc0,保留原反编译函数体,215118,226529,1
function_4a9e30,已修改／替换的非空实现,215133,226544,1
function_4a9f60,已修改／替换的非空实现,215186,226549,1
function_4aa000,保留原反编译函数体,215211,226574,1
function_4aa110,已修改／替换的非空实现,215248,226678,2
function_4aa210,已修改／替换的非空实现,215288,226716,1
function_4aa2d0,保留原反编译函数体,215315,226724,1
function_4aa3a0,已修改／替换的非空实现,215341,226750,1
function_4aa470,保留原反编译函数体,215366,226775,1
function_4aa490,已修改／替换的非空实现,215374,226783,1
function_4aa4b0,保留原反编译函数体,215382,226795,1
function_4aa4d0,保留原反编译函数体,215390,226803,1
function_4aa4f0,保留原反编译函数体,215398,226811,1
function_4aa540,已修改／替换的非空实现,215429,188165,2
function_4aa5e0,已修改／替换的非空实现,215457,226873,1
function_4aa750,保留原反编译函数体,215525,226916,1
function_4aa970,保留原反编译函数体,215625,227016,1
function_4ab170,原版即为简单返回／空函数,215747,227138,2
function_4aab60,已修改／替换的非空实现,215822,227501,1
function_4aabd0,已修改／替换的非空实现,215839,227521,1
function_4aac40,保留原反编译函数体,215856,227545,1
function_4aaf30,已修改／替换的非空实现,216142,227831,1
function_4aafa0,已修改／替换的非空实现,216159,227849,1
function_4ab010,原版即为简单返回／空函数,216180,227871,1
function_4ab020,已修改／替换的非空实现,216186,227877,1
function_4ab302,保留原反编译函数体,216311,228001,1
function_4ab330,保留原反编译函数体,216318,228008,1
function_4ab3e4,保留原反编译函数体,216325,228015,1
function_4ab4a9,保留原反编译函数体,216341,228031,1
function_4ab701,原版即为简单返回／空函数,216355,228045,1
function_4ab704,保留原反编译函数体,216361,228051,1
function_4ab92d,保留原反编译函数体,216380,228070,1
function_4ab9d0,保留原反编译函数体,216435,228125,1
function_4ab9d9,保留原反编译函数体,216442,228132,1
function_4abc67,原版即为简单返回／空函数,216449,228139,1
function_4abca1,保留原反编译函数体,216457,228147,1
function_4ac8b2,保留原反编译函数体,216476,228166,1
function_4ac9e3,原版即为简单返回／空函数,216483,228173,1
function_4ac9e5,保留原反编译函数体,216489,228179,1
function_4aca13,保留原反编译函数体,216499,228189,1
function_4aca90,原版即为简单返回／空函数,216514,228204,1
function_4aca9a,原版即为简单返回／空函数,216520,228210,1
function_4ad000,保留原反编译函数体,216561,228251,1
function_4ad02e,原版即为简单返回／空函数,216577,228267,1
function_4ad16b,保留原反编译函数体,216583,228273,1
function_4ad2c0,保留原反编译函数体,216590,228280,1
function_4ad562,原版即为简单返回／空函数,216597,228287,1
function_4ad624,保留原反编译函数体,216603,228293,1
function_4ad7f2,保留原反编译函数体,216730,228420,1
function_4ad8af,保留原反编译函数体,216746,228436,1
function_4ade56,保留原反编译函数体,216795,228485,1
function_4adf39,保留原反编译函数体,216802,228492,1
function_4ae181,保留原反编译函数体,216809,228499,1
function_4ae2a4,保留原反编译函数体,216816,228506,1
function_4ae55b,保留原反编译函数体,216823,228513,1
function_4ae565,保留原反编译函数体,216830,228520,1
function_4ae567,保留原反编译函数体,216837,228527,1
function_4aecbb,保留原反编译函数体,216856,228546,1
function_4aecca,原版即为简单返回／空函数,216869,228559,1
function_4aece1,保留原反编译函数体,216875,228565,1
function_4aecf7,保留原反编译函数体,216882,228572,1
function_4aed07,保留原反编译函数体,216896,228586,1
function_4aed16,保留原反编译函数体,216910,228600,1
function_4aee9f,保留原反编译函数体,216917,228607,1
function_4aef60,原版即为简单返回／空函数,216991,228681,1
function_4aef74,保留原反编译函数体,216997,228687,1
function_4af0cd,保留原反编译函数体,217010,228700,1
function_4af0e0,保留原反编译函数体,217017,228707,2
function_4af520,保留原反编译函数体,217060,228750,1
function_4afd36,保留原反编译函数体,217155,228845,1
function_4aff32,保留原反编译函数体,217162,228852,1
function_4aff46,保留原反编译函数体,217170,228860,1
function_4b005d,原版即为简单返回／空函数,217179,228869,1
function_4b0548,原版即为简单返回／空函数,217192,228882,1
function_4b07d6,保留原反编译函数体,217212,228902,1
function_4b0978,保留原反编译函数体,217220,228910,1
function_4b0a1a,保留原反编译函数体,217234,228924,1
function_4b0b09,保留原反编译函数体,217241,228931,1
function_4b0bba,原版即为简单返回／空函数,217249,228939,1
function_4b0bc3,保留原反编译函数体,217255,228945,1
function_4b0c29,保留原反编译函数体,217299,228989,1
function_4b0c45,保留原反编译函数体,217309,228999,1
function_4b0c50,保留原反编译函数体,217318,229008,1
function_4b0eca,原版即为简单返回／空函数,217345,229035,1
function_4b15e9,原版即为简单返回／空函数,217363,229053,1
function_4b15f2,原版即为简单返回／空函数,217369,229059,1
function_4b17a8,原版即为简单返回／空函数,217375,229065,1
function_4b17b4,原版即为简单返回／空函数,217381,229071,1
function_4b26a3,原版即为简单返回／空函数,217387,229077,1
function_4b26ad,原版即为简单返回／空函数,217393,229083,1
function_4b26b4,保留原反编译函数体,217399,229089,1
function_4b26bb,保留原反编译函数体,217406,229096,1
function_4b26c2,保留原反编译函数体,217413,229103,1
function_4b26ed,保留原反编译函数体,217428,229118,1
function_4b2717,保留原反编译函数体,217437,229127,1
function_4b2756,保留原反编译函数体,217454,229144,1
function_4b2758,保留原反编译函数体,217461,229151,1
function_4b275d,保留原反编译函数体,217468,229158,1
function_4b2769,保留原反编译函数体,217475,229165,1
function_4b2773,保留原反编译函数体,217483,229173,1
function_4b28b5,保留原反编译函数体,217497,229187,1
function_4b41ca,已修改／替换的非空实现,217511,229201,1
function_4b4aa0,保留原反编译函数体,217518,229208,1
function_4b4aa9,保留原反编译函数体,217525,229215,1
function_4b4ab2,原版即为简单返回／空函数,217532,229222,1
function_4b4acb,保留原反编译函数体,217538,229228,1
function_4b4adc,保留原反编译函数体,217547,229237,1
function_4b4b0c,保留原反编译函数体,217562,229252,1
function_4b4b15,保留原反编译函数体,217569,229259,1
function_4b4b31,原版即为简单返回／空函数,217576,229266,1
function_4b4b38,保留原反编译函数体,217582,229272,1
function_4b4c0c,保留原反编译函数体,217589,229279,1
function_4b4c13,保留原反编译函数体,217598,229288,1
function_4b5d4f,原版即为简单返回／空函数,217796,229486,1
function_4b611e,原版即为简单返回／空函数,217802,229492,1
function_4b6127,保留原反编译函数体,217808,229498,1
function_4b64a2,原版即为简单返回／空函数,217815,229505,1
function_4b71fc,原版即为简单返回／空函数,217821,229511,1
function_4b7208,原版即为简单返回／空函数,217827,229517,1
function_4b7dea,原版即为简单返回／空函数,217833,229523,1
function_4b7df6,原版即为简单返回／空函数,217839,229529,1
function_4b7dff,保留原反编译函数体,217845,229535,1
function_4b7e01,保留原反编译函数体,217852,229542,1
function_4b7e27,保留原反编译函数体,217860,229550,1
function_4b8c20,保留原反编译函数体,218552,230242,1
function_4b8db1,原版即为简单返回／空函数,218561,230251,2
function_4b8c88,保留原反编译函数体,218570,230260,1
function_4b8c9a,保留原反编译函数体,218578,230268,1
function_4b8cb4,保留原反编译函数体,218587,230277,1
function_4b8cc4,保留原反编译函数体,218595,230285,1
function_4b8d20,保留原反编译函数体,218607,230297,1
function_4b8d4f,保留原反编译函数体,218623,230313,1
function_4b8d61,保留原反编译函数体,218631,230321,1
function_4b8d6e,保留原反编译函数体,218638,230328,1
function_4b8de5,保留原反编译函数体,218689,230379,1
function_4b923b,原版即为简单返回／空函数,218835,230525,1
function_4b9403,保留原反编译函数体,218841,230531,1
function_4b9589,保留原反编译函数体,218848,230538,1
function_4b9714,保留原反编译函数体,218855,230545,1
function_4b9743,原版即为简单返回／空函数,218863,230553,1
function_4b9795,保留原反编译函数体,218869,230559,1
function_4b9f6f,保留原反编译函数体,218882,230572,1
function_4ba421,原版即为简单返回／空函数,218901,230591,1
function_4ba523,原版即为简单返回／空函数,218907,230597,1
function_4ba52c,保留原反编译函数体,218913,230603,1
function_4ba5e1,原版即为简单返回／空函数,218925,230615,1
function_4badb3,保留原反编译函数体,218931,230621,1
function_4bb17c,原版即为简单返回／空函数,218938,230628,1
function_4bb266,保留原反编译函数体,218944,230634,1
function_4bb518,原版即为简单返回／空函数,218951,230641,1
function_4bb71d,保留原反编译函数体,218963,230653,1
function_4bb72c,保留原反编译函数体,218976,230666,1
function_4bb730,保留原反编译函数体,218983,230673,1
function_4bbf40,保留原反编译函数体,219241,230931,1
function_4bbf75,保留原反编译函数体,219255,230945,1
function_4bbf90,保留原反编译函数体,219263,230953,1
function_4bc177,保留原反编译函数体,219271,230961,1
function_4bcadf,保留原反编译函数体,219286,230976,1
function_4bcae6,保留原反编译函数体,219293,230983,1
function_4bcd8c,保留原反编译函数体,219300,230990,1
function_4c1f83,原版即为简单返回／空函数,219313,231003,1
function_4c205d,保留原反编译函数体,219319,231009,1
function_4c2086,原版即为简单返回／空函数,219326,231016,1
function_4c29d8,保留原反编译函数体,219332,231022,1
function_4c3cd4,保留原反编译函数体,219359,231049,1
function_4c3d09,保留原反编译函数体,219368,231058,1
function_4c3d28,保留原反编译函数体,219385,231075,1
function_4c3d2c,保留原反编译函数体,219394,231084,1
function_4c3d30,原版即为简单返回／空函数,219401,231091,1
function_4c3ee0,原版即为简单返回／空函数,219407,231097,1
function_4c427a,保留原反编译函数体,219413,231103,1
function_4c4283,保留原反编译函数体,219420,231110,1
function_4c47f4,原版即为简单返回／空函数,219427,231117,1
function_4c4a04,原版即为简单返回／空函数,219433,231123,1
function_4c4b00,原版即为简单返回／空函数,219439,231129,1
function_4c4b10,原版即为简单返回／空函数,219445,231135,1
function_4c4b20,原版即为简单返回／空函数,219451,231141,1
function_4c4b30,原版即为简单返回／空函数,219457,231147,1
function_4c4c50,保留原反编译函数体,219485,231175,1
function_4c4c80,保留原反编译函数体,219495,231185,1
function_4c4cf0,保留原反编译函数体,219513,231203,1
function_4c4d40,保留原反编译函数体,219542,231232,1
function_4c4df0,保留原反编译函数体,219602,231292,1
function_4c4e20,保留原反编译函数体,219618,231308,1
function_4c4e70,保留原反编译函数体,219636,231326,1
function_4c4e90,保留原反编译函数体,219646,231336,1
function_4c4ec0,保留原反编译函数体,219663,231353,1
function_4c4f40,保留原反编译函数体,219700,231390,1
function_4c4f60,保留原反编译函数体,219713,231403,1
function_4c50b0,保留原反编译函数体,219813,231503,1
function_4c53a0,保留原反编译函数体,220025,231715,1
function_4c53c0,保留原反编译函数体,220036,231726,1
function_4c5410,保留原反编译函数体,220055,231745,1
function_4c5430,原版即为简单返回／空函数,220063,231753,1
function_4c5450,保留原反编译函数体,220069,231759,1
function_4c5580,原版即为简单返回／空函数,220155,231845,1
function_4c55a0,保留原反编译函数体,220161,231851,1
function_4c55e0,保留原反编译函数体,220183,231873,1
function_4c56e0,保留原反编译函数体,220243,231933,1
function_4c5700,保留原反编译函数体,220255,231945,1
function_4c5730,保留原反编译函数体,220267,231957,1
function_4c5760,保留原反编译函数体,220280,231970,1
function_4c5810,保留原反编译函数体,220321,232011,1
function_4c5910,保留原反编译函数体,220398,232088,1
function_4c5930,已修改／替换的非空实现,220404,232097,1
function_4c5bc0,已修改／替换的非空实现,220721,232151,1
function_4c5c40,已修改／替换的非空实现,220739,232165,1
function_4c5c80,已修改／替换的非空实现,220745,232174,1
function_4c5cb0,保留原反编译函数体,220753,232181,1
function_4c5e30,保留原反编译函数体,220884,232312,1
function_4c60fc,保留原反编译函数体,221026,232454,1
function_4c6160,保留原反编译函数体,221081,232509,1
function_4c6190,保留原反编译函数体,221121,232549,1
function_4c61f0,保留原反编译函数体,221134,232562,1
function_4c6230,保留原反编译函数体,221144,232572,1
function_4c6280,保留原反编译函数体,221157,232585,1
function_4c6340,保留原反编译函数体,221205,232633,1
function_4c6360,保留原反编译函数体,221212,232640,1
function_4c63d0,已修改／替换的非空实现,221229,232673,1
function_4c6430,已修改／替换的非空实现,221242,232681,1
function_4c64d0,已修改／替换的非空实现,221267,232706,1
function_4c65b0,保留原反编译函数体,221328,232754,1
function_4c65f0,保留原反编译函数体,221336,232762,1
function_4c6650,保留原反编译函数体,221353,232779,1
function_4c6670,已修改／替换的非空实现,221360,232787,1
function_4c6780,保留原反编译函数体,221495,232797,1
function_4c67d0,保留原反编译函数体,221508,232810,1
function_4c67f0,保留原反编译函数体,221515,232817,1
function_4c6820,已修改／替换的非空实现,221525,232835,1
function_4c6860,已修改／替换的非空实现,221536,232843,1
function_4c68a0,已修改／替换的非空实现,221545,232852,1
function_4c68e0,已修改／替换的非空实现,221556,232866,1
function_4c6920,已修改／替换的非空实现,221567,232880,1
function_4c6960,已修改／替换的非空实现,221578,232888,1
function_4c69a0,已修改／替换的非空实现,221589,232896,1
function_4c69e0,已修改／替换的非空实现,221600,232904,1
function_4c6a20,已修改／替换的非空实现,221611,232912,1
function_4c6a60,已修改／替换的非空实现,221622,232920,1
function_4c6aa0,已修改／替换的非空实现,221633,232928,1
function_4c6af0,已修改／替换的非空实现,221646,232937,1
function_4c6b40,已修改／替换的非空实现,221659,232946,1
function_4c6b90,已修改／替换的非空实现,221668,232955,1
function_4c6be0,已修改／替换的非空实现,221677,232964,1
function_4c6c20,已修改／替换的非空实现,221688,232972,1
function_4c6d00,保留原反编译函数体,221791,232984,2
function_4c6d80,保留原反编译函数体,221825,233018,1
function_4c6df0,保留原反编译函数体,221843,233036,1
function_4c6e20,保留原反编译函数体,221853,233046,1
function_4c6e40,保留原反编译函数体,221863,233056,1
function_4c6ec0,保留原反编译函数体,221894,233087,1
function_4c6f40,保留原反编译函数体,221925,233118,1
function_4c6fe0,保留原反编译函数体,221947,233140,1
function_4c7070,保留原反编译函数体,221966,233159,1
function_4c7130,保留原反编译函数体,221996,233189,1
function_4c7150,保留原反编译函数体,222003,233196,1
function_4c7180,保留原反编译函数体,222013,233206,1
function_4c71b0,保留原反编译函数体,222022,233215,1
function_4c71f0,保留原反编译函数体,222033,233226,1
function_4c7230,保留原反编译函数体,222043,233236,1
function_4c7270,保留原反编译函数体,222054,233247,2
function_4c72b0,保留原反编译函数体,222067,233260,1
function_4c72f0,保留原反编译函数体,222079,233272,1
function_4c73a0,已修改／替换的非空实现,222104,233297,1
function_4c73d0,保留原反编译函数体,222112,233306,1
function_4c7430,保留原反编译函数体,222151,233345,1
function_4c7440,保留原反编译函数体,222160,233354,1
function_4c7450,保留原反编译函数体,222170,233364,1
function_4c7490,保留原反编译函数体,222186,233380,1
function_4c74f0,保留原反编译函数体,222222,233416,1
function_4c7540,保留原反编译函数体,222246,233440,1
function_4c7620,原版即为简单返回／空函数,222301,233495,1
function_4c7630,原版即为简单返回／空函数,222307,233501,1
function_4c7640,原版即为简单返回／空函数,222313,233507,1
function_4c7650,保留原反编译函数体,222319,233513,1
function_4c76b0,原版即为简单返回／空函数,222339,233533,1
function_4c76c0,原版即为简单返回／空函数,222345,233539,1
function_4c76d0,原版即为简单返回／空函数,222351,233545,1
function_4c76e0,保留原反编译函数体,222357,233551,1
function_4c7700,原版即为简单返回／空函数,222364,233558,1
function_4c7720,保留原反编译函数体,222370,233564,1
function_4c77c0,保留原反编译函数体,222402,233596,1
function_4c77f0,保留原反编译函数体,222414,233608,1
function_4c7880,保留原反编译函数体,222467,233661,1
function_4c78b0,保留原反编译函数体,222480,233674,1
function_4c78f0,保留原反编译函数体,222492,233686,1
function_4c7920,原版即为简单返回／空函数,222498,233692,1
function_4c7940,保留原反编译函数体,222504,233698,2
function_4c7aa0,保留原反编译函数体,222576,233770,1
function_4c7b10,保留原反编译函数体,222596,233790,1
function_4c7b80,保留原反编译函数体,222608,233802,1
function_4c7be0,保留原反编译函数体,222622,233816,1
function_4c7c20,保留原反编译函数体,222631,233825,1
function_4c7c90,已修改／替换的非空实现,222646,233840,1
function_4c7d50,保留原反编译函数体,222668,233875,1
function_4c7d70,保留原反编译函数体,222677,233884,1
function_4c7d90,保留原反编译函数体,222686,233893,1
function_4c7da0,保留原反编译函数体,222695,233902,1
function_4c7db0,保留原反编译函数体,222704,233911,1
function_4c7df0,保留原反编译函数体,222713,233920,1
function_4c7e10,保留原反编译函数体,222722,233929,1
function_4c7e20,保留原反编译函数体,222731,233938,1
function_4c7e40,保留原反编译函数体,222740,233947,1
function_4c7e90,保留原反编译函数体,222764,233971,1
function_4c7fc0,保留原反编译函数体,222847,234054,1
function_4c8030,已修改／替换的非空实现,222880,234087,1
function_4c8070,保留原反编译函数体,222924,234126,1
function_4c8110,保留原反编译函数体,222957,234159,1
function_4c8140,保留原反编译函数体,222965,234167,1
function_4c82a0,保留原反编译函数体,222997,234199,1
function_4c83f0,保留原反编译函数体,223024,234226,1
function_4c8460,保留原反编译函数体,223076,234278,1
function_4c8720,保留原反编译函数体,223258,234460,1
function_4c87b0,保留原反编译函数体,223293,234495,4
function_4c8980,保留原反编译函数体,223384,234586,2
function_4c89e0,保留原反编译函数体,223471,234673,2
function_4c8e00,保留原反编译函数体,223837,235039,1
function_4c8e60,保留原反编译函数体,223868,235070,1
function_4c8eb0,已修改／替换的非空实现,223892,235094,1
function_4c8f40,保留原反编译函数体,224013,235215,1
function_4c8f80,原版即为简单返回／空函数,224024,235226,1
function_4c8f90,保留原反编译函数体,224030,235232,1
function_4c8fd0,保留原反编译函数体,224042,235244,1
function_4c90c0,保留原反编译函数体,224087,235289,1
function_4c91b0,已修改／替换的非空实现,224120,235322,1
function_4c9400,保留原反编译函数体,224139,235341,1
function_4c94f0,保留原反编译函数体,224192,235394,1
function_4c9684,保留原反编译函数体,224218,235420,1
function_4c9780,保留原反编译函数体,224266,235468,1
function_4c9800,保留原反编译函数体,224283,235485,1
function_4c9880,保留原反编译函数体,224300,235502,1
function_4c9920,保留原反编译函数体,224323,235525,1
function_4c99c0,已修改／替换的非空实现,224346,235548,1
function_4c9ae0,已修改／替换的非空实现,224445,235633,1
function_4c9c8c,原版即为简单返回／空函数,224669,235645,1
function_4c9d80,保留原反编译函数体,224675,235651,1
function_4c9eef,保留原反编译函数体,224687,235663,1
function_4ca03f,保留原反编译函数体,224756,235732,1
function_4ca0a6,原版即为简单返回／空函数,224781,235757,1
function_4ca0ab,保留原反编译函数体,224787,235763,1
function_4ca147,原版即为简单返回／空函数,224797,235773,1
function_4ca151,原版即为简单返回／空函数,224803,235779,1
function_4ca1ef,保留原反编译函数体,224809,235785,1
function_4cb70b,保留原反编译函数体,225635,236611,1
function_4cb740,原版即为简单返回／空函数,225642,236618,1
function_4cb770,原版即为简单返回／空函数,225648,236624,1
function_4cb77b,原版即为简单返回／空函数,225654,236630,1
function_4cb786,原版即为简单返回／空函数,225660,236636,1
function_4cb7b0,原版即为简单返回／空函数,225666,236642,1
function_4cb7e0,原版即为简单返回／空函数,225672,236648,1
function_4cb830,原版即为简单返回／空函数,225678,236654,1
function_4cb83b,原版即为简单返回／空函数,225684,236660,1
function_4cb846,原版即为简单返回／空函数,225690,236666,1
function_4cb851,原版即为简单返回／空函数,225696,236672,1
function_4cb85c,原版即为简单返回／空函数,225702,236678,1
function_4cb867,原版即为简单返回／空函数,225708,236684,1
function_4cb872,原版即为简单返回／空函数,225714,236690,1
function_4cb87d,原版即为简单返回／空函数,225720,236696,1
function_4cb8b0,原版即为简单返回／空函数,225726,236702,1
function_4cb8bb,原版即为简单返回／空函数,225732,236708,1
function_4cb8c6,原版即为简单返回／空函数,225738,236714,1
function_4cb8d1,原版即为简单返回／空函数,225744,236720,1
function_4cb8dc,原版即为简单返回／空函数,225750,236726,1
function_4cb8e7,原版即为简单返回／空函数,225756,236732,1
function_4cb8f2,原版即为简单返回／空函数,225762,236738,1
function_4cb8fd,原版即为简单返回／空函数,225768,236744,1
function_4cb908,原版即为简单返回／空函数,225774,236750,1
function_4cb930,原版即为简单返回／空函数,225780,236756,1
function_4cb938,原版即为简单返回／空函数,225786,236762,1
function_4cb940,原版即为简单返回／空函数,225792,236768,1
function_4cb948,原版即为简单返回／空函数,225798,236774,1
function_4cb950,原版即为简单返回／空函数,225804,236780,1
function_4cb958,原版即为简单返回／空函数,225810,236786,1
function_4cb960,原版即为简单返回／空函数,225816,236792,1
function_4cb968,原版即为简单返回／空函数,225822,236798,1
function_4cb970,原版即为简单返回／空函数,225828,236804,1
function_4cb978,原版即为简单返回／空函数,225834,236810,1
function_4cb9a0,原版即为简单返回／空函数,225840,236816,1
function_4cb9d0,原版即为简单返回／空函数,225846,236822,1
function_4cb9d8,原版即为简单返回／空函数,225852,236828,1
function_4cba00,原版即为简单返回／空函数,225858,236834,1
function_4cba08,原版即为简单返回／空函数,225864,236840,1
function_4cba10,原版即为简单返回／空函数,225870,236846,1
function_4cba40,原版即为简单返回／空函数,225876,236852,1
function_4cba48,原版即为简单返回／空函数,225882,236858,1
function_4cba50,原版即为简单返回／空函数,225888,236864,1
function_4cba58,原版即为简单返回／空函数,225894,236870,1
function_4cba60,原版即为简单返回／空函数,225900,236876,1
function_4cba90,原版即为简单返回／空函数,225906,236882,1
function_4cba98,原版即为简单返回／空函数,225912,236888,1
function_4cbaa0,原版即为简单返回／空函数,225918,236894,1
function_4cbaa8,原版即为简单返回／空函数,225924,236900,1
function_4cbab0,原版即为简单返回／空函数,225930,236906,1
function_4cbae0,原版即为简单返回／空函数,225936,236912,1
function_4cbae8,原版即为简单返回／空函数,225942,236918,1
function_4cbaf0,原版即为简单返回／空函数,225948,236924,1
function_4cbaf8,原版即为简单返回／空函数,225954,236930,1
function_4cbb20,原版即为简单返回／空函数,225960,236936,1
function_4cbb28,原版即为简单返回／空函数,225966,236942,1
function_4cbb30,原版即为简单返回／空函数,225972,236948,1
function_4cbb38,原版即为简单返回／空函数,225978,236954,1
function_4cbb40,原版即为简单返回／空函数,225984,236960,1
function_4cbb48,原版即为简单返回／空函数,225990,236966,1
function_4cbb70,原版即为简单返回／空函数,225996,236972,1
function_4cbba0,原版即为简单返回／空函数,226002,236978,1
function_4cbba8,原版即为简单返回／空函数,226008,236984,1
function_4cbbd0,原版即为简单返回／空函数,226014,236990,1
function_4cbbd8,原版即为简单返回／空函数,226020,236996,1
function_4cbbe0,原版即为简单返回／空函数,226026,237002,1
function_4cbbe8,原版即为简单返回／空函数,226032,237008,1
function_4cbbf0,原版即为简单返回／空函数,226038,237014,1
function_4cbbf8,原版即为简单返回／空函数,226044,237020,1
function_4cbc20,原版即为简单返回／空函数,226050,237026,1
function_4cbc28,原版即为简单返回／空函数,226056,237032,1
function_4cbc50,原版即为简单返回／空函数,226062,237038,1
function_4cbc58,原版即为简单返回／空函数,226068,237044,1
function_4cbc60,原版即为简单返回／空函数,226074,237050,1
function_4cbc90,原版即为简单返回／空函数,226080,237056,1
function_4cbc98,原版即为简单返回／空函数,226086,237062,1
function_4cbca3,原版即为简单返回／空函数,226092,237068,1
function_4cbcae,原版即为简单返回／空函数,226098,237074,1
function_4cbcb9,保留原反编译函数体,226104,237080,1
function_4cbcf0,原版即为简单返回／空函数,226112,237088,1
function_4cbd60,原版即为简单返回／空函数,226118,237094,1
function_4cbd6b,原版即为简单返回／空函数,226124,237100,1
function_4cbd76,保留原反编译函数体,226130,237106,1
function_4cbda0,原版即为简单返回／空函数,226138,237114,1
function_4cbdd0,原版即为简单返回／空函数,226144,237120,1
function_4cbddb,原版即为简单返回／空函数,226150,237126,1
function_4cbde6,原版即为简单返回／空函数,226156,237132,1
function_4cbdf1,原版即为简单返回／空函数,226162,237138,1
function_4cbdfc,原版即为简单返回／空函数,226168,237144,1
function_4cbe07,原版即为简单返回／空函数,226174,237150,1
function_4cbe12,原版即为简单返回／空函数,226180,237156,1
function_4cbe1d,保留原反编译函数体,226186,237162,1
function_4cbe50,原版即为简单返回／空函数,226194,237170,1
function_4cbe80,保留原反编译函数体,226200,237176,1
function_4cbe8b,保留原反编译函数体,226207,237183,1
function_4cbec0,原版即为简单返回／空函数,226214,237190,1
function_4cbef0,原版即为简单返回／空函数,226220,237196,1
function_4cbefb,原版即为简单返回／空函数,226226,237202,1
function_4cbf30,原版即为简单返回／空函数,226232,237208,1
function_4cbf38,原版即为简单返回／空函数,226238,237214,1
function_4cbf60,原版即为简单返回／空函数,226244,237220,1
function_4cbf6b,原版即为简单返回／空函数,226250,237226,1
function_4cbf76,原版即为简单返回／空函数,226256,237232,1
function_4cbf7e,原版即为简单返回／空函数,226262,237238,1
function_4cbfb0,原版即为简单返回／空函数,226268,237244,1
function_4cbfb8,原版即为简单返回／空函数,226274,237250,1
function_4cbfc0,原版即为简单返回／空函数,226280,237256,1
function_4cbfc8,原版即为简单返回／空函数,226286,237262,1
function_4cbff0,原版即为简单返回／空函数,226292,237268,1
function_4cc040,原版即为简单返回／空函数,226298,237274,1
function_4cc048,原版即为简单返回／空函数,226304,237280,1
function_4cc070,原版即为简单返回／空函数,226310,237286,1
function_4cc0a0,原版即为简单返回／空函数,226316,237292,1
function_4cc0d0,原版即为简单返回／空函数,226322,237298,1
function_4cc0d8,原版即为简单返回／空函数,226328,237304,1
function_4cc0e0,原版即为简单返回／空函数,226334,237310,1
function_4cc0e8,原版即为简单返回／空函数,226340,237316,1
function_4cc0f0,原版即为简单返回／空函数,226346,237322,1
function_4cc0f8,原版即为简单返回／空函数,226352,237328,1
function_4cc100,原版即为简单返回／空函数,226358,237334,1
function_4cc130,原版即为简单返回／空函数,226364,237340,1
function_4cc138,原版即为简单返回／空函数,226370,237346,1
function_4cc140,原版即为简单返回／空函数,226376,237352,1
function_4cc148,保留原反编译函数体,226382,237358,1
function_4cc180,原版即为简单返回／空函数,226397,237373,1
function_4cc1b0,原版即为简单返回／空函数,226403,237379,1
function_4cc1b8,原版即为简单返回／空函数,226409,237385,1
function_4cc1c0,原版即为简单返回／空函数,226415,237391,1
function_4cc1f0,原版即为简单返回／空函数,226421,237397,1
function_4cc1f8,原版即为简单返回／空函数,226427,237403,1
function_4cc203,原版即为简单返回／空函数,226433,237409,1
function_4cc20e,原版即为简单返回／空函数,226439,237415,1
function_4cc240,原版即为简单返回／空函数,226445,237421,1
function_4cc248,原版即为简单返回／空函数,226451,237427,1
function_4cc253,原版即为简单返回／空函数,226457,237433,1
function_4cc25e,原版即为简单返回／空函数,226463,237439,1
function_4cc269,原版即为简单返回／空函数,226469,237445,1
function_4cc290,原版即为简单返回／空函数,226475,237451,1
function_4cc2c0,原版即为简单返回／空函数,226481,237457,1
function_4cc2c8,保留原反编译函数体,226487,237463,1
function_4cc2d3,原版即为简单返回／空函数,226494,237470,1
function_4cc300,原版即为简单返回／空函数,226500,237476,1
function_4cc330,原版即为简单返回／空函数,226506,237482,1
function_4cc338,原版即为简单返回／空函数,226512,237488,1
function_4cc343,原版即为简单返回／空函数,226518,237494,1
function_4cc351,原版即为简单返回／空函数,226524,237500,1
function_4cc359,原版即为简单返回／空函数,226530,237506,1
function_4cc390,原版即为简单返回／空函数,226536,237512,1
function_4cc398,原版即为简单返回／空函数,226542,237518,1
function_4cc3a3,原版即为简单返回／空函数,226548,237524,1
function_4cc3d0,原版即为简单返回／空函数,226554,237530,1
function_4cc3db,原版即为简单返回／空函数,226560,237536,1
function_4cc3e6,原版即为简单返回／空函数,226566,237542,1
function_4cc410,原版即为简单返回／空函数,226572,237548,1
function_4cc41b,保留原反编译函数体,226578,237554,1
function_4cc426,原版即为简单返回／空函数,226585,237561,1
function_4cc42e,原版即为简单返回／空函数,226591,237567,1
function_4cc439,原版即为简单返回／空函数,226597,237573,1
function_4cc444,原版即为简单返回／空函数,226603,237579,1
function_4cc44f,原版即为简单返回／空函数,226609,237585,1
function_4cc45a,原版即为简单返回／空函数,226615,237591,1
function_4cc465,原版即为简单返回／空函数,226621,237597,1
function_4cc490,原版即为简单返回／空函数,226627,237603,1
function_4cc498,原版即为简单返回／空函数,226633,237609,1
function_4cc4a3,原版即为简单返回／空函数,226639,237615,1
function_4cc4ae,原版即为简单返回／空函数,226645,237621,1
function_4cc4b9,原版即为简单返回／空函数,226651,237627,1
function_4cc4c1,原版即为简单返回／空函数,226657,237633,1
function_4cc4c9,原版即为简单返回／空函数,226663,237639,1
function_4cc4f0,原版即为简单返回／空函数,226669,237645,1
function_4cc4fa,原版即为简单返回／空函数,226675,237651,1
function_4cc520,原版即为简单返回／空函数,226681,237657,1
function_4cc550,原版即为简单返回／空函数,226687,237663,1
function_4cc5b0,保留原反编译函数体,226693,237669,1
function_4cc630,原版即为简单返回／空函数,226708,237684,1
function_4cc638,原版即为简单返回／空函数,226714,237690,1
function_4cc640,原版即为简单返回／空函数,226720,237696,1
function_4cc648,原版即为简单返回／空函数,226726,237702,1
function_4cc650,原版即为简单返回／空函数,226732,237708,1
function_4cc680,原版即为简单返回／空函数,226738,237714,1
function_4cc68b,保留原反编译函数体,226744,237720,1
function_4cc6c0,原版即为简单返回／空函数,226752,237728,1
function_4cc6c8,原版即为简单返回／空函数,226758,237734,1
function_4cc6f0,原版即为简单返回／空函数,226764,237740,1
function_4cc720,保留原反编译函数体,226770,237746,1
function_4cc72b,保留原反编译函数体,226777,237753,1
function_4cc736,原版即为简单返回／空函数,226784,237760,1
function_4cc73e,原版即为简单返回／空函数,226790,237766,1
function_4cc746,原版即为简单返回／空函数,226796,237772,1
function_4cc74e,原版即为简单返回／空函数,226802,237778,1
function_4cc756,原版即为简单返回／空函数,226808,237784,1
function_4cc780,原版即为简单返回／空函数,226814,237790,1
function_4cc788,原版即为简单返回／空函数,226820,237796,1
function_4cc790,原版即为简单返回／空函数,226826,237802,1
function_4cc798,原版即为简单返回／空函数,226832,237808,1
function_4cc7c0,原版即为简单返回／空函数,226838,237814,1
function_4cc7c8,原版即为简单返回／空函数,226844,237820,1
function_4cc7d0,原版即为简单返回／空函数,226850,237826,1
function_4cc7d8,原版即为简单返回／空函数,226856,237832,1
function_4cc7e0,原版即为简单返回／空函数,226862,237838,1
function_4cc830,保留原反编译函数体,226868,237844,1
function_4cc838,原版即为简单返回／空函数,226875,237851,1
function_4cc840,保留原反编译函数体,226881,237857,1
function_4cc870,原版即为简单返回／空函数,226889,237865,1
function_4cc8a0,原版即为简单返回／空函数,226895,237871,1
function_4cc8a8,原版即为简单返回／空函数,226901,237877,1
function_4cc8d0,原版即为简单返回／空函数,226907,237883,1
function_4cc8d8,原版即为简单返回／空函数,226913,237889,1
function_4cc8e0,保留原反编译函数体,226919,237895,1
function_4cc910,原版即为简单返回／空函数,226927,237903,1
function_4cc940,原版即为简单返回／空函数,226933,237909,1
function_4cc948,原版即为简单返回／空函数,226939,237915,1
function_4cc970,原版即为简单返回／空函数,226945,237921,1
function_4cc978,原版即为简单返回／空函数,226951,237927,1
function_4cc980,原版即为简单返回／空函数,226957,237933,1
function_4cc9b0,原版即为简单返回／空函数,226963,237939,1
function_4cc9b8,原版即为简单返回／空函数,226969,237945,1
function_4cc9e0,原版即为简单返回／空函数,226975,237951,1
function_4cca10,原版即为简单返回／空函数,226981,237957,1
function_4cca18,原版即为简单返回／空函数,226987,237963,1
function_4cca20,原版即为简单返回／空函数,226993,237969,1
function_4cca28,原版即为简单返回／空函数,226999,237975,1
function_4cca30,原版即为简单返回／空函数,227005,237981,1
function_4cca38,原版即为简单返回／空函数,227011,237987,1
function_4cca43,原版即为简单返回／空函数,227017,237993,1
function_4cca4e,原版即为简单返回／空函数,227023,237999,1
function_4cca56,原版即为简单返回／空函数,227029,238005,1
function_4cca61,原版即为简单返回／空函数,227035,238011,1
function_4cca6c,原版即为简单返回／空函数,227041,238017,1
function_4cca74,保留原反编译函数体,227047,238023,1
function_4ccaa0,原版即为简单返回／空函数,227055,238031,1
function_4ccaa8,原版即为简单返回／空函数,227061,238037,1
function_4ccab0,原版即为简单返回／空函数,227067,238043,1
function_4ccab8,原版即为简单返回／空函数,227073,238049,1
function_4ccac0,原版即为简单返回／空函数,227079,238055,1
function_4ccaf0,原版即为简单返回／空函数,227085,238061,1
function_4ccaf8,原版即为简单返回／空函数,227091,238067,1
function_4ccb03,原版即为简单返回／空函数,227097,238073,1
function_4ccb0e,保留原反编译函数体,227103,238079,1
function_4ccb40,原版即为简单返回／空函数,227111,238087,1
function_4ccb48,原版即为简单返回／空函数,227117,238093,1
function_4ccb53,原版即为简单返回／空函数,227123,238099,1
function_4ccb5e,保留原反编译函数体,227129,238105,1
function_4ccb90,原版即为简单返回／空函数,227137,238113,1
function_4ccb98,原版即为简单返回／空函数,227143,238119,1
function_4ccba0,原版即为简单返回／空函数,227149,238125,1
function_4ccba8,原版即为简单返回／空函数,227155,238131,1
function_4ccbb0,原版即为简单返回／空函数,227161,238137,1
function_4ccbb8,原版即为简单返回／空函数,227167,238143,1
function_4ccbc0,原版即为简单返回／空函数,227173,238149,1
function_4ccbc8,原版即为简单返回／空函数,227179,238155,1
function_4ccbd0,原版即为简单返回／空函数,227185,238161,1
function_4ccc00,原版即为简单返回／空函数,227191,238167,1
function_4ccc08,原版即为简单返回／空函数,227197,238173,1
function_4ccc13,原版即为简单返回／空函数,227203,238179,1
function_4ccc1e,原版即为简单返回／空函数,227209,238185,1
function_4ccc29,原版即为简单返回／空函数,227215,238191,1
function_4ccc34,原版即为简单返回／空函数,227221,238197,1
function_4ccc60,原版即为简单返回／空函数,227227,238203,1
function_4ccc68,原版即为简单返回／空函数,227233,238209,1
function_4ccc73,原版即为简单返回／空函数,227239,238215,1
function_4ccc7e,原版即为简单返回／空函数,227245,238221,1
function_4ccc89,原版即为简单返回／空函数,227251,238227,1
function_4cccb0,原版即为简单返回／空函数,227257,238233,1
function_4cccb8,原版即为简单返回／空函数,227263,238239,1
function_4cccc3,原版即为简单返回／空函数,227269,238245,1
function_4cccce,原版即为简单返回／空函数,227275,238251,1
function_4cccd9,原版即为简单返回／空函数,227281,238257,1
function_4ccd00,原版即为简单返回／空函数,227287,238263,1
function_4ccd11,原版即为简单返回／空函数,227293,238269,1
function_4ccd40,原版即为简单返回／空函数,227299,238275,1
function_4ccd70,原版即为简单返回／空函数,227305,238281,1
function_4ccd78,原版即为简单返回／空函数,227311,238287,1
function_4ccd83,原版即为简单返回／空函数,227317,238293,1
function_4ccdb0,原版即为简单返回／空函数,227323,238299,1
function_4ccdb8,原版即为简单返回／空函数,227329,238305,1
function_4ccde0,原版即为简单返回／空函数,227335,238311,1
function_4cce10,原版即为简单返回／空函数,227341,238317,1
function_4cce40,原版即为简单返回／空函数,227347,238323,1
function_4cce70,原版即为简单返回／空函数,227353,238329,1
function_4ccea0,原版即为简单返回／空函数,227359,238335,1
function_4ccea8,原版即为简单返回／空函数,227365,238341,1
function_4cceb0,原版即为简单返回／空函数,227371,238347,1
function_4cceb8,原版即为简单返回／空函数,227377,238353,1
function_4ccec0,原版即为简单返回／空函数,227383,238359,1
function_4ccec8,原版即为简单返回／空函数,227389,238365,1
function_4cced0,原版即为简单返回／空函数,227395,238371,1
function_4cced8,原版即为简单返回／空函数,227401,238377,1
function_4ccf00,原版即为简单返回／空函数,227407,238383,1
function_4ccf30,原版即为简单返回／空函数,227413,238389,1
function_4ccf60,原版即为简单返回／空函数,227419,238395,1
function_4ccf68,原版即为简单返回／空函数,227425,238401,1
function_4ccf90,原版即为简单返回／空函数,227431,238407,1
function_4ccfc0,原版即为简单返回／空函数,227437,238413,1
function_4ccff0,保留原反编译函数体,227443,238419,1
function_4cd009,保留原反编译函数体,227458,238434,1
function_4cd022,保留原反编译函数体,227473,238449,1
function_4cd03b,保留原反编译函数体,227488,238464,1
function_4cd070,原版即为简单返回／空函数,227503,238479,1
function_4cd078,原版即为简单返回／空函数,227509,238485,1
function_4cd083,原版即为简单返回／空函数,227515,238491,1
function_4cd08e,原版即为简单返回／空函数,227521,238497,1
function_4cd099,原版即为简单返回／空函数,227527,238503,1
function_4cd0a4,原版即为简单返回／空函数,227533,238509,1
function_4cd0af,原版即为简单返回／空函数,227539,238515,1
function_4cd0e0,原版即为简单返回／空函数,227545,238521,1
function_4cd0e8,原版即为简单返回／空函数,227551,238527,1
function_4cd0f3,原版即为简单返回／空函数,227557,238533,1
function_4cd0fe,原版即为简单返回／空函数,227563,238539,1
function_4cd109,原版即为简单返回／空函数,227569,238545,1
function_4cd114,原版即为简单返回／空函数,227575,238551,1
function_4cd140,原版即为简单返回／空函数,227581,238557,1
function_4cd170,原版即为简单返回／空函数,227587,238563,1
function_4cd1a0,原版即为简单返回／空函数,227593,238569,1
function_4cd1a8,原版即为简单返回／空函数,227599,238575,1
function_4cd1b3,原版即为简单返回／空函数,227605,238581,1
function_4cd1be,原版即为简单返回／空函数,227611,238587,1
function_4cd1c9,原版即为简单返回／空函数,227617,238593,1
function_4cd1d4,原版即为简单返回／空函数,227623,238599,1
function_4cd1df,原版即为简单返回／空函数,227629,238605,1
function_4cd1ea,原版即为简单返回／空函数,227635,238611,1
function_4cd1f5,原版即为简单返回／空函数,227641,238617,1
function_4cd200,原版即为简单返回／空函数,227647,238623,1
function_4cd230,原版即为简单返回／空函数,227653,238629,1
function_4cd238,原版即为简单返回／空函数,227659,238635,1
function_4cd240,原版即为简单返回／空函数,227665,238641,1
function_4cd270,原版即为简单返回／空函数,227671,238647,1
function_4cd278,原版即为简单返回／空函数,227677,238653,1
function_4cd280,原版即为简单返回／空函数,227683,238659,1
function_4cd291,原版即为简单返回／空函数,227689,238665,1
function_4cd2c0,原版即为简单返回／空函数,227695,238671,1
function_4cd2c8,原版即为简单返回／空函数,227701,238677,1
function_4cd2d9,原版即为简单返回／空函数,227707,238683,1
function_4cd2e1,原版即为简单返回／空函数,227713,238689,1
function_4cd310,原版即为简单返回／空函数,227719,238695,1
function_4cd318,原版即为简单返回／空函数,227725,238701,1
function_4cd320,原版即为简单返回／空函数,227731,238707,1
function_4cd350,原版即为简单返回／空函数,227737,238713,1
function_4cd358,原版即为简单返回／空函数,227743,238719,1
function_4cd360,原版即为简单返回／空函数,227749,238725,1
function_4cd390,原版即为简单返回／空函数,227755,238731,1
function_4cd398,原版即为简单返回／空函数,227761,238737,1
function_4cd3a0,原版即为简单返回／空函数,227767,238743,1
function_4cd3d0,原版即为简单返回／空函数,227773,238749,1
function_4cd3d8,原版即为简单返回／空函数,227779,238755,1
function_4cd3e0,原版即为简单返回／空函数,227785,238761,1
function_4cd410,原版即为简单返回／空函数,227791,238767,1
function_4cd418,原版即为简单返回／空函数,227797,238773,1
function_4cd420,原版即为简单返回／空函数,227803,238779,1
function_4cd428,原版即为简单返回／空函数,227809,238785,1
function_4cd430,原版即为简单返回／空函数,227815,238791,1
function_4cd441,原版即为简单返回／空函数,227821,238797,1
function_4cd470,原版即为简单返回／空函数,227827,238803,1
function_4cd478,原版即为简单返回／空函数,227833,238809,1
function_4cd480,原版即为简单返回／空函数,227839,238815,1
function_4cd4b0,原版即为简单返回／空函数,227845,238821,1
function_4cd4e0,原版即为简单返回／空函数,227851,238827,1
function_4cd4f1,原版即为简单返回／空函数,227857,238833,1
function_4cd520,原版即为简单返回／空函数,227863,238839,1
function_4cd528,原版即为简单返回／空函数,227869,238845,1
function_4cd530,原版即为简单返回／空函数,227875,238851,1
function_4cd538,原版即为简单返回／空函数,227881,238857,1
function_4cd540,原版即为简单返回／空函数,227887,238863,1
function_4cd551,原版即为简单返回／空函数,227893,238869,1
function_4cd55c,原版即为简单返回／空函数,227899,238875,1
function_4cd56d,原版即为简单返回／空函数,227905,238881,1
function_4cd578,原版即为简单返回／空函数,227911,238887,1
function_4cd580,原版即为简单返回／空函数,227917,238893,1
function_4cd588,原版即为简单返回／空函数,227923,238899,1
function_4cd590,原版即为简单返回／空函数,227929,238905,1
function_4cd598,原版即为简单返回／空函数,227935,238911,1
function_4cd5a0,原版即为简单返回／空函数,227941,238917,1
function_4cd5a8,原版即为简单返回／空函数,227947,238923,1
function_4cd5b0,原版即为简单返回／空函数,227953,238929,1
function_4cd5b8,原版即为简单返回／空函数,227959,238935,1
function_4cd5e0,原版即为简单返回／空函数,227965,238941,1
function_4cd5e8,原版即为简单返回／空函数,227971,238947,1
function_4cd610,原版即为简单返回／空函数,227977,238953,1
function_4cd640,原版即为简单返回／空函数,227983,238959,1
function_4cd670,原版即为简单返回／空函数,227989,238965,1
function_4cd678,原版即为简单返回／空函数,227995,238971,1
function_4cd6a0,原版即为简单返回／空函数,228001,238977,1
function_4cd6b1,原版即为简单返回／空函数,228007,238983,1
function_4cd6b9,原版即为简单返回／空函数,228013,238989,1
function_4cd6c1,原版即为简单返回／空函数,228019,238995,1
function_4cd6f0,原版即为简单返回／空函数,228025,239001,1
function_4cd6f8,原版即为简单返回／空函数,228031,239007,1
function_4cd720,原版即为简单返回／空函数,228037,239013,1
function_4cd750,原版即为简单返回／空函数,228043,239019,1
function_4cd780,原版即为简单返回／空函数,228049,239025,1
function_4cd788,保留原反编译函数体,228055,239031,1
function_4cd7c0,原版即为简单返回／空函数,228063,239039,1
function_4cd7c8,保留原反编译函数体,228069,239045,1
function_4cd800,原版即为简单返回／空函数,228077,239053,1
function_4cd808,保留原反编译函数体,228083,239059,1
function_4cd840,原版即为简单返回／空函数,228091,239067,1
function_4cd85c,原版即为简单返回／空函数,228097,239073,1
function_4cd880,原版即为简单返回／空函数,228103,239079,1
function_4cd888,原版即为简单返回／空函数,228109,239085,1
function_4cd890,原版即为简单返回／空函数,228115,239091,1
function_4cd898,原版即为简单返回／空函数,228121,239097,1
function_4cd8a0,原版即为简单返回／空函数,228127,239103,1
function_4cd8d0,原版即为简单返回／空函数,228133,239109,1
function_4cd8d8,原版即为简单返回／空函数,228139,239115,1
function_4cd8e3,原版即为简单返回／空函数,228145,239121,1
function_4cd8ee,原版即为简单返回／空函数,228151,239127,1
function_4cd8f9,原版即为简单返回／空函数,228157,239133,1
function_4cd920,原版即为简单返回／空函数,228163,239139,1
function_4cd928,原版即为简单返回／空函数,228169,239145,1
function_4cd930,原版即为简单返回／空函数,228175,239151,1
function_4cd938,原版即为简单返回／空函数,228181,239157,1
function_4cd940,原版即为简单返回／空函数,228187,239163,1
function_4cd970,原版即为简单返回／空函数,228193,239169,1
function_4cd9a0,原版即为简单返回／空函数,228199,239175,1
function_4cd9a8,原版即为简单返回／空函数,228205,239181,1
function_4cd9b0,原版即为简单返回／空函数,228211,239187,1
function_4cd9f0,原版即为简单返回／空函数,228217,239193,1
function_4cd9f8,原版即为简单返回／空函数,228223,239199,1
function_4cda03,原版即为简单返回／空函数,228229,239205,1
function_4cda0e,原版即为简单返回／空函数,228235,239211,1
function_4cda19,原版即为简单返回／空函数,228241,239217,1
function_4cda24,原版即为简单返回／空函数,228247,239223,1
function_4cda2c,原版即为简单返回／空函数,228253,239229,1
function_4cda60,原版即为简单返回／空函数,228259,239235,1
function_4cda90,原版即为简单返回／空函数,228265,239241,1
function_4cda98,原版即为简单返回／空函数,228271,239247,1
function_4cdaa0,原版即为简单返回／空函数,228277,239253,1
function_4cdad0,原版即为简单返回／空函数,228283,239259,1
function_4cdb00,原版即为简单返回／空函数,228289,239265,1
function_4cdb11,原版即为简单返回／空函数,228295,239271,1
function_4cdb19,原版即为简单返回／空函数,228301,239277,1
function_4cdb21,原版即为简单返回／空函数,228307,239283,1
function_4cdb50,原版即为简单返回／空函数,228313,239289,1
function_4cdb64,原版即为简单返回／空函数,228319,239295,1
function_4cdb75,原版即为简单返回／空函数,228325,239301,1
function_4cdb7d,原版即为简单返回／空函数,228331,239307,1
function_4cdb85,原版即为简单返回／空函数,228337,239313,1
function_4cdb8d,原版即为简单返回／空函数,228343,239319,1
function_4cdb95,原版即为简单返回／空函数,228349,239325,1
function_4cdb9d,原版即为简单返回／空函数,228355,239331,1
function_4cdba5,原版即为简单返回／空函数,228361,239337,1
function_4cdbad,原版即为简单返回／空函数,228367,239343,1
function_4cdbb5,原版即为简单返回／空函数,228373,239349,1
function_4cdbbd,原版即为简单返回／空函数,228379,239355,1
function_4cdbc5,原版即为简单返回／空函数,228385,239361,1
function_4cdbcd,原版即为简单返回／空函数,228391,239367,1
function_4cdbd5,原版即为简单返回／空函数,228397,239373,1
function_4cdbdd,原版即为简单返回／空函数,228403,239379,1
function_4cdbe5,原版即为简单返回／空函数,228409,239385,1
function_4cdbed,原版即为简单返回／空函数,228415,239391,1
function_4cdbf5,原版即为简单返回／空函数,228421,239397,1
function_4cdbfd,原版即为简单返回／空函数,228427,239403,1
function_4cdc05,原版即为简单返回／空函数,228433,239409,1
function_4cdc0d,原版即为简单返回／空函数,228439,239415,1
function_4cdc15,原版即为简单返回／空函数,228445,239421,1
function_4cdc1d,原版即为简单返回／空函数,228451,239427,1
function_4cdc25,原版即为简单返回／空函数,228457,239433,1
function_4cdc2d,原版即为简单返回／空函数,228463,239439,1
function_4cdc35,原版即为简单返回／空函数,228469,239445,1
function_4cdc3d,原版即为简单返回／空函数,228475,239451,1
function_4cdc45,原版即为简单返回／空函数,228481,239457,1
function_4cdc4d,原版即为简单返回／空函数,228487,239463,1
function_4cdc55,原版即为简单返回／空函数,228493,239469,1
function_4cdc5d,原版即为简单返回／空函数,228499,239475,1
function_4cdc65,原版即为简单返回／空函数,228505,239481,1
function_4cdc6d,原版即为简单返回／空函数,228511,239487,1
function_4cdc75,原版即为简单返回／空函数,228517,239493,1
function_4cdc7d,原版即为简单返回／空函数,228523,239499,1
function_4cdc85,原版即为简单返回／空函数,228529,239505,1
function_4cdc8d,原版即为简单返回／空函数,228535,239511,1
function_4cdc95,原版即为简单返回／空函数,228541,239517,1
function_4cdc9d,原版即为简单返回／空函数,228547,239523,1
function_4cdca5,原版即为简单返回／空函数,228553,239529,1
function_4cdcad,原版即为简单返回／空函数,228559,239535,1
function_4cdcb5,原版即为简单返回／空函数,228565,239541,1
function_4cdcbd,原版即为简单返回／空函数,228571,239547,1
function_4cdcc5,原版即为简单返回／空函数,228577,239553,1
function_4cdccd,原版即为简单返回／空函数,228583,239559,1
function_4cdcd5,原版即为简单返回／空函数,228589,239565,1
function_4cdcdd,原版即为简单返回／空函数,228595,239571,1
function_4cdce5,原版即为简单返回／空函数,228601,239577,1
function_4cdced,原版即为简单返回／空函数,228607,239583,1
function_4cdcf5,原版即为简单返回／空函数,228613,239589,1
function_4cdcfd,原版即为简单返回／空函数,228619,239595,1
function_4cdd05,原版即为简单返回／空函数,228625,239601,1
function_4cdd0d,原版即为简单返回／空函数,228631,239607,1
function_4cdd15,原版即为简单返回／空函数,228637,239613,1
function_4cdd1d,原版即为简单返回／空函数,228643,239619,1
function_4cdd2e,原版即为简单返回／空函数,228649,239625,1
function_4cdd36,原版即为简单返回／空函数,228655,239631,1
function_4cdd47,原版即为简单返回／空函数,228661,239637,1
function_4cdd4f,原版即为简单返回／空函数,228667,239643,1
function_4cdd57,原版即为简单返回／空函数,228673,239649,1
function_4cdd5f,原版即为简单返回／空函数,228679,239655,1
function_4cdd67,原版即为简单返回／空函数,228685,239661,1
function_4cdd6f,原版即为简单返回／空函数,228691,239667,1
function_4cdd77,原版即为简单返回／空函数,228697,239673,1
function_4cdd7f,原版即为简单返回／空函数,228703,239679,1
function_4cdd87,原版即为简单返回／空函数,228709,239685,1
function_4cdd8f,原版即为简单返回／空函数,228715,239691,1
function_4cdd97,原版即为简单返回／空函数,228721,239697,1
function_4cddc0,原版即为简单返回／空函数,228727,239703,1
function_4cddcb,原版即为简单返回／空函数,228733,239709,1
function_4cddd6,原版即为简单返回／空函数,228739,239715,1
function_4cdde1,原版即为简单返回／空函数,228745,239721,1
function_4cddec,原版即为简单返回／空函数,228751,239727,1
function_4cddf7,原版即为简单返回／空函数,228757,239733,1
function_4cde02,原版即为简单返回／空函数,228763,239739,1
function_4cde0d,原版即为简单返回／空函数,228769,239745,1
function_4cde18,原版即为简单返回／空函数,228775,239751,1
function_4cde23,原版即为简单返回／空函数,228781,239757,1
function_4cde2e,原版即为简单返回／空函数,228787,239763,1
function_4cde39,原版即为简单返回／空函数,228793,239769,1
function_4cde44,原版即为简单返回／空函数,228799,239775,1
function_4cde52,原版即为简单返回／空函数,228805,239781,1
function_4cde60,原版即为简单返回／空函数,228811,239787,1
function_4cde6e,原版即为简单返回／空函数,228817,239793,1
function_4cdea0,原版即为简单返回／空函数,228823,239799,1
function_4cdea8,原版即为简单返回／空函数,228829,239805,1
function_4cdeb0,原版即为简单返回／空函数,228835,239811,1
function_4cdee0,原版即为简单返回／空函数,228841,239817,1
function_4cdee8,原版即为简单返回／空函数,228847,239823,1
function_4cdef0,原版即为简单返回／空函数,228853,239829,1
function_4cdef8,原版即为简单返回／空函数,228859,239835,1
function_4cdf00,原版即为简单返回／空函数,228865,239841,1
function_4cdf30,原版即为简单返回／空函数,228871,239847,1
function_4cdf3b,原版即为简单返回／空函数,228877,239853,1
function_4cdf70,原版即为简单返回／空函数,228883,239859,1
function_4cdf7b,原版即为简单返回／空函数,228889,239865,1
function_4cdf86,原版即为简单返回／空函数,228895,239871,1
function_4cdf91,原版即为简单返回／空函数,228901,239877,1
function_4cdfc0,原版即为简单返回／空函数,228907,239883,1
function_4cdff0,原版即为简单返回／空函数,228913,239889,1
function_4cdff8,原版即为简单返回／空函数,228919,239895,1
function_4ce020,原版即为简单返回／空函数,228925,239901,1
function_4ce050,原版即为简单返回／空函数,228931,239907,1
function_4ce058,原版即为简单返回／空函数,228937,239913,1
function_4ce080,原版即为简单返回／空函数,228943,239919,1
function_4ce08b,原版即为简单返回／空函数,228949,239925,1
function_4ce093,原版即为简单返回／空函数,228955,239931,1
function_4ce09b,原版即为简单返回／空函数,228961,239937,1
function_4ce0a3,保留原反编译函数体,228967,239943,1
function_4ce0d0,原版即为简单返回／空函数,228974,239950,1
function_4ce0db,原版即为简单返回／空函数,228980,239956,1
function_4ce0e6,原版即为简单返回／空函数,228986,239962,1
function_4ce0f1,保留原反编译函数体,228992,239968,1
function_4ce120,原版即为简单返回／空函数,229000,239976,1
function_4ce128,原版即为简单返回／空函数,229006,239982,1
function_4ce130,原版即为简单返回／空函数,229012,239988,1
function_4ce138,原版即为简单返回／空函数,229018,239994,1
function_4ce160,原版即为简单返回／空函数,229024,240000,1
function_4ce168,原版即为简单返回／空函数,229030,240006,1
function_4ce190,原版即为简单返回／空函数,229036,240012,1
function_4ce1c0,原版即为简单返回／空函数,229042,240018,1
function_4ce1c8,原版即为简单返回／空函数,229048,240024,1
function_4ce1d0,原版即为简单返回／空函数,229054,240030,1
function_4ce200,原版即为简单返回／空函数,229060,240036,1
function_4ce208,原版即为简单返回／空函数,229066,240042,1
function_4ce230,原版即为简单返回／空函数,229072,240048,1
function_4ce238,原版即为简单返回／空函数,229078,240054,1
function_4ce240,原版即为简单返回／空函数,229084,240060,1
function_4ce270,原版即为简单返回／空函数,229090,240066,1
function_4ce281,原版即为简单返回／空函数,229096,240072,1
function_4ce292,原版即为简单返回／空函数,229102,240078,1
function_4ce29a,原版即为简单返回／空函数,229108,240084,1
function_4ce2a2,原版即为简单返回／空函数,229114,240090,1
function_4ce2aa,原版即为简单返回／空函数,229120,240096,1
function_4ce2b2,原版即为简单返回／空函数,229126,240102,1
function_4ce2ba,原版即为简单返回／空函数,229132,240108,1
function_4ce2c2,原版即为简单返回／空函数,229138,240114,1
function_4ce2ca,原版即为简单返回／空函数,229144,240120,1
function_4ce2d2,原版即为简单返回／空函数,229150,240126,1
function_4ce2da,原版即为简单返回／空函数,229156,240132,1
function_4ce2e2,原版即为简单返回／空函数,229162,240138,1
function_4ce2ea,原版即为简单返回／空函数,229168,240144,1
function_4ce2f2,原版即为简单返回／空函数,229174,240150,1
function_4ce2fa,原版即为简单返回／空函数,229180,240156,1
function_4ce302,原版即为简单返回／空函数,229186,240162,1
function_4ce30a,原版即为简单返回／空函数,229192,240168,1
function_4ce312,原版即为简单返回／空函数,229198,240174,1
function_4ce323,原版即为简单返回／空函数,229204,240180,1
function_4ce32b,原版即为简单返回／空函数,229210,240186,1
function_4ce333,原版即为简单返回／空函数,229216,240192,1
function_4ce360,原版即为简单返回／空函数,229222,240198,1
function_4ce371,原版即为简单返回／空函数,229228,240204,1
function_4ce382,原版即为简单返回／空函数,229234,240210,1
function_4ce3b0,原版即为简单返回／空函数,229240,240216,1
function_4ce3bb,原版即为简单返回／空函数,229246,240222,1
function_4ce3f0,原版即为简单返回／空函数,229252,240228,1
function_4ce3f8,原版即为简单返回／空函数,229258,240234,1
function_4ce400,原版即为简单返回／空函数,229264,240240,1
function_4ce430,原版即为简单返回／空函数,229270,240246,1
function_4ce438,原版即为简单返回／空函数,229276,240252,1
function_4ce460,原版即为简单返回／空函数,229282,240258,1
function_4ce468,原版即为简单返回／空函数,229288,240264,1
function_4ce490,原版即为简单返回／空函数,229294,240270,1
function_4ce4a1,原版即为简单返回／空函数,229300,240276,1
function_4ce4a9,原版即为简单返回／空函数,229306,240282,1
function_4ce4d0,原版即为简单返回／空函数,229312,240288,1
function_4ce4d8,原版即为简单返回／空函数,229318,240294,1
function_4ce4e0,原版即为简单返回／空函数,229324,240300,1
function_4ce510,原版即为简单返回／空函数,229330,240306,1
function_4ce521,原版即为简单返回／空函数,229336,240312,1
function_4ce550,原版即为简单返回／空函数,229342,240318,1
function_4ce580,原版即为简单返回／空函数,229348,240324,1
function_4ce58b,原版即为简单返回／空函数,229354,240330,1
function_4ce596,原版即为简单返回／空函数,229360,240336,1
function_4ce5a1,原版即为简单返回／空函数,229366,240342,1
function_4ce5ac,原版即为简单返回／空函数,229372,240348,1
function_4ce5b7,原版即为简单返回／空函数,229378,240354,1
function_4ce5c2,原版即为简单返回／空函数,229384,240360,1
function_4ce5cd,原版即为简单返回／空函数,229390,240366,1
function_4ce5d8,原版即为简单返回／空函数,229396,240372,1
function_4ce5e3,原版即为简单返回／空函数,229402,240378,1
function_4ce5ee,原版即为简单返回／空函数,229408,240384,1
function_4ce5fc,原版即为简单返回／空函数,229414,240390,1
function_4ce60a,原版即为简单返回／空函数,229420,240396,1
function_4ce618,原版即为简单返回／空函数,229426,240402,1
function_4ce626,原版即为简单返回／空函数,229432,240408,1
function_4ce634,原版即为简单返回／空函数,229438,240414,1
function_4ce642,原版即为简单返回／空函数,229444,240420,1
function_4ce650,原版即为简单返回／空函数,229450,240426,1
function_4ce65e,原版即为简单返回／空函数,229456,240432,1
function_4ce66f,原版即为简单返回／空函数,229462,240438,1
function_4ce677,原版即为简单返回／空函数,229468,240444,1
function_4ce688,原版即为简单返回／空函数,229474,240450,1
function_4ce6b0,原版即为简单返回／空函数,229480,240456,1
function_4ce6e0,原版即为简单返回／空函数,229486,240462,1
function_4ce6e8,原版即为简单返回／空函数,229492,240468,1
function_4ce710,原版即为简单返回／空函数,229498,240474,1
function_4ce718,原版即为简单返回／空函数,229504,240480,1
function_4ce740,原版即为简单返回／空函数,229510,240486,1
function_4ce770,原版即为简单返回／空函数,229516,240492,1
function_4ce778,原版即为简单返回／空函数,229522,240498,1
function_4ce780,原版即为简单返回／空函数,229528,240504,1
function_4ce788,原版即为简单返回／空函数,229534,240510,1
function_4ce790,原版即为简单返回／空函数,229540,240516,1
function_4ce798,原版即为简单返回／空函数,229546,240522,1
function_4ce7a0,原版即为简单返回／空函数,229552,240528,1
function_4ce7a8,原版即为简单返回／空函数,229558,240534,1
function_4ce7b0,原版即为简单返回／空函数,229564,240540,1
function_4ce7b8,原版即为简单返回／空函数,229570,240546,1
function_4ce7e0,原版即为简单返回／空函数,229576,240552,1
function_4ce7eb,原版即为简单返回／空函数,229582,240558,1
function_4ce7f6,原版即为简单返回／空函数,229588,240564,1
function_4ce801,原版即为简单返回／空函数,229594,240570,1
function_4ce80c,原版即为简单返回／空函数,229600,240576,1
function_4ce817,原版即为简单返回／空函数,229606,240582,1
function_4ce822,原版即为简单返回／空函数,229612,240588,1
function_4ce82d,原版即为简单返回／空函数,229618,240594,1
function_4ce838,原版即为简单返回／空函数,229624,240600,1
function_4ce843,原版即为简单返回／空函数,229630,240606,1
function_4ce84e,原版即为简单返回／空函数,229636,240612,1
function_4ce85c,原版即为简单返回／空函数,229642,240618,1
function_4ce86a,原版即为简单返回／空函数,229648,240624,1
function_4ce878,原版即为简单返回／空函数,229654,240630,1
function_4ce886,原版即为简单返回／空函数,229660,240636,1
function_4ce894,原版即为简单返回／空函数,229666,240642,1
function_4ce8a2,原版即为简单返回／空函数,229672,240648,1
function_4ce8b0,原版即为简单返回／空函数,229678,240654,1
function_4ce8e0,原版即为简单返回／空函数,229684,240660,1
function_4ce8e8,原版即为简单返回／空函数,229690,240666,1
function_4ce8f0,原版即为简单返回／空函数,229696,240672,1
function_4ce920,原版即为简单返回／空函数,229702,240678,1
function_4ce950,原版即为简单返回／空函数,229708,240684,1
function_4ce961,原版即为简单返回／空函数,229714,240690,1
function_4ce969,原版即为简单返回／空函数,229720,240696,1
function_4ce971,原版即为简单返回／空函数,229726,240702,1
function_4ce979,原版即为简单返回／空函数,229732,240708,1
function_4ce981,原版即为简单返回／空函数,229738,240714,1
function_4ce989,原版即为简单返回／空函数,229744,240720,1
function_4ce991,原版即为简单返回／空函数,229750,240726,1
function_4ce999,原版即为简单返回／空函数,229756,240732,1
function_4ce9a1,原版即为简单返回／空函数,229762,240738,1
function_4ce9a9,原版即为简单返回／空函数,229768,240744,1
function_4ce9b1,原版即为简单返回／空函数,229774,240750,1
function_4ce9b9,原版即为简单返回／空函数,229780,240756,1
function_4ce9c1,原版即为简单返回／空函数,229786,240762,1
function_4ce9c9,原版即为简单返回／空函数,229792,240768,1
function_4ce9d1,原版即为简单返回／空函数,229798,240774,1
function_4ce9d9,原版即为简单返回／空函数,229804,240780,1
function_4ce9e1,原版即为简单返回／空函数,229810,240786,1
function_4ce9e9,原版即为简单返回／空函数,229816,240792,1
function_4ce9f1,原版即为简单返回／空函数,229822,240798,1
function_4ce9f9,原版即为简单返回／空函数,229828,240804,1
function_4cea01,原版即为简单返回／空函数,229834,240810,1
function_4cea09,原版即为简单返回／空函数,229840,240816,1
function_4cea11,原版即为简单返回／空函数,229846,240822,1
function_4cea19,原版即为简单返回／空函数,229852,240828,1
function_4cea21,原版即为简单返回／空函数,229858,240834,1
function_4cea29,原版即为简单返回／空函数,229864,240840,1
function_4cea31,原版即为简单返回／空函数,229870,240846,1
function_4cea39,原版即为简单返回／空函数,229876,240852,1
function_4cea41,原版即为简单返回／空函数,229882,240858,1
function_4cea49,原版即为简单返回／空函数,229888,240864,1
function_4cea51,原版即为简单返回／空函数,229894,240870,1
function_4cea59,原版即为简单返回／空函数,229900,240876,1
function_4cea61,原版即为简单返回／空函数,229906,240882,1
function_4cea69,原版即为简单返回／空函数,229912,240888,1
function_4cea71,原版即为简单返回／空函数,229918,240894,1
function_4cea79,原版即为简单返回／空函数,229924,240900,1
function_4cea81,原版即为简单返回／空函数,229930,240906,1
function_4cea89,原版即为简单返回／空函数,229936,240912,1
function_4cea91,原版即为简单返回／空函数,229942,240918,1
function_4cea99,原版即为简单返回／空函数,229948,240924,1
function_4ceaa1,原版即为简单返回／空函数,229954,240930,1
function_4ceaa9,原版即为简单返回／空函数,229960,240936,1
function_4ceab1,原版即为简单返回／空函数,229966,240942,1
function_4ceab9,原版即为简单返回／空函数,229972,240948,1
function_4ceac1,原版即为简单返回／空函数,229978,240954,1
function_4ceac9,原版即为简单返回／空函数,229984,240960,1
function_4cead1,原版即为简单返回／空函数,229990,240966,1
function_4cead9,原版即为简单返回／空函数,229996,240972,1
function_4ceae1,原版即为简单返回／空函数,230002,240978,1
function_4ceae9,原版即为简单返回／空函数,230008,240984,1
function_4ceaf1,原版即为简单返回／空函数,230014,240990,1
function_4ceaf9,原版即为简单返回／空函数,230020,240996,1
function_4ceb01,原版即为简单返回／空函数,230026,241002,1
function_4ceb09,原版即为简单返回／空函数,230032,241008,1
function_4ceb11,原版即为简单返回／空函数,230038,241014,1
function_4ceb19,原版即为简单返回／空函数,230044,241020,1
function_4ceb21,原版即为简单返回／空函数,230050,241026,1
function_4ceb29,原版即为简单返回／空函数,230056,241032,1
function_4ceb31,原版即为简单返回／空函数,230062,241038,1
function_4ceb39,原版即为简单返回／空函数,230068,241044,1
function_4ceb41,原版即为简单返回／空函数,230074,241050,1
function_4ceb49,原版即为简单返回／空函数,230080,241056,1
function_4ceb51,原版即为简单返回／空函数,230086,241062,1
function_4ceb59,原版即为简单返回／空函数,230092,241068,1
function_4ceb61,原版即为简单返回／空函数,230098,241074,1
function_4ceb69,原版即为简单返回／空函数,230104,241080,1
function_4ceb71,原版即为简单返回／空函数,230110,241086,1
function_4ceb79,原版即为简单返回／空函数,230116,241092,1
function_4ceb81,原版即为简单返回／空函数,230122,241098,1
function_4ceb89,原版即为简单返回／空函数,230128,241104,1
function_4ceb91,原版即为简单返回／空函数,230134,241110,1
function_4ceb99,原版即为简单返回／空函数,230140,241116,1
function_4ceba1,原版即为简单返回／空函数,230146,241122,1
function_4ceba9,原版即为简单返回／空函数,230152,241128,1
function_4cebb1,原版即为简单返回／空函数,230158,241134,1
function_4cebb9,原版即为简单返回／空函数,230164,241140,1
function_4cebe0,保留原反编译函数体,230170,241146,1
function_4cec10,保留原反编译函数体,230177,241153,1
function_4cec50,保留原反编译函数体,230192,241168,1
function_4cec90,保留原反编译函数体,230207,241183,1
function_4cecd0,保留原反编译函数体,230222,241198,1
function_4ced10,原版即为简单返回／空函数,230237,241213,1
function_4ced40,原版即为简单返回／空函数,230243,241219,1
function_4ced4b,保留原反编译函数体,230249,241225,1
function_4ced80,原版即为简单返回／空函数,230257,241233,1
function_4ced8b,原版即为简单返回／空函数,230263,241239,1
function_4ced96,保留原反编译函数体,230269,241245,1
function_4cedc0,原版即为简单返回／空函数,230277,241253,1
function_4cedc8,原版即为简单返回／空函数,230283,241259,1
function_4cedd0,原版即为简单返回／空函数,230289,241265,1
function_4cee00,原版即为简单返回／空函数,230295,241271,1
function_4cee3e,原版即为简单返回／空函数,230301,241277,1
function_4cee61,原版即为简单返回／空函数,230307,241283,1
function_4cee69,原版即为简单返回／空函数,230313,241289,1
function_4cee90,原版即为简单返回／空函数,230319,241295,1
function_4cee98,原版即为简单返回／空函数,230325,241301,1
function_4ceea3,原版即为简单返回／空函数,230331,241307,1
function_4ceeae,原版即为简单返回／空函数,230337,241313,1
function_4ceeb9,原版即为简单返回／空函数,230343,241319,1
function_4ceee0,原版即为简单返回／空函数,230349,241325,1
function_4ceee8,保留原反编译函数体,230355,241331,1
function_4cf550,原版即为简单返回／空函数,230362,241338,1
function_4cf558,原版即为简单返回／空函数,230368,241344,1
function_4cf563,原版即为简单返回／空函数,230374,241350,1
function_4cf56e,原版即为简单返回／空函数,230380,241356,1
function_4cf579,原版即为简单返回／空函数,230386,241362,1
function_4cf5a0,原版即为简单返回／空函数,230392,241368,1
function_4cf5a8,原版即为简单返回／空函数,230398,241374,1
function_4cf5d0,原版即为简单返回／空函数,230404,241380,1
function_4cf600,原版即为简单返回／空函数,230410,241386,1
function_4cf60b,原版即为简单返回／空函数,230416,241392,1
function_4cf616,原版即为简单返回／空函数,230422,241398,1
function_4cf621,原版即为简单返回／空函数,230428,241404,1
function_4cf650,原版即为简单返回／空函数,230434,241410,1
function_4cf680,保留原反编译函数体,230440,241416,1
function_4cf6a0,原版即为简单返回／空函数,230447,241423,1
function_4cf6ab,原版即为简单返回／空函数,230453,241429,1
function_4cf6b9,原版即为简单返回／空函数,230459,241435,1
function_4cf6f0,原版即为简单返回／空函数,230465,241441,1
function_4cf720,原版即为简单返回／空函数,230471,241447,1
function_4cf750,原版即为简单返回／空函数,230477,241453,1
function_4cf758,原版即为简单返回／空函数,230483,241459,1
function_4cf790,原版即为简单返回／空函数,230489,241465,1
function_4cf7c0,原版即为简单返回／空函数,230495,241471,1
function_4cf7c8,原版即为简单返回／空函数,230501,241477,1
function_4cf7d3,原版即为简单返回／空函数,230507,241483,1
function_4cf7de,原版即为简单返回／空函数,230513,241489,1
function_4cf810,原版即为简单返回／空函数,230519,241495,1
function_4cf81b,原版即为简单返回／空函数,230525,241501,1
function_4cf826,原版即为简单返回／空函数,230531,241507,1
function_4cf831,原版即为简单返回／空函数,230537,241513,1
function_4cf83c,原版即为简单返回／空函数,230543,241519,1
function_4cf870,原版即为简单返回／空函数,230549,241525,1
function_4cf878,原版即为简单返回／空函数,230555,241531,1
function_4cf883,原版即为简单返回／空函数,230561,241537,1
function_4cf88e,原版即为简单返回／空函数,230567,241543,1
function_4cf8c0,原版即为简单返回／空函数,230573,241549,1
function_4cf8f0,原版即为简单返回／空函数,230579,241555,1
function_4cf8f8,原版即为简单返回／空函数,230585,241561,1
function_4cf903,原版即为简单返回／空函数,230591,241567,1
function_4cf90e,原版即为简单返回／空函数,230597,241573,1
function_4cf940,原版即为简单返回／空函数,230603,241579,1
function_4cf948,原版即为简单返回／空函数,230609,241585,1
function_4cf980,原版即为简单返回／空函数,230615,241591,1
function_4cf9d0,原版即为简单返回／空函数,230621,241597,1
function_4cfa20,原版即为简单返回／空函数,230627,241603,1
function_4cfa50,原版即为简单返回／空函数,230633,241609,1
function_4cfa80,保留原反编译函数体,230639,241615,1
function_4cfa8b,原版即为简单返回／空函数,230646,241622,1
function_4cfac0,原版即为简单返回／空函数,230652,241628,1
function_4cfacb,原版即为简单返回／空函数,230658,241634,1
function_4cfb00,原版即为简单返回／空函数,230664,241640,1
function_4cfb08,原版即为简单返回／空函数,230670,241646,1
function_4cfb50,原版即为简单返回／空函数,230676,241652,1
function_4cfb80,原版即为简单返回／空函数,230682,241658,1
function_4cfbf0,保留原反编译函数体,230688,241664,1
function_4cfc20,原版即为简单返回／空函数,230695,241671,1
function_4cfc50,原版即为简单返回／空函数,230701,241677,1
function_4cfc80,保留原反编译函数体,230707,241683,1
function_4cfc8b,保留原反编译函数体,230714,241690,1
function_4cfca5,原版即为简单返回／空函数,230730,241706,1
function_4cfcd0,原版即为简单返回／空函数,230736,241712,1
function_4cfd00,原版即为简单返回／空函数,230742,241718,1
function_4cfd30,原版即为简单返回／空函数,230748,241724,1
function_4cfd3b,原版即为简单返回／空函数,230754,241730,1
function_4cfd46,原版即为简单返回／空函数,230760,241736,1
function_4cfd51,原版即为简单返回／空函数,230766,241742,1
function_4cfd5c,原版即为简单返回／空函数,230772,241748,1
function_4cfd90,原版即为简单返回／空函数,230778,241754,1
function_4cfd9b,原版即为简单返回／空函数,230784,241760,1
function_4cfda6,原版即为简单返回／空函数,230790,241766,1
function_4cfdb1,原版即为简单返回／空函数,230796,241772,1
function_4cfdbc,原版即为简单返回／空函数,230802,241778,1
function_4cfdf0,原版即为简单返回／空函数,230808,241784,1
function_4cfdf8,原版即为简单返回／空函数,230814,241790,1
function_4cfe20,原版即为简单返回／空函数,230820,241796,1
function_4cfe50,原版即为简单返回／空函数,230826,241802,1
function_4cfe58,保留原反编译函数体,230832,241808,1
function_4cfe80,原版即为简单返回／空函数,230839,241815,1
function_4cfe88,原版即为简单返回／空函数,230845,241821,1
function_4cfe93,原版即为简单返回／空函数,230851,241827,1
function_4cfe9e,原版即为简单返回／空函数,230857,241833,1
function_4cfed0,原版即为简单返回／空函数,230863,241839,1
function_4cfed8,原版即为简单返回／空函数,230869,241845,1
function_4cfee3,原版即为简单返回／空函数,230875,241851,1
function_4cfeee,原版即为简单返回／空函数,230881,241857,1
function_4cff20,原版即为简单返回／空函数,230887,241863,1
function_4cff28,原版即为简单返回／空函数,230893,241869,1
function_4cff33,保留原反编译函数体,230899,241875,1
function_4cff4b,保留原反编译函数体,230907,241883,1
function_4cff63,保留原反编译函数体,230915,241891,1
function_4cff72,保留原反编译函数体,230922,241898,1
function_4cffa0,原版即为简单返回／空函数,230929,241905,1
function_4cffa8,原版即为简单返回／空函数,230935,241911,1
function_4cffb3,保留原反编译函数体,230941,241917,1
function_4cfff0,原版即为简单返回／空函数,230949,241925,1
function_4cfff8,原版即为简单返回／空函数,230955,241931,1
function_4d0003,原版即为简单返回／空函数,230961,241937,1
function_4d0030,原版即为简单返回／空函数,230967,241943,1
function_4d0038,原版即为简单返回／空函数,230973,241949,1
function_4d0043,原版即为简单返回／空函数,230979,241955,1
function_4d0070,原版即为简单返回／空函数,230985,241961,1
function_4d0078,原版即为简单返回／空函数,230991,241967,1
function_4d0083,原版即为简单返回／空函数,230997,241973,1
function_4d008e,原版即为简单返回／空函数,231003,241979,1
function_4d00e0,保留原反编译函数体,231009,241985,1
function_4d0110,原版即为简单返回／空函数,231016,241992,1
function_4d0140,保留原反编译函数体,231022,241998,1
function_4d014d,原版即为简单返回／空函数,231029,242005,1
function_4d0170,原版即为简单返回／空函数,231035,242011,1
function_4d0178,保留原反编译函数体,231041,242017,1
function_4d01a0,已修改／替换的非空实现,231048,242024,1
function_4d01a8,原版即为简单返回／空函数,231055,242031,1
function_4d01b0,原版即为简单返回／空函数,231061,242037,1
function_4d01e0,已修改／替换的非空实现,231067,242043,1
function_4d0210,原版即为简单返回／空函数,231074,242050,1
function_4d0218,原版即为简单返回／空函数,231080,242056,1
function_4d0220,原版即为简单返回／空函数,231086,242062,1
function_4d0250,保留原反编译函数体,231092,242068,1
function_4d025d,原版即为简单返回／空函数,231099,242075,1
function_4d0280,原版即为简单返回／空函数,231105,242081,1
function_4d02b0,保留原反编译函数体,231111,242087,1
function_4d02bd,原版即为简单返回／空函数,231118,242094,1
function_4d02e0,原版即为简单返回／空函数,231124,242100,1
function_4d0310,原版即为简单返回／空函数,231130,242106,1
function_4d0340,原版即为简单返回／空函数,231136,242112,1
function_4d03b0,原版即为简单返回／空函数,231142,242118,1
function_4d03b8,原版即为简单返回／空函数,231148,242124,1
function_4d03e0,保留原反编译函数体,231154,242130,1
function_4d03ea,原版即为简单返回／空函数,231161,242137,1
function_4d03f5,原版即为简单返回／空函数,231167,242143,1
function_4d0440,原版即为简单返回／空函数,231173,242149,1
function_4d0470,原版即为简单返回／空函数,231179,242155,1
function_4d04c0,原版即为简单返回／空函数,231185,242161,1
function_4d04c8,原版即为简单返回／空函数,231191,242167,1
function_4d0500,原版即为简单返回／空函数,231197,242173,1
function_4d0508,原版即为简单返回／空函数,231203,242179,1
function_4d0510,保留原反编译函数体,231209,242185,1
function_4d0540,原版即为简单返回／空函数,231217,242193,1
function_4d054b,原版即为简单返回／空函数,231223,242199,1
function_4d0556,原版即为简单返回／空函数,231229,242205,1
function_4d0564,原版即为简单返回／空函数,231235,242211,1
function_4d0572,原版即为简单返回／空函数,231241,242217,1
function_4d0580,原版即为简单返回／空函数,231247,242223,1
function_4d058d,原版即为简单返回／空函数,231253,242229,1
function_4d05c0,原版即为简单返回／空函数,231259,242235,1
function_4d05c8,原版即为简单返回／空函数,231265,242241,1
function_4d05f0,原版即为简单返回／空函数,231271,242247,1
function_4d0620,原版即为简单返回／空函数,231277,242253,1
function_4d0650,原版即为简单返回／空函数,231283,242259,1
function_4d0680,保留原反编译函数体,231289,242265,1
function_4d06b0,保留原反编译函数体,231296,242272,1
function_4d06e0,原版即为简单返回／空函数,231303,242279,1
function_4d06eb,原版即为简单返回／空函数,231309,242285,1
function_4d06f6,保留原反编译函数体,231315,242291,1
function_4d0704,保留原反编译函数体,231322,242298,1
function_4d0730,原版即为简单返回／空函数,231330,242306,1
function_4d0738,原版即为简单返回／空函数,231336,242312,1
function_4d0760,原版即为简单返回／空函数,231342,242318,1
function_4d0790,原版即为简单返回／空函数,231348,242324,1
function_4d0798,原版即为简单返回／空函数,231354,242330,1
function_4d07a3,原版即为简单返回／空函数,231360,242336,1
function_4d07ae,原版即为简单返回／空函数,231366,242342,1
function_4d07b9,原版即为简单返回／空函数,231372,242348,1
function_4d07e0,原版即为简单返回／空函数,231378,242354,1
function_4d07e8,原版即为简单返回／空函数,231384,242360,1
function_4d07f3,原版即为简单返回／空函数,231390,242366,1
function_4d0820,原版即为简单返回／空函数,231396,242372,1
function_4d0828,原版即为简单返回／空函数,231402,242378,1
function_4d0833,原版即为简单返回／空函数,231408,242384,1
function_4d083e,原版即为简单返回／空函数,231414,242390,1
function_4d0849,原版即为简单返回／空函数,231420,242396,1
function_4d0857,原版即为简单返回／空函数,231426,242402,1
function_4d0880,原版即为简单返回／空函数,231432,242408,1
function_4d0888,原版即为简单返回／空函数,231438,242414,1
function_4d0890,原版即为简单返回／空函数,231444,242420,1
function_4d0898,原版即为简单返回／空函数,231450,242426,1
function_4d08c0,原版即为简单返回／空函数,231456,242432,1
function_4d08cb,原版即为简单返回／空函数,231462,242438,1
function_4d08d6,原版即为简单返回／空函数,231468,242444,1
function_4d08e1,保留原反编译函数体,231474,242450,1
function_4d0910,原版即为简单返回／空函数,231482,242458,1
function_4d0940,保留原反编译函数体,231488,242464,1
function_4d094d,原版即为简单返回／空函数,231495,242471,1
function_4d0955,原版即为简单返回／空函数,231501,242477,1
function_4d0980,原版即为简单返回／空函数,231507,242483,1
function_4d09b0,原版即为简单返回／空函数,231513,242489,1
function_4d09e0,保留原反编译函数体,231519,242495,1
function_4d09e8,原版即为简单返回／空函数,231526,242502,1
function_4d09f6,原版即为简单返回／空函数,231532,242508,1
function_4d0a04,原版即为简单返回／空函数,231538,242514,1
function_4d0a12,原版即为简单返回／空函数,231544,242520,1
function_4d0a20,原版即为简单返回／空函数,231550,242526,1
function_4d0a50,原版即为简单返回／空函数,231556,242532,1
function_4d0a80,原版即为简单返回／空函数,231562,242538,1
function_4d0a8b,原版即为简单返回／空函数,231568,242544,1
function_4d0a96,原版即为简单返回／空函数,231574,242550,1
function_4d0aa1,原版即为简单返回／空函数,231580,242556,1
function_4d0aac,保留原反编译函数体,231586,242562,1
function_4d0ab9,原版即为简单返回／空函数,231593,242569,1
function_4d0ac7,原版即为简单返回／空函数,231599,242575,1
function_4d0acf,原版即为简单返回／空函数,231605,242581,1
function_4d0b00,原版即为简单返回／空函数,231611,242587,1
function_4d0b0b,原版即为简单返回／空函数,231617,242593,1
function_4d0b16,原版即为简单返回／空函数,231623,242599,1
function_4d0b21,原版即为简单返回／空函数,231629,242605,1
function_4d0b50,原版即为简单返回／空函数,231635,242611,1
function_4d0b58,原版即为简单返回／空函数,231641,242617,1
function_4d0b63,原版即为简单返回／空函数,231647,242623,1
function_4d0b6e,原版即为简单返回／空函数,231653,242629,1
function_4d0b79,保留原反编译函数体,231659,242635,1
function_4d0b88,原版即为简单返回／空函数,231666,242642,1
function_4d0bb0,原版即为简单返回／空函数,231672,242648,1
function_4d0be0,原版即为简单返回／空函数,231678,242654,1
function_4d0be8,保留原反编译函数体,231684,242660,1
function_4d0c30,原版即为简单返回／空函数,231691,242667,1
function_4d0c60,原版即为简单返回／空函数,231697,242673,1
function_4d0c90,原版即为简单返回／空函数,231703,242679,1
function_4d0c9b,原版即为简单返回／空函数,231709,242685,1
function_4d0ca3,原版即为简单返回／空函数,231715,242691,1
function_4d0ce0,原版即为简单返回／空函数,231721,242697,1
function_4d0d30,原版即为简单返回／空函数,231727,242703,1
function_4d0d60,原版即为简单返回／空函数,231733,242709,1
function_4d0d90,原版即为简单返回／空函数,231739,242715,1
function_4d0d98,原版即为简单返回／空函数,231745,242721,1
function_4d0da0,原版即为简单返回／空函数,231751,242727,1
function_4d0dd0,原版即为简单返回／空函数,231757,242733,1
function_4d0dd8,原版即为简单返回／空函数,231763,242739,1
function_4d0de0,原版即为简单返回／空函数,231769,242745,1
function_4d0e10,原版即为简单返回／空函数,231775,242751,1
function_4d0e18,原版即为简单返回／空函数,231781,242757,1
function_4d0e50,原版即为简单返回／空函数,231787,242763,1
function_4d0e58,保留原反编译函数体,231793,242769,1
function_4d0e80,原版即为简单返回／空函数,231801,242777,1
function_4d0e88,保留原反编译函数体,231807,242783,1
function_4d0eb0,原版即为简单返回／空函数,231815,242791,1
function_4d0eb8,保留原反编译函数体,231821,242797,1
function_4d0ee0,原版即为简单返回／空函数,231829,242805,1
function_4d0f10,原版即为简单返回／空函数,231835,242811,1
function_4d0f40,原版即为简单返回／空函数,231841,242817,1
function_4d0f70,原版即为简单返回／空函数,231847,242823,1
function_4d0fa0,原版即为简单返回／空函数,231853,242829,1
function_4d0fd0,原版即为简单返回／空函数,231859,242835,1
function_4d1000,原版即为简单返回／空函数,231865,242841,1
function_4d100b,保留原反编译函数体,231871,242847,1
function_4d1040,原版即为简单返回／空函数,231879,242855,1
function_4d104b,保留原反编译函数体,231885,242861,1
function_4d1080,原版即为简单返回／空函数,231893,242869,1
function_4d108b,保留原反编译函数体,231899,242875,1
function_4d10c0,原版即为简单返回／空函数,231907,242883,1
function_4d10f0,原版即为简单返回／空函数,231913,242889,1
function_4d1120,原版即为简单返回／空函数,231919,242895,1
function_4d1150,原版即为简单返回／空函数,231925,242901,1
function_4d1158,保留原反编译函数体,231931,242907,1
function_4d1180,原版即为简单返回／空函数,231939,242915,1
function_4d1188,原版即为简单返回／空函数,231945,242921,1
function_4d11c0,原版即为简单返回／空函数,231951,242927,1
function_4d11f0,原版即为简单返回／空函数,231957,242933,1
function_4d11f8,保留原反编译函数体,231963,242939,1
function_4d1220,保留原反编译函数体,231971,242947,1
function_4d122b,保留原反编译函数体,231978,242954,1
function_4d1280,已修改／替换的非空实现,231993,242969,1
function_4d1288,原版即为简单返回／空函数,232000,242976,1
function_4d1290,原版即为简单返回／空函数,232006,242982,1
function_4d12e0,原版即为简单返回／空函数,232012,242988,1
function_4d1310,原版即为简单返回／空函数,232018,242994,1
function_4d1318,原版即为简单返回／空函数,232024,243000,1
function_4d1329,保留原反编译函数体,232030,243006,1
function_4d1333,原版即为简单返回／空函数,232037,243013,1
function_4d13a0,原版即为简单返回／空函数,232043,243019,1
function_4d13ab,原版即为简单返回／空函数,232049,243025,1
function_4d13b3,原版即为简单返回／空函数,232055,243031,1
function_4d13be,原版即为简单返回／空函数,232061,243037,1
function_4d13c9,原版即为简单返回／空函数,232067,243043,1
function_4d13f0,原版即为简单返回／空函数,232073,243049,1
function_4d13f8,原版即为简单返回／空函数,232079,243055,1
function_4d1420,原版即为简单返回／空函数,232085,243061,1
function_4d1470,原版即为简单返回／空函数,232091,243067,1
function_4d147b,原版即为简单返回／空函数,232097,243073,1
function_4d1492,保留原反编译函数体,232103,243079,1
function_4d14c0,原版即为简单返回／空函数,232111,243087,1
function_4d14cb,原版即为简单返回／空函数,232117,243093,1
function_4d14d6,原版即为简单返回／空函数,232123,243099,1
function_4d14e1,保留原反编译函数体,232129,243105,1
function_4d14f0,原版即为简单返回／空函数,232136,243112,1
function_4d1520,保留原反编译函数体,232142,243118,1
function_4d152e,原版即为简单返回／空函数,232149,243125,1
function_4d1536,原版即为简单返回／空函数,232155,243131,1
function_4d153e,原版即为简单返回／空函数,232161,243137,1
function_4d1590,保留原反编译函数体,232167,243143,1
function_4d159e,原版即为简单返回／空函数,232174,243150,1
function_4d15a6,原版即为简单返回／空函数,232180,243156,1
function_4d15ae,原版即为简单返回／空函数,232186,243162,1
function_4d15b6,原版即为简单返回／空函数,232192,243168,1
function_4d15be,原版即为简单返回／空函数,232198,243174,1
function_4d15f0,原版即为简单返回／空函数,232204,243180,1
function_4d15fb,原版即为简单返回／空函数,232210,243186,1
function_4d1609,原版即为简单返回／空函数,232216,243192,1
function_4d1617,原版即为简单返回／空函数,232222,243198,1
function_4d1640,保留原反编译函数体,232228,243204,1
function_4d164e,原版即为简单返回／空函数,232235,243211,1
function_4d1656,原版即为简单返回／空函数,232241,243217,1
function_4d165e,原版即为简单返回／空函数,232247,243223,1
function_4d1690,原版即为简单返回／空函数,232253,243229,1
function_4d169b,原版即为简单返回／空函数,232259,243235,1
function_4d16a6,原版即为简单返回／空函数,232265,243241,1
function_4d16b1,原版即为简单返回／空函数,232271,243247,1
function_4d16bf,原版即为简单返回／空函数,232277,243253,1
function_4d1710,原版即为简单返回／空函数,232283,243259,1
function_4d1740,原版即为简单返回／空函数,232289,243265,1
function_4d174b,原版即为简单返回／空函数,232295,243271,1
function_4d1756,原版即为简单返回／空函数,232301,243277,1
function_4d1764,原版即为简单返回／空函数,232307,243283,1
function_4d1772,原版即为简单返回／空函数,232313,243289,1
function_4d1780,原版即为简单返回／空函数,232319,243295,1
function_4d178d,原版即为简单返回／空函数,232325,243301,1
function_4d17c0,原版即为简单返回／空函数,232331,243307,1
function_4d17c8,原版即为简单返回／空函数,232337,243313,1
function_4d17d0,原版即为简单返回／空函数,232343,243319,1
function_4d17d8,原版即为简单返回／空函数,232349,243325,1
function_4d17e0,原版即为简单返回／空函数,232355,243331,1
function_4d1810,原版即为简单返回／空函数,232361,243337,1
function_4d1840,原版即为简单返回／空函数,232367,243343,1
function_4d1870,原版即为简单返回／空函数,232373,243349,1
function_4d1878,保留原反编译函数体,232379,243355,1
function_4d18a0,保留原反编译函数体,232387,243363,1
function_4d18d0,原版即为简单返回／空函数,232394,243370,1
function_4d1930,保留原反编译函数体,232400,243376,1
function_4d1970,原版即为简单返回／空函数,232415,243391,1
function_4d19a0,原版即为简单返回／空函数,232421,243397,1
function_4d19a8,原版即为简单返回／空函数,232427,243403,1
function_4d19e0,原版即为简单返回／空函数,232433,243409,1
function_4d19e8,已修改／替换的非空实现,232439,243415,1
function_4d19f0,保留原反编译函数体,232446,243422,1
function_4d19fb,原版即为简单返回／空函数,232453,243429,1
function_4d1a03,原版即为简单返回／空函数,232459,243435,1
function_4d1a0b,保留原反编译函数体,232465,243441,1
function_4d1a16,原版即为简单返回／空函数,232472,243448,1
function_4d1a1e,保留原反编译函数体,232478,243454,1
function_4d1a40,原版即为简单返回／空函数,232485,243461,1
function_4d1a48,已修改／替换的非空实现,232491,243467,1
function_4d1a50,保留原反编译函数体,232498,243474,1
function_4d1a5b,原版即为简单返回／空函数,232505,243481,1
function_4d1a63,原版即为简单返回／空函数,232511,243487,1
function_4d1a6b,原版即为简单返回／空函数,232517,243493,1
function_4d1a73,保留原反编译函数体,232523,243499,1
function_4d1a90,已修改／替换的非空实现,232530,243506,1
function_4d1ac0,原版即为简单返回／空函数,232537,243513,1
function_4d1af0,保留原反编译函数体,232543,243519,1
function_4d1b20,原版即为简单返回／空函数,232550,243526,1
function_4d1b50,保留原反编译函数体,232556,243532,1
function_4d1b80,保留原反编译函数体,232563,243539,1
function_4d1bb0,原版即为简单返回／空函数,232570,243546,1
function_4d1c00,保留原反编译函数体,232576,243552,1
function_4d1c30,原版即为简单返回／空函数,232583,243559,1
function_4d1c38,原版即为简单返回／空函数,232589,243565,1
function_4d1c40,原版即为简单返回／空函数,232595,243571,1
function_4d1c48,保留原反编译函数体,232601,243577,1
function_4d1c70,原版即为简单返回／空函数,232609,243585,1
function_4d1c78,原版即为简单返回／空函数,232615,243591,1
function_4d1c80,原版即为简单返回／空函数,232621,243597,1
function_4d1c88,原版即为简单返回／空函数,232627,243603,1
function_4d1c90,保留原反编译函数体,232633,243609,1
function_4d1cc0,原版即为简单返回／空函数,232641,243617,1
function_4d1d10,原版即为简单返回／空函数,232647,243623,1
function_4d1d60,原版即为简单返回／空函数,232653,243629,1
function_4d1d90,保留原反编译函数体,232659,243635,1
function_4d1dc0,原版即为简单返回／空函数,232666,243642,1
function_4d1dcb,保留原反编译函数体,232672,243648,1
function_4d1dd9,原版即为简单返回／空函数,232679,243655,1
function_4d1de1,原版即为简单返回／空函数,232685,243661,1
function_4d1e10,原版即为简单返回／空函数,232691,243667,1
function_4d1e21,原版即为简单返回／空函数,232697,243673,1
function_4d1e50,原版即为简单返回／空函数,232703,243679,1
function_4d1e58,保留原反编译函数体,232709,243685,1
function_4d1e80,原版即为简单返回／空函数,232717,243693,1
function_4d1eb0,原版即为简单返回／空函数,232723,243699,1
function_4d1eb8,原版即为简单返回／空函数,232729,243705,1
function_4d1ec0,保留原反编译函数体,232735,243711,1
function_4d1ee0,原版即为简单返回／空函数,232742,243718,1
function_4d1f10,保留原反编译函数体,232748,243724,1
function_4d1f40,保留原反编译函数体,232755,243731,1
function_4d1f4a,原版即为简单返回／空函数,232762,243738,1
function_4d1f52,保留原反编译函数体,232768,243744,1
function_4d1f5c,保留原反编译函数体,232775,243751,1
function_4d1f6a,原版即为简单返回／空函数,232782,243758,1
function_4d1f72,原版即为简单返回／空函数,232788,243764,1
function_4d1f7a,原版即为简单返回／空函数,232794,243770,1
function_4d1f82,原版即为简单返回／空函数,232800,243776,1
function_4d1f8a,原版即为简单返回／空函数,232806,243782,1
function_4d1f92,原版即为简单返回／空函数,232812,243788,1
function_4d1f9a,原版即为简单返回／空函数,232818,243794,1
function_4d1fa2,原版即为简单返回／空函数,232824,243800,1
function_4d1faa,保留原反编译函数体,232830,243806,1
function_4d1fd0,原版即为简单返回／空函数,232837,243813,1
function_4d2000,原版即为简单返回／空函数,232843,243819,1
function_4d2008,原版即为简单返回／空函数,232849,243825,1
function_4d2010,原版即为简单返回／空函数,232855,243831,1
function_4d2040,原版即为简单返回／空函数,232861,243837,1
function_4d2048,保留原反编译函数体,232867,243843,1
function_4d2052,原版即为简单返回／空函数,232874,243850,1
function_4d205a,原版即为简单返回／空函数,232880,243856,1
function_4d2080,原版即为简单返回／空函数,232886,243862,1
function_4d2088,原版即为简单返回／空函数,232892,243868,1
function_4d2090,原版即为简单返回／空函数,232898,243874,1
function_4d20c0,原版即为简单返回／空函数,232904,243880,1
function_4d20c8,原版即为简单返回／空函数,232910,243886,1
function_4d20d0,原版即为简单返回／空函数,232916,243892,1
function_4d2100,保留原反编译函数体,232922,243898,1
function_4d2130,原版即为简单返回／空函数,232929,243905,1
function_4d2138,原版即为简单返回／空函数,232935,243911,1
function_4d2140,原版即为简单返回／空函数,232941,243917,1
function_4d2148,原版即为简单返回／空函数,232947,243923,1
function_4d2150,保留原反编译函数体,232953,243929,1
function_4d2180,原版即为简单返回／空函数,232961,243937,1
function_4d21b0,保留原反编译函数体,232967,243943,1
function_4d21e0,原版即为简单返回／空函数,232974,243950,1
function_4d21e8,原版即为简单返回／空函数,232980,243956,1
function_4d2220,原版即为简单返回／空函数,232986,243962,1
function_4d2228,原版即为简单返回／空函数,232992,243968,1
function_4d2250,原版即为简单返回／空函数,232998,243974,1
function_4d2258,原版即为简单返回／空函数,233004,243980,1
function_4d2260,原版即为简单返回／空函数,233010,243986,1
function_4d2290,原版即为简单返回／空函数,233016,243992,1
function_4d2298,保留原反编译函数体,233022,243998,1
function_4d22c0,保留原反编译函数体,233030,244006,1
function_4d2300,原版即为简单返回／空函数,233045,244021,1
function_4d2330,原版即为简单返回／空函数,233051,244027,1
function_4d2338,保留原反编译函数体,233057,244033,1
function_4d2360,原版即为简单返回／空函数,233065,244041,1
function_4d2390,原版即为简单返回／空函数,233071,244047,1
function_4d23e0,原版即为简单返回／空函数,233077,244053,1
function_4d23f1,原版即为简单返回／空函数,233083,244059,1
function_4d2420,原版即为简单返回／空函数,233089,244065,1
function_4d242b,保留原反编译函数体,233095,244071,1
function_4d2460,原版即为简单返回／空函数,233103,244079,1
function_4d2468,原版即为简单返回／空函数,233109,244085,1
function_4d2473,保留原反编译函数体,233115,244091,1
function_4d2480,原版即为简单返回／空函数,233122,244098,1
function_4d24b0,原版即为简单返回／空函数,233128,244104,1
function_4d24bb,原版即为简单返回／空函数,233134,244110,1
function_4d24c3,原版即为简单返回／空函数,233140,244116,1
function_4d24ce,保留原反编译函数体,233146,244122,1
function_4d2500,保留原反编译函数体,233154,244130,1
function_4d2540,原版即为简单返回／空函数,233169,244145,1
function_4d2590,原版即为简单返回／空函数,233175,244151,1
function_4d25c0,原版即为简单返回／空函数,233181,244157,1
function_4d25f0,原版即为简单返回／空函数,233187,244163,1
function_4d25f8,原版即为简单返回／空函数,233193,244169,1
function_4d2630,原版即为简单返回／空函数,233199,244175,1
function_4d2638,保留原反编译函数体,233205,244181,1
function_4d2660,原版即为简单返回／空函数,233212,244188,1
function_4d2668,保留原反编译函数体,233218,244194,1
function_4d2673,保留原反编译函数体,233225,244201,1
function_4d2680,原版即为简单返回／空函数,233232,244208,1
function_4d268b,原版即为简单返回／空函数,233238,244214,1
function_4d2696,原版即为简单返回／空函数,233244,244220,1
function_4d26a1,原版即为简单返回／空函数,233250,244226,1
function_4d26ac,原版即为简单返回／空函数,233256,244232,1
function_4d26b7,原版即为简单返回／空函数,233262,244238,1
function_4d26c2,原版即为简单返回／空函数,233268,244244,1
function_4d26cd,原版即为简单返回／空函数,233274,244250,1
function_4d26d8,原版即为简单返回／空函数,233280,244256,1
function_4d26e3,原版即为简单返回／空函数,233286,244262,1
function_4d26ee,保留原反编译函数体,233292,244268,1
function_4d2720,原版即为简单返回／空函数,233300,244276,1
function_4d2728,原版即为简单返回／空函数,233306,244282,1
function_4d2730,原版即为简单返回／空函数,233312,244288,1
function_4d2738,原版即为简单返回／空函数,233318,244294,1
function_4d2740,原版即为简单返回／空函数,233324,244300,1
function_4d2748,原版即为简单返回／空函数,233330,244306,1
function_4d2750,原版即为简单返回／空函数,233336,244312,1
function_4d2780,原版即为简单返回／空函数,233342,244318,1
function_4d2788,原版即为简单返回／空函数,233348,244324,1
function_4d27c0,原版即为简单返回／空函数,233354,244330,1
function_4d27c8,原版即为简单返回／空函数,233360,244336,1
function_4d27d0,原版即为简单返回／空函数,233366,244342,1
function_4d27d8,原版即为简单返回／空函数,233372,244348,1
function_4d2810,原版即为简单返回／空函数,233378,244354,1
function_4d2818,保留原反编译函数体,233384,244360,1
function_4d2840,原版即为简单返回／空函数,233392,244368,1
function_4d284b,保留原反编译函数体,233398,244374,1
function_4d2859,原版即为简单返回／空函数,233405,244381,1
function_4d2890,保留原反编译函数体,233411,244387,1
function_4d289e,原版即为简单返回／空函数,233418,244394,1
function_4d28a6,原版即为简单返回／空函数,233424,244400,1
function_4d28ae,原版即为简单返回／空函数,233430,244406,1
function_4d28b6,保留原反编译函数体,233436,244412,1
function_4d28e0,原版即为简单返回／空函数,233443,244419,1
function_4d2910,原版即为简单返回／空函数,233449,244425,1
function_4d2940,保留原反编译函数体,233455,244431,1
function_4d2970,保留原反编译函数体,233462,244438,1
function_4d297e,原版即为简单返回／空函数,233469,244445,1
function_4d2986,原版即为简单返回／空函数,233475,244451,1
function_4d298e,原版即为简单返回／空函数,233481,244457,1
function_4d2996,保留原反编译函数体,233487,244463,1
function_4d29c0,原版即为简单返回／空函数,233494,244470,1
function_4d29c8,原版即为简单返回／空函数,233500,244476,1
function_4d29d0,保留原反编译函数体,233506,244482,1
function_4d2a00,保留原反编译函数体,233514,244490,1
function_4d2a0e,原版即为简单返回／空函数,233521,244497,1
function_4d2a16,原版即为简单返回／空函数,233527,244503,1
function_4d2a1e,原版即为简单返回／空函数,233533,244509,1
function_4d2a26,保留原反编译函数体,233539,244515,1
function_4d2a90,原版即为简单返回／空函数,233546,244522,1
function_4d2ac0,原版即为简单返回／空函数,233552,244528,1
function_4d2af0,保留原反编译函数体,233558,244534,1
function_4d2afe,原版即为简单返回／空函数,233565,244541,1
function_4d2b06,原版即为简单返回／空函数,233571,244547,1
function_4d2b0e,原版即为简单返回／空函数,233577,244553,1
function_4d2b40,原版即为简单返回／空函数,233583,244559,1
function_4d2b4b,原版即为简单返回／空函数,233589,244565,1
function_4d2b56,原版即为简单返回／空函数,233595,244571,1
function_4d2b61,保留原反编译函数体,233601,244577,1
function_4d2b70,原版即为简单返回／空函数,233608,244584,1
function_4d2ba0,原版即为简单返回／空函数,233614,244590,1
function_4d2bb1,原版即为简单返回／空函数,233620,244596,1
function_4d2be0,原版即为简单返回／空函数,233626,244602,1
function_4d2be8,保留原反编译函数体,233632,244608,1
function_4d2c01,保留原反编译函数体,233647,244623,1
function_4d2c1a,保留原反编译函数体,233662,244638,1
function_4d2c25,原版即为简单返回／空函数,233669,244645,1
function_4d2c2d,原版即为简单返回／空函数,233675,244651,1
function_4d2c35,保留原反编译函数体,233681,244657,1
function_4d2c60,保留原反编译函数体,233689,244665,1
function_4d2c6e,原版即为简单返回／空函数,233696,244672,1
function_4d2c76,原版即为简单返回／空函数,233702,244678,1
function_4d2c7e,原版即为简单返回／空函数,233708,244684,1
function_4d2c86,原版即为简单返回／空函数,233714,244690,1
function_4d2c8e,原版即为简单返回／空函数,233720,244696,1
function_4d2c96,保留原反编译函数体,233726,244702,1
function_4d2cc0,原版即为简单返回／空函数,233733,244709,1
function_4d2cc8,原版即为简单返回／空函数,233739,244715,1
function_4d2cd0,原版即为简单返回／空函数,233745,244721,1
function_4d2cd8,原版即为简单返回／空函数,233751,244727,1
function_4d2ce0,原版即为简单返回／空函数,233757,244733,1
function_4d2ce8,原版即为简单返回／空函数,233763,244739,1
function_4d2cf0,原版即为简单返回／空函数,233769,244745,1
function_4d2cf8,保留原反编译函数体,233775,244751,1
function_4d2d20,保留原反编译函数体,233783,244759,1
function_4d2d2b,保留原反编译函数体,233790,244766,1
function_4d2d35,保留原反编译函数体,233797,244773,1
function_4d2d3f,原版即为简单返回／空函数,233804,244780,1
function_4d2d47,原版即为简单返回／空函数,233810,244786,1
function_4d2d4f,原版即为简单返回／空函数,233816,244792,1
function_4d2d57,保留原反编译函数体,233822,244798,1
function_4d2d90,原版即为简单返回／空函数,233830,244806,1
function_4d2d9b,保留原反编译函数体,233836,244812,1
function_4d2da9,原版即为简单返回／空函数,233843,244819,1
function_4d2de0,保留原反编译函数体,233849,244825,1
function_4d2e20,原版即为简单返回／空函数,233864,244840,1
function_4d2e28,保留原反编译函数体,233870,244846,1
function_4d2e50,原版即为简单返回／空函数,233877,244853,1
function_4d2e80,原版即为简单返回／空函数,233883,244859,1
function_4d2e88,原版即为简单返回／空函数,233889,244865,1
function_4d2e90,保留原反编译函数体,233895,244871,1
function_4d2eb0,原版即为简单返回／空函数,233902,244878,1
function_4d2eb8,原版即为简单返回／空函数,233908,244884,1
function_4d2ec0,保留原反编译函数体,233914,244890,1
function_4d2ed9,原版即为简单返回／空函数,233929,244905,1
function_4d2f10,原版即为简单返回／空函数,233935,244911,1
function_4d2f18,原版即为简单返回／空函数,233941,244917,1
function_4d2f20,保留原反编译函数体,233947,244923,1
function_4d2f60,原版即为简单返回／空函数,233954,244930,1
function_4d2f90,保留原反编译函数体,233960,244936,1
function_4d2f9e,原版即为简单返回／空函数,233967,244943,1
function_4d2fa6,原版即为简单返回／空函数,233973,244949,1
function_4d2fae,原版即为简单返回／空函数,233979,244955,1
function_4d2fe0,保留原反编译函数体,233985,244961,1
function_4d2feb,原版即为简单返回／空函数,233992,244968,1
function_4d3020,原版即为简单返回／空函数,233998,244974,1
function_4d3028,原版即为简单返回／空函数,234004,244980,1
function_4d3030,原版即为简单返回／空函数,234010,244986,1
function_4d3038,原版即为简单返回／空函数,234016,244992,1
function_4d3040,原版即为简单返回／空函数,234022,244998,1
function_4d3048,原版即为简单返回／空函数,234028,245004,1
function_4d3050,原版即为简单返回／空函数,234034,245010,1
function_4d3058,原版即为简单返回／空函数,234040,245016,1
function_4d3060,保留原反编译函数体,234046,245022,1
function_4d3090,原版即为简单返回／空函数,234054,245030,1
function_4d3098,原版即为简单返回／空函数,234060,245036,1
function_4d30d0,原版即为简单返回／空函数,234066,245042,1
function_4d30d8,原版即为简单返回／空函数,234072,245048,1
function_4d30e0,原版即为简单返回／空函数,234078,245054,1
function_4d30e8,原版即为简单返回／空函数,234084,245060,1
function_4d3120,已修改／替换的非空实现,234090,245066,1
function_4d3128,原版即为简单返回／空函数,234097,245073,1
function_4d3130,保留原反编译函数体,234103,245079,1
function_4d3150,保留原反编译函数体,234110,245086,1
function_4d315e,原版即为简单返回／空函数,234117,245093,1
function_4d3166,原版即为简单返回／空函数,234123,245099,1
function_4d316e,原版即为简单返回／空函数,234129,245105,1
function_4d31a0,原版即为简单返回／空函数,234135,245111,1
function_4d31a8,保留原反编译函数体,234141,245117,1
function_4d31ca,保留原反编译函数体,234156,245132,1
function_4d31e9,原版即为简单返回／空函数,234171,245147,1
function_4d31f1,原版即为简单返回／空函数,234177,245153,1
function_4d31f9,原版即为简单返回／空函数,234183,245159,1
function_4d3204,原版即为简单返回／空函数,234189,245165,1
function_4d320c,原版即为简单返回／空函数,234195,245171,1
function_4d3217,原版即为简单返回／空函数,234201,245177,1
function_4d321f,原版即为简单返回／空函数,234207,245183,1
function_4d322a,保留原反编译函数体,234213,245189,1
function_4d3260,原版即为简单返回／空函数,234221,245197,1
function_4d3268,保留原反编译函数体,234227,245203,1
function_4d32b0,原版即为简单返回／空函数,234235,245211,1
function_4d32e0,原版即为简单返回／空函数,234241,245217,1
function_4d32e8,保留原反编译函数体,234247,245223,1
function_4d3320,原版即为简单返回／空函数,234255,245231,1
function_4d3328,保留原反编译函数体,234261,245237,1
function_4d3350,原版即为简单返回／空函数,234269,245245,1
function_4d3380,原版即为简单返回／空函数,234275,245251,1
function_4d33b0,原版即为简单返回／空函数,234281,245257,1
function_4d33b8,保留原反编译函数体,234287,245263,1
function_4d33d1,保留原反编译函数体,234302,245278,1
function_4d3410,原版即为简单返回／空函数,234317,245293,1
function_4d3418,原版即为简单返回／空函数,234323,245299,1
function_4d3420,原版即为简单返回／空函数,234329,245305,1
function_4d3428,原版即为简单返回／空函数,234335,245311,1
function_4d3430,保留原反编译函数体,234341,245317,1
function_4d3450,原版即为简单返回／空函数,234348,245324,1
function_4d3458,原版即为简单返回／空函数,234354,245330,1
function_4d3460,原版即为简单返回／空函数,234360,245336,1
function_4d3468,原版即为简单返回／空函数,234366,245342,1
function_4d3470,原版即为简单返回／空函数,234372,245348,1
function_4d3478,原版即为简单返回／空函数,234378,245354,1
function_4d3480,保留原反编译函数体,234384,245360,1
function_4d34b0,原版即为简单返回／空函数,234391,245367,1
function_4d34e0,原版即为简单返回／空函数,234397,245373,1
function_4d34e8,保留原反编译函数体,234403,245379,1
function_4d3510,原版即为简单返回／空函数,234410,245386,1
function_4d3540,原版即为简单返回／空函数,234416,245392,1
function_4d3570,原版即为简单返回／空函数,234422,245398,1
function_4d35a0,原版即为简单返回／空函数,234428,245404,1
function_4d35c0,原版即为简单返回／空函数,234434,245410,1
function_4d35e0,原版即为简单返回／空函数,234440,245416,1
function_4d3600,原版即为简单返回／空函数,234446,245422,1
function_4d3620,原版即为简单返回／空函数,234452,245428,1
function_4d3640,原版即为简单返回／空函数,234458,245434,1
function_4d3660,原版即为简单返回／空函数,234464,245440,1
function_4d3680,原版即为简单返回／空函数,234470,245446,1
function_4d36a0,原版即为简单返回／空函数,234476,245452,1
function_4d36c0,原版即为简单返回／空函数,234482,245458,1
function_4d36e0,原版即为简单返回／空函数,234488,245464,1
function_4d3700,原版即为简单返回／空函数,234494,245470,1
function_4d3720,保留原反编译函数体,234500,245476,1
function_4d3740,保留原反编译函数体,234507,245483,1
function_4d3780,原版即为简单返回／空函数,234514,245490,1
function_4d3790,保留原反编译函数体,234520,245496,1
function_4d37b0,保留原反编译函数体,234527,245503,1
function_4d37d0,保留原反编译函数体,234536,245512,1
function_4d37f0,保留原反编译函数体,234543,245519,1
function_4d3820,原版即为简单返回／空函数,234550,245526,1
function_4d3830,保留原反编译函数体,234556,245532,1
function_4d3850,保留原反编译函数体,234563,245539,1
function_4d3870,保留原反编译函数体,234570,245546,1
function_4d3890,原版即为简单返回／空函数,234577,245553,1
function_4d38a0,原版即为简单返回／空函数,234583,245559,1
function_4d38b0,保留原反编译函数体,234589,245565,1
function_4d38d0,原版即为简单返回／空函数,234596,245572,1
function_4d38e0,保留原反编译函数体,234602,245578,1
function_4d3900,保留原反编译函数体,234611,245587,1
function_4d39a0,保留原反编译函数体,234643,245619,1
function_4d39c0,保留原反编译函数体,234650,245626,1
function_4d39e0,保留原反编译函数体,234657,245633,1
function_4d3a40,保留原反编译函数体,234664,245640,1
function_4d3a60,保留原反编译函数体,234671,245647,1
function_4d3a80,保留原反编译函数体,234678,245654,1
function_4d3aa0,保留原反编译函数体,234685,245661,1
function_4d3ac0,保留原反编译函数体,234692,245668,1
function_4d3ae0,保留原反编译函数体,234699,245675,1
function_4d3b00,保留原反编译函数体,234706,245682,1
function_4d3b20,保留原反编译函数体,234713,245689,1
function_4d3b40,保留原反编译函数体,234720,245696,1
function_4d3b60,保留原反编译函数体,234727,245703,1
function_4d3bc0,保留原反编译函数体,234738,245714,1
function_4d3c20,保留原反编译函数体,234749,245725,1
function_4d3ce0,保留原反编译函数体,234763,245739,1
function_4d3dc0,已修改／替换的非空实现,234785,245761,1
function_4d3e40,原版即为简单返回／空函数,234798,245774,1
function_4d3e50,已修改／替换的非空实现,234806,245782,1
function_4d3f50,保留原反编译函数体,234837,245813,1
function_4d3fe0,原版即为简单返回／空函数,234868,245844,1
function_4d3ff0,原版即为简单返回／空函数,234874,245850,1
function_4d4000,原版即为简单返回／空函数,234880,245856,1
function_4d4010,原版即为简单返回／空函数,234886,245862,1
function_4d4040,原版即为简单返回／空函数,234892,245868,1
function_4d404c,原版即为简单返回／空函数,234898,245874,1
function_4d4058,原版即为简单返回／空函数,234904,245880,1
function_4d4064,原版即为简单返回／空函数,234910,245886,1
function_4d4070,原版即为简单返回／空函数,234916,245892,1
function_4d407c,原版即为简单返回／空函数,234922,245898,1
function_4d40b4,原版即为简单返回／空函数,234928,245904,1
function_4d40c0,保留原反编译函数体,234934,245910,1
function_4d40d0,原版即为简单返回／空函数,234941,245917,1
function_4d40f0,原版即为简单返回／空函数,234954,245930,1
function_4d4100,原版即为简单返回／空函数,234960,245936,1
function_4d4110,保留原反编译函数体,234966,245942,1
function_4d4120,原版即为简单返回／空函数,234973,245949,1
function_4d4130,保留原反编译函数体,234979,245955,1
function_4d4140,原版即为简单返回／空函数,234986,245962,1
function_4d4150,保留原反编译函数体,234992,245968,1
function_4d4160,保留原反编译函数体,234999,245975,1
function_4d4180,原版即为简单返回／空函数,235011,245987,1
function_4d4190,保留原反编译函数体,235017,245993,1
function_4d41a0,保留原反编译函数体,235024,246000,1
function_4d41b0,保留原反编译函数体,235031,246007,1
function_4d4210,保留原反编译函数体,235042,246018,1
function_4d4220,保留原反编译函数体,235049,246025,1
function_4d4280,保留原反编译函数体,235060,246036,1
function_4d4290,保留原反编译函数体,235067,246043,1
function_4d42f0,保留原反编译函数体,235076,246052,1
function_4d4300,原版即为简单返回／空函数,235083,246059,1
function_4d4310,保留原反编译函数体,235089,246065,1
function_4d4380,保留原反编译函数体,235124,246100,1
function_4d4390,保留原反编译函数体,235131,246107,1
function_4d43f0,保留原反编译函数体,235142,246118,1
function_4d4400,保留原反编译函数体,235149,246125,1
function_4d4460,保留原反编译函数体,235158,246134,1
function_4d4470,保留原反编译函数体,235165,246141,1
function_4d44d0,保留原反编译函数体,235176,246152,1
function_4d44e0,保留原反编译函数体,235183,246159,1
function_4d4540,保留原反编译函数体,235194,246170,1
function_4d4550,保留原反编译函数体,235201,246177,1
function_4d45b0,保留原反编译函数体,235212,246188,1
function_4d45c0,保留原反编译函数体,235219,246195,1
function_4d4620,保留原反编译函数体,235230,246206,1
function_4d4630,保留原反编译函数体,235237,246213,1
function_4d4690,保留原反编译函数体,235248,246224,1
function_4d46a0,保留原反编译函数体,235255,246231,1
function_4d4700,保留原反编译函数体,235264,246240,1
function_4d4760,保留原反编译函数体,235275,246251,1
function_4d4790,原版即为简单返回／空函数,235293,246269,1
function_4d47a0,原版即为简单返回／空函数,235299,246275,1
function_4d47b0,原版即为简单返回／空函数,235305,246281,1
function_4d47f0,保留原反编译函数体,235332,246308,1
function_4d4860,保留原反编译函数体,235379,246355,1
function_4d48c0,保留原反编译函数体,235389,246365,1
function_4d4930,保留原反编译函数体,235400,246376,1
function_4d4990,原版即为简单返回／空函数,235440,246416,1
function_4d49d0,保留原反编译函数体,235467,246443,1
function_4d4a30,保留原反编译函数体,235479,246455,1
function_4d4a60,保留原反编译函数体,235498,246474,1
function_4d4a90,保留原反编译函数体,235517,246493,1
function_4d4ac0,保留原反编译函数体,235536,246512,1
function_4d4af0,保留原反编译函数体,235555,246531,1
function_4d4b30,已修改／替换的非空实现,235581,246557,1
function_4d4b90,保留原反编译函数体,235614,246590,1
function_4d4b9b,保留原反编译函数体,235622,246598,1
function_4d4ba6,保留原反编译函数体,235630,246606,1
function_4d4bb1,原版即为简单返回／空函数,235638,246614,1
function_4d4bbb,原版即为简单返回／空函数,235644,246620,1
function_4d4bd9,原版即为简单返回／空函数,235664,246640,1
function_c000000,保留原反编译函数体,235670,246646,1
function_c47acb9,保留原反编译函数体,235677,246653,1
function_56ffffb4,保留原反编译函数体,235684,246660,1
