function,category,original_line,current_line,cpp_locations
function_401000,unchanged_decompiled_body,8585,7881,
function_401010,unchanged_decompiled_body,8595,7891,
function_401040,modified_nonempty_body,8611,7907,
function_4011b0,modified_nonempty_body,8679,7975,
function_4013d0,modified_nonempty_body,8788,8103,
function_4014d0,unchanged_decompiled_body,8847,8162,
function_401600,modified_nonempty_body,8880,8195,
function_401660,modified_nonempty_body,8905,8223,
function_4016e0,modified_nonempty_body,8956,8263,
function_401740,unchanged_decompiled_body,8992,8299,
function_401760,modified_nonempty_body,9002,8309,
function_401790,modified_nonempty_body,9015,8336,
function_4017b0,modified_nonempty_body,9022,8348,
function_401820,modified_nonempty_body,9057,8380,
function_401850,unchanged_decompiled_body,9065,8402,
function_401a30,unchanged_decompiled_body,9175,8512,
function_401ae0,modified_nonempty_body,9190,8527,
function_401ba0,unchanged_decompiled_body,9208,8573,
function_401da0,unchanged_decompiled_body,9360,8725,
function_401dc0,modified_nonempty_body,9367,8732,
function_401e60,unchanged_decompiled_body,9400,8765,
function_401ee0,unchanged_decompiled_body,9412,8777,
function_401f80,modified_nonempty_body,9551,8916,
function_4021e0,modified_nonempty_body,9923,9288,
function_402230,unchanged_decompiled_body,9960,9325,
function_402290,unchanged_decompiled_body,9994,9359,
function_4022f0,unchanged_decompiled_body,10013,9378,
function_402310,unchanged_decompiled_body,10034,9399,
function_402360,unchanged_decompiled_body,10086,9451,
function_402430,unchanged_decompiled_body,10157,9522,
function_402610,unchanged_decompiled_body,10410,9775,
function_402670,unchanged_decompiled_body,10441,9806,
function_4026e0,modified_nonempty_body,10480,9845,
function_402770,modified_nonempty_body,10505,9867,
function_4028d0,modified_nonempty_body,10673,9971,
function_402930,unchanged_decompiled_body,10721,10001,
function_402970,modified_nonempty_body,10730,10010,
function_4029b0,cpp_address_replacement,10755,,src/squirrel/squirrel_game_objects.cpp:66
function_4029d0,unchanged_decompiled_body,10763,10032,
function_4029f0,unchanged_decompiled_body,10780,10049,
function_402a10,unchanged_decompiled_body,10791,10060,
function_402a20,unchanged_decompiled_body,10800,10069,
function_402a50,cpp_address_replacement,10812,,src/squirrel/squirrel_game_objects.cpp:72
function_402aa0,modified_nonempty_body,10824,10084,
function_402ac0,unchanged_decompiled_body,10831,10102,
function_402ad0,original_short_body,10838,10109,
function_402af0,modified_nonempty_body,10844,10115,
function_402b90,modified_nonempty_body,10855,10126,
function_4a96d0,modified_nonempty_body,10875,10146,src/squirrel/squirrel_host_compat.cpp:163
function_402d30,original_short_body,10952,10229,
function_402d40,modified_nonempty_body,10958,10270,
function_403000,modified_nonempty_body,10989,10385,
function_4a9a30,modified_nonempty_body,10995,117910,src/squirrel/squirrel_host_compat.cpp:229
function_40bf10,modified_nonempty_body,11021,22556,
function_40c560,modified_nonempty_body,11376,22902,
function_403790,unchanged_decompiled_body,11798,10392,
function_4037e0,unchanged_decompiled_body,11808,10402,
function_403820,unchanged_decompiled_body,11817,10411,
function_403830,unchanged_decompiled_body,11824,10418,
function_4038c0,modified_nonempty_body,11908,10633,
function_4039e0,modified_nonempty_body,11998,10675,
function_403a90,unchanged_decompiled_body,12053,10717,
function_403ad0,unchanged_decompiled_body,12063,10727,
function_403b90,unchanged_decompiled_body,12092,10756,
function_403bf0,modified_nonempty_body,12119,10783,
function_403ce0,modified_nonempty_body,12198,10609,
function_403db6,unchanged_decompiled_body,12237,10891,
function_403dbc,modified_nonempty_body,12244,10899,
function_403e50,replacement_mapping_unresolved,12269,,
function_403e80,unchanged_decompiled_body,12284,10916,
function_403f00,unchanged_decompiled_body,12300,10932,
function_403f20,unchanged_decompiled_body,12310,10942,
function_403fc0,unchanged_decompiled_body,12400,11032,
function_403fe0,unchanged_decompiled_body,12409,11041,
function_404040,unchanged_decompiled_body,12447,11079,
function_404090,unchanged_decompiled_body,12460,11092,
function_4040d0,modified_nonempty_body,12471,11103,
function_404130,modified_nonempty_body,12479,11109,
function_404180,unchanged_decompiled_body,12487,11115,
function_404230,unchanged_decompiled_body,12533,11161,
function_404270,unchanged_decompiled_body,12556,11184,
function_404390,modified_nonempty_body,12618,11246,
function_477160,modified_nonempty_body,12622,142556,
function_404430,modified_nonempty_body,12644,11267,
function_474000,modified_nonempty_body,12648,136423,
function_4044d0,unchanged_decompiled_body,12670,11288,
function_4045c0,modified_nonempty_body,12761,11379,
function_404610,unchanged_decompiled_body,12800,11389,
function_404640,unchanged_decompiled_body,12809,11398,
function_404770,unchanged_decompiled_body,12927,11516,
function_4049c0,unchanged_decompiled_body,13167,11756,
function_404bc0,unchanged_decompiled_body,13379,11968,
function_404e10,unchanged_decompiled_body,13619,12208,
function_404eb0,unchanged_decompiled_body,13638,12227,
function_404ee0,unchanged_decompiled_body,13645,12234,
function_405040,unchanged_decompiled_body,13795,12384,
function_405060,unchanged_decompiled_body,13804,12393,
function_405080,unchanged_decompiled_body,13813,12402,
function_405140,unchanged_decompiled_body,13841,12430,
function_405180,unchanged_decompiled_body,13856,12445,
function_4051e0,unchanged_decompiled_body,13871,12460,
function_405220,unchanged_decompiled_body,13886,12475,
function_405280,unchanged_decompiled_body,13901,12490,
function_4052c0,unchanged_decompiled_body,13916,12505,
function_405320,unchanged_decompiled_body,13931,12520,
function_405720,unchanged_decompiled_body,14432,13021,
function_405800,modified_nonempty_body,14458,13210,
function_405900,unchanged_decompiled_body,14489,13230,
function_405980,modified_nonempty_body,14566,13307,
function_405990,unchanged_decompiled_body,14574,13315,
function_4059c0,unchanged_decompiled_body,14582,13323,
function_405a50,unchanged_decompiled_body,14600,13341,
function_405aa0,unchanged_decompiled_body,14616,13357,
function_405b30,modified_nonempty_body,14637,13378,
function_405bd0,modified_nonempty_body,14670,13411,
function_405c90,unchanged_decompiled_body,14680,13421,
function_405d60,modified_nonempty_body,14689,13512,
function_405e30,modified_nonempty_body,14765,13521,
function_405ea0,modified_nonempty_body,14785,13557,
function_405f80,modified_nonempty_body,14808,13580,
function_406180,modified_nonempty_body,14894,13666,
function_4062d0,modified_nonempty_body,14971,13743,
function_406350,unchanged_decompiled_body,15007,13779,
function_406360,unchanged_decompiled_body,15014,13786,
function_406370,modified_nonempty_body,15022,13794,
function_4065a0,unchanged_decompiled_body,15091,13863,
function_4065d0,unchanged_decompiled_body,15104,13876,
function_406600,modified_nonempty_body,15117,13889,
function_406670,unchanged_decompiled_body,15149,13921,
function_406690,unchanged_decompiled_body,15159,13931,
function_4067f0,modified_nonempty_body,15270,13964,
function_406880,unchanged_decompiled_body,15309,14003,
function_4068f0,unchanged_decompiled_body,15401,14095,
function_406a50,unchanged_decompiled_body,15437,14131,
function_406ac0,unchanged_decompiled_body,15459,14153,
function_406cc0,modified_nonempty_body,15579,14273,
function_406db0,unchanged_decompiled_body,15662,14356,
function_406df0,unchanged_decompiled_body,15694,14388,
function_406ee0,unchanged_decompiled_body,15742,14436,
function_406fc0,unchanged_decompiled_body,15999,14693,
function_407000,unchanged_decompiled_body,16041,14735,
function_407070,unchanged_decompiled_body,16089,14783,
function_407130,unchanged_decompiled_body,16131,14825,
function_407190,unchanged_decompiled_body,16158,14852,
function_407210,unchanged_decompiled_body,16197,14891,
function_407250,unchanged_decompiled_body,16222,14916,
function_407270,unchanged_decompiled_body,16239,14933,
function_4072b0,modified_nonempty_body,16257,14951,
function_4072d0,modified_nonempty_body,16266,14960,
function_407300,modified_nonempty_body,16276,14977,
function_407310,unchanged_decompiled_body,16285,14991,
function_407340,unchanged_decompiled_body,16303,15009,
function_407350,unchanged_decompiled_body,16311,15017,
function_407360,modified_nonempty_body,16319,15025,
function_407370,modified_nonempty_body,16325,10305,
function_407450,unchanged_decompiled_body,16412,15191,
function_407480,unchanged_decompiled_body,16422,15201,
function_4074b0,unchanged_decompiled_body,16435,15214,
function_4074c0,unchanged_decompiled_body,16443,15222,
function_407500,modified_nonempty_body,16461,15403,
function_4077c0,modified_nonempty_body,16754,15696,
function_4082b0,unchanged_decompiled_body,18542,17484,
function_4082d0,unchanged_decompiled_body,18552,17494,
function_408320,modified_nonempty_body,18572,17514,
function_4083e0,modified_nonempty_body,18656,17597,
function_408430,modified_nonempty_body,18689,17631,
function_408530,unchanged_decompiled_body,18787,17729,
function_408550,unchanged_decompiled_body,18796,17738,
function_408590,unchanged_decompiled_body,18816,17758,
function_408600,unchanged_decompiled_body,18846,17788,
function_408650,modified_nonempty_body,18866,17808,
function_4086e0,modified_nonempty_body,18884,17839,
function_4087b0,modified_nonempty_body,18903,17870,
function_4087e0,modified_nonempty_body,18917,17884,
function_408800,modified_nonempty_body,18928,17906,
function_408830,modified_nonempty_body,18944,17922,
function_408850,modified_nonempty_body,18953,17931,
function_408860,modified_nonempty_body,18960,17938,
function_408870,unchanged_decompiled_body,18967,17945,
function_408930,modified_nonempty_body,19002,17980,
function_4089c0,modified_nonempty_body,19026,18005,
function_408b10,unchanged_decompiled_body,19131,18039,
function_408b30,modified_nonempty_body,19138,18046,
function_408bf0,modified_nonempty_body,19164,18092,
function_408c80,modified_nonempty_body,19183,18103,
function_408d00,modified_nonempty_body,19256,18140,
function_408e60,modified_nonempty_body,19285,18183,
function_408e80,modified_nonempty_body,19292,18188,
function_408eb0,modified_nonempty_body,19309,18194,
function_409030,original_short_body,19376,18200,
function_4090a0,unchanged_decompiled_body,19382,18206,
function_4090d0,unchanged_decompiled_body,19398,18222,
function_409130,unchanged_decompiled_body,19416,18240,
function_4093b0,unchanged_decompiled_body,19518,18342,
function_4093f0,unchanged_decompiled_body,19531,18355,
function_409450,unchanged_decompiled_body,19555,18379,
function_409480,unchanged_decompiled_body,19576,18400,
function_4094b0,unchanged_decompiled_body,19608,18432,
function_4094e0,unchanged_decompiled_body,19642,18466,
function_409540,unchanged_decompiled_body,19667,18491,
function_409620,unchanged_decompiled_body,19735,18559,
function_4096d0,unchanged_decompiled_body,19765,18589,
function_409840,unchanged_decompiled_body,19868,18692,
function_4098a0,unchanged_decompiled_body,19898,18722,
function_409930,unchanged_decompiled_body,19954,18778,
function_4099c0,unchanged_decompiled_body,19996,18820,
function_409da0,unchanged_decompiled_body,20216,19040,
function_40a0f0,modified_nonempty_body,20528,21074,
function_40a3d0,modified_nonempty_body,20713,21084,
function_40a460,modified_nonempty_body,20733,21139,
function_40a5d0,unchanged_decompiled_body,20886,21174,
function_40a5f0,modified_nonempty_body,20893,21181,
function_40a6c0,modified_nonempty_body,20957,21245,
function_40a7f0,modified_nonempty_body,21009,21297,
function_40a890,modified_nonempty_body,21049,21337,
function_40a8d0,modified_nonempty_body,21064,21352,
function_40a950,modified_nonempty_body,21099,21387,
function_40a9a0,modified_nonempty_body,21118,21406,
function_40a9f0,modified_nonempty_body,21137,21425,
function_40aaa0,modified_nonempty_body,21198,21436,
function_40aac0,modified_nonempty_body,21210,21451,
function_40aae0,modified_nonempty_body,21221,21476,
function_40adb0,modified_nonempty_body,21545,21488,
function_40ae70,modified_nonempty_body,21592,21535,
function_40af70,unchanged_decompiled_body,21712,21655,
function_40af80,unchanged_decompiled_body,21722,21665,
function_40afb0,unchanged_decompiled_body,21735,21678,
function_40afe0,modified_nonempty_body,21750,21693,
function_40b160,modified_nonempty_body,21859,21802,
function_40b210,modified_nonempty_body,21921,21864,
function_40b2c0,unchanged_decompiled_body,21964,21907,
function_40b2d0,unchanged_decompiled_body,21976,21919,
function_40b3a0,modified_nonempty_body,21997,21940,
function_40b520,modified_nonempty_body,22123,21948,
function_40b6f0,unchanged_decompiled_body,22303,21953,
function_40b760,unchanged_decompiled_body,22387,22037,
function_411b90,unchanged_decompiled_body,22403,22053,
function_40b840,unchanged_decompiled_body,22435,22085,
function_40b8a0,modified_nonempty_body,22460,22110,
function_40b9a0,unchanged_decompiled_body,22589,22116,
function_40ba20,modified_nonempty_body,22638,22165,
function_40bb70,modified_nonempty_body,22715,22242,
function_40bbf0,unchanged_decompiled_body,22749,22276,
function_40bc00,modified_nonempty_body,22759,22286,
function_40bd10,modified_nonempty_body,22835,22362,
function_40bd90,unchanged_decompiled_body,22869,22396,
function_40bda0,unchanged_decompiled_body,22877,22404,
function_40bdf0,unchanged_decompiled_body,22919,22446,
function_40be40,unchanged_decompiled_body,22963,22490,
function_40be70,unchanged_decompiled_body,22976,22503,
function_40bea0,unchanged_decompiled_body,22991,22518,
function_40bed0,unchanged_decompiled_body,23004,22531,
function_40bf00,unchanged_decompiled_body,23017,22544,
function_40c010,unchanged_decompiled_body,23075,22602,
function_40c2e0,unchanged_decompiled_body,23283,22810,
function_4429b0,original_short_body,23286,22813,
function_40c370,unchanged_decompiled_body,23296,22823,
function_40c410,modified_nonempty_body,23326,22853,
function_40c4b0,unchanged_decompiled_body,23347,22874,
function_40c5f0,unchanged_decompiled_body,23412,22939,
function_40c670,original_short_body,23452,22979,
function_40c6d0,unchanged_decompiled_body,23460,22987,
function_40c790,unchanged_decompiled_body,23528,23055,
function_40c870,unchanged_decompiled_body,23610,23137,
function_40c8a0,unchanged_decompiled_body,23623,23150,
function_40c900,unchanged_decompiled_body,23647,23174,
function_40ca50,unchanged_decompiled_body,23754,23281,
function_40cba0,modified_nonempty_body,23861,23388,
function_40cc80,unchanged_decompiled_body,23942,23469,
function_40ccc0,unchanged_decompiled_body,23957,23484,
function_40cdd0,original_short_body,24010,23537,
function_40ce60,unchanged_decompiled_body,24016,23543,
function_40d0a0,unchanged_decompiled_body,24142,23669,
function_40d1e0,unchanged_decompiled_body,24256,23783,
function_40d240,unchanged_decompiled_body,24290,23817,
function_40d2f0,unchanged_decompiled_body,24341,23868,
function_40d330,unchanged_decompiled_body,24372,23899,
function_40d400,unchanged_decompiled_body,24411,23938,
function_40d500,unchanged_decompiled_body,24536,24063,
function_40d520,unchanged_decompiled_body,24553,24080,
function_40d560,unchanged_decompiled_body,24571,24098,
function_40d590,unchanged_decompiled_body,24581,24108,
function_40d5b0,unchanged_decompiled_body,24590,24117,
function_40d5e0,modified_nonempty_body,24608,24135,
function_40d790,modified_nonempty_body,24690,24217,
function_40d940,modified_nonempty_body,24824,24392,
function_40da60,modified_nonempty_body,24892,24493,
function_40db30,modified_nonempty_body,24943,24556,
function_40dbe0,modified_nonempty_body,25084,24595,
function_40df60,modified_nonempty_body,25365,24600,
function_40e130,modified_nonempty_body,25645,25052,
function_40e220,modified_nonempty_body,25749,25094,
function_40e2b0,modified_nonempty_body,25789,25125,
function_40e2d0,modified_nonempty_body,25801,25140,
function_40e2f0,unchanged_decompiled_body,25813,25155,
function_40e320,modified_nonempty_body,25825,25167,
function_40e3f0,unchanged_decompiled_body,26032,25222,
function_40e460,modified_nonempty_body,26068,25258,
function_40e540,modified_nonempty_body,26128,25320,
function_40e590,modified_nonempty_body,26150,25333,
function_40e5d0,modified_nonempty_body,26161,25344,
function_40e630,modified_nonempty_body,26181,25365,
function_40e850,modified_nonempty_body,26313,25514,
function_40eae0,modified_nonempty_body,26434,25637,
function_40ebf0,unchanged_decompiled_body,26479,25682,
function_40ec30,unchanged_decompiled_body,26494,25697,
function_40ec70,unchanged_decompiled_body,26511,25714,
function_40ed40,unchanged_decompiled_body,26563,25766,
function_40ee30,unchanged_decompiled_body,26674,25877,
function_40efd0,unchanged_decompiled_body,26806,26009,
function_40f130,unchanged_decompiled_body,26867,26070,
function_40f1c0,modified_nonempty_body,26936,26139,
function_40f2e0,unchanged_decompiled_body,27015,26218,
function_40f370,modified_nonempty_body,27095,26298,
function_40f5e0,modified_nonempty_body,27154,26357,
function_40f790,modified_nonempty_body,27182,26385,
function_40fe30,unchanged_decompiled_body,27508,26711,
function_40ffb0,unchanged_decompiled_body,27648,26851,
function_4100c0,unchanged_decompiled_body,27879,27082,
function_4100f0,modified_nonempty_body,27900,27103,
function_410110,unchanged_decompiled_body,27919,27122,
function_410160,unchanged_decompiled_body,27941,27144,
function_410190,unchanged_decompiled_body,27949,27152,
function_4101a0,unchanged_decompiled_body,27956,27159,
function_4101e0,unchanged_decompiled_body,27967,27170,
function_410230,unchanged_decompiled_body,27985,27188,
function_410260,unchanged_decompiled_body,28006,27209,
function_410270,modified_nonempty_body,28015,27218,
function_4103b0,modified_nonempty_body,28061,27264,
function_410480,unchanged_decompiled_body,28084,27287,
function_410500,modified_nonempty_body,28104,27405,
function_410750,modified_nonempty_body,28212,27496,
function_4109a0,unchanged_decompiled_body,28308,27529,
function_4109d0,modified_nonempty_body,28327,27549,
function_410b90,modified_nonempty_body,28460,27592,
function_410c00,modified_nonempty_body,28498,27634,
function_410c80,unchanged_decompiled_body,28530,27673,
function_410cb0,unchanged_decompiled_body,28547,27690,
function_410d90,unchanged_decompiled_body,28620,27763,
function_410e00,unchanged_decompiled_body,28654,27797,
function_410e80,unchanged_decompiled_body,28684,27827,
function_410ef0,unchanged_decompiled_body,28756,27899,
function_411000,unchanged_decompiled_body,28800,27943,
function_411040,unchanged_decompiled_body,28842,27985,
function_411100,modified_nonempty_body,28987,28130,
function_411390,unchanged_decompiled_body,29379,28522,
function_4113f0,unchanged_decompiled_body,29413,28556,
function_411450,unchanged_decompiled_body,29432,28575,
function_411520,unchanged_decompiled_body,29513,28656,
function_411720,unchanged_decompiled_body,29793,28936,
function_411870,unchanged_decompiled_body,29934,29077,
function_411930,unchanged_decompiled_body,30059,29202,
function_411980,unchanged_decompiled_body,30076,29219,
function_4119a0,unchanged_decompiled_body,30088,29231,
function_4119e0,unchanged_decompiled_body,30108,29251,
function_411a10,unchanged_decompiled_body,30125,29268,
function_411ff0,original_short_body,30128,29271,
function_411aa0,unchanged_decompiled_body,30138,29281,
function_411d10,unchanged_decompiled_body,30322,29465,
function_411d30,unchanged_decompiled_body,30335,29478,
function_411d80,modified_nonempty_body,30349,29492,
function_411f90,unchanged_decompiled_body,30423,29620,
function_412060,unchanged_decompiled_body,30461,29658,
function_4120c0,unchanged_decompiled_body,30474,29671,
function_4120d0,modified_nonempty_body,30481,29678,
function_412210,original_short_body,30560,29757,
function_412240,modified_nonempty_body,30566,29763,
function_412350,unchanged_decompiled_body,30729,29927,
function_4123a0,unchanged_decompiled_body,30739,29937,
function_4123c0,original_short_body,30746,29944,
function_4123e0,modified_nonempty_body,30752,29950,
function_4125d0,original_short_body,30782,29982,
function_4125e0,modified_nonempty_body,30788,29988,
function_412610,unchanged_decompiled_body,30799,29999,
function_412660,unchanged_decompiled_body,30829,30029,
function_412680,unchanged_decompiled_body,30842,30042,
function_412720,unchanged_decompiled_body,30879,30079,
function_4127b0,unchanged_decompiled_body,30911,30111,
function_412890,modified_nonempty_body,30934,30134,
function_412ad0,modified_nonempty_body,31094,30331,
function_412b80,modified_nonempty_body,31216,30500,
function_412c10,modified_nonempty_body,31247,30544,
function_412ca0,modified_nonempty_body,31290,30576,
function_412d30,unchanged_decompiled_body,31302,30594,
function_412da0,unchanged_decompiled_body,31316,30608,
function_412ef0,unchanged_decompiled_body,31374,30666,
function_413000,unchanged_decompiled_body,31433,30725,
function_4130a0,unchanged_decompiled_body,31508,30800,
function_4131b0,unchanged_decompiled_body,31580,30872,
function_4131e0,unchanged_decompiled_body,31598,25057,
function_413470,unchanged_decompiled_body,31761,31053,
function_4134e0,unchanged_decompiled_body,31785,31077,
function_413500,modified_nonempty_body,31799,31091,
function_413f18,unchanged_decompiled_body,32552,31848,
function_414010,modified_nonempty_body,32582,31878,
function_4141e0,unchanged_decompiled_body,32620,31945,
function_4145b0,modified_nonempty_body,33409,32734,
function_4146a0,modified_nonempty_body,33438,32765,
function_414850,modified_nonempty_body,33464,32793,
function_414930,modified_nonempty_body,33479,32810,
function_414a30,unchanged_decompiled_body,33494,32827,
function_414ad0,unchanged_decompiled_body,33527,32860,
function_414b80,unchanged_decompiled_body,33572,32905,
function_414c10,unchanged_decompiled_body,33621,32954,
function_414c70,unchanged_decompiled_body,33661,32994,
function_414cb0,unchanged_decompiled_body,33676,33009,
function_414d60,original_short_body,33712,33045,
function_414d80,unchanged_decompiled_body,33720,33053,
function_414db0,original_short_body,33751,33084,
function_414dd0,unchanged_decompiled_body,33759,33092,
function_414e00,unchanged_decompiled_body,33790,33123,
function_414e10,unchanged_decompiled_body,33799,33132,
function_414e40,unchanged_decompiled_body,33808,33141,
function_414e50,unchanged_decompiled_body,33817,33150,
function_414e80,unchanged_decompiled_body,33826,33159,
function_414ed0,unchanged_decompiled_body,33852,33185,
function_414fa0,unchanged_decompiled_body,33927,33260,
function_414fe0,unchanged_decompiled_body,33946,33279,
function_415070,unchanged_decompiled_body,33986,33319,
function_4150a0,original_short_body,33999,33332,
function_4150b0,unchanged_decompiled_body,34007,33340,
function_4150e0,unchanged_decompiled_body,34022,33355,
function_415110,unchanged_decompiled_body,34034,33367,
function_415130,unchanged_decompiled_body,34048,33381,
function_415190,unchanged_decompiled_body,34065,33398,
function_4151a0,unchanged_decompiled_body,34073,33406,
function_4151d0,unchanged_decompiled_body,34088,33421,
function_4151e0,unchanged_decompiled_body,34094,33427,
function_4151f0,unchanged_decompiled_body,34102,33435,
function_415220,unchanged_decompiled_body,34118,33451,
function_415230,unchanged_decompiled_body,34126,33459,
function_4152a0,unchanged_decompiled_body,34143,33476,
function_415350,modified_nonempty_body,34176,33509,
function_48a6f0,unchanged_decompiled_body,34180,33513,src/squirrel/squirrel_legacy_api.cpp:104
function_4153e0,unchanged_decompiled_body,34206,33539,
function_415420,unchanged_decompiled_body,34220,33553,
function_415480,unchanged_decompiled_body,34247,33580,
function_415550,unchanged_decompiled_body,34281,33614,src/squirrel/sqrat_object_bridge.cpp:239
function_4155d0,unchanged_decompiled_body,34298,33639,
function_4156d0,unchanged_decompiled_body,34332,33673,
function_415750,unchanged_decompiled_body,34353,33694,
function_415790,unchanged_decompiled_body,34370,33711,
function_415810,modified_nonempty_body,34395,33738,src/squirrel/sqrat_object_bridge.cpp:259
function_415870,unchanged_decompiled_body,34406,33745,
function_4158e0,unchanged_decompiled_body,34420,33759,
function_4159a0,unchanged_decompiled_body,34459,33798,
function_4159d0,unchanged_decompiled_body,34479,33818,
function_4159f0,unchanged_decompiled_body,34494,33833,
function_415b00,unchanged_decompiled_body,34533,33872,
function_48afc0,original_short_body,34540,33879,src/squirrel/squirrel_legacy_api.cpp:208
function_415b50,original_short_body,34550,33889,
function_415b80,unchanged_decompiled_body,34558,33897,
function_415c50,unchanged_decompiled_body,34592,33931,
function_415e20,modified_nonempty_body,34945,34284,
function_415ea0,modified_nonempty_body,34955,34294,
function_415f60,modified_nonempty_body,34982,34321,
function_415fd0,unchanged_decompiled_body,35004,34343,
function_416427,original_short_body,35253,34592,
function_41642d,original_short_body,35259,34598,
function_416440,unchanged_decompiled_body,35267,34606,
function_416510,unchanged_decompiled_body,35328,34667,
function_416700,unchanged_decompiled_body,35451,34790,
function_416790,modified_nonempty_body,35489,34828,
function_416b8d,original_short_body,35596,34937,
function_416b93,unchanged_decompiled_body,35602,34943,
function_416b98,original_short_body,35609,34950,
function_416ba0,unchanged_decompiled_body,35615,34956,
function_416bd0,unchanged_decompiled_body,35626,34967,
function_416bf0,unchanged_decompiled_body,35642,34983,
function_416c50,unchanged_decompiled_body,35666,35007,
function_416c60,unchanged_decompiled_body,35675,35016,
function_416ce0,unchanged_decompiled_body,35715,35056,
function_416d60,original_short_body,35755,35096,
function_416d70,original_short_body,35761,35102,
function_416d80,original_short_body,35767,35108,
function_416d90,original_short_body,35773,35114,
function_416da0,original_short_body,35779,35120,
function_416db0,unchanged_decompiled_body,35785,35126,
function_416de0,unchanged_decompiled_body,35801,35142,
function_416ec0,unchanged_decompiled_body,35903,35244,
function_416fa0,unchanged_decompiled_body,36019,35360,
function_416fd0,unchanged_decompiled_body,36030,35371,
function_417000,unchanged_decompiled_body,36041,35382,
function_417010,unchanged_decompiled_body,36048,35389,
function_417100,unchanged_decompiled_body,36097,35438,
function_4173c0,original_short_body,36227,35568,
function_4173d0,modified_nonempty_body,36233,35574,
function_417420,original_short_body,36250,35591,
function_417430,unchanged_decompiled_body,36256,35597,
function_4174f0,unchanged_decompiled_body,36279,35620,
function_4175f0,unchanged_decompiled_body,36304,35645,
function_417a00,unchanged_decompiled_body,36675,36016,
function_417a30,modified_nonempty_body,36688,36029,
function_417c90,unchanged_decompiled_body,37011,36352,
function_417d00,unchanged_decompiled_body,37045,36386,
function_417d30,unchanged_decompiled_body,37062,36403,
function_417d70,unchanged_decompiled_body,37080,36421,
function_417da0,unchanged_decompiled_body,37093,36434,
function_417dd0,unchanged_decompiled_body,37107,36448,
function_417e30,unchanged_decompiled_body,37136,36477,
function_417e50,unchanged_decompiled_body,37147,36488,
function_417ee0,unchanged_decompiled_body,37198,36539,
function_4180a0,unchanged_decompiled_body,37327,36668,
function_4180c0,unchanged_decompiled_body,37339,36680,
function_4180e0,modified_nonempty_body,37351,36692,
function_418370,unchanged_decompiled_body,37745,37086,
function_418400,unchanged_decompiled_body,37809,37150,
function_418410,unchanged_decompiled_body,37816,37157,
function_418430,unchanged_decompiled_body,37825,37166,
function_418480,unchanged_decompiled_body,37859,37200,
function_4184d0,unchanged_decompiled_body,37878,37219,
function_4184e0,unchanged_decompiled_body,37885,37226,
function_4184f0,unchanged_decompiled_body,37892,37233,
function_418500,modified_nonempty_body,37899,37240,
function_4185b0,unchanged_decompiled_body,37967,37308,
function_418660,unchanged_decompiled_body,38001,37342,
function_418750,unchanged_decompiled_body,38047,37388,
function_418820,unchanged_decompiled_body,38193,37534,
function_418880,unchanged_decompiled_body,38227,37568,
function_4188e0,unchanged_decompiled_body,38246,37587,
function_418980,unchanged_decompiled_body,38382,37723,
function_4189d0,unchanged_decompiled_body,38434,37775,
function_4189f0,unchanged_decompiled_body,38441,37782,
function_418a10,unchanged_decompiled_body,38450,37791,
function_418a20,unchanged_decompiled_body,38459,37800,
function_418a30,modified_nonempty_body,38468,37809,
function_418a80,modified_nonempty_body,38488,37829,
function_418ad0,modified_nonempty_body,38508,37849,
function_418b20,unchanged_decompiled_body,38528,37869,
function_418b70,unchanged_decompiled_body,38546,37887,
function_418bd0,unchanged_decompiled_body,38584,37925,
function_418bf0,unchanged_decompiled_body,38591,37932,
function_418c10,unchanged_decompiled_body,38599,37940,
function_418cc0,unchanged_decompiled_body,38634,37975,
function_418d20,unchanged_decompiled_body,38705,38046,
function_418e60,unchanged_decompiled_body,38814,38155,
function_418fa0,unchanged_decompiled_body,38860,38201,
function_4190e0,unchanged_decompiled_body,38906,38247,
function_419150,unchanged_decompiled_body,38920,38261,
function_419290,unchanged_decompiled_body,39029,38370,
function_4192d0,unchanged_decompiled_body,39041,38382,
function_4192e0,unchanged_decompiled_body,39049,38390,
function_419450,unchanged_decompiled_body,39169,38510,
function_419510,unchanged_decompiled_body,39243,38584,
function_4195d0,original_short_body,39279,38620,
function_4195f0,unchanged_decompiled_body,39285,38626,
function_419740,unchanged_decompiled_body,39445,38786,
function_419970,unchanged_decompiled_body,39710,39051,
function_419a8f,unchanged_decompiled_body,39775,39116,
function_419aa0,unchanged_decompiled_body,39782,39123,
function_419b00,unchanged_decompiled_body,39813,39154,
function_419c50,unchanged_decompiled_body,39869,39210,
function_419ce0,unchanged_decompiled_body,39890,39231,
function_419d10,unchanged_decompiled_body,39898,39239,
function_419d30,original_short_body,39907,39248,
function_419d40,unchanged_decompiled_body,39913,39254,
function_419dd0,unchanged_decompiled_body,39934,39275,
function_419e49,unchanged_decompiled_body,39957,39298,
function_419f50,unchanged_decompiled_body,39986,39327,
function_41a010,unchanged_decompiled_body,40007,39348,
function_41a1c0,original_short_body,40048,39389,
function_41a1d0,unchanged_decompiled_body,40054,39395,
function_41a310,unchanged_decompiled_body,40108,39449,
function_41a350,modified_nonempty_body,40121,39462,
function_41a3f0,modified_nonempty_body,40143,39484,
function_41a420,unchanged_decompiled_body,40157,39498,
function_41a480,unchanged_decompiled_body,40175,39516,
function_41a4d0,unchanged_decompiled_body,40190,39531,
function_41a680,unchanged_decompiled_body,40261,39602,
function_41a77e,unchanged_decompiled_body,40330,39671,
function_41a7bd,unchanged_decompiled_body,40348,39689,
function_41a820,unchanged_decompiled_body,40374,39715,
function_41a850,unchanged_decompiled_body,40385,39726,
function_41a890,unchanged_decompiled_body,40397,39738,
function_41a910,unchanged_decompiled_body,40419,39760,
function_41a950,modified_nonempty_body,40440,39781,
function_41db20,unchanged_decompiled_body,40547,39892,
function_41abc0,unchanged_decompiled_body,40568,39913,
function_41ad10,unchanged_decompiled_body,40646,39991,
function_41ae60,unchanged_decompiled_body,40724,40069,
function_41af90,unchanged_decompiled_body,40770,40115,
function_41b0c0,unchanged_decompiled_body,40814,40159,
function_41b220,unchanged_decompiled_body,40886,40231,
function_41b380,unchanged_decompiled_body,40958,40303,
function_41b460,modified_nonempty_body,40991,40336,
function_41b550,unchanged_decompiled_body,41023,40369,
function_41b640,unchanged_decompiled_body,41052,40398,
function_41b790,unchanged_decompiled_body,41130,40476,
function_41b7c0,unchanged_decompiled_body,41143,40489,
function_41d520,unchanged_decompiled_body,41506,40852,
function_41bc30,unchanged_decompiled_body,41760,41106,
function_41c7b0,modified_nonempty_body,43628,42974,
function_41c870,unchanged_decompiled_body,43677,43023,
function_41d570,unchanged_decompiled_body,45751,45097,
function_41d5c0,modified_nonempty_body,45788,45134,
function_41d610,unchanged_decompiled_body,45804,45150,
function_41d630,unchanged_decompiled_body,45812,45158,
function_41d770,unchanged_decompiled_body,45921,45267,
function_41d9b0,unchanged_decompiled_body,46170,45516,
function_41da60,unchanged_decompiled_body,46187,45533,
function_41dbc0,unchanged_decompiled_body,46338,45684,
function_41dc80,modified_nonempty_body,46351,45697,
function_41de70,modified_nonempty_body,46475,45821,
function_41df30,original_short_body,46542,45888,
function_41df40,original_short_body,46550,45896,
function_41df50,original_short_body,46558,45904,
function_41df60,original_short_body,46564,45910,
function_41df70,modified_nonempty_body,46570,45916,
function_41e0c0,modified_nonempty_body,46708,46054,
function_41e190,unchanged_decompiled_body,46735,46081,
function_41e1e0,unchanged_decompiled_body,46755,46101,
function_41e200,unchanged_decompiled_body,46772,46118,
function_41e260,cpp_address_replacement,46791,,src/squirrel/squirrel_native_calls.cpp:107
function_48ce00,modified_nonempty_body,46794,181043,src/squirrel/squirrel_legacy_api.cpp:344
function_41e2c0,cpp_address_replacement,46805,,src/squirrel/squirrel_native_calls.cpp:108
function_41e320,unchanged_decompiled_body,46820,46143,
function_41e390,modified_nonempty_body,46838,46161,
function_41e790,modified_nonempty_body,47036,46359,
function_41ea50,unchanged_decompiled_body,47087,46410,
function_41eca0,unchanged_decompiled_body,47275,46598,
function_41eed0,unchanged_decompiled_body,47373,46696,
function_41ef20,unchanged_decompiled_body,47398,46721,
function_41ef50,unchanged_decompiled_body,47414,46737,
function_41efb0,modified_nonempty_body,47477,46800,
function_41eff0,unchanged_decompiled_body,47493,46829,
function_41f580,unchanged_decompiled_body,47636,46972,
function_41f800,unchanged_decompiled_body,47765,47101,
function_41f990,unchanged_decompiled_body,47908,47244,
function_41fbd0,unchanged_decompiled_body,48183,47519,
function_41fe90,original_short_body,48313,47649,
function_41fea0,modified_nonempty_body,48319,47655,
function_41fef0,original_short_body,48336,47672,
function_41ff00,original_short_body,48342,47678,
function_41ff10,unchanged_decompiled_body,48348,47684,
function_41ffe0,unchanged_decompiled_body,48371,47707,
function_4200e0,unchanged_decompiled_body,48398,47734,
function_4204f0,unchanged_decompiled_body,48769,48105,
function_420530,unchanged_decompiled_body,48787,48123,
function_4205b0,unchanged_decompiled_body,48817,48153,
function_4206d0,unchanged_decompiled_body,48876,48212,
function_420740,unchanged_decompiled_body,48908,48244,
function_4207c0,unchanged_decompiled_body,48924,48260,
function_4207e0,original_short_body,48932,48268,
function_4207f0,unchanged_decompiled_body,48940,48276,
function_420830,unchanged_decompiled_body,48960,48296,
function_420900,unchanged_decompiled_body,49004,48340,
function_420980,unchanged_decompiled_body,49039,48375,
function_4209b0,unchanged_decompiled_body,49053,48389,
function_420a10,unchanged_decompiled_body,49081,48417,
function_420a30,unchanged_decompiled_body,49092,48428,
function_420a80,unchanged_decompiled_body,49117,48453,
function_420a90,unchanged_decompiled_body,49126,48462,
function_420b20,unchanged_decompiled_body,49150,48486,
function_420b90,unchanged_decompiled_body,49172,48508,
function_420dc0,unchanged_decompiled_body,49321,48657,
function_420e40,unchanged_decompiled_body,49332,48668,
function_420ec0,unchanged_decompiled_body,49343,48679,
function_420f40,unchanged_decompiled_body,49354,48690,
function_420fc0,unchanged_decompiled_body,49365,48701,
function_4211d0,unchanged_decompiled_body,49638,48974,
function_4213d0,unchanged_decompiled_body,49791,49127,
function_421440,unchanged_decompiled_body,49800,49136,
function_421495,original_short_body,49819,49155,
function_4214a0,unchanged_decompiled_body,49825,49161,
function_4215af,unchanged_decompiled_body,49887,49223,
function_4216a0,unchanged_decompiled_body,50048,49384,
function_421860,modified_nonempty_body,50084,49420,
function_421dc0,unchanged_decompiled_body,50478,49814,
function_421e40,unchanged_decompiled_body,50529,49865,
function_4220c0,unchanged_decompiled_body,50718,50054,
function_422130,unchanged_decompiled_body,50807,50143,
function_422190,modified_nonempty_body,50892,50228,
function_422410,unchanged_decompiled_body,51231,50567,
function_4224b0,unchanged_decompiled_body,51290,50626,
function_422500,unchanged_decompiled_body,51324,50660,
function_422550,unchanged_decompiled_body,51343,50679,
function_422690,unchanged_decompiled_body,51389,50725,
function_4227d0,unchanged_decompiled_body,51435,50771,
function_422910,unchanged_decompiled_body,51481,50817,
function_422a60,unchanged_decompiled_body,51527,50863,
function_422b40,unchanged_decompiled_body,51547,50883,
function_422c20,unchanged_decompiled_body,51567,50903,
function_422d00,unchanged_decompiled_body,51587,50923,
function_422de0,unchanged_decompiled_body,51607,50943,
function_422ec0,unchanged_decompiled_body,51627,50963,
function_422fc0,unchanged_decompiled_body,51647,50983,
function_4230a0,unchanged_decompiled_body,51681,51017,
function_4231e0,unchanged_decompiled_body,51790,51126,
function_423350,unchanged_decompiled_body,51935,51271,
function_423430,unchanged_decompiled_body,52010,51346,
function_423560,unchanged_decompiled_body,52092,51428,
function_423620,unchanged_decompiled_body,52132,51468,
function_423640,modified_nonempty_body,52142,51478,
function_4236d4,original_short_body,52163,51499,
function_4236dc,unchanged_decompiled_body,52169,51505,
function_423700,unchanged_decompiled_body,52179,51515,
function_423757,unchanged_decompiled_body,52190,51526,
function_42376a,unchanged_decompiled_body,52199,51535,
function_423790,unchanged_decompiled_body,52209,51545,
function_4237b0,unchanged_decompiled_body,52216,51552,
function_423990,unchanged_decompiled_body,52478,51814,
function_423be0,unchanged_decompiled_body,52748,52084,
function_423cf0,unchanged_decompiled_body,52796,52132,
function_423d60,unchanged_decompiled_body,52813,52149,
function_423dd0,unchanged_decompiled_body,52829,52165,
function_423e70,unchanged_decompiled_body,52846,52182,
function_423f00,unchanged_decompiled_body,52867,52203,
function_423f50,unchanged_decompiled_body,52881,52217,
function_423f90,original_short_body,52889,52225,
function_423fd0,unchanged_decompiled_body,52895,52231,
function_424060,unchanged_decompiled_body,52916,52252,
function_4240f0,unchanged_decompiled_body,52937,52273,
function_424180,unchanged_decompiled_body,52958,52294,
function_4241f9,unchanged_decompiled_body,52979,52315,
function_424280,unchanged_decompiled_body,52996,52332,
function_424320,unchanged_decompiled_body,53015,52351,
function_424350,unchanged_decompiled_body,53047,52383,
function_424430,unchanged_decompiled_body,53076,52412,
function_4247f0,unchanged_decompiled_body,53085,52421,
function_424f60,unchanged_decompiled_body,53103,52439,
function_424640,unchanged_decompiled_body,53138,52474,
function_4248e0,unchanged_decompiled_body,53145,52481,
function_424720,unchanged_decompiled_body,53158,52494,
function_4249d0,unchanged_decompiled_body,53301,52637,
function_424bb0,unchanged_decompiled_body,53383,52719,
function_424d60,unchanged_decompiled_body,53454,52790,
function_424da0,unchanged_decompiled_body,53474,52810,
function_425030,unchanged_decompiled_body,53631,52967,
function_4250e0,unchanged_decompiled_body,53663,52999,
function_4252d0,original_short_body,53734,53070,
function_4252e0,unchanged_decompiled_body,53740,53076,
function_4252f0,original_short_body,53747,53083,
function_425300,unchanged_decompiled_body,53755,53091,
function_425320,unchanged_decompiled_body,53770,53106,
function_425350,modified_nonempty_body,53789,53125,
function_4253d0,unchanged_decompiled_body,53801,53137,
function_425420,unchanged_decompiled_body,53827,53163,
function_425510,unchanged_decompiled_body,53915,53251,
function_4255e0,unchanged_decompiled_body,53988,53324,
function_4258a0,original_short_body,54118,53454,
function_4258b0,modified_nonempty_body,54124,53460,
function_425900,original_short_body,54141,53477,
function_425910,unchanged_decompiled_body,54147,53483,
function_4259e0,unchanged_decompiled_body,54176,53512,
function_425ae0,unchanged_decompiled_body,54201,53537,
function_425ef0,unchanged_decompiled_body,54572,53908,
function_426090,unchanged_decompiled_body,54608,53944,
function_425fd0,unchanged_decompiled_body,54617,53953,
function_426030,unchanged_decompiled_body,54667,54003,
function_426060,unchanged_decompiled_body,54679,54015,
function_4260d0,unchanged_decompiled_body,54713,54049,
function_426120,unchanged_decompiled_body,54740,54076,
function_4261f0,unchanged_decompiled_body,54781,54117,
function_426250,unchanged_decompiled_body,54805,54141,
function_426390,unchanged_decompiled_body,54851,54187,
function_4263c0,original_short_body,54875,54211,
function_4263e0,unchanged_decompiled_body,54881,54217,
function_426470,unchanged_decompiled_body,54902,54238,
function_426500,unchanged_decompiled_body,54923,54259,
function_426530,original_short_body,54959,54295,
function_426540,unchanged_decompiled_body,54967,54303,
function_426560,unchanged_decompiled_body,54981,54317,
function_4265e0,unchanged_decompiled_body,55013,54349,
function_426650,unchanged_decompiled_body,55042,54378,
function_426740,unchanged_decompiled_body,55078,54414,
function_426840,modified_nonempty_body,55139,54475,
function_4269f0,unchanged_decompiled_body,55204,54540,
function_426b30,original_short_body,55280,54616,
function_426b40,modified_nonempty_body,55286,54622,
function_426b90,original_short_body,55303,54639,
function_426ba0,unchanged_decompiled_body,55309,54645,
function_426c70,unchanged_decompiled_body,55337,54673,
function_426d70,unchanged_decompiled_body,55362,54698,
function_4271b0,unchanged_decompiled_body,55733,55069,
function_4272f0,original_short_body,55778,55114,
function_427310,unchanged_decompiled_body,55784,55120,
function_4273a0,unchanged_decompiled_body,55805,55141,
function_427520,original_short_body,55873,55209,
function_427530,modified_nonempty_body,55881,55470,
function_427610,unchanged_decompiled_body,55919,55509,
function_427750,modified_nonempty_body,55995,55585,
function_427950,replacement_mapping_unresolved,56034,,
function_428000,modified_nonempty_body,56668,57331,
function_428150,unchanged_decompiled_body,56690,57364,
function_428720,unchanged_decompiled_body,57160,57834,
function_4289c0,modified_nonempty_body,57460,58134,
function_428af0,unchanged_decompiled_body,57612,58286,
function_428bd0,unchanged_decompiled_body,57746,58420,
function_428cc0,unchanged_decompiled_body,57882,58556,
function_428f80,original_short_body,58012,58686,
function_428f90,modified_nonempty_body,58018,58692,
function_428fe0,original_short_body,58035,58709,
function_428ff0,modified_nonempty_body,58041,58715,
function_4290c0,unchanged_decompiled_body,58064,58738,
function_4291c0,unchanged_decompiled_body,58091,58765,
function_4295d0,unchanged_decompiled_body,58461,59135,
function_429630,unchanged_decompiled_body,58511,59185,
function_4296a0,unchanged_decompiled_body,58544,59218,
function_429720,unchanged_decompiled_body,58583,59257,
function_429780,unchanged_decompiled_body,58613,59287,
function_4297e0,unchanged_decompiled_body,58640,59314,
function_429840,unchanged_decompiled_body,58669,59343,
function_4298a0,unchanged_decompiled_body,58696,59370,
function_4298d0,unchanged_decompiled_body,58708,59382,
function_429910,unchanged_decompiled_body,58737,59411,
function_429920,unchanged_decompiled_body,58744,59418,
function_4299c0,modified_nonempty_body,58883,59557,
function_429c20,unchanged_decompiled_body,59255,59929,
function_429c70,modified_nonempty_body,59292,59966,
function_429cb0,unchanged_decompiled_body,59323,59971,
function_429d10,unchanged_decompiled_body,59357,60005,
function_429d70,unchanged_decompiled_body,59376,60024,
function_429d90,unchanged_decompiled_body,59397,60045,
function_429de0,unchanged_decompiled_body,59449,60097,
function_429e00,unchanged_decompiled_body,59470,60118,
function_429f40,unchanged_decompiled_body,59516,60164,
function_42a080,unchanged_decompiled_body,59562,60210,
function_42a1d0,unchanged_decompiled_body,59608,60256,
function_42a310,unchanged_decompiled_body,59654,60302,
function_42a3e0,unchanged_decompiled_body,59729,60377,
function_42a510,unchanged_decompiled_body,59814,60462,
function_42a530,original_short_body,59823,60471,
function_42a570,original_short_body,59829,60477,
function_42a5a0,original_short_body,59835,60483,
function_42a5c0,unchanged_decompiled_body,59841,60489,
function_42a7a0,unchanged_decompiled_body,60094,60742,
function_42a800,unchanged_decompiled_body,60123,60771,
function_42a900,unchanged_decompiled_body,60175,60823,
function_42a9a0,unchanged_decompiled_body,60216,60864,
function_42aa30,unchanged_decompiled_body,60237,60885,
function_42aac0,unchanged_decompiled_body,60258,60906,
function_42ab50,unchanged_decompiled_body,60279,60927,
function_42abe0,unchanged_decompiled_body,60302,60950,
function_42ac10,original_short_body,60315,60963,
function_42ac20,unchanged_decompiled_body,60321,60969,
function_42b280,replacement_mapping_unresolved,60545,,
function_42b2a0,replacement_mapping_unresolved,60558,,
function_42b2d0,replacement_mapping_unresolved,60572,,
function_42b3a0,unchanged_decompiled_body,60586,61193,
function_42b3f0,unchanged_decompiled_body,60594,61201,
function_42b470,original_short_body,60611,61218,
function_42b480,unchanged_decompiled_body,60619,61226,
function_42b4a0,unchanged_decompiled_body,60634,61241,
function_42b550,unchanged_decompiled_body,60664,61271,
function_42b560,unchanged_decompiled_body,60674,61281,
function_42b580,unchanged_decompiled_body,60685,61292,
function_42b5c0,unchanged_decompiled_body,60702,61309,
function_42b6d0,unchanged_decompiled_body,60731,61338,
function_42ba50,unchanged_decompiled_body,60827,61434,
function_42bcc0,replacement_mapping_unresolved,60908,,
function_42bd00,modified_nonempty_body,60926,62239,
function_42c030,unchanged_decompiled_body,60983,62296,
function_42c0a0,unchanged_decompiled_body,61013,62326,
function_42c100,replacement_mapping_unresolved,61040,,
function_42c300,replacement_mapping_unresolved,61128,,
function_42c470,unchanged_decompiled_body,61161,62476,
function_42c510,unchanged_decompiled_body,61196,62511,
function_42c520,unchanged_decompiled_body,61203,62518,
function_42c550,unchanged_decompiled_body,61212,62527,
function_42c560,unchanged_decompiled_body,61219,62534,
function_42c590,unchanged_decompiled_body,61228,62543,
function_42c5a0,unchanged_decompiled_body,61235,62550,
function_42c5d0,unchanged_decompiled_body,61246,62561,
function_42c890,original_short_body,61376,62691,
function_42c8a0,modified_nonempty_body,61382,62697,
function_42c8f0,original_short_body,61399,62714,
function_42c900,unchanged_decompiled_body,61405,62720,
function_42c9c0,unchanged_decompiled_body,61428,62743,
function_42cac0,unchanged_decompiled_body,61455,62770,
function_42ced0,unchanged_decompiled_body,61828,63143,
function_42cf50,unchanged_decompiled_body,61858,63173,
function_42d060,unchanged_decompiled_body,61921,63236,
function_42d0d0,unchanged_decompiled_body,61955,63270,
function_42d160,unchanged_decompiled_body,61979,63294,
function_42d180,original_short_body,61987,63302,
function_42d190,unchanged_decompiled_body,61993,63308,
function_42d1c0,unchanged_decompiled_body,62005,63320,
function_42d230,unchanged_decompiled_body,62033,63348,
function_42d240,unchanged_decompiled_body,62040,63355,
function_42d400,unchanged_decompiled_body,62076,63391,
function_42d4d0,modified_nonempty_body,62220,63535,
function_42d750,unchanged_decompiled_body,62559,63874,
function_42d7a0,unchanged_decompiled_body,62593,63908,
function_42d7f0,unchanged_decompiled_body,62612,63927,
function_42d850,unchanged_decompiled_body,62646,63961,
function_42d930,unchanged_decompiled_body,62666,63981,
function_42da10,unchanged_decompiled_body,62686,64001,
function_42da80,unchanged_decompiled_body,62713,64028,
function_42db20,unchanged_decompiled_body,62730,64045,
function_42dc70,unchanged_decompiled_body,62776,64091,
function_42ddb0,unchanged_decompiled_body,62822,64137,
function_42de90,unchanged_decompiled_body,62897,64212,
function_42dfc0,unchanged_decompiled_body,62979,64294,
function_42e030,unchanged_decompiled_body,62995,64310,
function_42e050,original_short_body,63004,64319,
function_42e070,unchanged_decompiled_body,63010,64325,
function_42e2c0,unchanged_decompiled_body,63280,64595,
function_42e3d0,unchanged_decompiled_body,63326,64641,
function_42e430,unchanged_decompiled_body,63338,64653,
function_42e4c0,unchanged_decompiled_body,63355,64670,
function_42e539,unchanged_decompiled_body,63376,64691,
function_42e5b0,unchanged_decompiled_body,63392,64707,
function_42e640,unchanged_decompiled_body,63413,64728,
function_42e6b9,unchanged_decompiled_body,63434,64749,
function_42e6e0,original_short_body,63444,64759,
function_42e6f0,original_short_body,63452,64767,
function_42e700,unchanged_decompiled_body,63460,64775,
function_42e7d0,unchanged_decompiled_body,63497,64812,
function_42e940,modified_nonempty_body,63720,65035,
function_42ea80,unchanged_decompiled_body,63740,65057,
function_42ed30,modified_nonempty_body,63915,65232,
function_42ef00,modified_nonempty_body,63970,65287,
function_42f120,modified_nonempty_body,64060,65377,
function_42f1b0,unchanged_decompiled_body,64088,65405,
function_42f2a0,modified_nonempty_body,64153,65470,
function_42f350,unchanged_decompiled_body,64168,65485,
function_42f6c0,unchanged_decompiled_body,64283,65600,
function_42f800,unchanged_decompiled_body,64371,65688,
function_42f910,unchanged_decompiled_body,64419,65736,
function_42f970,unchanged_decompiled_body,64445,65762,
function_42f9d0,unchanged_decompiled_body,64472,65789,
function_42fa50,unchanged_decompiled_body,64493,65810,
function_42fae0,modified_nonempty_body,64526,65843,
function_42fe10,unchanged_decompiled_body,64690,66007,
function_42fe80,unchanged_decompiled_body,64748,66065,
function_42fee0,unchanged_decompiled_body,64783,66100,
function_42ff70,unchanged_decompiled_body,64816,66133,
function_42ffb0,unchanged_decompiled_body,64836,66153,
function_430080,unchanged_decompiled_body,64887,66204,
function_4300d0,unchanged_decompiled_body,64924,66241,
function_430140,unchanged_decompiled_body,64958,66275,
function_430180,unchanged_decompiled_body,64975,66292,
function_430280,unchanged_decompiled_body,65034,66351,
function_430540,original_short_body,65164,66481,
function_430550,modified_nonempty_body,65170,66487,
function_4305a0,original_short_body,65187,66504,
function_4305b0,unchanged_decompiled_body,65193,66510,
function_430670,unchanged_decompiled_body,65216,66533,
function_430770,unchanged_decompiled_body,65243,66560,
function_430bd0,unchanged_decompiled_body,65616,66933,
function_430c50,unchanged_decompiled_body,65646,66963,
function_430d70,unchanged_decompiled_body,65705,67022,
function_430de0,unchanged_decompiled_body,65737,67054,
function_430e00,original_short_body,65745,67062,
function_430e10,unchanged_decompiled_body,65753,67070,
function_430ea0,unchanged_decompiled_body,65777,67094,
function_430ec0,original_short_body,65785,67102,
function_430ed0,unchanged_decompiled_body,65791,67108,
function_430f00,unchanged_decompiled_body,65803,67120,
function_430f40,unchanged_decompiled_body,65834,67151,
function_430f50,unchanged_decompiled_body,65841,67158,
function_430fc0,unchanged_decompiled_body,65870,67187,
function_430fd0,unchanged_decompiled_body,65879,67196,
function_431060,unchanged_decompiled_body,65903,67220,
function_431220,unchanged_decompiled_body,65939,67256,
function_4312c0,unchanged_decompiled_body,66078,67395,
function_4313a2,unchanged_decompiled_body,66123,67440,
function_431490,unchanged_decompiled_body,66281,67598,
function_431650,cpp_address_replacement,66317,,src/squirrel/squirrel_native_calls.cpp:109
function_431670,modified_nonempty_body,66324,67637,
function_4318d0,unchanged_decompiled_body,66696,68009,
function_431920,modified_nonempty_body,66748,68061,
function_431ba0,unchanged_decompiled_body,67087,68400,
function_431c00,unchanged_decompiled_body,67121,68434,
function_431c60,unchanged_decompiled_body,67140,68453,
function_431c80,unchanged_decompiled_body,67161,68474,
function_431cd0,unchanged_decompiled_body,67195,68508,
function_431d20,unchanged_decompiled_body,67214,68527,
function_431d80,modified_nonempty_body,67233,68546,
function_431e40,unchanged_decompiled_body,67283,68596,
function_431ee0,unchanged_decompiled_body,67299,68612,
function_432020,unchanged_decompiled_body,67345,68658,
function_432160,unchanged_decompiled_body,67391,68704,
function_432240,unchanged_decompiled_body,67411,68724,
function_432320,unchanged_decompiled_body,67431,68744,
function_432400,unchanged_decompiled_body,67451,68764,
function_4324e0,unchanged_decompiled_body,67471,68784,
function_4325c0,unchanged_decompiled_body,67491,68804,
function_432660,unchanged_decompiled_body,67508,68821,
function_4326a0,unchanged_decompiled_body,67547,68860,
function_432770,unchanged_decompiled_body,67618,68931,
function_432850,unchanged_decompiled_body,67693,69006,
function_432980,unchanged_decompiled_body,67777,69090,
function_4329a0,original_short_body,67786,69099,
function_4329c0,unchanged_decompiled_body,67792,69105,
function_432ba0,unchanged_decompiled_body,68045,69358,
function_432df0,unchanged_decompiled_body,68313,69626,
function_432e50,unchanged_decompiled_body,68342,69655,
function_432f70,unchanged_decompiled_body,68424,69737,
function_433080,unchanged_decompiled_body,68470,69783,
function_4330e0,unchanged_decompiled_body,68482,69795,
function_433160,unchanged_decompiled_body,68494,69807,
function_4331d0,unchanged_decompiled_body,68506,69819,
function_433260,unchanged_decompiled_body,68523,69836,
function_4332df,unchanged_decompiled_body,68544,69857,
function_433300,unchanged_decompiled_body,68552,69865,
function_433390,unchanged_decompiled_body,68573,69886,
function_4333d0,unchanged_decompiled_body,68618,69931,
function_4333f0,unchanged_decompiled_body,68634,69947,
function_433480,unchanged_decompiled_body,68655,69968,
function_4334f9,unchanged_decompiled_body,68676,69989,
function_4335a0,unchanged_decompiled_body,68697,70010,
function_433630,unchanged_decompiled_body,68713,70026,
function_4336e0,unchanged_decompiled_body,68773,70086,
function_433710,original_short_body,68789,70102,
function_433720,original_short_body,68797,70110,
function_433730,unchanged_decompiled_body,68803,70116,
function_433740,unchanged_decompiled_body,68810,70123,
function_433760,unchanged_decompiled_body,68820,70133,
function_433770,unchanged_decompiled_body,68827,70140,
function_433780,unchanged_decompiled_body,68837,70150,
function_4338d0,unchanged_decompiled_body,68896,70209,
function_433aa0,unchanged_decompiled_body,69027,70340,
function_433ae0,unchanged_decompiled_body,69045,70358,
function_433c90,unchanged_decompiled_body,69081,70394,
function_4341f0,unchanged_decompiled_body,69228,70541,
function_434380,unchanged_decompiled_body,69297,70610,
function_434760,modified_nonempty_body,69669,70982,
function_434920,unchanged_decompiled_body,69702,71015,
function_434a50,unchanged_decompiled_body,69780,71093,
function_434b40,replacement_mapping_unresolved,69862,,
function_434b60,replacement_mapping_unresolved,69871,,
function_434f40,replacement_mapping_unresolved,70193,,
function_435220,unchanged_decompiled_body,70352,71173,
function_4355f0,unchanged_decompiled_body,70794,71615,
function_435720,unchanged_decompiled_body,70888,71709,
function_435860,unchanged_decompiled_body,70996,71817,
function_435af0,unchanged_decompiled_body,71204,72025,
function_435b20,unchanged_decompiled_body,71218,72039,
function_435d00,unchanged_decompiled_body,71424,72245,
function_435e80,unchanged_decompiled_body,71504,72325,
function_435ee0,unchanged_decompiled_body,71526,72347,
function_435f00,unchanged_decompiled_body,71539,72360,
function_435fc0,unchanged_decompiled_body,71625,72446,
function_435fd0,unchanged_decompiled_body,71633,72454,
function_4360c0,unchanged_decompiled_body,71679,72500,
function_436110,unchanged_decompiled_body,71700,72521,
function_436140,unchanged_decompiled_body,71718,72539,
function_436180,unchanged_decompiled_body,71737,72558,
function_4361c0,unchanged_decompiled_body,71755,72576,
function_436290,unchanged_decompiled_body,71784,72605,
function_4362f0,unchanged_decompiled_body,71831,72652,
function_436350,unchanged_decompiled_body,71885,72706,
function_4363b0,unchanged_decompiled_body,71933,72754,
function_436450,unchanged_decompiled_body,71973,72794,
function_436710,original_short_body,72103,72924,
function_436720,modified_nonempty_body,72109,72930,
function_436770,original_short_body,72126,72947,
function_436780,unchanged_decompiled_body,72132,72953,
function_436840,unchanged_decompiled_body,72155,72976,
function_436940,unchanged_decompiled_body,72180,73001,
function_436d50,unchanged_decompiled_body,72551,73372,
function_437e10,unchanged_decompiled_body,72592,73413,
function_436e60,unchanged_decompiled_body,72601,73422,
function_436ec0,unchanged_decompiled_body,72650,73471,
function_436fe0,unchanged_decompiled_body,72707,73528,
function_437f40,unchanged_decompiled_body,72747,73568,
function_437170,unchanged_decompiled_body,72778,73599,
function_437220,unchanged_decompiled_body,72810,73631,
function_437260,unchanged_decompiled_body,72825,73646,
function_437290,unchanged_decompiled_body,72841,73662,
function_438080,unchanged_decompiled_body,72886,73707,
function_4373b0,unchanged_decompiled_body,72895,73716,
function_437440,unchanged_decompiled_body,72946,73767,
function_437470,unchanged_decompiled_body,72960,73781,
function_438190,unchanged_decompiled_body,73006,73827,
function_4375c0,unchanged_decompiled_body,73015,73836,
function_437690,unchanged_decompiled_body,73064,73885,
function_438270,unchanged_decompiled_body,73111,73932,
function_4377f0,unchanged_decompiled_body,73120,73941,
function_4378c0,unchanged_decompiled_body,73160,73981,
function_4379e0,unchanged_decompiled_body,73219,74040,
function_437a60,unchanged_decompiled_body,73249,74070,
function_437b70,unchanged_decompiled_body,73312,74133,
function_437be0,unchanged_decompiled_body,73346,74167,
function_437c70,unchanged_decompiled_body,73372,74193,
function_437c90,original_short_body,73382,74203,
function_437ca0,unchanged_decompiled_body,73390,74211,
function_437d30,unchanged_decompiled_body,73416,74237,
function_437d50,original_short_body,73426,74247,
function_437d60,unchanged_decompiled_body,73432,74253,
function_437d90,unchanged_decompiled_body,73444,74265,
function_437df0,unchanged_decompiled_body,73473,74294,
function_437e50,unchanged_decompiled_body,73513,74334,
function_437ea0,unchanged_decompiled_body,73540,74361,
function_437ee0,unchanged_decompiled_body,73567,74388,
function_437f90,unchanged_decompiled_body,73625,74446,
function_437fb0,unchanged_decompiled_body,73650,74471,
function_438030,unchanged_decompiled_body,73680,74501,
function_4380c0,unchanged_decompiled_body,73748,74569,
function_438140,unchanged_decompiled_body,73778,74599,
function_4381d0,unchanged_decompiled_body,73837,74658,
function_4381f0,unchanged_decompiled_body,73855,74676,
function_4382b0,unchanged_decompiled_body,73910,74731,
function_438330,unchanged_decompiled_body,73939,74760,
function_438370,unchanged_decompiled_body,73966,74787,
function_438380,unchanged_decompiled_body,73973,74794,
function_438540,unchanged_decompiled_body,74009,74830,
function_438700,unchanged_decompiled_body,74045,74866,
function_4387d0,unchanged_decompiled_body,74087,74908,
function_438820,unchanged_decompiled_body,74111,74932,
function_438940,unchanged_decompiled_body,74154,74975,
function_4389a0,unchanged_decompiled_body,74178,74999,
function_438a90,unchanged_decompiled_body,74226,75047,
function_438af0,unchanged_decompiled_body,74248,75069,
function_438bf0,unchanged_decompiled_body,74292,75113,
function_438c50,unchanged_decompiled_body,74316,75137,
function_438d40,unchanged_decompiled_body,74359,75180,
function_438da0,unchanged_decompiled_body,74383,75204,
function_438e70,unchanged_decompiled_body,74527,75348,
function_438f00,modified_nonempty_body,74591,75412,
function_439180,unchanged_decompiled_body,74930,75751,
function_4391d0,unchanged_decompiled_body,74964,75785,
function_439220,unchanged_decompiled_body,74983,75804,
function_439300,unchanged_decompiled_body,75003,75824,
function_4393e0,unchanged_decompiled_body,75023,75844,
function_439460,unchanged_decompiled_body,75039,75860,
function_439540,unchanged_decompiled_body,75059,75880,
function_439620,unchanged_decompiled_body,75079,75900,
function_439700,unchanged_decompiled_body,75099,75920,
function_4397e0,unchanged_decompiled_body,75119,75940,
function_439840,unchanged_decompiled_body,75146,75967,
function_4398e0,unchanged_decompiled_body,75163,75984,
function_439940,unchanged_decompiled_body,75240,76061,
function_439a80,unchanged_decompiled_body,75286,76107,
function_439bd0,unchanged_decompiled_body,75332,76153,
function_439c20,unchanged_decompiled_body,75347,76168,
function_439c50,unchanged_decompiled_body,75375,76196,
function_439c80,unchanged_decompiled_body,75382,76203,
function_439cb0,unchanged_decompiled_body,75406,76227,
function_439ce0,unchanged_decompiled_body,75434,76255,
function_439e10,unchanged_decompiled_body,75517,76338,
function_439ef0,unchanged_decompiled_body,75592,76413,
function_43a020,modified_nonempty_body,75676,76497,
function_43a0ae,original_short_body,75694,76515,
function_43a0b6,unchanged_decompiled_body,75700,76521,
function_43a0e0,original_short_body,75708,76529,
function_43a100,unchanged_decompiled_body,75714,76535,
function_43a350,unchanged_decompiled_body,75982,76803,
function_43a3b0,unchanged_decompiled_body,76013,76834,
function_43a4c0,unchanged_decompiled_body,76060,76881,
function_43a550,unchanged_decompiled_body,76077,76898,
function_43a620,unchanged_decompiled_body,76199,77020,
function_43a720,unchanged_decompiled_body,76338,77159,
function_43a7b0,unchanged_decompiled_body,76359,77180,
function_43a860,unchanged_decompiled_body,76425,77246,
function_43a900,unchanged_decompiled_body,76488,77309,
function_43a9f0,unchanged_decompiled_body,76565,77386,
function_43aa40,unchanged_decompiled_body,76606,77427,
function_43ab00,unchanged_decompiled_body,76675,77496,
function_43ab60,unchanged_decompiled_body,76686,77507,
function_43abc0,unchanged_decompiled_body,76698,77519,
function_43adc0,unchanged_decompiled_body,76820,77641,
function_43ade0,unchanged_decompiled_body,76841,77662,
function_43ae60,unchanged_decompiled_body,76856,77677,
function_43af30,unchanged_decompiled_body,76877,77698,
function_43afd0,unchanged_decompiled_body,76894,77715,
function_43b060,unchanged_decompiled_body,76910,77731,
function_43b0e0,unchanged_decompiled_body,76925,77746,
function_43b150,unchanged_decompiled_body,76938,77759,
function_43b1b0,unchanged_decompiled_body,76950,77771,
function_43b2f0,unchanged_decompiled_body,77173,77994,
function_43b380,unchanged_decompiled_body,77194,78015,
function_43b410,unchanged_decompiled_body,77215,78036,
function_43b6c0,unchanged_decompiled_body,77500,78321,
function_43b6f0,unchanged_decompiled_body,77532,78353,
function_43b790,unchanged_decompiled_body,77590,78411,
function_43b7d0,unchanged_decompiled_body,77626,78447,
function_43b800,unchanged_decompiled_body,77658,78479,
function_43b840,unchanged_decompiled_body,77690,78511,
function_43b900,unchanged_decompiled_body,77754,78575,
function_43b980,unchanged_decompiled_body,77772,78593,
function_43bab0,unchanged_decompiled_body,77878,78699,
function_43bb50,unchanged_decompiled_body,78054,78875,
function_43bba0,unchanged_decompiled_body,78085,78906,
function_43bc20,unchanged_decompiled_body,78209,79030,
function_43bcc0,unchanged_decompiled_body,78231,79052,
function_43bdc0,unchanged_decompiled_body,78347,79168,
function_43be50,unchanged_decompiled_body,78388,79209,
function_43bf40,unchanged_decompiled_body,78471,79292,
function_43bfc0,unchanged_decompiled_body,78548,79369,
function_43c070,unchanged_decompiled_body,78569,79390,
function_43c140,unchanged_decompiled_body,78647,79468,
function_43c1b0,original_short_body,78696,79517,
function_43c1c0,original_short_body,78704,79525,
function_43c1d0,original_short_body,78712,79533,
function_43c1e0,unchanged_decompiled_body,78720,79541,
function_43c210,unchanged_decompiled_body,78740,79561,
function_43c220,unchanged_decompiled_body,78750,79571,
function_43c2b0,unchanged_decompiled_body,78794,79615,
function_43c530,unchanged_decompiled_body,78874,79695,
function_43c690,unchanged_decompiled_body,78940,79761,
function_43c6b0,modified_nonempty_body,78953,79774,
function_43c860,explicit_receiver_in_c,78986,,
function_43c8c0,unchanged_decompiled_body,79012,79832,
function_43c920,unchanged_decompiled_body,79039,79859,
function_43ca40,unchanged_decompiled_body,79089,79909,
function_43cc00,unchanged_decompiled_body,79121,79941,
function_43cec0,original_short_body,79251,80071,
function_43ced0,modified_nonempty_body,79257,80077,
function_43cf20,modified_nonempty_body,79274,80095,
function_43cf30,unchanged_decompiled_body,79280,80110,
function_43d010,unchanged_decompiled_body,79314,80144,
function_43d110,modified_nonempty_body,79341,80543,
function_43d520,unchanged_decompiled_body,79714,80564,
function_43d5a0,unchanged_decompiled_body,79744,80594,
function_43d6b0,unchanged_decompiled_body,79807,80657,
function_43d720,unchanged_decompiled_body,79841,80691,
function_43d7b0,unchanged_decompiled_body,79865,80715,
function_43d7d0,original_short_body,79873,80723,
function_43d7e0,unchanged_decompiled_body,79879,80729,
function_43d810,unchanged_decompiled_body,79893,80743,
function_43d870,unchanged_decompiled_body,79920,80770,
function_43d880,unchanged_decompiled_body,79927,80777,
function_43da40,unchanged_decompiled_body,79963,80813,
function_43db10,modified_nonempty_body,80107,80957,
function_43dd90,unchanged_decompiled_body,80446,81296,
function_43dde0,unchanged_decompiled_body,80480,81330,
function_43de30,unchanged_decompiled_body,80499,81349,
function_43df10,unchanged_decompiled_body,80519,81369,
function_43dfb0,unchanged_decompiled_body,80536,81386,
function_43e100,unchanged_decompiled_body,80584,81434,
function_43e110,unchanged_decompiled_body,80591,81441,
function_43e1f0,unchanged_decompiled_body,80666,81516,
function_43e320,original_short_body,80748,81598,
function_43e340,unchanged_decompiled_body,80754,81604,
function_43e590,unchanged_decompiled_body,81024,81874,
function_43e6a0,unchanged_decompiled_body,81070,81920,
function_43e730,unchanged_decompiled_body,81087,81937,
function_43e7aa,unchanged_decompiled_body,81108,81958,
function_43e7c0,unchanged_decompiled_body,81117,81967,
function_43e83a,unchanged_decompiled_body,81138,81988,
function_43e850,unchanged_decompiled_body,81149,81999,
function_43e860,original_short_body,81156,82006,
function_43e870,original_short_body,81162,82012,
function_43e880,unchanged_decompiled_body,81170,82020,
function_43e890,modified_nonempty_body,81178,82028,
function_43eb80,unchanged_decompiled_body,81295,82145,
function_43ec30,unchanged_decompiled_body,81322,82172,
function_43eda0,unchanged_decompiled_body,81358,82208,
function_43f5a0,unchanged_decompiled_body,81620,82470,
function_43f750,unchanged_decompiled_body,81687,82537,
function_43f770,modified_nonempty_body,81700,82550,
function_43fb00,modified_nonempty_body,81764,82614,
function_43fbe0,unchanged_decompiled_body,81800,82650,
function_43fc40,modified_nonempty_body,81825,82675,
function_440180,unchanged_decompiled_body,82295,83145,
function_440350,modified_nonempty_body,82357,83207,
function_440390,unchanged_decompiled_body,82374,83217,
function_440560,unchanged_decompiled_body,82495,83338,
function_440710,modified_nonempty_body,82597,83440,
function_440770,unchanged_decompiled_body,82612,83455,
function_4407a0,unchanged_decompiled_body,82627,83470,
function_440900,unchanged_decompiled_body,82839,83682,
function_440910,modified_nonempty_body,82847,83690,
function_440ca0,unchanged_decompiled_body,82978,83813,
function_440de0,unchanged_decompiled_body,83008,83843,
function_440df0,modified_nonempty_body,83022,83857,
function_440e20,unchanged_decompiled_body,83035,83870,
function_440e30,unchanged_decompiled_body,83042,83877,
function_440e60,unchanged_decompiled_body,83062,83897,
function_440e70,unchanged_decompiled_body,83069,83904,
function_440e90,unchanged_decompiled_body,83077,83912,
function_440ea0,unchanged_decompiled_body,83084,83919,
function_440ed0,unchanged_decompiled_body,83093,83928,
function_440ee0,unchanged_decompiled_body,83100,83935,
function_440f10,unchanged_decompiled_body,83109,83944,
function_440f20,unchanged_decompiled_body,83116,83951,
function_440f50,unchanged_decompiled_body,83125,83960,
function_440f60,unchanged_decompiled_body,83132,83967,
function_440f90,unchanged_decompiled_body,83141,83976,
function_440fa0,unchanged_decompiled_body,83148,83983,
function_440fd0,unchanged_decompiled_body,83157,83992,
function_440fe0,unchanged_decompiled_body,83164,83999,
function_441010,unchanged_decompiled_body,83173,84008,
function_441020,unchanged_decompiled_body,83180,84015,
function_441040,unchanged_decompiled_body,83188,84023,
function_441050,unchanged_decompiled_body,83195,84030,
function_441070,unchanged_decompiled_body,83203,84038,
function_441080,unchanged_decompiled_body,83210,84045,
function_441090,unchanged_decompiled_body,83218,84053,
function_4410a0,unchanged_decompiled_body,83225,84060,
function_4410b0,unchanged_decompiled_body,83232,84067,
function_4410c0,modified_nonempty_body,83239,84074,
function_441250,unchanged_decompiled_body,83395,84230,
function_4413a0,unchanged_decompiled_body,83551,84386,
function_441660,original_short_body,83681,84516,
function_441670,modified_nonempty_body,83687,84522,
function_4416c0,original_short_body,83704,84539,
function_4416d0,unchanged_decompiled_body,83710,84545,
function_4417a0,unchanged_decompiled_body,83733,84568,
function_4418a0,unchanged_decompiled_body,83758,84593,
function_441cb0,unchanged_decompiled_body,84131,84966,
function_441df0,unchanged_decompiled_body,84441,85276,
function_441e80,unchanged_decompiled_body,84563,85398,
function_441ed0,unchanged_decompiled_body,84602,85437,
function_442040,unchanged_decompiled_body,84673,85508,
function_4420f0,unchanged_decompiled_body,84706,85541,
function_442110,unchanged_decompiled_body,84716,85551,
function_4422e0,unchanged_decompiled_body,84787,85622,
function_442300,unchanged_decompiled_body,84798,85633,
function_442430,unchanged_decompiled_body,84956,85791,
function_442480,unchanged_decompiled_body,84978,85813,
function_4424b0,unchanged_decompiled_body,85003,85838,
function_4424f0,unchanged_decompiled_body,85030,85865,
function_442570,unchanged_decompiled_body,85060,85895,
function_442680,unchanged_decompiled_body,85123,85958,
function_4426f0,unchanged_decompiled_body,85157,85992,
function_442780,unchanged_decompiled_body,85183,86018,
function_4427a0,original_short_body,85193,86028,
function_4427b0,unchanged_decompiled_body,85199,86034,
function_4427e0,unchanged_decompiled_body,85211,86046,
function_442840,unchanged_decompiled_body,85237,86072,
function_4428b0,unchanged_decompiled_body,85266,86101,
function_442900,unchanged_decompiled_body,85291,86126,
function_442930,unchanged_decompiled_body,85311,86146,
function_4429d0,unchanged_decompiled_body,85351,86186,
function_442bd0,unchanged_decompiled_body,85498,86333,
function_442d20,unchanged_decompiled_body,85605,86440,
function_442da0,unchanged_decompiled_body,85687,86522,
function_442db0,unchanged_decompiled_body,85694,86529,
function_442f70,unchanged_decompiled_body,85730,86565,
function_442fb0,modified_nonempty_body,85751,86586,
function_442fe0,unchanged_decompiled_body,85761,86596,
function_4430e0,unchanged_decompiled_body,85811,86646,
function_443140,unchanged_decompiled_body,85835,86670,
function_443170,unchanged_decompiled_body,85851,86686,
function_443240,modified_nonempty_body,85995,86830,
function_4434c0,unchanged_decompiled_body,86334,87169,
function_443510,unchanged_decompiled_body,86368,87203,
function_443560,unchanged_decompiled_body,86387,87222,
function_443580,unchanged_decompiled_body,86408,87243,
function_443660,unchanged_decompiled_body,86428,87263,
function_443740,unchanged_decompiled_body,86448,87283,
function_443820,unchanged_decompiled_body,86468,87303,
function_4438a0,unchanged_decompiled_body,86485,87320,
function_443920,unchanged_decompiled_body,86502,87337,
function_4439a0,unchanged_decompiled_body,86516,87351,
function_443a40,unchanged_decompiled_body,86533,87368,
function_443b80,unchanged_decompiled_body,86579,87414,
function_443cc0,unchanged_decompiled_body,86625,87460,
function_443e00,unchanged_decompiled_body,86671,87506,
function_443f50,unchanged_decompiled_body,86717,87552,
function_444000,original_short_body,86779,87614,
function_444090,unchanged_decompiled_body,86785,87620,
function_444120,unchanged_decompiled_body,86793,87628,
function_4441b0,unchanged_decompiled_body,86813,87648,
function_444290,unchanged_decompiled_body,86888,87723,
function_4443c0,unchanged_decompiled_body,86970,87805,
function_444430,unchanged_decompiled_body,86985,87820,
function_444487,unchanged_decompiled_body,86994,87829,
function_44449a,unchanged_decompiled_body,87003,87838,
function_4444c0,unchanged_decompiled_body,87013,87848,
function_44451b,unchanged_decompiled_body,87023,87858,
function_44452e,unchanged_decompiled_body,87032,87867,
function_444550,unchanged_decompiled_body,87042,87877,
function_444570,modified_nonempty_body,87052,87887,
function_4445fe,original_short_body,87070,87905,
function_444606,unchanged_decompiled_body,87076,87911,
function_444630,original_short_body,87086,87921,
function_444650,unchanged_decompiled_body,87094,87929,
function_4446a7,unchanged_decompiled_body,87103,87938,
function_4446ba,unchanged_decompiled_body,87112,87947,
function_4446e0,unchanged_decompiled_body,87120,87955,
function_444930,unchanged_decompiled_body,87388,88223,
function_4449c0,unchanged_decompiled_body,87405,88240,
function_444a50,unchanged_decompiled_body,87426,88261,
function_444ad0,unchanged_decompiled_body,87476,88311,
function_444bf0,unchanged_decompiled_body,87530,88365,
function_444e30,unchanged_decompiled_body,87656,88491,
function_444f00,unchanged_decompiled_body,87687,88522,
function_444fb0,unchanged_decompiled_body,87726,88561,
function_4450f0,unchanged_decompiled_body,87751,88586,
function_445220,original_short_body,87877,88712,
function_445230,unchanged_decompiled_body,87883,88718,
function_445350,unchanged_decompiled_body,87924,88759,
function_445410,unchanged_decompiled_body,87998,88833,
function_445530,modified_nonempty_body,88090,88925,
function_445580,unchanged_decompiled_body,88101,88943,
function_4455e0,unchanged_decompiled_body,88112,88954,
function_445650,unchanged_decompiled_body,88125,88967,
function_4456c0,unchanged_decompiled_body,88139,88981,
function_445730,cpp_address_replacement,88153,,src/squirrel/squirrel_native_calls.cpp:115
function_445790,unchanged_decompiled_body,88165,88998,
function_4457f0,unchanged_decompiled_body,88177,89010,
function_445880,unchanged_decompiled_body,88198,89031,
function_445910,unchanged_decompiled_body,88219,89052,
function_4459a0,unchanged_decompiled_body,88240,89073,
function_445a30,unchanged_decompiled_body,88261,89094,
function_445b40,unchanged_decompiled_body,88355,89188,
function_445ba0,unchanged_decompiled_body,88389,89222,
function_445c50,unchanged_decompiled_body,88440,89273,
function_445d40,unchanged_decompiled_body,88504,89337,
function_445e90,unchanged_decompiled_body,88538,89371,
function_445f50,unchanged_decompiled_body,88574,89407,
function_445fb0,unchanged_decompiled_body,88597,89430,
function_4460d0,unchanged_decompiled_body,88691,89524,
function_4461b0,original_short_body,88724,89557,
function_4461c0,original_short_body,88732,89565,
function_4461d0,unchanged_decompiled_body,88740,89573,
function_446210,unchanged_decompiled_body,88764,89597,
function_446220,modified_nonempty_body,88774,89607,
function_4462c0,unchanged_decompiled_body,88806,89639,
function_446370,modified_nonempty_body,88864,89697,
function_446520,unchanged_decompiled_body,88897,89730,
function_4467e0,unchanged_decompiled_body,88988,89821,
function_446920,unchanged_decompiled_body,89075,89908,
function_446a30,unchanged_decompiled_body,89123,89956,
function_446a90,unchanged_decompiled_body,89153,89986,
function_446af0,unchanged_decompiled_body,89180,90013,
function_446b70,unchanged_decompiled_body,89203,90036,
function_446bd0,modified_nonempty_body,89214,90047,
function_447050,unchanged_decompiled_body,89535,90368,
function_447080,unchanged_decompiled_body,89556,90389,
function_447340,original_short_body,89686,90519,
function_447350,modified_nonempty_body,89692,90525,
function_4473a0,original_short_body,89709,90542,
function_4473b0,unchanged_decompiled_body,89715,90548,
function_447470,unchanged_decompiled_body,89738,90571,
function_447570,unchanged_decompiled_body,89763,90596,
function_447980,unchanged_decompiled_body,90136,90969,
function_447a00,unchanged_decompiled_body,90166,90999,
function_447b20,unchanged_decompiled_body,90225,91058,
function_447b90,unchanged_decompiled_body,90259,91092,
function_447bb0,original_short_body,90269,91102,
function_447bc0,unchanged_decompiled_body,90275,91108,
function_447bf0,unchanged_decompiled_body,90287,91120,
function_447c50,unchanged_decompiled_body,90299,91132,
function_447c60,unchanged_decompiled_body,90308,91141,
function_447cf0,unchanged_decompiled_body,90332,91165,
function_447dc0,unchanged_decompiled_body,90476,91309,
function_447f80,modified_nonempty_body,90512,91345,
function_448200,unchanged_decompiled_body,90851,91684,
function_448250,unchanged_decompiled_body,90885,91718,
function_4482a0,unchanged_decompiled_body,90904,91737,
function_4483e0,unchanged_decompiled_body,90950,91783,
function_448520,unchanged_decompiled_body,90996,91829,
function_448670,unchanged_decompiled_body,91042,91875,
function_448750,unchanged_decompiled_body,91062,91895,
function_448830,unchanged_decompiled_body,91082,91915,
function_448910,unchanged_decompiled_body,91102,91935,
function_4489b0,unchanged_decompiled_body,91119,91952,
function_448a90,unchanged_decompiled_body,91194,92027,
function_448bc0,modified_nonempty_body,91278,92111,
function_448c7b,original_short_body,91301,92134,
function_448c83,unchanged_decompiled_body,91307,92140,
function_448cb0,unchanged_decompiled_body,91315,92148,
function_448f00,unchanged_decompiled_body,91585,92418,
function_449040,unchanged_decompiled_body,91639,92472,
function_4490d0,unchanged_decompiled_body,91660,92493,
function_449160,unchanged_decompiled_body,91681,92514,
function_4491f0,unchanged_decompiled_body,91702,92535,
function_449269,unchanged_decompiled_body,91723,92556,
function_449300,original_short_body,91743,92576,
function_449310,original_short_body,91751,92584,
function_449320,unchanged_decompiled_body,91759,92592,
function_449360,unchanged_decompiled_body,91776,92609,
function_4493f0,modified_nonempty_body,91802,92635,
function_4495a0,unchanged_decompiled_body,91835,92668,
function_449860,unchanged_decompiled_body,91926,92759,
function_4499a0,unchanged_decompiled_body,92014,92847,
function_449ab0,unchanged_decompiled_body,92062,92895,
function_449b10,unchanged_decompiled_body,92092,92925,
function_449b70,unchanged_decompiled_body,92119,92952,
function_449c10,unchanged_decompiled_body,92148,92981,
function_449c50,unchanged_decompiled_body,92166,92999,
function_449f10,original_short_body,92296,93129,
function_449f20,modified_nonempty_body,92302,93135,
function_449f70,original_short_body,92319,93152,
function_449f80,unchanged_decompiled_body,92325,93158,
function_44a070,unchanged_decompiled_body,92358,93191,
function_44a170,unchanged_decompiled_body,92385,93218,
function_44a580,unchanged_decompiled_body,92758,93591,
function_44a600,unchanged_decompiled_body,92788,93621,
function_44a720,unchanged_decompiled_body,92847,93680,
function_44a790,unchanged_decompiled_body,92879,93712,
function_44a7b0,original_short_body,92887,93720,
function_44a7c0,unchanged_decompiled_body,92893,93726,
function_44a7f0,unchanged_decompiled_body,92905,93738,
function_44a800,unchanged_decompiled_body,92914,93747,
function_44a890,unchanged_decompiled_body,92938,93771,
function_44a960,unchanged_decompiled_body,93082,93915,
function_44ab20,modified_nonempty_body,93118,93951,
function_44ada0,unchanged_decompiled_body,93457,94290,
function_44ae00,unchanged_decompiled_body,93516,94349,
function_44ae50,unchanged_decompiled_body,93550,94383,
function_44aea0,unchanged_decompiled_body,93569,94402,
function_44afe0,unchanged_decompiled_body,93614,94447,
function_44b120,unchanged_decompiled_body,93660,94493,
function_44b270,unchanged_decompiled_body,93706,94539,
function_44b350,unchanged_decompiled_body,93726,94559,
function_44b430,unchanged_decompiled_body,93746,94579,
function_44b510,unchanged_decompiled_body,93766,94599,
function_44b5b0,unchanged_decompiled_body,93783,94616,
function_44b690,unchanged_decompiled_body,93858,94691,
function_44b7c0,unchanged_decompiled_body,93942,94775,
function_44b7e0,original_short_body,93951,94784,
function_44b800,original_short_body,93957,94790,
function_44b820,original_short_body,93963,94796,
function_44b840,unchanged_decompiled_body,93969,94802,
function_44ba90,unchanged_decompiled_body,94237,95070,
function_44bb10,unchanged_decompiled_body,94248,95081,
function_44bbc0,unchanged_decompiled_body,94268,95101,
function_44bc50,unchanged_decompiled_body,94285,95118,
function_44bce0,unchanged_decompiled_body,94306,95139,
function_44be20,unchanged_decompiled_body,94360,95193,
function_44beb0,unchanged_decompiled_body,94381,95214,
function_44bf29,unchanged_decompiled_body,94402,95235,
function_44bf50,unchanged_decompiled_body,94414,95247,
function_44c050,modified_nonempty_body,94465,95298,
function_44c140,unchanged_decompiled_body,94507,95340,
function_44c1c0,unchanged_decompiled_body,94566,95399,
function_44c2a0,modified_nonempty_body,94618,95451,
function_44c350,unchanged_decompiled_body,94631,95464,
function_44c5c0,unchanged_decompiled_body,94711,95544,
function_44c700,unchanged_decompiled_body,94797,95630,
function_44c810,unchanged_decompiled_body,94843,95676,
function_44c870,unchanged_decompiled_body,94867,95700,
function_44c8d0,unchanged_decompiled_body,94892,95725,
function_44c990,modified_nonempty_body,94917,95750,
function_44ca60,unchanged_decompiled_body,94951,95784,
function_44cad0,modified_nonempty_body,94989,95822,
function_44cbb0,unchanged_decompiled_body,95061,95894,
function_44ce70,original_short_body,95191,96024,
function_44ce80,modified_nonempty_body,95197,96030,
function_44ced0,original_short_body,95214,96047,
function_44cee0,unchanged_decompiled_body,95220,96053,
function_44cfb0,unchanged_decompiled_body,95243,96076,
function_44d0b0,unchanged_decompiled_body,95268,96101,
function_44d4c0,unchanged_decompiled_body,95639,96472,
function_44d550,unchanged_decompiled_body,95761,96594,
function_44d5a0,unchanged_decompiled_body,95771,96604,
function_44d670,unchanged_decompiled_body,95861,96694,
function_44d730,unchanged_decompiled_body,95921,96754,
function_44d7b0,unchanged_decompiled_body,95951,96784,
function_44d8d0,unchanged_decompiled_body,96010,96843,
function_44d940,unchanged_decompiled_body,96044,96877,
function_44d960,original_short_body,96054,96887,
function_44d970,unchanged_decompiled_body,96060,96893,
function_44d9a0,modified_nonempty_body,96074,96907,
function_44daa0,unchanged_decompiled_body,96124,96957,
function_44dab0,unchanged_decompiled_body,96133,96966,
function_44db40,unchanged_decompiled_body,96157,96990,
function_44dc10,unchanged_decompiled_body,96186,97019,
function_44dda0,unchanged_decompiled_body,96363,97196,
function_44df60,unchanged_decompiled_body,96399,97232,
function_44dfc0,unchanged_decompiled_body,96451,97284,
function_44e080,unchanged_decompiled_body,96596,97429,
function_44e170,modified_nonempty_body,96692,97525,
function_44e3f0,modified_nonempty_body,97031,97864,
function_44e6e0,unchanged_decompiled_body,97435,98268,
function_44e730,unchanged_decompiled_body,97469,98302,
function_44e780,modified_nonempty_body,97488,193782,
function_44e9d0,unchanged_decompiled_body,97607,98440,
function_44eb10,unchanged_decompiled_body,97653,98486,
function_44ec50,unchanged_decompiled_body,97699,98532,
function_44ed30,unchanged_decompiled_body,97719,98552,
function_44ee10,unchanged_decompiled_body,97739,98572,
function_44eeb0,unchanged_decompiled_body,97756,98589,
function_44ef90,unchanged_decompiled_body,97831,98664,
function_44f0c0,original_short_body,97913,98746,
function_44f0e0,unchanged_decompiled_body,97919,98752,
function_44f140,unchanged_decompiled_body,97933,98766,
function_44f390,unchanged_decompiled_body,98201,99034,
function_44f420,unchanged_decompiled_body,98218,99051,
function_44f4b0,unchanged_decompiled_body,98239,99072,
function_44f6f0,unchanged_decompiled_body,98336,99169,
function_44f720,unchanged_decompiled_body,98365,99198,
function_44f7ab,unchanged_decompiled_body,98386,99219,
function_44f7b0,unchanged_decompiled_body,98393,99226,
function_44f829,unchanged_decompiled_body,98414,99247,
function_44f8d0,unchanged_decompiled_body,98436,99269,
function_44f960,unchanged_decompiled_body,98455,99288,
function_44f9c0,unchanged_decompiled_body,98468,99301,
function_44fa90,unchanged_decompiled_body,98505,99338,
function_44fb50,unchanged_decompiled_body,98650,99483,
function_44fbe0,unchanged_decompiled_body,98700,99533,
function_44fc83,original_short_body,98718,99551,
function_44fca0,unchanged_decompiled_body,98724,99557,
function_44fcc0,unchanged_decompiled_body,98745,99578,
function_44fd10,original_short_body,98799,99632,
function_44fd20,unchanged_decompiled_body,98805,99638,
function_44fd30,unchanged_decompiled_body,98814,99647,
function_44fd60,unchanged_decompiled_body,98827,99660,
function_44fdd0,modified_nonempty_body,98842,99675,
function_44fde0,modified_nonempty_body,98851,99684,
function_44ff90,unchanged_decompiled_body,98931,99764,
function_450020,modified_nonempty_body,98965,99798,
function_450350,unchanged_decompiled_body,99310,99805,
function_450950,replacement_mapping_unresolved,99454,,
function_450d80,modified_nonempty_body,99719,100223,
function_450e30,replacement_mapping_unresolved,99756,,
function_450f30,modified_nonempty_body,99784,102621,
function_451270,unchanged_decompiled_body,99940,102643,
function_4513f0,unchanged_decompiled_body,100020,102723,
function_4514a0,replacement_mapping_unresolved,100049,,
function_451590,modified_nonempty_body,100098,102907,
function_4515a0,modified_nonempty_body,100105,102912,
function_4515c0,modified_nonempty_body,100113,102917,
function_4515f0,modified_nonempty_body,100121,102922,
function_451610,modified_nonempty_body,100136,102927,
function_451620,modified_nonempty_body,100144,102932,
function_451630,modified_nonempty_body,100153,102937,
function_451640,modified_nonempty_body,100162,102942,
function_4517c0,modified_nonempty_body,100297,103066,
function_4558b0,unchanged_decompiled_body,100324,103093,
function_455ee0,unchanged_decompiled_body,100361,103130,
function_451b70,modified_nonempty_body,100447,103216,
function_451f30,unchanged_decompiled_body,100598,103367,
function_451f80,modified_nonempty_body,100632,103401,
function_452010,unchanged_decompiled_body,100651,103420,
function_452020,modified_nonempty_body,100659,103428,
function_452040,modified_nonempty_body,100672,103443,
function_452150,modified_nonempty_body,100720,103528,
function_452220,modified_nonempty_body,100742,103550,
function_452270,unchanged_decompiled_body,100757,103565,
function_4522c0,unchanged_decompiled_body,100773,103581,
function_4522f0,modified_nonempty_body,100788,103941,
function_4525d0,modified_nonempty_body,101041,104556,
function_452ac0,unchanged_decompiled_body,101595,104741,
function_452ad0,unchanged_decompiled_body,101607,104753,
function_452ba0,unchanged_decompiled_body,101649,104795,
function_452be0,unchanged_decompiled_body,101664,104810,
function_452c20,modified_nonempty_body,101698,104847,
function_452cf0,unchanged_decompiled_body,101750,104899,
function_452d40,modified_nonempty_body,101783,104932,
function_453030,unchanged_decompiled_body,102147,105296,
function_4530a0,unchanged_decompiled_body,102183,105332,
function_453120,unchanged_decompiled_body,102213,105362,
function_453240,unchanged_decompiled_body,102272,105421,
function_4532b0,unchanged_decompiled_body,102304,105453,
function_4532d0,original_short_body,102312,105461,
function_4532e0,unchanged_decompiled_body,102318,105467,
function_453360,unchanged_decompiled_body,102347,105496,
function_4533e0,unchanged_decompiled_body,102377,105526,
function_453440,unchanged_decompiled_body,102411,105560,
function_4534a0,unchanged_decompiled_body,102430,105579,
function_4534c0,unchanged_decompiled_body,102451,105600,
function_4534e0,unchanged_decompiled_body,102472,105621,
function_4534f0,unchanged_decompiled_body,102481,105630,
function_453580,unchanged_decompiled_body,102507,105656,
function_4535c0,unchanged_decompiled_body,102525,105674,
function_4536b0,unchanged_decompiled_body,102568,105717,
function_4537b0,unchanged_decompiled_body,102615,105764,
function_4537d0,unchanged_decompiled_body,102633,105782,
function_453880,unchanged_decompiled_body,102772,105921,
function_4538e0,unchanged_decompiled_body,102824,105973,
function_4539b0,unchanged_decompiled_body,102968,106117,
function_453b70,unchanged_decompiled_body,103004,106153,
function_453bd0,unchanged_decompiled_body,103028,106177,
function_453c30,unchanged_decompiled_body,103052,106201,
function_453c80,modified_nonempty_body,103089,106238,
function_453f00,unchanged_decompiled_body,103428,106577,
function_453f40,unchanged_decompiled_body,103459,106608,
function_453f90,unchanged_decompiled_body,103493,106642,
function_453fe0,unchanged_decompiled_body,103512,106661,
function_454030,unchanged_decompiled_body,103564,106713,
function_454110,unchanged_decompiled_body,103584,106733,
function_4541f0,unchanged_decompiled_body,103604,106753,
function_4542d0,unchanged_decompiled_body,103624,106773,
function_4543b0,unchanged_decompiled_body,103644,106793,
function_454490,unchanged_decompiled_body,103664,106813,
function_454560,unchanged_decompiled_body,103739,106888,
function_454640,unchanged_decompiled_body,103814,106963,
function_454770,unchanged_decompiled_body,103896,107045,
function_454950,unchanged_decompiled_body,104117,107266,
function_454ba0,unchanged_decompiled_body,104385,107534,
function_454c20,unchanged_decompiled_body,104414,107563,
function_454c80,unchanged_decompiled_body,104425,107574,
function_454cf0,unchanged_decompiled_body,104442,107591,
function_454d60,unchanged_decompiled_body,104458,107607,
function_454dd0,unchanged_decompiled_body,104474,107623,
function_454e40,unchanged_decompiled_body,104492,107641,
function_454ed0,unchanged_decompiled_body,104509,107658,
function_454f80,unchanged_decompiled_body,104535,107684,
function_455010,unchanged_decompiled_body,104554,107703,
function_455090,unchanged_decompiled_body,104588,107737,
function_4550d0,unchanged_decompiled_body,104622,107771,
function_455180,unchanged_decompiled_body,104696,107845,
function_455230,unchanged_decompiled_body,104735,107884,
function_4552e0,cpp_address_replacement,104787,,src/squirrel/squirrel_native_calls.cpp:125
function_455330,modified_nonempty_body,104797,107939,
function_455390,unchanged_decompiled_body,104810,107990,
function_4554b0,unchanged_decompiled_body,104839,108019,
function_455520,unchanged_decompiled_body,104852,108032,
function_4555a0,cpp_address_replacement,104867,,src/squirrel/squirrel_native_calls.cpp:137
function_4556c0,unchanged_decompiled_body,104896,108050,
function_455730,unchanged_decompiled_body,104909,108063,
function_4557a0,unchanged_decompiled_body,104922,108076,
function_4557d0,unchanged_decompiled_body,104954,108108,
function_455880,modified_nonempty_body,105016,108170,
function_455890,modified_nonempty_body,105024,108180,
function_455990,unchanged_decompiled_body,105108,108274,
function_455a20,unchanged_decompiled_body,105166,108332,
function_455c40,unchanged_decompiled_body,105437,108603,
function_455ce0,unchanged_decompiled_body,105514,108680,
function_455d30,modified_nonempty_body,105534,108700,
function_455dc0,unchanged_decompiled_body,105621,108788,
function_455e40,modified_nonempty_body,105652,108895,
function_455ec0,modified_nonempty_body,105669,108909,
function_455f50,unchanged_decompiled_body,105710,108950,
function_455fd0,unchanged_decompiled_body,105751,108991,
function_456210,unchanged_decompiled_body,105973,109213,
function_456260,unchanged_decompiled_body,105995,109235,
function_456290,unchanged_decompiled_body,106014,109254,
function_456310,unchanged_decompiled_body,106030,109270,
function_456360,unchanged_decompiled_body,106060,109300,
function_4563b0,unchanged_decompiled_body,106086,109326,
function_456690,unchanged_decompiled_body,106283,109523,
function_4567d0,unchanged_decompiled_body,106316,109556,
function_456870,unchanged_decompiled_body,106445,109685,
function_4569f0,unchanged_decompiled_body,106576,109816,
function_456a00,unchanged_decompiled_body,106587,109827,
function_456b30,unchanged_decompiled_body,106627,109867,
function_456b60,unchanged_decompiled_body,106647,109887,
function_456ca0,unchanged_decompiled_body,106754,109994,
function_456d00,unchanged_decompiled_body,106782,110022,
function_456f00,unchanged_decompiled_body,107046,110286,
function_456f60,unchanged_decompiled_body,107075,110315,
function_457110,unchanged_decompiled_body,107165,110405,
function_457170,modified_nonempty_body,107187,110427,
function_457260,unchanged_decompiled_body,107282,110522,
function_457270,unchanged_decompiled_body,107289,110529,
function_457280,unchanged_decompiled_body,107296,110536,
function_457310,unchanged_decompiled_body,107346,110586,
function_457500,unchanged_decompiled_body,107553,110793,
function_457660,unchanged_decompiled_body,107671,110911,
function_4576e0,unchanged_decompiled_body,107708,110948,
function_457810,modified_nonempty_body,107907,111147,
function_457a10,replacement_mapping_unresolved,108073,,
function_457a80,unchanged_decompiled_body,108140,111374,
function_457ac0,unchanged_decompiled_body,108166,111400,
function_457b40,unchanged_decompiled_body,108202,111436,
function_457c40,unchanged_decompiled_body,108253,111487,
function_457ca0,unchanged_decompiled_body,108280,111514,
function_457cf0,unchanged_decompiled_body,108307,111541,
function_457e30,unchanged_decompiled_body,108408,111642,
function_457f00,unchanged_decompiled_body,108455,111689,
function_457f60,unchanged_decompiled_body,108477,111711,
function_457fc0,modified_nonempty_body,108505,111739,
function_458090,modified_nonempty_body,108564,193790,
function_458200,modified_nonempty_body,108717,193909,
function_4582c0,unchanged_decompiled_body,108789,112022,
function_458330,unchanged_decompiled_body,108818,112051,
function_4583a0,modified_nonempty_body,108832,193953,
function_4583f0,unchanged_decompiled_body,108864,112097,
function_458410,unchanged_decompiled_body,108897,112130,
function_458440,unchanged_decompiled_body,108925,112158,
function_458570,original_short_body,108988,112221,
function_458580,original_short_body,108994,112227,
function_458590,unchanged_decompiled_body,109002,112235,
function_4585c0,modified_nonempty_body,109020,112253,
function_458710,unchanged_decompiled_body,109199,112434,
function_4587d0,unchanged_decompiled_body,109236,112471,
function_4588a0,unchanged_decompiled_body,109279,112514,
function_458a20,unchanged_decompiled_body,109376,112611,
function_459150,unchanged_decompiled_body,109824,113059,
function_459360,unchanged_decompiled_body,109974,113209,
function_459420,unchanged_decompiled_body,110008,113243,
function_4594a0,unchanged_decompiled_body,110036,113271,
function_4594d0,unchanged_decompiled_body,110053,113288,
function_4594f0,modified_nonempty_body,110066,113301,
function_4595e0,unchanged_decompiled_body,110089,113326,
function_459690,original_short_body,110113,113350,
function_4596a0,original_short_body,110121,113358,
function_4596b0,unchanged_decompiled_body,110127,113364,
function_459780,unchanged_decompiled_body,110165,113402,
function_459800,unchanged_decompiled_body,110208,113445,
function_459840,unchanged_decompiled_body,110237,113474,
function_4598a0,unchanged_decompiled_body,110264,113501,
function_459920,unchanged_decompiled_body,110299,113536,
function_459980,unchanged_decompiled_body,110323,113560,
function_4599e0,unchanged_decompiled_body,110388,113625,
function_459a40,unchanged_decompiled_body,110453,113690,
function_459b40,original_short_body,110547,113784,
function_459b50,unchanged_decompiled_body,110555,113792,
function_459bc0,unchanged_decompiled_body,110589,113826,
function_459d00,unchanged_decompiled_body,110689,113926,
function_459e90,unchanged_decompiled_body,110819,114056,
function_459ec0,unchanged_decompiled_body,110850,114087,
function_459f00,unchanged_decompiled_body,110872,114109,
function_459fa0,unchanged_decompiled_body,110889,114126,
function_459fe0,unchanged_decompiled_body,110909,114146,
function_45a080,unchanged_decompiled_body,110928,114165,
function_45a0a0,unchanged_decompiled_body,110941,114178,
function_45a150,unchanged_decompiled_body,110958,114195,
function_45a190,unchanged_decompiled_body,110978,114215,
function_45a230,unchanged_decompiled_body,110997,114234,
function_45a250,unchanged_decompiled_body,111012,114249,
function_45a2f0,unchanged_decompiled_body,111029,114266,
function_45a320,unchanged_decompiled_body,111047,114284,
function_45a3c0,unchanged_decompiled_body,111066,114303,
function_45a3e0,unchanged_decompiled_body,111079,114316,
function_45a490,unchanged_decompiled_body,111096,114333,
function_45a4c0,unchanged_decompiled_body,111113,114350,
function_45a560,unchanged_decompiled_body,111132,114369,
function_45a590,unchanged_decompiled_body,111153,114390,
function_45a630,unchanged_decompiled_body,111170,114407,
function_45a650,unchanged_decompiled_body,111181,114418,
function_45a700,unchanged_decompiled_body,111200,114437,
function_45a740,unchanged_decompiled_body,111229,114466,
function_45a770,unchanged_decompiled_body,111245,114482,
function_45a780,unchanged_decompiled_body,111254,114491,
function_45a7b0,unchanged_decompiled_body,111272,114509,
function_45a810,unchanged_decompiled_body,111298,114535,
function_45a870,unchanged_decompiled_body,111327,114564,
function_45a8d0,unchanged_decompiled_body,111355,114592,
function_45a940,unchanged_decompiled_body,111387,114624,
function_45a9a0,unchanged_decompiled_body,111416,114653,
function_45aa00,unchanged_decompiled_body,111445,114682,
function_45aa60,unchanged_decompiled_body,111474,114711,
function_45aac0,unchanged_decompiled_body,111503,114740,
function_45ab20,unchanged_decompiled_body,111530,114767,
function_45ab70,unchanged_decompiled_body,111546,114783,
function_45bb10,unchanged_decompiled_body,111571,114808,
function_45ac00,unchanged_decompiled_body,111581,114818,
function_45ac90,modified_nonempty_body,111624,114861,
function_45ade0,modified_nonempty_body,111701,114938,
function_45ae60,unchanged_decompiled_body,111735,114972,
function_45ae70,unchanged_decompiled_body,111745,114982,
function_45aea0,unchanged_decompiled_body,111758,114995,
function_45aed0,unchanged_decompiled_body,111771,115008,
function_45af50,unchanged_decompiled_body,111806,115043,
function_45b0b0,unchanged_decompiled_body,111842,115079,
function_45b140,modified_nonempty_body,111856,115093,
function_45b1d0,unchanged_decompiled_body,111932,115169,
function_45b220,unchanged_decompiled_body,111981,115218,
function_45b2e0,modified_nonempty_body,112024,115261,
function_45b460,unchanged_decompiled_body,112111,115348,
function_45b560,unchanged_decompiled_body,112201,115438,
function_45b5b0,unchanged_decompiled_body,112217,115454,
function_45b640,unchanged_decompiled_body,112253,115490,
function_45b6d0,modified_nonempty_body,112296,115533,
function_45b820,modified_nonempty_body,112373,115610,
function_45b8a0,unchanged_decompiled_body,112407,115644,
function_45b8b0,modified_nonempty_body,112415,115652,
function_45bb60,unchanged_decompiled_body,112539,115776,
function_45bb90,unchanged_decompiled_body,112552,115789,
function_45bbc0,unchanged_decompiled_body,112565,115802,
function_45bc30,unchanged_decompiled_body,112597,115834,
function_45bc40,unchanged_decompiled_body,112610,115847,
function_45bd00,modified_nonempty_body,112635,115872,
function_45bd80,modified_nonempty_body,112679,115916,
function_45be30,unchanged_decompiled_body,112724,115961,
function_45bee0,unchanged_decompiled_body,112805,116042,
function_45c030,unchanged_decompiled_body,112912,116149,
function_45c070,unchanged_decompiled_body,112935,116172,
function_45c090,unchanged_decompiled_body,112952,116189,
function_45c0f0,unchanged_decompiled_body,112984,116221,
function_45c200,unchanged_decompiled_body,113096,116333,
function_45c260,unchanged_decompiled_body,113111,116348,
function_45c300,unchanged_decompiled_body,113174,116411,
function_45c340,unchanged_decompiled_body,113188,116425,
function_45c360,unchanged_decompiled_body,113201,116438,
function_45c390,unchanged_decompiled_body,113220,116457,
function_45c4e0,unchanged_decompiled_body,113333,116570,
function_45c500,unchanged_decompiled_body,113348,116585,
function_45c560,original_short_body,113384,116621,
function_45c590,unchanged_decompiled_body,113392,116629,
function_45c620,unchanged_decompiled_body,113408,116645,
function_45c680,unchanged_decompiled_body,113417,116654,
function_45c6e0,unchanged_decompiled_body,113429,116666,
function_45c770,unchanged_decompiled_body,113441,116678,
function_45c780,unchanged_decompiled_body,113452,116689,
function_45c7a0,unchanged_decompiled_body,113469,116706,
function_45c830,original_short_body,113479,116716,
function_45c8b0,unchanged_decompiled_body,113487,116724,
function_45c8d0,unchanged_decompiled_body,113503,116740,
function_45c920,unchanged_decompiled_body,113533,116770,
function_45c930,unchanged_decompiled_body,113542,116779,
function_45ca20,unchanged_decompiled_body,113601,116838,
function_45ca30,unchanged_decompiled_body,113610,116847,
function_45cac0,unchanged_decompiled_body,113652,116889,
function_45cb20,unchanged_decompiled_body,113682,116919,
function_45cc60,modified_nonempty_body,113759,116996,
function_45cd50,unchanged_decompiled_body,113782,117021,
function_45ce00,unchanged_decompiled_body,113806,117045,
function_45d120,original_short_body,113907,117146,
function_45d240,unchanged_decompiled_body,113915,117154,
function_45d2f0,modified_nonempty_body,113979,117218,
function_45d530,unchanged_decompiled_body,114077,117316,
function_45d5a0,unchanged_decompiled_body,114096,117335,
function_45d5f0,modified_nonempty_body,114114,117353,
function_45d740,modified_nonempty_body,114191,117430,
function_45d7c0,unchanged_decompiled_body,114225,117464,
function_45d7d0,unchanged_decompiled_body,114233,117472,
function_45d800,unchanged_decompiled_body,114246,117485,
function_45d830,unchanged_decompiled_body,114259,117498,
function_45d890,unchanged_decompiled_body,114295,117534,
function_45d8e0,unchanged_decompiled_body,114327,117566,
function_45d960,modified_nonempty_body,114362,117601,
function_45d970,modified_nonempty_body,114369,117619,
function_45d9a0,unchanged_decompiled_body,114382,117624,
function_45d9c0,unchanged_decompiled_body,114393,117635,
function_45d9f0,modified_nonempty_body,114406,117648,
function_45da00,modified_nonempty_body,114416,117663,
function_45da40,original_short_body,114428,117679,
function_45da50,modified_nonempty_body,114436,117687,
function_45dac0,modified_nonempty_body,114450,117702,
function_45db10,unchanged_decompiled_body,114473,117737,
function_45db30,replacement_mapping_unresolved,114495,,
function_45db90,unchanged_decompiled_body,114505,117760,
function_45dbc0,replacement_mapping_unresolved,114515,,
function_45dbd0,explicit_receiver_in_c,114524,,
function_45de70,modified_nonempty_body,114842,117772,
function_45de90,unchanged_decompiled_body,114850,117777,
function_45df10,modified_nonempty_body,114905,117853,
function_45dfb0,modified_nonempty_body,114922,117869,
function_45e020,cpp_address_replacement,114950,,src/squirrel/squirrel_game_objects.cpp:187
function_45e0e0,unchanged_decompiled_body,114984,117875,
function_45e120,unchanged_decompiled_body,115014,117905,
function_45e270,modified_nonempty_body,115083,117974,
function_45e300,modified_nonempty_body,115106,118001,
function_45e410,modified_nonempty_body,115146,118048,
function_45e460,modified_nonempty_body,115163,118119,
function_45e5e0,explicit_receiver_in_c,115244,,
function_45eb00,explicit_receiver_in_c,115421,,
function_45ec60,modified_nonempty_body,115468,120517,
function_45f0c0,unchanged_decompiled_body,115869,118345,
function_45f0f0,unchanged_decompiled_body,115882,118358,
function_45f350,unchanged_decompiled_body,116027,118503,
function_45f3b0,unchanged_decompiled_body,116075,118551,
function_45f3e0,modified_nonempty_body,116082,118558,src/squirrel/squirrel_class_binding.cpp:161
function_45f4f0,cpp_address_replacement,116121,,src/squirrel/squirrel_class_binding.cpp:97
function_45f560,cpp_address_replacement,116137,,src/squirrel/squirrel_method_dispatch.cpp:42
function_48a7d0,modified_nonempty_body,116140,101463,src/squirrel/squirrel_legacy_api.cpp:116
function_45f5a0,cpp_address_replacement,116149,,src/squirrel/squirrel_method_dispatch.cpp:51
function_48a830,cpp_address_replacement,116152,,src/squirrel/squirrel_legacy_api.cpp:120
function_45f5e0,cpp_address_replacement,116161,,src/squirrel/squirrel_method_dispatch.cpp:58;src/squirrel/squirrel_method_dispatch.cpp:61
function_45f640,cpp_address_replacement,116181,,src/squirrel/squirrel_class_binding.cpp:109
function_45f760,replacement_mapping_unresolved,116238,,
function_45f780,replacement_mapping_unresolved,116247,,
function_45f7a0,replacement_mapping_unresolved,116255,,
function_45f7e0,replacement_mapping_unresolved,116264,,
function_45f800,replacement_mapping_unresolved,116272,,
function_45f810,replacement_mapping_unresolved,116279,,
function_45f820,replacement_mapping_unresolved,116286,,
function_45f850,cpp_address_replacement,116293,,src/squirrel/squirrel_method_dispatch.cpp:64
function_45f8c0,cpp_address_replacement,116320,,src/squirrel/squirrel_method_dispatch.cpp:72
function_45f9d0,cpp_address_replacement,116344,,src/squirrel/squirrel_method_dispatch.cpp:87
function_45fab0,cpp_address_replacement,116402,,src/squirrel/squirrel_class_binding.cpp:140
function_4aa080,cpp_address_replacement,116437,,src/squirrel/squirrel_host_compat.cpp:362
function_45fb90,replacement_mapping_unresolved,116446,,
function_45fcd0,replacement_mapping_unresolved,116478,,
function_45fd80,replacement_mapping_unresolved,116498,,
function_45fe80,replacement_mapping_unresolved,116529,,
function_45ff80,unchanged_decompiled_body,116572,118641,
function_45ff90,original_short_body,116579,118648,
function_45ffa0,unchanged_decompiled_body,116585,118654,
function_45ffb0,original_short_body,116594,118663,
function_45ffc0,unchanged_decompiled_body,116600,118669,
function_45ffd0,original_short_body,116607,118676,
function_45ffe0,unchanged_decompiled_body,116613,118682,
function_460540,cpp_address_replacement,116795,,src/squirrel/squirrel_method_dispatch.cpp:98;src/squirrel/squirrel_method_dispatch.cpp:137
function_4606d0,modified_nonempty_body,116864,118872,
function_4607e0,cpp_address_replacement,116926,,src/squirrel/squirrel_class_binding.cpp:199
function_460900,original_short_body,116967,118933,
function_460920,cpp_address_replacement,116973,,src/squirrel/squirrel_class_binding.cpp:186
function_4609c0,cpp_address_replacement,116995,,src/squirrel/squirrel_class_binding.cpp:190
function_460a60,cpp_address_replacement,117017,,src/squirrel/squirrel_class_binding.cpp:194
function_460b00,cpp_address_replacement,117039,,src/squirrel/squirrel_method_dispatch.cpp:141
function_460b50,cpp_address_replacement,117052,,src/squirrel/squirrel_method_dispatch.cpp:147
function_460bc0,cpp_address_replacement,117067,,src/squirrel/squirrel_method_dispatch.cpp:159
function_460c10,cpp_address_replacement,117081,,src/squirrel/squirrel_method_dispatch.cpp:164
function_460c70,cpp_address_replacement,117095,,src/squirrel/squirrel_method_dispatch.cpp:170
function_460cc0,cpp_address_replacement,117109,,src/squirrel/squirrel_method_dispatch.cpp:175
function_460d10,cpp_address_replacement,117123,,src/squirrel/squirrel_class_binding.cpp:215;src/squirrel/squirrel_class_binding.cpp:232
function_460de0,original_short_body,117164,118969,
function_460e00,modified_nonempty_body,117170,118975,src/squirrel/squirrel_class_binding.cpp:242
function_462250,unchanged_decompiled_body,117918,119669,
function_462280,explicit_receiver_in_c,117934,,
function_462480,unchanged_decompiled_body,118101,119690,
function_4624a0,unchanged_decompiled_body,118115,119704,
function_4624c0,unchanged_decompiled_body,118133,119722,
function_4624e0,unchanged_decompiled_body,118151,119740,
function_462530,unchanged_decompiled_body,118203,119792,
function_462550,unchanged_decompiled_body,118221,119810,
function_4625a0,unchanged_decompiled_body,118273,119862,
function_462600,unchanged_decompiled_body,118300,119889,
function_4627c0,explicit_receiver_in_c,118453,,
function_462810,unchanged_decompiled_body,118500,121176,
function_462870,unchanged_decompiled_body,118538,121214,
function_4628b0,unchanged_decompiled_body,118551,121227,
function_462910,unchanged_decompiled_body,118573,121249,
function_462970,unchanged_decompiled_body,118611,121287,
function_4629d0,unchanged_decompiled_body,118649,121325,
function_4629f0,unchanged_decompiled_body,118668,121344,
function_462a20,unchanged_decompiled_body,118689,121365,
function_462b10,unchanged_decompiled_body,118765,121441,
function_462bf0,unchanged_decompiled_body,118840,121516,
function_462ce0,modified_nonempty_body,118915,121610,
function_462e3e,replacement_mapping_unresolved,118973,,
function_462e80,modified_nonempty_body,118987,121633,
function_462f30,modified_nonempty_body,119094,121663,
function_462f80,unchanged_decompiled_body,119138,121668,
function_462fe0,unchanged_decompiled_body,119176,121706,
function_463210,unchanged_decompiled_body,119439,121969,
function_463280,modified_nonempty_body,119474,122039,
function_4634d0,modified_nonempty_body,119761,122326,
function_463510,unchanged_decompiled_body,119792,122331,
function_463580,unchanged_decompiled_body,119806,122345,
function_4635e0,unchanged_decompiled_body,119878,122417,
function_463610,unchanged_decompiled_body,119906,122445,
function_463690,modified_nonempty_body,119959,122699,
function_4636e0,unchanged_decompiled_body,120004,122744,
function_463730,modified_nonempty_body,120049,122789,
function_463800,explicit_receiver_in_c,120233,,
function_463820,unchanged_decompiled_body,120243,122840,
function_4638b0,unchanged_decompiled_body,120268,122865,
function_4638f0,unchanged_decompiled_body,120277,122874,
function_4639f0,unchanged_decompiled_body,120344,122941,
function_463af0,explicit_receiver_in_c,120410,,
function_463b40,explicit_receiver_in_c,120429,,
function_463cf0,modified_nonempty_body,120505,123128,
function_463d40,modified_nonempty_body,120520,123134,
function_463e60,modified_nonempty_body,120667,123281,
function_4641d0,modified_nonempty_body,121106,123328,
function_4645b0,unchanged_decompiled_body,121378,123338,
function_4645f0,unchanged_decompiled_body,121416,123376,
function_4646f0,unchanged_decompiled_body,121479,123439,
function_464790,unchanged_decompiled_body,121516,123476,
function_464870,unchanged_decompiled_body,121565,123525,
function_4648b0,unchanged_decompiled_body,121586,123546,
function_464c90,unchanged_decompiled_body,121729,123689,
function_464d90,modified_nonempty_body,121767,123727,
function_464e20,modified_nonempty_body,121775,123732,
function_464f80,modified_nonempty_body,121924,124400,
function_465f70,modified_nonempty_body,123295,124410,
function_466050,modified_nonempty_body,123444,124415,
function_466090,modified_nonempty_body,123465,124467,
function_4660c0,modified_nonempty_body,123484,124501,
function_466100,modified_nonempty_body,123512,124543,
function_466270,modified_nonempty_body,123600,124642,
function_466320,unchanged_decompiled_body,123626,124678,
function_4663c0,replacement_mapping_unresolved,123669,,
function_466470,replacement_mapping_unresolved,123689,,
function_466490,replacement_mapping_unresolved,123702,,
function_4664a0,unchanged_decompiled_body,123709,124725,
function_466540,original_short_body,123744,124760,
function_466560,replacement_mapping_unresolved,123750,,
function_4665d0,original_short_body,123763,124769,
function_4665e0,explicit_receiver_in_c,123769,,
function_466770,modified_nonempty_body,123838,124869,
function_466890,modified_nonempty_body,123879,124911,
function_466900,modified_nonempty_body,123894,124951,
function_4669d0,modified_nonempty_body,123935,124959,
function_466e20,unchanged_decompiled_body,124101,125137,
function_4674b0,unchanged_decompiled_body,124120,125156,
function_4677c0,unchanged_decompiled_body,124240,125276,
function_467cd0,unchanged_decompiled_body,124526,125562,
function_4681e0,explicit_receiver_in_c,124804,,
function_4682a0,modified_nonempty_body,124915,125904,
function_4683c0,unchanged_decompiled_body,125155,125911,
function_468440,unchanged_decompiled_body,125228,125984,
function_4684a0,unchanged_decompiled_body,125250,126006,
function_468540,unchanged_decompiled_body,125359,126115,
function_468580,unchanged_decompiled_body,125403,126159,
function_468620,modified_nonempty_body,125532,126288,
function_468790,unchanged_decompiled_body,125695,126388,
function_4687d0,unchanged_decompiled_body,125728,126421,
function_46889b,unchanged_decompiled_body,125779,126472,
function_468950,unchanged_decompiled_body,125838,126531,
function_4689d0,modified_nonempty_body,125869,126587,
function_4693a0,modified_nonempty_body,126983,127727,
function_469620,explicit_receiver_in_c,127182,,
function_469640,modified_nonempty_body,127189,127818,
function_469680,modified_nonempty_body,127200,127854,
function_4696b0,modified_nonempty_body,127210,127866,
function_469700,modified_nonempty_body,127219,127882,
function_469710,modified_nonempty_body,127225,127890,
function_469740,original_short_body,127231,127898,
function_469750,original_short_body,127237,127904,
function_469780,modified_nonempty_body,127243,127910,
function_4697a0,original_short_body,127249,127919,
function_4697c0,modified_nonempty_body,127255,127925,
function_4697e0,modified_nonempty_body,127261,127930,
function_469820,original_short_body,127267,127937,
function_469840,modified_nonempty_body,127273,127943,
function_469860,modified_nonempty_body,127279,127960,
function_469870,modified_nonempty_body,127285,127967,
function_469880,original_short_body,127291,127975,
function_4698a0,original_short_body,127297,127981,
function_4698c0,unchanged_decompiled_body,127303,127987,
function_4698d0,unchanged_decompiled_body,127311,127995,
function_469900,modified_nonempty_body,127324,128008,
function_4699bf,replacement_mapping_unresolved,127360,,
function_469a03,unchanged_decompiled_body,127376,128076,
function_469a20,modified_nonempty_body,127382,128085,
function_469b30,unchanged_decompiled_body,127414,128138,
function_469b40,modified_nonempty_body,127423,128147,
function_469d10,modified_nonempty_body,127460,128195,
function_469dd0,modified_nonempty_body,127481,128216,
function_469ed0,unchanged_decompiled_body,127502,128229,
function_469ef0,modified_nonempty_body,127522,128249,
function_46a140,modified_nonempty_body,127809,128536,
function_46a1d0,modified_nonempty_body,127844,128591,
function_46a210,modified_nonempty_body,127870,128609,
function_46a260,unchanged_decompiled_body,127886,128639,
function_46a2d0,explicit_receiver_in_c,127980,,
function_46a380,unchanged_decompiled_body,128015,128906,
function_46a390,modified_nonempty_body,128025,128916,
function_46a450,unchanged_decompiled_body,128060,128951,
function_46a550,unchanged_decompiled_body,128172,129063,
function_46a580,unchanged_decompiled_body,128185,129076,
function_46a5b0,unchanged_decompiled_body,128210,129101,
function_46a650,unchanged_decompiled_body,128349,129240,
function_46a6f0,explicit_receiver_in_c,128490,,
function_46a7a0,unchanged_decompiled_body,128540,129414,
function_46a7e0,unchanged_decompiled_body,128552,129426,
function_46a830,modified_nonempty_body,128568,129469,
function_46a9c0,unchanged_decompiled_body,128764,129674,
function_46aa60,explicit_receiver_in_c,128812,,
function_46aae0,unchanged_decompiled_body,128839,129765,
function_46ab10,explicit_receiver_in_c,128854,,
function_46acb0,unchanged_decompiled_body,128965,129975,
function_46acf0,unchanged_decompiled_body,129010,130020,
function_46ad50,unchanged_decompiled_body,129023,130033,
function_46afa0,unchanged_decompiled_body,129133,130047,
function_46b080,unchanged_decompiled_body,129202,130116,
function_46b420,unchanged_decompiled_body,129494,130408,
function_46b450,unchanged_decompiled_body,129506,130420,
function_48a8d0,unchanged_decompiled_body,129509,130423,src/squirrel/squirrel_legacy_api.cpp:128
function_46b490,cpp_address_replacement,129518,,src/squirrel/squirrel_native_calls.cpp:157
function_46b500,cpp_address_replacement,129545,,src/squirrel/squirrel_native_calls.cpp:165
function_46b610,cpp_address_replacement,129633,,src/squirrel/squirrel_native_calls.cpp:184
function_46b6f0,cpp_address_replacement,129694,,src/squirrel/squirrel_native_calls.cpp:187
function_46b7c0,modified_nonempty_body,129757,130445,
function_46b880,modified_nonempty_body,129790,130470,
function_46b9a0,modified_nonempty_body,129843,130516,
function_46bbe0,modified_nonempty_body,129875,130600,
function_46bc90,modified_nonempty_body,129908,130633,
function_46be40,modified_nonempty_body,130032,130672,
function_46bea0,unchanged_decompiled_body,130054,130694,
function_46bf00,unchanged_decompiled_body,130076,130716,
function_46bf60,unchanged_decompiled_body,130104,130744,
function_46bfc0,unchanged_decompiled_body,130135,130775,
function_46bff0,unchanged_decompiled_body,130159,130799,
function_46c040,unchanged_decompiled_body,130193,130833,
function_46c0f0,unchanged_decompiled_body,130219,130859,
function_46c1a0,unchanged_decompiled_body,130298,130938,
function_46c220,unchanged_decompiled_body,130343,130983,
function_46c3d0,unchanged_decompiled_body,130496,131136,
function_46c400,unchanged_decompiled_body,130510,131150,
function_46c4e0,unchanged_decompiled_body,130550,131190,
function_46c570,unchanged_decompiled_body,130557,131197,
function_46c600,replacement_mapping_unresolved,130579,,
function_46c840,unchanged_decompiled_body,130762,131220,
function_46c8b0,unchanged_decompiled_body,130796,131254,
function_46c9e0,modified_nonempty_body,130972,131430,
function_46cbb0,unchanged_decompiled_body,131122,131582,
function_46cd90,unchanged_decompiled_body,131252,131712,
function_46ce40,original_short_body,131312,131772,
function_46ce70,cpp_address_replacement,131318,,src/squirrel/squirrel_native_calls.cpp:196
function_46cec0,cpp_address_replacement,131330,,src/squirrel/squirrel_native_calls.cpp:197
function_46cf10,cpp_address_replacement,131342,,src/squirrel/squirrel_native_calls.cpp:198
function_46cf60,cpp_address_replacement,131354,,src/squirrel/squirrel_native_calls.cpp:199
function_46cfb0,explicit_receiver_in_c,131366,,
function_46d080,unchanged_decompiled_body,131397,131795,
function_46d130,unchanged_decompiled_body,131448,131846,
function_46d190,unchanged_decompiled_body,131481,131879,
function_46d2a0,unchanged_decompiled_body,131534,131932,
function_46d400,unchanged_decompiled_body,131651,132049,
function_46d460,replacement_mapping_unresolved,131683,,
function_46d6d0,unchanged_decompiled_body,131854,132082,
function_46d750,unchanged_decompiled_body,131884,132112,
function_46d8b0,replacement_mapping_unresolved,131937,,
function_46d950,modified_nonempty_body,131956,132168,
function_46e480,unchanged_decompiled_body,132377,132601,
function_46e530,replacement_mapping_unresolved,132392,,
function_46e6f0,modified_nonempty_body,132484,132684,
function_46ed80,original_short_body,132809,132690,
function_46eda0,original_short_body,132817,132698,
function_46edb0,historical_removal_manifest,132823,,
function_46edc0,modified_nonempty_body,132829,132732,
function_46ee20,modified_nonempty_body,132853,132759,
function_46eed0,replacement_mapping_unresolved,132887,,
function_46ef40,modified_nonempty_body,132898,132816,
function_46efd0,unchanged_decompiled_body,132928,132822,
function_46f020,unchanged_decompiled_body,132962,132856,
function_46f0b0,modified_nonempty_body,132978,132872,
function_46f0d0,unchanged_decompiled_body,132991,132907,
function_46f100,unchanged_decompiled_body,132997,132913,
function_46f140,modified_nonempty_body,133015,132931,
function_46f200,modified_nonempty_body,133077,132937,
function_46f320,unchanged_decompiled_body,133118,132979,
function_46f450,unchanged_decompiled_body,133180,133041,
function_46f620,modified_nonempty_body,133285,133078,
function_46f6d0,modified_nonempty_body,133353,133296,
function_46f9f0,explicit_receiver_in_c,133608,,
function_46fac0,modified_nonempty_body,133647,133326,
function_46fd70,modified_nonempty_body,133748,133433,
function_46ff60,unchanged_decompiled_body,133923,133474,
function_470030,modified_nonempty_body,133987,133538,
function_4700b0,unchanged_decompiled_body,134015,133546,
function_470100,modified_nonempty_body,134030,133561,
function_4701b0,original_short_body,134071,133602,
function_4701d0,original_short_body,134079,133610,
function_4701e0,modified_nonempty_body,134085,133616,
function_470220,modified_nonempty_body,134094,133627,
function_470290,modified_nonempty_body,134123,133643,
function_470300,modified_nonempty_body,134152,133658,
function_470320,modified_nonempty_body,134163,133666,
function_470360,modified_nonempty_body,134174,133677,
function_470390,unchanged_decompiled_body,134187,133687,
function_4703b0,modified_nonempty_body,134205,133711,
function_4705e0,modified_nonempty_body,134466,133972,
function_4706c0,modified_nonempty_body,134570,134112,
function_470730,modified_nonempty_body,134604,134117,
function_470890,modified_nonempty_body,134689,134202,
function_470980,modified_nonempty_body,134852,134207,
function_4709c0,modified_nonempty_body,134869,134262,
function_470a30,modified_nonempty_body,134899,134292,
function_470ab0,modified_nonempty_body,134941,134447,
function_470d00,modified_nonempty_body,135215,134454,
function_4aa1a0,modified_nonempty_body,135220,134464,src/squirrel/squirrel_host_compat.cpp:404
function_470df0,modified_nonempty_body,135239,134496,
function_48a890,cpp_address_replacement,135276,,src/squirrel/squirrel_legacy_api.cpp:124
function_470ee0,modified_nonempty_body,135313,134523,
function_470f10,unchanged_decompiled_body,135321,134532,
function_470f30,modified_nonempty_body,135329,134540,
function_470f60,original_short_body,135339,134550,
function_470f80,unchanged_decompiled_body,135345,134556,
function_470f90,original_short_body,135352,134563,
function_470fa0,modified_nonempty_body,135358,134569,
function_471060,original_short_body,135379,120552,
function_471070,original_short_body,135385,134600,
function_471080,original_short_body,135391,134606,
function_4710a0,unchanged_decompiled_body,135397,134612,
function_471100,unchanged_decompiled_body,135421,134636,
function_471160,modified_nonempty_body,135444,134659,
function_471240,unchanged_decompiled_body,135477,134685,
function_471330,modified_nonempty_body,135508,134716,
function_4713b0,historical_removal_manifest,135539,,
function_471510,unchanged_decompiled_body,135578,134733,
function_4715e0,unchanged_decompiled_body,135607,134762,
function_4716b0,cpp_address_replacement,135665,,src/squirrel/squirrel_native_calls.cpp:200
function_471720,cpp_address_replacement,135692,,src/squirrel/squirrel_native_calls.cpp:216
function_471810,unchanged_decompiled_body,135723,134830,
function_471880,modified_nonempty_body,135750,134861,
function_471960,modified_nonempty_body,135765,134883,
function_471a60,cpp_address_replacement,135790,,src/squirrel/squirrel_native_calls.cpp:206
function_471b30,modified_nonempty_body,135844,134914,
function_471bc0,modified_nonempty_body,135862,134957,
function_471c10,modified_nonempty_body,135876,134966,
function_48a920,cpp_address_replacement,135886,,src/squirrel/squirrel_legacy_api.cpp:132
function_471c70,modified_nonempty_body,135902,134971,
function_471d30,cpp_address_replacement,135926,,src/squirrel/squirrel_native_calls.cpp:224
function_471d90,modified_nonempty_body,135952,134995,
function_471df0,modified_nonempty_body,135978,135008,
function_471e50,cpp_address_replacement,136004,,src/squirrel/squirrel_native_calls.cpp:231
function_471eb0,modified_nonempty_body,136030,135049,
function_471f10,modified_nonempty_body,136056,135063,
function_471f70,cpp_address_replacement,136082,,src/squirrel/squirrel_native_calls.cpp:240
function_471fd0,modified_nonempty_body,136108,135071,
function_472030,cpp_address_replacement,136134,,src/squirrel/squirrel_native_calls.cpp:241
function_472080,modified_nonempty_body,136156,135085,
function_4720e0,modified_nonempty_body,136182,135090,
function_472140,modified_nonempty_body,136208,135095,
function_4721a0,modified_nonempty_body,136234,135100,
function_472240,modified_nonempty_body,136256,135128,
function_4722e0,modified_nonempty_body,136278,135233,
function_472820,modified_nonempty_body,136620,135355,
function_4a9c60,modified_nonempty_body,136652,135377,src/squirrel/squirrel_host_compat.cpp:270
function_472e50,modified_nonempty_body,137084,135519,
function_473010,modified_nonempty_body,137124,135580,
function_473af0,modified_nonempty_body,137714,136206,
function_473b20,unchanged_decompiled_body,137722,136215,
function_473dd8,unchanged_decompiled_body,137792,136317,
function_473dde,original_short_body,137798,136323,
function_473ebb,original_short_body,137804,136329,
function_473ed0,unchanged_decompiled_body,137810,136335,
function_473f30,unchanged_decompiled_body,137844,136369,
function_474020,unchanged_decompiled_body,137904,136429,
function_474110,unchanged_decompiled_body,137958,136483,
function_475710,unchanged_decompiled_body,141613,140138,
function_475760,unchanged_decompiled_body,141630,140155,
function_475790,unchanged_decompiled_body,141645,140170,
function_4757e0,modified_nonempty_body,141680,140205,
function_475fc0,unchanged_decompiled_body,142428,140954,
function_4760a0,unchanged_decompiled_body,142497,141023,
function_476130,modified_nonempty_body,142526,141052,
function_4762b0,unchanged_decompiled_body,142798,141325,
function_476380,unchanged_decompiled_body,142877,141404,
function_4764d0,unchanged_decompiled_body,143048,141575,
function_4766b0,modified_nonempty_body,143208,141735,
function_476a20,unchanged_decompiled_body,143493,142034,
function_476eb0,unchanged_decompiled_body,143866,142407,
function_476f40,unchanged_decompiled_body,143913,142454,
function_477190,original_short_body,144023,142564,
function_4771a0,unchanged_decompiled_body,144034,142575,
function_477440,unchanged_decompiled_body,144231,142772,
function_477460,original_short_body,144241,142782,
function_477480,unchanged_decompiled_body,144247,142788,
function_477490,unchanged_decompiled_body,144254,142795,
function_477950,unchanged_decompiled_body,144822,143363,
function_477e40,unchanged_decompiled_body,145308,143849,
function_4780c0,unchanged_decompiled_body,145571,144112,
function_478130,unchanged_decompiled_body,145611,144152,
function_478200,unchanged_decompiled_body,145704,144245,
function_478420,unchanged_decompiled_body,146025,144566,
function_478510,unchanged_decompiled_body,146154,144695,
function_478a20,unchanged_decompiled_body,146492,145033,
function_478c80,unchanged_decompiled_body,146641,145182,
function_479090,unchanged_decompiled_body,146842,145383,
function_479160,unchanged_decompiled_body,146916,145457,
function_4791e0,unchanged_decompiled_body,146947,145488,
function_479260,unchanged_decompiled_body,146983,145524,
function_4792f0,unchanged_decompiled_body,147031,145572,
function_479360,unchanged_decompiled_body,147046,145587,
function_4793f0,unchanged_decompiled_body,147088,145629,
function_4795f0,unchanged_decompiled_body,147278,145819,
function_4796c0,unchanged_decompiled_body,147327,145868,
function_479760,unchanged_decompiled_body,147357,145898,
function_479950,unchanged_decompiled_body,147451,145992,
function_47aa44,unchanged_decompiled_body,147565,146106,
function_47aa49,unchanged_decompiled_body,147572,146113,
function_47aa54,unchanged_decompiled_body,147579,146120,
function_47aa59,unchanged_decompiled_body,147586,146127,
function_47aac4,unchanged_decompiled_body,147593,146134,
function_47aac9,unchanged_decompiled_body,147600,146141,
function_47aad4,unchanged_decompiled_body,147607,146148,
function_47aad9,unchanged_decompiled_body,147614,146155,
function_47acb4,original_short_body,147621,146162,
function_47acb9,original_short_body,147627,146168,
function_47acc4,original_short_body,147633,146174,
function_47acd4,unchanged_decompiled_body,147639,146180,
function_47aed0,unchanged_decompiled_body,147781,146322,
function_47afd0,unchanged_decompiled_body,147884,146425,
function_47b020,unchanged_decompiled_body,147896,146437,
function_47b140,unchanged_decompiled_body,147943,146484,
function_47b290,original_short_body,147951,146492,
function_47b350,unchanged_decompiled_body,148134,146675,
function_47b3c0,unchanged_decompiled_body,148160,146701,
function_47b410,unchanged_decompiled_body,148186,146727,
function_4c4c20,unchanged_decompiled_body,148201,146742,
function_47b670,original_short_body,148203,146744,
function_47b510,unchanged_decompiled_body,148222,146763,
function_47b630,unchanged_decompiled_body,148386,146927,
function_47b890,unchanged_decompiled_body,148683,147224,
function_4c4b40,unchanged_decompiled_body,148870,147411,
function_47bb70,unchanged_decompiled_body,148969,147510,
function_47bba0,unchanged_decompiled_body,148978,147519,
function_47bc10,unchanged_decompiled_body,149020,147561,
function_47bca0,unchanged_decompiled_body,149098,147639,
function_47bfc0,unchanged_decompiled_body,149399,147940,
function_47c5b0,unchanged_decompiled_body,150024,148565,
function_47c8b0,unchanged_decompiled_body,150325,148866,
function_47e130,unchanged_decompiled_body,150348,148889,
function_47c930,unchanged_decompiled_body,150363,148904,
function_47e840,unchanged_decompiled_body,150411,148952,
function_47cc00,unchanged_decompiled_body,150671,149212,
function_47cd00,unchanged_decompiled_body,150808,149349,
function_47cdf0,unchanged_decompiled_body,150947,149488,
function_47ce30,unchanged_decompiled_body,150972,149513,
function_47d190,original_short_body,151407,149948,
function_47d1a0,unchanged_decompiled_body,151413,149954,
function_47d1c0,unchanged_decompiled_body,151423,149964,
function_47d230,unchanged_decompiled_body,151487,150028,
function_47d250,unchanged_decompiled_body,151498,150039,
function_47d280,unchanged_decompiled_body,151507,150048,
function_47d3f0,unchanged_decompiled_body,151675,150216,
function_47d4f0,unchanged_decompiled_body,151742,150283,
function_47d520,unchanged_decompiled_body,151773,150314,
function_4c5840,original_short_body,151811,150352,
function_47d600,unchanged_decompiled_body,151821,150362,
function_47d6e0,unchanged_decompiled_body,151897,150438,
function_481cb0,unchanged_decompiled_body,151924,150465,
function_47d960,unchanged_decompiled_body,152176,150717,
function_47d9b0,unchanged_decompiled_body,152193,150734,
function_47da20,unchanged_decompiled_body,152225,150766,
function_47da90,unchanged_decompiled_body,152278,150819,
function_47daf0,unchanged_decompiled_body,152305,150846,
function_47de90,unchanged_decompiled_body,152568,151109,
function_47e0c0,unchanged_decompiled_body,152807,151348,
function_47e160,unchanged_decompiled_body,152847,151388,
function_47e7b0,unchanged_decompiled_body,153387,151928,
function_47e810,unchanged_decompiled_body,153439,151980,
function_47e990,unchanged_decompiled_body,153534,152075,
function_47ea70,unchanged_decompiled_body,153579,152120,
function_47eaf0,unchanged_decompiled_body,153613,152154,
function_47eb10,unchanged_decompiled_body,153626,152167,
function_47eb50,modified_nonempty_body,153639,152180,
function_47f0a0,unchanged_decompiled_body,154698,153240,
function_47f820,unchanged_decompiled_body,154984,153526,
function_47f850,unchanged_decompiled_body,155024,153566,
function_47f880,unchanged_decompiled_body,155064,153606,
function_47f8a0,unchanged_decompiled_body,155094,153636,
function_47f960,unchanged_decompiled_body,155166,153708,
function_47f9c0,unchanged_decompiled_body,155202,153744,
function_47fab0,unchanged_decompiled_body,155303,153845,
function_480080,unchanged_decompiled_body,156193,154735,
function_480120,unchanged_decompiled_body,156267,154809,
function_480200,unchanged_decompiled_body,156459,155001,
function_4802d0,unchanged_decompiled_body,156558,155100,
function_480410,unchanged_decompiled_body,156768,155310,
function_480570,unchanged_decompiled_body,156959,155501,
function_480600,unchanged_decompiled_body,157043,155585,
function_480750,unchanged_decompiled_body,157237,155779,
function_480820,unchanged_decompiled_body,157244,155786,
function_4808b0,unchanged_decompiled_body,157286,155828,
function_480a10,unchanged_decompiled_body,157552,156094,
function_480a60,unchanged_decompiled_body,157564,156106,
function_480b30,unchanged_decompiled_body,157693,156235,
function_480d80,original_short_body,157949,156491,
function_480da0,unchanged_decompiled_body,157955,156497,
function_481190,unchanged_decompiled_body,158389,156931,
function_481260,unchanged_decompiled_body,158483,157025,
function_4812d0,unchanged_decompiled_body,158496,157038,
function_4812e0,unchanged_decompiled_body,158516,157058,
function_481330,modified_nonempty_body,158524,157066,
function_4814b0,unchanged_decompiled_body,158768,157312,
function_481520,unchanged_decompiled_body,158819,157363,
function_481710,unchanged_decompiled_body,159142,157686,
function_4817e0,unchanged_decompiled_body,159189,157733,
function_481800,unchanged_decompiled_body,159202,157746,
function_481860,unchanged_decompiled_body,159239,157783,
function_4818c0,unchanged_decompiled_body,159253,157797,
function_481c90,unchanged_decompiled_body,159764,158308,
function_481ef0,unchanged_decompiled_body,160011,158555,
function_481f30,unchanged_decompiled_body,160020,158564,
function_482060,unchanged_decompiled_body,160153,158697,
function_4820c0,unchanged_decompiled_body,160161,158705,
function_4822c0,unchanged_decompiled_body,160418,158962,
function_482650,unchanged_decompiled_body,160944,159488,
function_4827d0,unchanged_decompiled_body,161133,159677,
function_482990,unchanged_decompiled_body,161367,159911,
function_482a70,unchanged_decompiled_body,161458,160002,
function_482a90,unchanged_decompiled_body,161464,160008,
function_482af0,unchanged_decompiled_body,161495,160039,
function_482b20,unchanged_decompiled_body,161507,160051,
function_482cb6,unchanged_decompiled_body,161784,160328,
function_482cbe,unchanged_decompiled_body,161793,160337,
function_482cd0,unchanged_decompiled_body,161806,160350,
function_482e90,unchanged_decompiled_body,162151,160695,
function_483300,unchanged_decompiled_body,162871,161415,
function_483eb0,unchanged_decompiled_body,166186,164730,
function_483ef0,unchanged_decompiled_body,166198,164742,
function_483f10,unchanged_decompiled_body,166209,164753,
function_4840a0,unchanged_decompiled_body,166647,165191,
function_4840e0,unchanged_decompiled_body,166674,165218,
function_4842c0,unchanged_decompiled_body,166832,165376,
function_484300,unchanged_decompiled_body,166861,165405,
function_484810,unchanged_decompiled_body,167884,166428,
function_484d10,unchanged_decompiled_body,168083,166627,
function_484da0,unchanged_decompiled_body,168109,166653,
function_484ec0,unchanged_decompiled_body,168409,166953,
function_485340,original_short_body,169318,167862,
function_485350,unchanged_decompiled_body,169324,167868,
function_485480,unchanged_decompiled_body,169394,167938,
function_4854a0,unchanged_decompiled_body,169407,167951,
function_4855f0,unchanged_decompiled_body,169554,168098,
function_485610,unchanged_decompiled_body,169580,168124,
function_4857e0,unchanged_decompiled_body,169745,168289,
function_486160,unchanged_decompiled_body,171048,169592,
function_486190,unchanged_decompiled_body,171054,169598,
function_486500,unchanged_decompiled_body,171522,170066,
function_486520,unchanged_decompiled_body,171535,170079,
function_4865a0,unchanged_decompiled_body,171596,170140,
function_486690,unchanged_decompiled_body,171712,170256,
function_4866b0,unchanged_decompiled_body,171732,170276,
function_4867f0,unchanged_decompiled_body,171856,170400,
function_4869d0,unchanged_decompiled_body,172074,170618,
function_486a30,unchanged_decompiled_body,172118,170662,
function_486c50,unchanged_decompiled_body,172799,171343,
function_486d70,unchanged_decompiled_body,173013,171557,
function_486dd0,unchanged_decompiled_body,173054,171598,
function_486f90,unchanged_decompiled_body,173312,171856,
function_487200,unchanged_decompiled_body,174085,172629,
function_487260,modified_nonempty_body,174129,172673,
function_487490,unchanged_decompiled_body,174929,173474,
function_4874f0,unchanged_decompiled_body,174973,173518,
function_487530,unchanged_decompiled_body,174999,173544,
function_4876d0,unchanged_decompiled_body,175215,173760,
function_487830,unchanged_decompiled_body,175392,173937,
function_4879d0,unchanged_decompiled_body,175792,174337,
function_4879f0,unchanged_decompiled_body,175805,174350,
function_487a10,unchanged_decompiled_body,175818,174363,
function_487bd0,unchanged_decompiled_body,176043,174588,
function_487e00,unchanged_decompiled_body,176347,174892,
function_488020,unchanged_decompiled_body,176593,175138,
function_488040,unchanged_decompiled_body,176599,175144,
function_488500,unchanged_decompiled_body,177152,175697,
function_488550,unchanged_decompiled_body,177166,175711,
function_488740,unchanged_decompiled_body,177361,175906,
function_488770,unchanged_decompiled_body,177372,175917,
function_488980,unchanged_decompiled_body,177551,176096,
function_488bb0,unchanged_decompiled_body,177779,176324,
function_488be0,unchanged_decompiled_body,177793,176338,
function_488c90,modified_nonempty_body,177844,176389,
function_489280,unchanged_decompiled_body,178668,177215,
function_489310,unchanged_decompiled_body,178703,177250,
function_489600,unchanged_decompiled_body,178982,177529,
function_489710,unchanged_decompiled_body,179083,177630,
function_4897d0,unchanged_decompiled_body,179121,177668,
function_4897f0,unchanged_decompiled_body,179134,177681,
function_489850,unchanged_decompiled_body,179173,177720,
function_489910,unchanged_decompiled_body,179229,177776,
function_489940,unchanged_decompiled_body,179240,177787,
function_489a80,unchanged_decompiled_body,179423,177970,
function_489b00,unchanged_decompiled_body,179441,177988,
function_489c60,unchanged_decompiled_body,179601,178148,
function_489de0,unchanged_decompiled_body,179931,178478,
function_489e30,unchanged_decompiled_body,179941,178488,
function_489e80,original_short_body,179951,178498,
function_489e90,unchanged_decompiled_body,179957,178504,
function_489ef0,replacement_mapping_unresolved,179976,,
function_489f20,replacement_mapping_unresolved,179989,,
function_489f30,cpp_address_replacement,179998,,src/squirrel/squirrel_legacy_api.cpp:448
function_489f50,cpp_address_replacement,180020,,src/squirrel/squirrel_legacy_api.cpp:452
function_489fa0,replacement_mapping_unresolved,180042,,
function_48a0a0,replacement_mapping_unresolved,180065,,
function_48a170,modified_nonempty_body,180101,179068,
function_492890,replacement_mapping_unresolved,180139,,
function_48a230,cpp_address_replacement,180152,,src/squirrel/squirrel_legacy_api.cpp:36
function_48a2d0,cpp_address_replacement,180194,,src/squirrel/squirrel_legacy_api.cpp:40
function_48a300,cpp_address_replacement,180205,,src/squirrel/squirrel_legacy_api.cpp:44
function_48a370,cpp_address_replacement,180243,,src/squirrel/squirrel_legacy_api.cpp:48
function_48a3e0,cpp_address_replacement,180281,,src/squirrel/squirrel_legacy_api.cpp:52
function_48a400,cpp_address_replacement,180289,,src/squirrel/squirrel_legacy_api.cpp:56
function_48a430,cpp_address_replacement,180301,,src/squirrel/squirrel_legacy_api.cpp:60
function_48a460,cpp_address_replacement,180312,,src/squirrel/squirrel_legacy_api.cpp:64
function_48a480,cpp_address_replacement,180318,,src/squirrel/squirrel_legacy_api.cpp:68
function_48a4f0,cpp_address_replacement,180343,,src/squirrel/squirrel_legacy_api.cpp:72
function_48a530,cpp_address_replacement,180363,,src/squirrel/squirrel_legacy_api.cpp:76
function_48a580,cpp_address_replacement,180384,,src/squirrel/squirrel_legacy_api.cpp:80
function_48a5c0,cpp_address_replacement,180404,,src/squirrel/squirrel_legacy_api.cpp:84
function_48a600,cpp_address_replacement,180424,,src/squirrel/squirrel_legacy_api.cpp:88
function_48a670,cpp_address_replacement,180457,,src/squirrel/squirrel_legacy_api.cpp:92
function_48a690,cpp_address_replacement,180463,,src/squirrel/squirrel_legacy_api.cpp:96
function_48a6b0,cpp_address_replacement,180469,,src/squirrel/squirrel_legacy_api.cpp:100
function_48a720,cpp_address_replacement,180489,,src/squirrel/squirrel_legacy_api.cpp:108
function_48a790,cpp_address_replacement,180517,,src/squirrel/squirrel_legacy_api.cpp:112
function_48a980,cpp_address_replacement,180632,,src/squirrel/squirrel_legacy_api.cpp:136
function_48a9e0,cpp_address_replacement,180656,,src/squirrel/squirrel_legacy_api.cpp:140
function_48aa20,modified_nonempty_body,180668,100779,src/squirrel/squirrel_legacy_api.cpp:144
function_48aa30,cpp_address_replacement,180674,,src/squirrel/squirrel_legacy_api.cpp:148
function_48aa50,cpp_address_replacement,180680,,src/squirrel/squirrel_legacy_api.cpp:152
function_48aa60,cpp_address_replacement,180686,,src/squirrel/squirrel_legacy_api.cpp:156
function_48aa80,cpp_address_replacement,180692,,src/squirrel/squirrel_legacy_api.cpp:160
function_48ab40,cpp_address_replacement,180734,,src/squirrel/squirrel_legacy_api.cpp:164
function_48ab90,cpp_address_replacement,180749,,src/squirrel/squirrel_legacy_api.cpp:168
function_48abe0,cpp_address_replacement,180773,,src/squirrel/squirrel_legacy_api.cpp:172
function_48ac00,cpp_address_replacement,180781,,src/squirrel/squirrel_legacy_api.cpp:176
function_48ac70,cpp_address_replacement,180803,,src/squirrel/squirrel_legacy_api.cpp:180
function_48acc0,cpp_address_replacement,180834,,src/squirrel/squirrel_legacy_api.cpp:184
function_48ace0,cpp_address_replacement,180840,,src/squirrel/squirrel_legacy_api.cpp:188
function_48ada0,cpp_address_replacement,180881,,src/squirrel/squirrel_legacy_api.cpp:192
function_48adb0,cpp_address_replacement,180887,,src/squirrel/squirrel_legacy_api.cpp:196
function_48af30,cpp_address_replacement,180980,,src/squirrel/squirrel_legacy_api.cpp:200
function_48afa0,cpp_address_replacement,181019,,src/squirrel/squirrel_legacy_api.cpp:204
function_48b050,cpp_address_replacement,181042,,src/squirrel/squirrel_legacy_api.cpp:212
function_48b160,cpp_address_replacement,181048,,src/squirrel/squirrel_legacy_api.cpp:216
function_48b180,cpp_address_replacement,181054,,src/squirrel/squirrel_legacy_api.cpp:220
function_48b1a0,cpp_address_replacement,181060,,src/squirrel/squirrel_legacy_api.cpp:224
function_498a30,replacement_mapping_unresolved,181072,,
function_48b320,cpp_address_replacement,181131,,src/squirrel/squirrel_legacy_api.cpp:228
function_48b410,cpp_address_replacement,181191,,src/squirrel/squirrel_legacy_api.cpp:232
function_48b490,modified_nonempty_body,181213,101174,src/squirrel/squirrel_legacy_api.cpp:236
function_48b510,cpp_address_replacement,181235,,src/squirrel/squirrel_legacy_api.cpp:240
function_48b5a0,cpp_address_replacement,181265,,src/squirrel/squirrel_legacy_api.cpp:244
function_48b630,cpp_address_replacement,181299,,src/squirrel/squirrel_legacy_api.cpp:248
function_48b840,replacement_mapping_unresolved,181403,,
function_48b870,cpp_address_replacement,181417,,src/squirrel/squirrel_legacy_api.cpp:252
function_48b8b0,cpp_address_replacement,181427,,src/squirrel/squirrel_legacy_api.cpp:256
function_48b8d0,cpp_address_replacement,181434,,src/squirrel/squirrel_legacy_api.cpp:260
function_48b8f0,cpp_address_replacement,181440,,src/squirrel/squirrel_legacy_api.cpp:264
function_48b900,replacement_mapping_unresolved,181446,,
function_48b910,replacement_mapping_unresolved,181452,,
function_48b920,replacement_mapping_unresolved,181458,,
function_48b980,replacement_mapping_unresolved,181520,,
function_48b9f0,replacement_mapping_unresolved,181544,,
function_48ba10,replacement_mapping_unresolved,181556,,
function_48ba20,replacement_mapping_unresolved,181564,,
function_48bb10,replacement_mapping_unresolved,181608,,
function_48bb30,cpp_address_replacement,181615,,src/squirrel/squirrel_legacy_api.cpp:380
function_48bba0,replacement_mapping_unresolved,181629,,
function_48bc70,replacement_mapping_unresolved,181660,,
function_48bca0,replacement_mapping_unresolved,181673,,
function_48bd40,replacement_mapping_unresolved,181700,,
function_48bd60,replacement_mapping_unresolved,181707,,
function_48be40,replacement_mapping_unresolved,181740,,
function_48be70,cpp_address_replacement,181755,,src/squirrel/squirrel_legacy_api.cpp:532
function_48be80,replacement_mapping_unresolved,181763,,
function_48bec0,cpp_address_replacement,181770,,src/squirrel/squirrel_legacy_api.cpp:384
function_48bf50,cpp_address_replacement,181797,,src/squirrel/squirrel_legacy_api.cpp:536
function_48bfe0,replacement_mapping_unresolved,181821,,
function_48c080,replacement_mapping_unresolved,181873,,
function_48c170,replacement_mapping_unresolved,181944,,
function_48c1c0,cpp_address_replacement,181953,,src/squirrel/squirrel_legacy_api.cpp:268
function_48c1f0,cpp_address_replacement,181960,,src/squirrel/squirrel_legacy_api.cpp:272
function_48c2f0,cpp_address_replacement,182007,,src/squirrel/squirrel_legacy_api.cpp:276
function_48c350,cpp_address_replacement,182022,,src/squirrel/squirrel_legacy_api.cpp:280
function_48c400,cpp_address_replacement,182071,,src/squirrel/squirrel_legacy_api.cpp:284
function_48c580,cpp_address_replacement,182219,,src/squirrel/squirrel_legacy_api.cpp:288
function_48c620,cpp_address_replacement,182255,,src/squirrel/squirrel_legacy_api.cpp:292
function_48c690,cpp_address_replacement,182291,,src/squirrel/squirrel_legacy_api.cpp:296
function_48c700,cpp_address_replacement,182315,,src/squirrel/squirrel_legacy_api.cpp:300
function_48c780,cpp_address_replacement,182351,,src/squirrel/squirrel_legacy_api.cpp:304
function_48c7f0,cpp_address_replacement,182379,,src/squirrel/squirrel_legacy_api.cpp:308
function_48c840,modified_nonempty_body,182398,101194,src/squirrel/squirrel_legacy_api.cpp:312
function_48c890,modified_nonempty_body,182418,100822,src/squirrel/squirrel_legacy_api.cpp:316
function_48c910,cpp_address_replacement,182452,,src/squirrel/squirrel_legacy_api.cpp:320
function_48c950,cpp_address_replacement,182480,,src/squirrel/squirrel_legacy_api.cpp:324
function_48ca10,cpp_address_replacement,182513,,src/squirrel/squirrel_legacy_api.cpp:328
function_493cd0,replacement_mapping_unresolved,182534,,
function_48cb10,cpp_address_replacement,182570,,src/squirrel/squirrel_legacy_api.cpp:332
function_491880,cpp_address_replacement,182580,,src/squirrel/squirrel_legacy_api.cpp:425
function_48cc70,cpp_address_replacement,182659,,src/squirrel/squirrel_legacy_api.cpp:336
function_48e520,cpp_address_replacement,182714,,src/squirrel/squirrel_legacy_api.cpp:412
function_48cd50,cpp_address_replacement,182724,,src/squirrel/squirrel_legacy_api.cpp:340
function_48ce70,cpp_address_replacement,182791,,src/squirrel/squirrel_legacy_api.cpp:348
function_48cfa0,cpp_address_replacement,182879,,src/squirrel/squirrel_legacy_api.cpp:352
function_48d0b0,cpp_address_replacement,182942,,src/squirrel/squirrel_legacy_api.cpp:356
function_48d0f0,replacement_mapping_unresolved,182948,,
function_48d1b0,replacement_mapping_unresolved,183064,,
function_48d220,replacement_mapping_unresolved,183099,,
function_48d310,replacement_mapping_unresolved,183188,,
function_48d390,replacement_mapping_unresolved,183234,,
function_48d430,replacement_mapping_unresolved,183257,,
function_48d450,replacement_mapping_unresolved,183266,,
function_48d4e0,replacement_mapping_unresolved,183290,,
function_48d550,replacement_mapping_unresolved,183306,,
function_48d5a0,replacement_mapping_unresolved,183316,,
function_48d620,replacement_mapping_unresolved,183345,,
function_48d6d0,replacement_mapping_unresolved,183381,,
function_48d720,replacement_mapping_unresolved,183402,,
function_48d770,cpp_address_replacement,183412,,src/squirrel/squirrel_legacy_api.cpp:360
function_48d7e0,cpp_address_replacement,183445,,src/squirrel/squirrel_legacy_api.cpp:364
function_48d850,cpp_address_replacement,183466,,src/squirrel/squirrel_legacy_api.cpp:368
function_48d940,replacement_mapping_unresolved,183598,,
function_48d9f0,replacement_mapping_unresolved,183663,,
function_48da60,replacement_mapping_unresolved,183710,,
function_48dac0,replacement_mapping_unresolved,183728,,
function_48db40,replacement_mapping_unresolved,183763,,
function_48dc10,replacement_mapping_unresolved,183801,,
function_48dd10,cpp_address_replacement,183853,,src/squirrel/squirrel_legacy_api.cpp:372
function_48dda0,cpp_address_replacement,183883,,src/squirrel/squirrel_legacy_api.cpp:376
function_49ab80,replacement_mapping_unresolved,183897,,
function_48de90,replacement_mapping_unresolved,183914,,
function_48e030,replacement_mapping_unresolved,184015,,
function_48e0e0,cpp_address_replacement,184052,,src/squirrel/squirrel_legacy_api.cpp:456
function_48e120,cpp_address_replacement,184067,,src/squirrel/squirrel_legacy_api.cpp:460
function_48e160,replacement_mapping_unresolved,184087,,
function_48e180,replacement_mapping_unresolved,184109,,
function_48e260,replacement_mapping_unresolved,184155,,
function_48e2e0,replacement_mapping_unresolved,184195,,
function_48e460,replacement_mapping_unresolved,184304,,
function_48e480,replacement_mapping_unresolved,184310,,
function_48e4a0,replacement_mapping_unresolved,184319,,
function_48e4b0,replacement_mapping_unresolved,184326,,
function_48e4d0,cpp_address_replacement,184339,,src/squirrel/squirrel_legacy_api.cpp:464
function_48e4f0,replacement_mapping_unresolved,184357,,
function_48e580,replacement_mapping_unresolved,184416,,
function_48e600,replacement_mapping_unresolved,184447,,
function_48e640,replacement_mapping_unresolved,184481,,
function_48e680,replacement_mapping_unresolved,184491,,
function_48e6c0,replacement_mapping_unresolved,184507,,
function_48e6e0,replacement_mapping_unresolved,184514,,
function_48e730,replacement_mapping_unresolved,184532,,
function_48e800,replacement_mapping_unresolved,184586,,
function_48e9d0,replacement_mapping_unresolved,184663,,
function_48ee90,replacement_mapping_unresolved,185106,,
function_48ef10,replacement_mapping_unresolved,185142,,
function_48ef70,replacement_mapping_unresolved,185168,,
function_48eff0,replacement_mapping_unresolved,185234,,
function_48f040,replacement_mapping_unresolved,185260,,
function_48f050,replacement_mapping_unresolved,185269,,
function_48f1c0,replacement_mapping_unresolved,185470,,
function_48f240,replacement_mapping_unresolved,185501,,
function_48f280,replacement_mapping_unresolved,185513,,
function_48f300,replacement_mapping_unresolved,185580,,
function_48f380,replacement_mapping_unresolved,185601,,
function_48fac0,replacement_mapping_unresolved,186312,,
function_48fba0,replacement_mapping_unresolved,186384,,
function_48fc00,replacement_mapping_unresolved,186429,,
function_48fd00,replacement_mapping_unresolved,186522,,
function_48fd70,replacement_mapping_unresolved,186569,,
function_48fdf0,replacement_mapping_unresolved,186632,,
function_48fe70,replacement_mapping_unresolved,186685,,
function_48fed0,replacement_mapping_unresolved,186729,,
function_48ffd0,replacement_mapping_unresolved,186877,,
function_490040,replacement_mapping_unresolved,186907,,
function_4900d0,replacement_mapping_unresolved,186926,,
function_490280,replacement_mapping_unresolved,187063,,
function_490320,replacement_mapping_unresolved,187088,,
function_490370,replacement_mapping_unresolved,187115,,
function_490630,replacement_mapping_unresolved,187359,,
function_4908d0,replacement_mapping_unresolved,187633,,
function_4909e0,replacement_mapping_unresolved,187727,,
function_490b20,replacement_mapping_unresolved,187798,,
function_490b50,replacement_mapping_unresolved,187821,,
function_490b60,replacement_mapping_unresolved,187830,,
function_490c40,replacement_mapping_unresolved,187916,,
function_490c80,replacement_mapping_unresolved,187933,,
function_490d50,replacement_mapping_unresolved,187995,,
function_490d90,replacement_mapping_unresolved,188027,,
function_490fa0,replacement_mapping_unresolved,188208,,
function_490fc0,replacement_mapping_unresolved,188222,,
function_4910c0,replacement_mapping_unresolved,188272,,
function_4910e0,replacement_mapping_unresolved,188279,,
function_491150,replacement_mapping_unresolved,188293,,
function_491230,replacement_mapping_unresolved,188329,,
function_491260,replacement_mapping_unresolved,188342,,
function_4912e0,replacement_mapping_unresolved,188387,,
function_491340,replacement_mapping_unresolved,188423,,
function_491400,replacement_mapping_unresolved,188468,,
function_4914a0,replacement_mapping_unresolved,188493,,
function_491500,replacement_mapping_unresolved,188550,,
function_4915b0,replacement_mapping_unresolved,188585,,
function_4916a0,replacement_mapping_unresolved,188643,,
function_491760,cpp_address_replacement,188748,,src/squirrel/squirrel_legacy_api.cpp:443
function_4917b0,replacement_mapping_unresolved,188785,,
function_491820,cpp_address_replacement,188869,,src/squirrel/squirrel_legacy_api.cpp:416
function_491870,replacement_mapping_unresolved,188904,,
function_4918a0,cpp_address_replacement,188920,,src/squirrel/squirrel_legacy_api.cpp:429
function_4918b0,replacement_mapping_unresolved,188927,,
function_491910,replacement_mapping_unresolved,188993,,
function_4919b0,replacement_mapping_unresolved,189033,,
function_491a50,replacement_mapping_unresolved,189072,,
function_491bf0,replacement_mapping_unresolved,189164,,
function_491c10,replacement_mapping_unresolved,189173,,
function_491de0,replacement_mapping_unresolved,189325,,
function_491f30,replacement_mapping_unresolved,189377,,
function_491fe0,replacement_mapping_unresolved,189396,,
function_4920a0,replacement_mapping_unresolved,189455,,
function_497850,replacement_mapping_unresolved,189664,,
function_492370,historical_removal_manifest,189712,,
function_492440,replacement_mapping_unresolved,189761,,
function_492640,replacement_mapping_unresolved,189932,,
function_4927b0,replacement_mapping_unresolved,190001,,
function_492a80,replacement_mapping_unresolved,190155,,
function_492c90,replacement_mapping_unresolved,190271,,
function_492d00,replacement_mapping_unresolved,190296,,
function_492dc0,replacement_mapping_unresolved,190330,,
function_492ed0,replacement_mapping_unresolved,190383,,
function_493310,replacement_mapping_unresolved,190657,,
function_493710,replacement_mapping_unresolved,190899,,
function_493a40,replacement_mapping_unresolved,191129,,
function_493e70,replacement_mapping_unresolved,191387,,
function_4940f0,replacement_mapping_unresolved,191544,,
function_494120,replacement_mapping_unresolved,191557,,
function_4944b0,replacement_mapping_unresolved,191807,,
function_494710,replacement_mapping_unresolved,192064,,
function_494770,replacement_mapping_unresolved,192100,,
function_4948a0,replacement_mapping_unresolved,192168,,
function_494990,replacement_mapping_unresolved,192252,,
function_494bf0,replacement_mapping_unresolved,192418,,
function_494da0,replacement_mapping_unresolved,192533,,
function_4950c0,replacement_mapping_unresolved,192747,,
function_495360,replacement_mapping_unresolved,192990,,
function_497680,replacement_mapping_unresolved,195860,,
function_497940,replacement_mapping_unresolved,195989,,
function_497990,replacement_mapping_unresolved,196018,,
function_497a00,cpp_address_replacement,196074,,src/squirrel/squirrel_legacy_api.cpp:433
function_497b10,replacement_mapping_unresolved,196207,,
function_497d30,replacement_mapping_unresolved,196482,,
function_497e30,replacement_mapping_unresolved,196551,,
function_497f10,replacement_mapping_unresolved,196679,,
function_497fd0,replacement_mapping_unresolved,196780,,
function_497ff0,replacement_mapping_unresolved,196789,,
function_498080,replacement_mapping_unresolved,196822,,
function_4980a0,replacement_mapping_unresolved,196829,,
function_4981e0,replacement_mapping_unresolved,196961,,
function_498200,replacement_mapping_unresolved,196970,,
function_4982f0,replacement_mapping_unresolved,197033,,
function_498320,replacement_mapping_unresolved,197046,,
function_498440,replacement_mapping_unresolved,197182,,
function_498580,replacement_mapping_unresolved,197256,,
function_498590,modified_nonempty_body,197262,180053,
function_4985b0,modified_nonempty_body,197268,180066,
function_4985d0,replacement_mapping_unresolved,197275,,
function_498690,replacement_mapping_unresolved,197317,,
function_4986b0,replacement_mapping_unresolved,197342,,
function_498730,replacement_mapping_unresolved,197384,,
function_498770,replacement_mapping_unresolved,197400,,
function_4987a0,replacement_mapping_unresolved,197425,,
function_4988e0,replacement_mapping_unresolved,197469,,
function_498b60,replacement_mapping_unresolved,197603,,
function_498c20,replacement_mapping_unresolved,197676,,
function_498c60,replacement_mapping_unresolved,197691,,
function_498d30,replacement_mapping_unresolved,197759,,
function_498da0,replacement_mapping_unresolved,197855,,
function_498e30,replacement_mapping_unresolved,197881,,
function_498e90,replacement_mapping_unresolved,197919,,
function_498f50,replacement_mapping_unresolved,197996,,
function_499080,replacement_mapping_unresolved,198122,,
function_499130,replacement_mapping_unresolved,198152,,
function_4992c0,replacement_mapping_unresolved,198217,,
function_499380,replacement_mapping_unresolved,198246,,
function_4993b0,replacement_mapping_unresolved,198253,,
function_49a000,replacement_mapping_unresolved,198307,,
function_499610,replacement_mapping_unresolved,198364,,
function_4996c0,replacement_mapping_unresolved,198401,,
function_4996f0,replacement_mapping_unresolved,198414,,
function_499800,replacement_mapping_unresolved,198469,,
function_499940,replacement_mapping_unresolved,198549,,
function_499970,cpp_address_replacement,198562,,src/squirrel/squirrel_legacy_api.cpp:439
function_499a20,cpp_address_replacement,198612,,src/squirrel/squirrel_legacy_api.cpp:477
function_499b00,cpp_address_replacement,198658,,src/squirrel/squirrel_legacy_api.cpp:470
function_499b50,replacement_mapping_unresolved,198692,,
function_499ca0,replacement_mapping_unresolved,198738,,
function_499d30,replacement_mapping_unresolved,198759,,
function_499df0,replacement_mapping_unresolved,198790,,
function_499f80,replacement_mapping_unresolved,198976,,
function_499fd0,replacement_mapping_unresolved,199004,,
function_49a0c0,replacement_mapping_unresolved,199046,,
function_49a140,replacement_mapping_unresolved,199116,,
function_49a170,replacement_mapping_unresolved,199132,,
function_49a1b0,replacement_mapping_unresolved,199156,,
function_49a220,replacement_mapping_unresolved,199185,,
function_49a280,replacement_mapping_unresolved,199265,,
function_49a2a0,replacement_mapping_unresolved,199272,,
function_49a2e0,replacement_mapping_unresolved,199314,,
function_49a360,replacement_mapping_unresolved,199345,,
function_49a3e0,replacement_mapping_unresolved,199391,,
function_49a400,replacement_mapping_unresolved,199400,,
function_49a430,replacement_mapping_unresolved,199411,,
function_49a4b0,replacement_mapping_unresolved,199475,,
function_49a520,cpp_address_replacement,199523,,src/squirrel/squirrel_legacy_api.cpp:496
function_49a670,replacement_mapping_unresolved,199576,,
function_49a680,replacement_mapping_unresolved,199584,,
function_49a790,replacement_mapping_unresolved,199713,,
function_49a8c0,replacement_mapping_unresolved,199837,,
function_49a8e0,replacement_mapping_unresolved,199846,,
function_49aa40,replacement_mapping_unresolved,200063,,
function_49aaa0,replacement_mapping_unresolved,200090,,
function_49ad60,replacement_mapping_unresolved,200313,,
function_49af80,replacement_mapping_unresolved,200458,,
function_49c350,cpp_address_replacement,201361,,src/squirrel/squirrel_legacy_api.cpp:408
function_49c9e0,historical_removal_manifest,201757,,
function_49ca00,historical_removal_manifest,201768,,
function_49cb20,historical_removal_manifest,201831,,
function_49cb60,historical_removal_manifest,201837,,
function_49cbb0,historical_removal_manifest,201878,,
function_49cc80,historical_removal_manifest,201952,,
function_49cce0,historical_removal_manifest,201962,,
function_49cdf0,historical_removal_manifest,201982,,
function_49ce50,historical_removal_manifest,201994,,
function_49cf80,historical_removal_manifest,202202,,
function_49d110,historical_removal_manifest,202298,,
function_49d190,historical_removal_manifest,202354,,
function_49d230,historical_removal_manifest,202391,,
function_49d450,historical_removal_manifest,202613,,
function_49d600,historical_removal_manifest,202680,,
function_49d680,historical_removal_manifest,202696,,
function_49d6c0,historical_removal_manifest,202736,,
function_49d700,replacement_mapping_unresolved,202776,,
function_49d790,historical_removal_manifest,202806,,
function_49d8a0,historical_removal_manifest,202844,,
function_49d970,historical_removal_manifest,202896,,
function_49da60,historical_removal_manifest,202928,,
function_49ddd0,historical_removal_manifest,203253,,
function_49e080,historical_removal_manifest,203271,,
function_49e290,historical_removal_manifest,203376,,
function_49e300,historical_removal_manifest,203389,,
function_49e3f0,historical_removal_manifest,203457,,
function_4a4b30,replacement_mapping_unresolved,203820,,
function_4a46d0,replacement_mapping_unresolved,203858,,
function_49ec10,historical_removal_manifest,203974,,
function_49ef30,historical_removal_manifest,204249,,
function_49f060,historical_removal_manifest,204348,,
function_49f0e0,historical_removal_manifest,204384,,
function_49f200,historical_removal_manifest,204464,,
function_49f4f0,historical_removal_manifest,204601,,
function_49f560,historical_removal_manifest,204642,,
function_49f5d0,historical_removal_manifest,204683,,
function_49f640,historical_removal_manifest,204724,,
function_49f7e0,historical_removal_manifest,204833,,
function_49f8d0,historical_removal_manifest,204881,,
function_49fbb0,historical_removal_manifest,205087,,
function_49fc80,historical_removal_manifest,205167,,
function_49ffe0,historical_removal_manifest,205348,,
function_4a0030,historical_removal_manifest,205374,,
function_4a01f0,historical_removal_manifest,205562,,
function_4a0410,historical_removal_manifest,205703,,
function_4a0620,historical_removal_manifest,205841,,
function_4a0a00,historical_removal_manifest,206172,,
function_4a0c80,historical_removal_manifest,206388,,
function_4a1230,historical_removal_manifest,206722,,
function_4a15b0,replacement_mapping_unresolved,206910,,
function_4a16a0,replacement_mapping_unresolved,206933,,
function_4a1760,replacement_mapping_unresolved,206995,,
function_4a1770,replacement_mapping_unresolved,207001,,
function_4a1790,replacement_mapping_unresolved,207009,,
function_4a17b0,replacement_mapping_unresolved,207016,,
function_4a17d0,replacement_mapping_unresolved,207023,,
function_4a1810,replacement_mapping_unresolved,207035,,
function_4a1850,replacement_mapping_unresolved,207047,,
function_4a1870,replacement_mapping_unresolved,207054,,
function_4a1890,replacement_mapping_unresolved,207061,,
function_4a18c0,replacement_mapping_unresolved,207068,,
function_4a1a00,replacement_mapping_unresolved,207157,,
function_4a1a40,replacement_mapping_unresolved,207168,,
function_4a1b40,replacement_mapping_unresolved,207236,,
function_4a1b90,replacement_mapping_unresolved,207244,,
function_4a1c10,replacement_mapping_unresolved,207261,,
function_4a1c60,replacement_mapping_unresolved,207270,,
function_4a1c70,replacement_mapping_unresolved,207276,,
function_4a1d20,replacement_mapping_unresolved,207295,,
function_4a1e20,replacement_mapping_unresolved,207414,,
function_4a1eb0,replacement_mapping_unresolved,207430,,
function_4a2120,replacement_mapping_unresolved,207531,,
function_4a2360,replacement_mapping_unresolved,207643,,
function_4a2380,replacement_mapping_unresolved,207650,,
function_4a23a0,replacement_mapping_unresolved,207657,,
function_4a23c0,replacement_mapping_unresolved,207663,,
function_4a2480,replacement_mapping_unresolved,207694,,
function_4a24a0,replacement_mapping_unresolved,207700,,
function_4a24e0,replacement_mapping_unresolved,207713,,
function_4a2500,replacement_mapping_unresolved,207719,,
function_4a2520,replacement_mapping_unresolved,207725,,
function_4a2540,replacement_mapping_unresolved,207731,,
function_4a2580,replacement_mapping_unresolved,207740,,
function_4a25a0,replacement_mapping_unresolved,207746,,
function_4a25c0,replacement_mapping_unresolved,207752,,
function_4a2670,replacement_mapping_unresolved,207778,,
function_4a27d0,replacement_mapping_unresolved,207822,,
function_4a2890,replacement_mapping_unresolved,207851,,
function_4a2990,replacement_mapping_unresolved,207901,,
function_4a2a90,replacement_mapping_unresolved,207951,,
function_4a2ac0,replacement_mapping_unresolved,207958,,
function_4a2af0,replacement_mapping_unresolved,207965,,
function_4a2b10,replacement_mapping_unresolved,207971,,
function_4a2c80,replacement_mapping_unresolved,208025,,
function_4a2df0,replacement_mapping_unresolved,208115,,
function_4a2fa0,replacement_mapping_unresolved,208198,,
function_4a3030,replacement_mapping_unresolved,208224,,
function_4a3050,replacement_mapping_unresolved,208230,,
function_4a3070,replacement_mapping_unresolved,208236,,
function_4a3090,replacement_mapping_unresolved,208242,,
function_4a30b0,replacement_mapping_unresolved,208248,,
function_4a30d0,replacement_mapping_unresolved,208254,,
function_4a3120,replacement_mapping_unresolved,208267,,
function_4a3530,replacement_mapping_unresolved,208676,,
function_4a35a0,replacement_mapping_unresolved,208694,,
function_4a3610,replacement_mapping_unresolved,208731,,
function_4a3630,replacement_mapping_unresolved,208737,,
function_4a3650,replacement_mapping_unresolved,208743,,
function_4a36d0,replacement_mapping_unresolved,208769,,
function_4a3840,replacement_mapping_unresolved,208851,,
function_4a3a50,replacement_mapping_unresolved,208986,,
function_4a41a0,replacement_mapping_unresolved,209448,,
function_4a4300,replacement_mapping_unresolved,209526,,
function_4a4450,replacement_mapping_unresolved,209603,,
function_4a4520,replacement_mapping_unresolved,209645,,
function_4a4540,replacement_mapping_unresolved,209652,,
function_4a47e0,replacement_mapping_unresolved,209772,,
function_4a48c0,replacement_mapping_unresolved,209799,,
function_4a49c0,replacement_mapping_unresolved,209840,,
function_4a49e0,replacement_mapping_unresolved,209852,,
function_4a4a40,replacement_mapping_unresolved,209862,,
function_4a4a80,replacement_mapping_unresolved,209875,,
function_4a4af0,replacement_mapping_unresolved,209911,,
function_4a4b00,replacement_mapping_unresolved,209919,,
function_4a4b80,replacement_mapping_unresolved,209969,,
function_4a4bc0,replacement_mapping_unresolved,209996,,
function_4a5030,replacement_mapping_unresolved,210369,,
function_4a5070,replacement_mapping_unresolved,210380,,
function_4a50d0,replacement_mapping_unresolved,210446,,
function_4a51b0,replacement_mapping_unresolved,210490,,
function_4a5270,replacement_mapping_unresolved,210567,,
function_4a5320,replacement_mapping_unresolved,210598,,
function_4a5390,replacement_mapping_unresolved,210626,,
function_4a55f0,replacement_mapping_unresolved,210751,,
function_4a5680,replacement_mapping_unresolved,210781,,
function_4a56d0,replacement_mapping_unresolved,210797,,
function_4a57b0,replacement_mapping_unresolved,210833,,
function_4a58b0,replacement_mapping_unresolved,210966,,
function_4a5960,replacement_mapping_unresolved,210996,,
function_4a5ba0,replacement_mapping_unresolved,211157,,
function_4a5c30,replacement_mapping_unresolved,211188,,
function_4a5eb0,replacement_mapping_unresolved,211468,,
function_4a5fa0,replacement_mapping_unresolved,211518,,
function_4a6200,replacement_mapping_unresolved,211624,,
function_4a6270,replacement_mapping_unresolved,211655,,
function_4a6290,replacement_mapping_unresolved,211662,,
function_4a62d0,replacement_mapping_unresolved,211677,,
function_4a6470,replacement_mapping_unresolved,211758,,
function_4a64e0,replacement_mapping_unresolved,211816,,
function_4a65e0,replacement_mapping_unresolved,211849,,
function_4a6650,replacement_mapping_unresolved,211919,,
function_4a6680,replacement_mapping_unresolved,211951,,
function_4a66a0,replacement_mapping_unresolved,211957,,
function_4a66e0,replacement_mapping_unresolved,212005,,
function_4a6700,replacement_mapping_unresolved,212011,,
function_4a6720,replacement_mapping_unresolved,212023,,
function_4a6730,replacement_mapping_unresolved,212033,,
function_4a67a0,replacement_mapping_unresolved,212048,,
function_4a7b10,replacement_mapping_unresolved,212955,,
function_4a7b70,replacement_mapping_unresolved,212982,,
function_4a8060,replacement_mapping_unresolved,213372,,
function_4a8470,replacement_mapping_unresolved,213805,,
function_4a8540,replacement_mapping_unresolved,213882,,
function_4a8c50,modified_nonempty_body,214329,180680,
function_4a8c90,modified_nonempty_body,214348,180695,
function_4a8cc0,modified_nonempty_body,214356,180708,
function_4a8d60,explicit_receiver_in_c,214382,,
function_4a8db0,modified_nonempty_body,214404,180752,
function_4a8ea0,replacement_mapping_unresolved,214476,,
function_4a8f90,replacement_mapping_unresolved,214515,,
function_4a90c0,modified_nonempty_body,214561,180827,src/squirrel/squirrel_host_compat.cpp:438
function_4a91c0,cpp_address_replacement,214597,,src/squirrel/squirrel_host_compat.cpp:146
function_4a9250,cpp_address_replacement,214609,,src/squirrel/squirrel_class_binding.cpp:38
function_4a92e0,cpp_address_replacement,214621,,src/squirrel/squirrel_host_compat.cpp:153
function_4a9370,cpp_address_replacement,214633,,src/squirrel/squirrel_class_binding.cpp:48
function_4a9490,cpp_address_replacement,214721,,src/squirrel/squirrel_class_binding.cpp:70
function_4a9500,modified_nonempty_body,214745,180868,src/squirrel/squirrel_host_compat.cpp:75
function_4a9540,cpp_address_replacement,214759,,src/squirrel/squirrel_host_compat.cpp:86
function_4a9570,modified_nonempty_body,214771,180893,src/squirrel/squirrel_host_compat.cpp:104
function_4a95c0,unchanged_decompiled_body,214795,180898,src/squirrel/squirrel_host_compat.cpp:118
function_4a9600,cpp_address_replacement,214807,,src/squirrel/squirrel_host_compat.cpp:138
function_4a9660,modified_nonempty_body,214825,180913,src/squirrel/squirrel_host_compat.cpp:132
function_4a96c0,cpp_address_replacement,214838,,src/squirrel/squirrel_host_compat.cpp:160
function_4a9730,cpp_address_replacement,214871,,src/squirrel/squirrel_host_compat.cpp:169
function_4a97b0,cpp_address_replacement,214884,,src/squirrel/squirrel_host_compat.cpp:192
function_4a9840,cpp_address_replacement,214900,,src/squirrel/squirrel_host_compat.cpp:201
function_4a98d0,replacement_mapping_unresolved,214915,,
function_4a9950,cpp_address_replacement,214928,,src/squirrel/squirrel_host_compat.cpp:209
function_4a99f0,cpp_address_replacement,214945,,src/squirrel/squirrel_host_compat.cpp:166
function_4a9a40,cpp_address_replacement,214965,,src/squirrel/squirrel_host_compat.cpp:232
function_4a9ac0,cpp_address_replacement,214983,,src/squirrel/squirrel_host_compat.cpp:235
function_4a9b40,cpp_address_replacement,215001,,src/squirrel/squirrel_host_compat.cpp:241
function_4a9bb0,cpp_address_replacement,215018,,src/squirrel/squirrel_host_compat.cpp:253
function_4a9c10,cpp_address_replacement,215033,,src/squirrel/squirrel_host_compat.cpp:261
function_4a9d30,cpp_address_replacement,215078,,src/squirrel/squirrel_host_compat.cpp:279
function_4a9d50,cpp_address_replacement,215085,,src/squirrel/squirrel_host_compat.cpp:278
function_4a9d70,cpp_address_replacement,215093,,src/squirrel/squirrel_host_compat.cpp:302
function_4a9dc0,replacement_mapping_unresolved,215118,,
function_4a9e30,cpp_address_replacement,215133,,src/squirrel/squirrel_host_compat.cpp:305
function_4a9f60,cpp_address_replacement,215186,,src/squirrel/squirrel_host_compat.cpp:345
function_4aa000,cpp_address_replacement,215211,,src/squirrel/squirrel_host_compat.cpp:238
function_4aa110,replacement_mapping_unresolved,215248,,
function_4aa210,modified_nonempty_body,215288,181021,src/squirrel/squirrel_host_compat.cpp:412
function_4aa2d0,replacement_mapping_unresolved,215315,,
function_4aa3a0,modified_nonempty_body,215341,181034,src/squirrel/squirrel_host_compat.cpp:425
function_4aa470,unchanged_decompiled_body,215366,181059,
function_4aa490,modified_nonempty_body,215374,181067,
function_4aa4b0,unchanged_decompiled_body,215382,181079,
function_4aa4d0,unchanged_decompiled_body,215390,181087,
function_4aa4f0,unchanged_decompiled_body,215398,181095,
function_4aa540,modified_nonempty_body,215429,179011,src/squirrel/squirrel_class_binding.cpp:79;src/squirrel/squirrel_class_binding.cpp:205
function_4aa5e0,cpp_address_replacement,215457,,src/squirrel/squirrel_native_variables.cpp:49
function_4aa750,historical_removal_manifest,215525,,
function_4aa970,replacement_mapping_unresolved,215625,,
function_4ab170,modified_nonempty_body,215747,181217,
function_4aab60,cpp_address_replacement,215822,,src/squirrel/squirrel_native_variables.cpp:187
function_4aabd0,cpp_address_replacement,215839,,src/squirrel/squirrel_native_variables.cpp:188
function_4aac40,replacement_mapping_unresolved,215856,,
function_4aaf30,cpp_address_replacement,216142,,src/squirrel/squirrel_native_variables.cpp:189
function_4aafa0,cpp_address_replacement,216159,,src/squirrel/squirrel_native_variables.cpp:190
function_4ab010,original_short_body,216180,181174,
function_4ab020,replacement_mapping_unresolved,216186,,
function_4ab302,unchanged_decompiled_body,216311,181231,
function_4ab330,unchanged_decompiled_body,216318,181238,
function_4ab3e4,unchanged_decompiled_body,216325,181245,
function_4ab4a9,unchanged_decompiled_body,216341,181261,
function_4ab701,original_short_body,216355,181275,
function_4ab704,unchanged_decompiled_body,216361,181281,
function_4ab92d,unchanged_decompiled_body,216380,181300,
function_4ab9d0,unchanged_decompiled_body,216435,181355,
function_4ab9d9,unchanged_decompiled_body,216442,181362,
function_4abc67,original_short_body,216449,181369,
function_4abca1,unchanged_decompiled_body,216457,181377,
function_4ac8b2,unchanged_decompiled_body,216476,181396,
function_4ac9e3,original_short_body,216483,181403,
function_4ac9e5,unchanged_decompiled_body,216489,181409,
function_4aca13,unchanged_decompiled_body,216499,181419,
function_4aca90,original_short_body,216514,181434,
function_4aca9a,original_short_body,216520,181440,
function_4ad000,unchanged_decompiled_body,216561,181481,
function_4ad02e,original_short_body,216577,181497,
function_4ad16b,unchanged_decompiled_body,216583,181503,
function_4ad2c0,unchanged_decompiled_body,216590,181510,
function_4ad562,original_short_body,216597,181517,
function_4ad624,unchanged_decompiled_body,216603,181523,
function_4ad7f2,unchanged_decompiled_body,216730,181650,
function_4ad8af,unchanged_decompiled_body,216746,181666,
function_4ade56,unchanged_decompiled_body,216795,181715,
function_4adf39,unchanged_decompiled_body,216802,181722,
function_4ae181,unchanged_decompiled_body,216809,181729,
function_4ae2a4,unchanged_decompiled_body,216816,181736,
function_4ae55b,unchanged_decompiled_body,216823,181743,
function_4ae565,unchanged_decompiled_body,216830,181750,
function_4ae567,unchanged_decompiled_body,216837,181757,
function_4aecbb,unchanged_decompiled_body,216856,181776,
function_4aecca,original_short_body,216869,181789,
function_4aece1,unchanged_decompiled_body,216875,181795,
function_4aecf7,unchanged_decompiled_body,216882,181802,
function_4aed07,unchanged_decompiled_body,216896,181816,
function_4aed16,unchanged_decompiled_body,216910,181830,
function_4aee9f,unchanged_decompiled_body,216917,181837,
function_4aef60,original_short_body,216991,181911,
function_4aef74,unchanged_decompiled_body,216997,181917,
function_4af0cd,unchanged_decompiled_body,217010,181930,
function_4af0e0,unchanged_decompiled_body,217017,181937,
function_4af520,unchanged_decompiled_body,217060,181980,
function_4afd36,unchanged_decompiled_body,217155,182075,
function_4aff32,unchanged_decompiled_body,217162,182082,
function_4aff46,unchanged_decompiled_body,217170,182090,
function_4b005d,original_short_body,217179,182099,
function_4b0548,original_short_body,217192,182112,
function_4b07d6,unchanged_decompiled_body,217212,182132,
function_4b0978,unchanged_decompiled_body,217220,182140,
function_4b0a1a,unchanged_decompiled_body,217234,182154,
function_4b0b09,unchanged_decompiled_body,217241,182161,
function_4b0bba,original_short_body,217249,182169,
function_4b0bc3,unchanged_decompiled_body,217255,182175,
function_4b0c29,unchanged_decompiled_body,217299,182219,
function_4b0c45,unchanged_decompiled_body,217309,182229,
function_4b0c50,unchanged_decompiled_body,217318,182238,
function_4b0eca,original_short_body,217345,182265,
function_4b15e9,original_short_body,217363,182283,
function_4b15f2,original_short_body,217369,182289,
function_4b17a8,original_short_body,217375,182295,
function_4b17b4,original_short_body,217381,182301,
function_4b26a3,original_short_body,217387,182307,
function_4b26ad,original_short_body,217393,182313,
function_4b26b4,unchanged_decompiled_body,217399,182319,
function_4b26bb,unchanged_decompiled_body,217406,182326,
function_4b26c2,unchanged_decompiled_body,217413,182333,
function_4b26ed,unchanged_decompiled_body,217428,182348,
function_4b2717,unchanged_decompiled_body,217437,182357,
function_4b2756,unchanged_decompiled_body,217454,182374,
function_4b2758,unchanged_decompiled_body,217461,182381,
function_4b275d,unchanged_decompiled_body,217468,182388,
function_4b2769,unchanged_decompiled_body,217475,182395,
function_4b2773,unchanged_decompiled_body,217483,182403,
function_4b28b5,unchanged_decompiled_body,217497,182417,
function_4b41ca,modified_nonempty_body,217511,182431,
function_4b4aa0,unchanged_decompiled_body,217518,182438,
function_4b4aa9,unchanged_decompiled_body,217525,182445,
function_4b4ab2,original_short_body,217532,182452,
function_4b4acb,unchanged_decompiled_body,217538,182458,
function_4b4adc,unchanged_decompiled_body,217547,182467,
function_4b4b0c,unchanged_decompiled_body,217562,182482,
function_4b4b15,unchanged_decompiled_body,217569,182489,
function_4b4b31,original_short_body,217576,182496,
function_4b4b38,unchanged_decompiled_body,217582,182502,
function_4b4c0c,unchanged_decompiled_body,217589,182509,
function_4b4c13,unchanged_decompiled_body,217598,182518,
function_4b5d4f,original_short_body,217796,182716,
function_4b611e,original_short_body,217802,182722,
function_4b6127,unchanged_decompiled_body,217808,182728,
function_4b64a2,original_short_body,217815,182735,
function_4b71fc,original_short_body,217821,182741,
function_4b7208,original_short_body,217827,182747,
function_4b7dea,original_short_body,217833,182753,
function_4b7df6,original_short_body,217839,182759,
function_4b7dff,unchanged_decompiled_body,217845,182765,
function_4b7e01,unchanged_decompiled_body,217852,182772,
function_4b7e27,unchanged_decompiled_body,217860,182780,
function_4b8c20,unchanged_decompiled_body,218552,183472,
function_4b8db1,original_short_body,218561,183481,
function_4b8c88,unchanged_decompiled_body,218570,183490,
function_4b8c9a,unchanged_decompiled_body,218578,183498,
function_4b8cb4,unchanged_decompiled_body,218587,183507,
function_4b8cc4,unchanged_decompiled_body,218595,183515,
function_4b8d20,unchanged_decompiled_body,218607,183527,
function_4b8d4f,unchanged_decompiled_body,218623,183543,
function_4b8d61,unchanged_decompiled_body,218631,183551,
function_4b8d6e,unchanged_decompiled_body,218638,183558,
function_4b8de5,unchanged_decompiled_body,218689,183609,
function_4b923b,original_short_body,218835,183755,
function_4b9403,unchanged_decompiled_body,218841,183761,
function_4b9589,unchanged_decompiled_body,218848,183768,
function_4b9714,unchanged_decompiled_body,218855,183775,
function_4b9743,original_short_body,218863,183783,
function_4b9795,unchanged_decompiled_body,218869,183789,
function_4b9f6f,unchanged_decompiled_body,218882,183802,
function_4ba421,original_short_body,218901,183821,
function_4ba523,original_short_body,218907,183827,
function_4ba52c,unchanged_decompiled_body,218913,183833,
function_4ba5e1,original_short_body,218925,183845,
function_4badb3,unchanged_decompiled_body,218931,183851,
function_4bb17c,original_short_body,218938,183858,
function_4bb266,unchanged_decompiled_body,218944,183864,
function_4bb518,original_short_body,218951,183871,
function_4bb71d,unchanged_decompiled_body,218963,183883,
function_4bb72c,unchanged_decompiled_body,218976,183896,
function_4bb730,unchanged_decompiled_body,218983,183903,
function_4bbf40,unchanged_decompiled_body,219241,184161,
function_4bbf75,unchanged_decompiled_body,219255,184175,
function_4bbf90,unchanged_decompiled_body,219263,184183,
function_4bc177,unchanged_decompiled_body,219271,184191,
function_4bcadf,unchanged_decompiled_body,219286,184206,
function_4bcae6,unchanged_decompiled_body,219293,184213,
function_4bcd8c,unchanged_decompiled_body,219300,184220,
function_4c1f83,original_short_body,219313,184233,
function_4c205d,unchanged_decompiled_body,219319,184239,
function_4c2086,original_short_body,219326,184246,
function_4c29d8,unchanged_decompiled_body,219332,184252,
function_4c3cd4,unchanged_decompiled_body,219359,184279,
function_4c3d09,unchanged_decompiled_body,219368,184288,
function_4c3d28,unchanged_decompiled_body,219385,184305,
function_4c3d2c,unchanged_decompiled_body,219394,184314,
function_4c3d30,original_short_body,219401,184321,
function_4c3ee0,original_short_body,219407,184327,
function_4c427a,unchanged_decompiled_body,219413,184333,
function_4c4283,unchanged_decompiled_body,219420,184340,
function_4c47f4,original_short_body,219427,184347,
function_4c4a04,original_short_body,219433,184353,
function_4c4b00,original_short_body,219439,184359,
function_4c4b10,original_short_body,219445,184365,
function_4c4b20,original_short_body,219451,184371,
function_4c4b30,original_short_body,219457,184377,
function_4c4c50,unchanged_decompiled_body,219485,184405,
function_4c4c80,unchanged_decompiled_body,219495,184415,
function_4c4cf0,unchanged_decompiled_body,219513,184433,
function_4c4d40,unchanged_decompiled_body,219542,184462,
function_4c4df0,unchanged_decompiled_body,219602,184522,
function_4c4e20,unchanged_decompiled_body,219618,184538,
function_4c4e70,unchanged_decompiled_body,219636,184556,
function_4c4e90,unchanged_decompiled_body,219646,184566,
function_4c4ec0,unchanged_decompiled_body,219663,184583,
function_4c4f40,unchanged_decompiled_body,219700,184620,
function_4c4f60,unchanged_decompiled_body,219713,184633,
function_4c50b0,unchanged_decompiled_body,219813,184733,
function_4c53a0,unchanged_decompiled_body,220025,184945,
function_4c53c0,unchanged_decompiled_body,220036,184956,
function_4c5410,unchanged_decompiled_body,220055,184975,
function_4c5430,original_short_body,220063,184983,
function_4c5450,unchanged_decompiled_body,220069,184989,
function_4c5580,original_short_body,220155,185075,
function_4c55a0,unchanged_decompiled_body,220161,185081,
function_4c55e0,unchanged_decompiled_body,220183,185103,
function_4c56e0,unchanged_decompiled_body,220243,185163,
function_4c5700,unchanged_decompiled_body,220255,185175,
function_4c5730,unchanged_decompiled_body,220267,185187,
function_4c5760,unchanged_decompiled_body,220280,185200,
function_4c5810,unchanged_decompiled_body,220321,185241,
function_4c5910,unchanged_decompiled_body,220398,185318,
function_4c5930,replacement_mapping_unresolved,220404,,
function_4c5bc0,replacement_mapping_unresolved,220721,,
function_4c5c40,replacement_mapping_unresolved,220739,,
function_4c5c80,cpp_address_replacement,220745,,src/squirrel/squirrel_legacy_api.cpp:404
function_4c5cb0,replacement_mapping_unresolved,220753,,
function_4c5e30,replacement_mapping_unresolved,220884,,
function_4c60fc,replacement_mapping_unresolved,221026,,
function_4c6160,replacement_mapping_unresolved,221081,,
function_4c6190,replacement_mapping_unresolved,221121,,
function_4c61f0,replacement_mapping_unresolved,221134,,
function_4c6230,replacement_mapping_unresolved,221144,,
function_4c6280,replacement_mapping_unresolved,221157,,
function_4c6340,replacement_mapping_unresolved,221205,,
function_4c6360,replacement_mapping_unresolved,221212,,
function_4c63d0,replacement_mapping_unresolved,221229,,
function_4c6430,replacement_mapping_unresolved,221242,,
function_4c64d0,replacement_mapping_unresolved,221267,,
function_4c65b0,replacement_mapping_unresolved,221328,,
function_4c65f0,replacement_mapping_unresolved,221336,,
function_4c6650,replacement_mapping_unresolved,221353,,
function_4c6670,cpp_address_replacement,221360,,src/squirrel/squirrel_legacy_api.cpp:400
function_4c6780,replacement_mapping_unresolved,221495,,
function_4c67d0,replacement_mapping_unresolved,221508,,
function_4c67f0,replacement_mapping_unresolved,221515,,
function_4c6820,replacement_mapping_unresolved,221525,,
function_4c6860,replacement_mapping_unresolved,221536,,
function_4c68a0,replacement_mapping_unresolved,221545,,
function_4c68e0,replacement_mapping_unresolved,221556,,
function_4c6920,replacement_mapping_unresolved,221567,,
function_4c6960,replacement_mapping_unresolved,221578,,
function_4c69a0,replacement_mapping_unresolved,221589,,
function_4c69e0,replacement_mapping_unresolved,221600,,
function_4c6a20,replacement_mapping_unresolved,221611,,
function_4c6a60,replacement_mapping_unresolved,221622,,
function_4c6aa0,replacement_mapping_unresolved,221633,,
function_4c6af0,replacement_mapping_unresolved,221646,,
function_4c6b40,replacement_mapping_unresolved,221659,,
function_4c6b90,replacement_mapping_unresolved,221668,,
function_4c6be0,replacement_mapping_unresolved,221677,,
function_4c6c20,cpp_address_replacement,221688,,src/squirrel/squirrel_legacy_api.cpp:396
function_4c6d00,replacement_mapping_unresolved,221791,,
function_4c6d80,replacement_mapping_unresolved,221825,,
function_4c6df0,replacement_mapping_unresolved,221843,,
function_4c6e20,replacement_mapping_unresolved,221853,,
function_4c6e40,replacement_mapping_unresolved,221863,,
function_4c6ec0,replacement_mapping_unresolved,221894,,
function_4c6f40,replacement_mapping_unresolved,221925,,
function_4c6fe0,replacement_mapping_unresolved,221947,,
function_4c7070,replacement_mapping_unresolved,221966,,
function_4c7130,replacement_mapping_unresolved,221996,,
function_4c7150,replacement_mapping_unresolved,222003,,
function_4c7180,replacement_mapping_unresolved,222013,,
function_4c71b0,replacement_mapping_unresolved,222022,,
function_4c71f0,replacement_mapping_unresolved,222033,,
function_4c7230,replacement_mapping_unresolved,222043,,
function_4c7270,replacement_mapping_unresolved,222054,,
function_4c72b0,replacement_mapping_unresolved,222067,,
function_4c72f0,replacement_mapping_unresolved,222079,,
function_4c73a0,cpp_address_replacement,222104,,src/squirrel/squirrel_legacy_api.cpp:392
function_4c73d0,replacement_mapping_unresolved,222112,,
function_4c7430,replacement_mapping_unresolved,222151,,
function_4c7440,replacement_mapping_unresolved,222160,,
function_4c7450,replacement_mapping_unresolved,222170,,
function_4c7490,replacement_mapping_unresolved,222186,,
function_4c74f0,replacement_mapping_unresolved,222222,,
function_4c7540,replacement_mapping_unresolved,222246,,
function_4c7620,replacement_mapping_unresolved,222301,,
function_4c7630,replacement_mapping_unresolved,222307,,
function_4c7640,replacement_mapping_unresolved,222313,,
function_4c7650,replacement_mapping_unresolved,222319,,
function_4c76b0,replacement_mapping_unresolved,222339,,
function_4c76c0,replacement_mapping_unresolved,222345,,
function_4c76d0,replacement_mapping_unresolved,222351,,
function_4c76e0,replacement_mapping_unresolved,222357,,
function_4c7700,replacement_mapping_unresolved,222364,,
function_4c7720,replacement_mapping_unresolved,222370,,
function_4c77c0,replacement_mapping_unresolved,222402,,
function_4c77f0,replacement_mapping_unresolved,222414,,
function_4c7880,replacement_mapping_unresolved,222467,,
function_4c78b0,replacement_mapping_unresolved,222480,,
function_4c78f0,replacement_mapping_unresolved,222492,,
function_4c7920,replacement_mapping_unresolved,222498,,
function_4c7940,replacement_mapping_unresolved,222504,,
function_4c7aa0,replacement_mapping_unresolved,222576,,
function_4c7b10,replacement_mapping_unresolved,222596,,
function_4c7b80,replacement_mapping_unresolved,222608,,
function_4c7be0,replacement_mapping_unresolved,222622,,
function_4c7c20,replacement_mapping_unresolved,222631,,
function_4c7c90,cpp_address_replacement,222646,,src/squirrel/squirrel_legacy_api.cpp:388
function_4c7d50,replacement_mapping_unresolved,222668,,
function_4c7d70,replacement_mapping_unresolved,222677,,
function_4c7d90,replacement_mapping_unresolved,222686,,
function_4c7da0,replacement_mapping_unresolved,222695,,
function_4c7db0,replacement_mapping_unresolved,222704,,
function_4c7df0,replacement_mapping_unresolved,222713,,
function_4c7e10,replacement_mapping_unresolved,222722,,
function_4c7e20,replacement_mapping_unresolved,222731,,
function_4c7e40,replacement_mapping_unresolved,222740,,
function_4c7e90,replacement_mapping_unresolved,222764,,
function_4c7fc0,replacement_mapping_unresolved,222847,,
function_4c8030,replacement_mapping_unresolved,222880,,
function_4c8070,replacement_mapping_unresolved,222924,,
function_4c8110,replacement_mapping_unresolved,222957,,
function_4c8140,replacement_mapping_unresolved,222965,,
function_4c82a0,replacement_mapping_unresolved,222997,,
function_4c83f0,replacement_mapping_unresolved,223024,,
function_4c8460,replacement_mapping_unresolved,223076,,
function_4c8720,replacement_mapping_unresolved,223258,,
function_4c87b0,replacement_mapping_unresolved,223293,,
function_4c8980,replacement_mapping_unresolved,223384,,
function_4c89e0,replacement_mapping_unresolved,223471,,
function_4c8e00,replacement_mapping_unresolved,223837,,
function_4c8e60,replacement_mapping_unresolved,223868,,
function_4c8eb0,replacement_mapping_unresolved,223892,,
function_4c8f40,replacement_mapping_unresolved,224013,,
function_4c8f80,replacement_mapping_unresolved,224024,,
function_4c8f90,replacement_mapping_unresolved,224030,,
function_4c8fd0,replacement_mapping_unresolved,224042,,
function_4c90c0,replacement_mapping_unresolved,224087,,
function_4c91b0,replacement_mapping_unresolved,224120,,
function_4c9400,replacement_mapping_unresolved,224139,,
function_4c94f0,replacement_mapping_unresolved,224192,,
function_4c9684,replacement_mapping_unresolved,224218,,
function_4c9780,replacement_mapping_unresolved,224266,,
function_4c9800,replacement_mapping_unresolved,224283,,
function_4c9880,replacement_mapping_unresolved,224300,,
function_4c9920,replacement_mapping_unresolved,224323,,
function_4c99c0,replacement_mapping_unresolved,224346,,
function_4c9ae0,replacement_mapping_unresolved,224445,,
function_4c9c8c,original_short_body,224669,185744,
function_4c9d80,unchanged_decompiled_body,224675,185750,
function_4c9eef,unchanged_decompiled_body,224687,185762,
function_4ca03f,unchanged_decompiled_body,224756,185831,
function_4ca0a6,original_short_body,224781,185856,
function_4ca0ab,unchanged_decompiled_body,224787,185862,
function_4ca147,original_short_body,224797,185872,
function_4ca151,original_short_body,224803,185878,
function_4ca1ef,unchanged_decompiled_body,224809,185884,
function_4cb70b,unchanged_decompiled_body,225635,186710,
function_4cb740,historical_removal_manifest,225642,,
function_4cb770,historical_removal_manifest,225648,,
function_4cb77b,historical_removal_manifest,225654,,
function_4cb786,historical_removal_manifest,225660,,
function_4cb7b0,historical_removal_manifest,225666,,
function_4cb7e0,replacement_mapping_unresolved,225672,,
function_4cb830,original_short_body,225678,186718,
function_4cb83b,original_short_body,225684,186724,
function_4cb846,historical_removal_manifest,225690,,
function_4cb851,historical_removal_manifest,225696,,
function_4cb85c,historical_removal_manifest,225702,,
function_4cb867,historical_removal_manifest,225708,,
function_4cb872,replacement_mapping_unresolved,225714,,
function_4cb87d,historical_removal_manifest,225720,,
function_4cb8b0,original_short_body,225726,186731,
function_4cb8bb,original_short_body,225732,186737,
function_4cb8c6,historical_removal_manifest,225738,,
function_4cb8d1,historical_removal_manifest,225744,,
function_4cb8dc,historical_removal_manifest,225750,,
function_4cb8e7,replacement_mapping_unresolved,225756,,
function_4cb8f2,replacement_mapping_unresolved,225762,,
function_4cb8fd,historical_removal_manifest,225768,,
function_4cb908,historical_removal_manifest,225774,,
function_4cb930,historical_removal_manifest,225780,,
function_4cb938,historical_removal_manifest,225786,,
function_4cb940,historical_removal_manifest,225792,,
function_4cb948,original_short_body,225798,186744,
function_4cb950,replacement_mapping_unresolved,225804,,
function_4cb958,historical_removal_manifest,225810,,
function_4cb960,historical_removal_manifest,225816,,
function_4cb968,historical_removal_manifest,225822,,
function_4cb970,replacement_mapping_unresolved,225828,,
function_4cb978,historical_removal_manifest,225834,,
function_4cb9a0,historical_removal_manifest,225840,,
function_4cb9d0,original_short_body,225846,186751,
function_4cb9d8,historical_removal_manifest,225852,,
function_4cba00,historical_removal_manifest,225858,,
function_4cba08,historical_removal_manifest,225864,,
function_4cba10,historical_removal_manifest,225870,,
function_4cba40,historical_removal_manifest,225876,,
function_4cba48,historical_removal_manifest,225882,,
function_4cba50,historical_removal_manifest,225888,,
function_4cba58,historical_removal_manifest,225894,,
function_4cba60,historical_removal_manifest,225900,,
function_4cba90,replacement_mapping_unresolved,225906,,
function_4cba98,historical_removal_manifest,225912,,
function_4cbaa0,replacement_mapping_unresolved,225918,,
function_4cbaa8,historical_removal_manifest,225924,,
function_4cbab0,historical_removal_manifest,225930,,
function_4cbae0,historical_removal_manifest,225936,,
function_4cbae8,historical_removal_manifest,225942,,
function_4cbaf0,replacement_mapping_unresolved,225948,,
function_4cbaf8,historical_removal_manifest,225954,,
function_4cbb20,historical_removal_manifest,225960,,
function_4cbb28,historical_removal_manifest,225966,,
function_4cbb30,replacement_mapping_unresolved,225972,,
function_4cbb38,historical_removal_manifest,225978,,
function_4cbb40,replacement_mapping_unresolved,225984,,
function_4cbb48,historical_removal_manifest,225990,,
function_4cbb70,historical_removal_manifest,225996,,
function_4cbba0,historical_removal_manifest,226002,,
function_4cbba8,historical_removal_manifest,226008,,
function_4cbbd0,replacement_mapping_unresolved,226014,,
function_4cbbd8,historical_removal_manifest,226020,,
function_4cbbe0,historical_removal_manifest,226026,,
function_4cbbe8,historical_removal_manifest,226032,,
function_4cbbf0,historical_removal_manifest,226038,,
function_4cbbf8,historical_removal_manifest,226044,,
function_4cbc20,replacement_mapping_unresolved,226050,,
function_4cbc28,replacement_mapping_unresolved,226056,,
function_4cbc50,historical_removal_manifest,226062,,
function_4cbc58,historical_removal_manifest,226068,,
function_4cbc60,historical_removal_manifest,226074,,
function_4cbc90,historical_removal_manifest,226080,,
function_4cbc98,historical_removal_manifest,226086,,
function_4cbca3,historical_removal_manifest,226092,,
function_4cbcae,historical_removal_manifest,226098,,
function_4cbcb9,unchanged_decompiled_body,226104,186758,
function_4cbcf0,original_short_body,226112,186766,
function_4cbd60,original_short_body,226118,186772,
function_4cbd6b,original_short_body,226124,186778,
function_4cbd76,unchanged_decompiled_body,226130,186784,
function_4cbda0,original_short_body,226138,186792,
function_4cbdd0,original_short_body,226144,186798,
function_4cbddb,original_short_body,226150,186804,
function_4cbde6,original_short_body,226156,186810,
function_4cbdf1,original_short_body,226162,186816,
function_4cbdfc,original_short_body,226168,186822,
function_4cbe07,original_short_body,226174,186828,
function_4cbe12,original_short_body,226180,186834,
function_4cbe1d,unchanged_decompiled_body,226186,186840,
function_4cbe50,original_short_body,226194,186848,
function_4cbe80,unchanged_decompiled_body,226200,186854,
function_4cbe8b,unchanged_decompiled_body,226207,186861,
function_4cbec0,historical_removal_manifest,226214,,
function_4cbef0,historical_removal_manifest,226220,,
function_4cbefb,historical_removal_manifest,226226,,
function_4cbf30,historical_removal_manifest,226232,,
function_4cbf38,historical_removal_manifest,226238,,
function_4cbf60,historical_removal_manifest,226244,,
function_4cbf6b,historical_removal_manifest,226250,,
function_4cbf76,replacement_mapping_unresolved,226256,,
function_4cbf7e,historical_removal_manifest,226262,,
function_4cbfb0,historical_removal_manifest,226268,,
function_4cbfb8,replacement_mapping_unresolved,226274,,
function_4cbfc0,historical_removal_manifest,226280,,
function_4cbfc8,historical_removal_manifest,226286,,
function_4cbff0,original_short_body,226292,186869,
function_4cc040,original_short_body,226298,186875,
function_4cc048,original_short_body,226304,186881,
function_4cc070,historical_removal_manifest,226310,,
function_4cc0a0,replacement_mapping_unresolved,226316,,
function_4cc0d0,historical_removal_manifest,226322,,
function_4cc0d8,historical_removal_manifest,226328,,
function_4cc0e0,historical_removal_manifest,226334,,
function_4cc0e8,replacement_mapping_unresolved,226340,,
function_4cc0f0,historical_removal_manifest,226346,,
function_4cc0f8,replacement_mapping_unresolved,226352,,
function_4cc100,historical_removal_manifest,226358,,
function_4cc130,historical_removal_manifest,226364,,
function_4cc138,historical_removal_manifest,226370,,
function_4cc140,historical_removal_manifest,226376,,
function_4cc148,historical_removal_manifest,226382,,
function_4cc180,historical_removal_manifest,226397,,
function_4cc1b0,historical_removal_manifest,226403,,
function_4cc1b8,historical_removal_manifest,226409,,
function_4cc1c0,historical_removal_manifest,226415,,
function_4cc1f0,original_short_body,226421,186888,
function_4cc1f8,original_short_body,226427,186894,
function_4cc203,original_short_body,226433,186900,
function_4cc20e,original_short_body,226439,186906,
function_4cc240,original_short_body,226445,186912,
function_4cc248,original_short_body,226451,186918,
function_4cc253,original_short_body,226457,186924,
function_4cc25e,original_short_body,226463,186930,
function_4cc269,original_short_body,226469,186936,
function_4cc290,original_short_body,226475,186942,
function_4cc2c0,original_short_body,226481,186948,
function_4cc2c8,unchanged_decompiled_body,226487,186954,
function_4cc2d3,original_short_body,226494,186961,
function_4cc300,original_short_body,226500,186967,
function_4cc330,historical_removal_manifest,226506,,
function_4cc338,original_short_body,226512,186974,
function_4cc343,original_short_body,226518,186980,
function_4cc351,original_short_body,226524,186986,
function_4cc359,original_short_body,226530,186992,
function_4cc390,historical_removal_manifest,226536,,
function_4cc398,original_short_body,226542,186999,
function_4cc3a3,original_short_body,226548,187005,
function_4cc3d0,original_short_body,226554,187011,
function_4cc3db,original_short_body,226560,187017,
function_4cc3e6,original_short_body,226566,187023,
function_4cc410,original_short_body,226572,187029,
function_4cc41b,unchanged_decompiled_body,226578,187035,
function_4cc426,original_short_body,226585,187042,
function_4cc42e,original_short_body,226591,187048,
function_4cc439,original_short_body,226597,187054,
function_4cc444,original_short_body,226603,187060,
function_4cc44f,original_short_body,226609,187066,
function_4cc45a,original_short_body,226615,187072,
function_4cc465,original_short_body,226621,187078,
function_4cc490,original_short_body,226627,187084,
function_4cc498,original_short_body,226633,187090,
function_4cc4a3,original_short_body,226639,187096,
function_4cc4ae,original_short_body,226645,187102,
function_4cc4b9,original_short_body,226651,187108,
function_4cc4c1,original_short_body,226657,187114,
function_4cc4c9,original_short_body,226663,187120,
function_4cc4f0,historical_removal_manifest,226669,,
function_4cc4fa,historical_removal_manifest,226675,,
function_4cc520,historical_removal_manifest,226681,,
function_4cc550,original_short_body,226687,187127,
function_4cc5b0,historical_removal_manifest,226693,,
function_4cc630,historical_removal_manifest,226708,,
function_4cc638,replacement_mapping_unresolved,226714,,
function_4cc640,historical_removal_manifest,226720,,
function_4cc648,historical_removal_manifest,226726,,
function_4cc650,historical_removal_manifest,226732,,
function_4cc680,historical_removal_manifest,226738,,
function_4cc68b,unchanged_decompiled_body,226744,187134,
function_4cc6c0,historical_removal_manifest,226752,,
function_4cc6c8,original_short_body,226758,187143,
function_4cc6f0,historical_removal_manifest,226764,,
function_4cc720,unchanged_decompiled_body,226770,187150,
function_4cc72b,unchanged_decompiled_body,226777,187157,
function_4cc736,historical_removal_manifest,226784,,
function_4cc73e,historical_removal_manifest,226790,,
function_4cc746,historical_removal_manifest,226796,,
function_4cc74e,historical_removal_manifest,226802,,
function_4cc756,historical_removal_manifest,226808,,
function_4cc780,replacement_mapping_unresolved,226814,,
function_4cc788,historical_removal_manifest,226820,,
function_4cc790,historical_removal_manifest,226826,,
function_4cc798,historical_removal_manifest,226832,,
function_4cc7c0,historical_removal_manifest,226838,,
function_4cc7c8,historical_removal_manifest,226844,,
function_4cc7d0,historical_removal_manifest,226850,,
function_4cc7d8,replacement_mapping_unresolved,226856,,
function_4cc7e0,historical_removal_manifest,226862,,
function_4cc830,unchanged_decompiled_body,226868,187165,
function_4cc838,original_short_body,226875,187172,
function_4cc840,unchanged_decompiled_body,226881,187178,
function_4cc870,original_short_body,226889,187186,
function_4cc8a0,historical_removal_manifest,226895,,
function_4cc8a8,historical_removal_manifest,226901,,
function_4cc8d0,historical_removal_manifest,226907,,
function_4cc8d8,historical_removal_manifest,226913,,
function_4cc8e0,unchanged_decompiled_body,226919,187193,
function_4cc910,historical_removal_manifest,226927,,
function_4cc940,historical_removal_manifest,226933,,
function_4cc948,historical_removal_manifest,226939,,
function_4cc970,historical_removal_manifest,226945,,
function_4cc978,historical_removal_manifest,226951,,
function_4cc980,historical_removal_manifest,226957,,
function_4cc9b0,original_short_body,226963,187202,
function_4cc9b8,historical_removal_manifest,226969,,
function_4cc9e0,historical_removal_manifest,226975,,
function_4cca10,historical_removal_manifest,226981,,
function_4cca18,original_short_body,226987,187209,
function_4cca20,historical_removal_manifest,226993,,
function_4cca28,original_short_body,226999,187216,
function_4cca30,historical_removal_manifest,227005,,
function_4cca38,historical_removal_manifest,227011,,
function_4cca43,historical_removal_manifest,227017,,
function_4cca4e,historical_removal_manifest,227023,,
function_4cca56,historical_removal_manifest,227029,,
function_4cca61,historical_removal_manifest,227035,,
function_4cca6c,historical_removal_manifest,227041,,
function_4cca74,unchanged_decompiled_body,227047,187223,
function_4ccaa0,historical_removal_manifest,227055,,
function_4ccaa8,historical_removal_manifest,227061,,
function_4ccab0,historical_removal_manifest,227067,,
function_4ccab8,historical_removal_manifest,227073,,
function_4ccac0,original_short_body,227079,187232,
function_4ccaf0,historical_removal_manifest,227085,,
function_4ccaf8,original_short_body,227091,187239,
function_4ccb03,original_short_body,227097,187245,
function_4ccb0e,unchanged_decompiled_body,227103,187251,
function_4ccb40,historical_removal_manifest,227111,,
function_4ccb48,original_short_body,227117,187260,
function_4ccb53,original_short_body,227123,187266,
function_4ccb5e,unchanged_decompiled_body,227129,187272,
function_4ccb90,original_short_body,227137,187280,
function_4ccb98,historical_removal_manifest,227143,,
function_4ccba0,historical_removal_manifest,227149,,
function_4ccba8,historical_removal_manifest,227155,,
function_4ccbb0,historical_removal_manifest,227161,,
function_4ccbb8,historical_removal_manifest,227167,,
function_4ccbc0,historical_removal_manifest,227173,,
function_4ccbc8,historical_removal_manifest,227179,,
function_4ccbd0,historical_removal_manifest,227185,,
function_4ccc00,simplified_fragment_candidate,227191,187287,
function_4ccc08,historical_removal_manifest,227197,,
function_4ccc13,historical_removal_manifest,227203,,
function_4ccc1e,simplified_fragment_candidate,227209,187294,
function_4ccc29,simplified_fragment_candidate,227215,187300,
function_4ccc34,historical_removal_manifest,227221,,
function_4ccc60,simplified_fragment_candidate,227227,187307,
function_4ccc68,historical_removal_manifest,227233,,
function_4ccc73,historical_removal_manifest,227239,,
function_4ccc7e,simplified_fragment_candidate,227245,187314,
function_4ccc89,simplified_fragment_candidate,227251,187320,
function_4cccb0,simplified_fragment_candidate,227257,187326,
function_4cccb8,simplified_fragment_candidate,227263,187332,
function_4cccc3,simplified_fragment_candidate,227269,187338,
function_4cccce,historical_removal_manifest,227275,,
function_4cccd9,historical_removal_manifest,227281,,
function_4ccd00,original_short_body,227287,187345,
function_4ccd11,simplified_fragment_candidate,227293,187351,
function_4ccd40,simplified_fragment_candidate,227299,187357,
function_4ccd70,simplified_fragment_candidate,227305,187363,
function_4ccd78,simplified_fragment_candidate,227311,187369,
function_4ccd83,historical_removal_manifest,227317,,
function_4ccdb0,simplified_fragment_candidate,227323,187376,
function_4ccdb8,simplified_fragment_candidate,227329,187382,
function_4ccde0,original_short_body,227335,187388,
function_4cce10,historical_removal_manifest,227341,,
function_4cce40,historical_removal_manifest,227347,,
function_4cce70,historical_removal_manifest,227353,,
function_4ccea0,historical_removal_manifest,227359,,
function_4ccea8,historical_removal_manifest,227365,,
function_4cceb0,historical_removal_manifest,227371,,
function_4cceb8,historical_removal_manifest,227377,,
function_4ccec0,historical_removal_manifest,227383,,
function_4ccec8,simplified_fragment_candidate,227389,187395,
function_4cced0,historical_removal_manifest,227395,,
function_4cced8,historical_removal_manifest,227401,,
function_4ccf00,simplified_fragment_candidate,227407,187402,
function_4ccf30,historical_removal_manifest,227413,,
function_4ccf60,simplified_fragment_candidate,227419,187409,
function_4ccf68,historical_removal_manifest,227425,,
function_4ccf90,historical_removal_manifest,227431,,
function_4ccfc0,historical_removal_manifest,227437,,
function_4ccff0,historical_removal_manifest,227443,,
function_4cd009,historical_removal_manifest,227458,,
function_4cd022,historical_removal_manifest,227473,,
function_4cd03b,historical_removal_manifest,227488,,
function_4cd070,simplified_fragment_candidate,227503,187416,
function_4cd078,historical_removal_manifest,227509,,
function_4cd083,simplified_fragment_candidate,227515,187423,
function_4cd08e,simplified_fragment_candidate,227521,187429,
function_4cd099,simplified_fragment_candidate,227527,187435,
function_4cd0a4,simplified_fragment_candidate,227533,187441,
function_4cd0af,historical_removal_manifest,227539,,
function_4cd0e0,simplified_fragment_candidate,227545,187448,
function_4cd0e8,historical_removal_manifest,227551,,
function_4cd0f3,simplified_fragment_candidate,227557,187455,
function_4cd0fe,simplified_fragment_candidate,227563,187461,
function_4cd109,simplified_fragment_candidate,227569,187467,
function_4cd114,simplified_fragment_candidate,227575,187473,
function_4cd140,original_short_body,227581,187479,
function_4cd170,simplified_fragment_candidate,227587,187485,
function_4cd1a0,simplified_fragment_candidate,227593,187491,
function_4cd1a8,simplified_fragment_candidate,227599,187497,
function_4cd1b3,simplified_fragment_candidate,227605,187503,
function_4cd1be,historical_removal_manifest,227611,,
function_4cd1c9,historical_removal_manifest,227617,,
function_4cd1d4,historical_removal_manifest,227623,,
function_4cd1df,historical_removal_manifest,227629,,
function_4cd1ea,historical_removal_manifest,227635,,
function_4cd1f5,simplified_fragment_candidate,227641,187510,
function_4cd200,simplified_fragment_candidate,227647,187516,
function_4cd230,historical_removal_manifest,227653,,
function_4cd238,historical_removal_manifest,227659,,
function_4cd240,historical_removal_manifest,227665,,
function_4cd270,historical_removal_manifest,227671,,
function_4cd278,simplified_fragment_candidate,227677,187523,
function_4cd280,original_short_body,227683,187529,
function_4cd291,historical_removal_manifest,227689,,
function_4cd2c0,historical_removal_manifest,227695,,
function_4cd2c8,original_short_body,227701,187536,
function_4cd2d9,historical_removal_manifest,227707,,
function_4cd2e1,historical_removal_manifest,227713,,
function_4cd310,historical_removal_manifest,227719,,
function_4cd318,simplified_fragment_candidate,227725,187543,
function_4cd320,historical_removal_manifest,227731,,
function_4cd350,historical_removal_manifest,227737,,
function_4cd358,historical_removal_manifest,227743,,
function_4cd360,historical_removal_manifest,227749,,
function_4cd390,historical_removal_manifest,227755,,
function_4cd398,historical_removal_manifest,227761,,
function_4cd3a0,historical_removal_manifest,227767,,
function_4cd3d0,simplified_fragment_candidate,227773,187550,
function_4cd3d8,historical_removal_manifest,227779,,
function_4cd3e0,historical_removal_manifest,227785,,
function_4cd410,historical_removal_manifest,227791,,
function_4cd418,historical_removal_manifest,227797,,
function_4cd420,historical_removal_manifest,227803,,
function_4cd428,historical_removal_manifest,227809,,
function_4cd430,original_short_body,227815,187557,
function_4cd441,historical_removal_manifest,227821,,
function_4cd470,historical_removal_manifest,227827,,
function_4cd478,historical_removal_manifest,227833,,
function_4cd480,historical_removal_manifest,227839,,
function_4cd4b0,historical_removal_manifest,227845,,
function_4cd4e0,original_short_body,227851,187564,
function_4cd4f1,historical_removal_manifest,227857,,
function_4cd520,simplified_fragment_candidate,227863,187571,
function_4cd528,historical_removal_manifest,227869,,
function_4cd530,historical_removal_manifest,227875,,
function_4cd538,historical_removal_manifest,227881,,
function_4cd540,original_short_body,227887,187578,
function_4cd551,historical_removal_manifest,227893,,
function_4cd55c,original_short_body,227899,187585,
function_4cd56d,historical_removal_manifest,227905,,
function_4cd578,historical_removal_manifest,227911,,
function_4cd580,historical_removal_manifest,227917,,
function_4cd588,historical_removal_manifest,227923,,
function_4cd590,historical_removal_manifest,227929,,
function_4cd598,historical_removal_manifest,227935,,
function_4cd5a0,historical_removal_manifest,227941,,
function_4cd5a8,historical_removal_manifest,227947,,
function_4cd5b0,historical_removal_manifest,227953,,
function_4cd5b8,historical_removal_manifest,227959,,
function_4cd5e0,historical_removal_manifest,227965,,
function_4cd5e8,historical_removal_manifest,227971,,
function_4cd610,simplified_fragment_candidate,227977,187592,
function_4cd640,historical_removal_manifest,227983,,
function_4cd670,simplified_fragment_candidate,227989,187599,
function_4cd678,historical_removal_manifest,227995,,
function_4cd6a0,original_short_body,228001,187606,
function_4cd6b1,historical_removal_manifest,228007,,
function_4cd6b9,historical_removal_manifest,228013,,
function_4cd6c1,historical_removal_manifest,228019,,
function_4cd6f0,historical_removal_manifest,228025,,
function_4cd6f8,historical_removal_manifest,228031,,
function_4cd720,historical_removal_manifest,228037,,
function_4cd750,historical_removal_manifest,228043,,
function_4cd780,simplified_fragment_candidate,228049,187613,
function_4cd788,unchanged_decompiled_body,228055,187619,
function_4cd7c0,simplified_fragment_candidate,228063,187627,
function_4cd7c8,unchanged_decompiled_body,228069,187633,
function_4cd800,simplified_fragment_candidate,228077,187641,
function_4cd808,unchanged_decompiled_body,228083,187647,
function_4cd840,original_short_body,228091,187655,
function_4cd85c,historical_removal_manifest,228097,,
function_4cd880,simplified_fragment_candidate,228103,187662,
function_4cd888,historical_removal_manifest,228109,,
function_4cd890,simplified_fragment_candidate,228115,187669,
function_4cd898,historical_removal_manifest,228121,,
function_4cd8a0,historical_removal_manifest,228127,,
function_4cd8d0,simplified_fragment_candidate,228133,187676,
function_4cd8d8,simplified_fragment_candidate,228139,187682,
function_4cd8e3,simplified_fragment_candidate,228145,187688,
function_4cd8ee,simplified_fragment_candidate,228151,187694,
function_4cd8f9,historical_removal_manifest,228157,,
function_4cd920,historical_removal_manifest,228163,,
function_4cd928,simplified_fragment_candidate,228169,187701,
function_4cd930,historical_removal_manifest,228175,,
function_4cd938,simplified_fragment_candidate,228181,187708,
function_4cd940,historical_removal_manifest,228187,,
function_4cd970,original_short_body,228193,187715,
function_4cd9a0,simplified_fragment_candidate,228199,187721,
function_4cd9a8,historical_removal_manifest,228205,,
function_4cd9b0,original_short_body,228211,187728,
function_4cd9f0,simplified_fragment_candidate,228217,187734,
function_4cd9f8,simplified_fragment_candidate,228223,187740,
function_4cda03,simplified_fragment_candidate,228229,187746,
function_4cda0e,simplified_fragment_candidate,228235,187752,
function_4cda19,historical_removal_manifest,228241,,
function_4cda24,historical_removal_manifest,228247,,
function_4cda2c,original_short_body,228253,187759,
function_4cda60,historical_removal_manifest,228259,,
function_4cda90,historical_removal_manifest,228265,,
function_4cda98,historical_removal_manifest,228271,,
function_4cdaa0,historical_removal_manifest,228277,,
function_4cdad0,historical_removal_manifest,228283,,
function_4cdb00,original_short_body,228289,187766,
function_4cdb11,historical_removal_manifest,228295,,
function_4cdb19,historical_removal_manifest,228301,,
function_4cdb21,historical_removal_manifest,228307,,
function_4cdb50,original_short_body,228313,187773,
function_4cdb64,original_short_body,228319,187779,
function_4cdb75,historical_removal_manifest,228325,,
function_4cdb7d,historical_removal_manifest,228331,,
function_4cdb85,historical_removal_manifest,228337,,
function_4cdb8d,historical_removal_manifest,228343,,
function_4cdb95,historical_removal_manifest,228349,,
function_4cdb9d,historical_removal_manifest,228355,,
function_4cdba5,historical_removal_manifest,228361,,
function_4cdbad,historical_removal_manifest,228367,,
function_4cdbb5,historical_removal_manifest,228373,,
function_4cdbbd,historical_removal_manifest,228379,,
function_4cdbc5,historical_removal_manifest,228385,,
function_4cdbcd,historical_removal_manifest,228391,,
function_4cdbd5,historical_removal_manifest,228397,,
function_4cdbdd,historical_removal_manifest,228403,,
function_4cdbe5,historical_removal_manifest,228409,,
function_4cdbed,historical_removal_manifest,228415,,
function_4cdbf5,historical_removal_manifest,228421,,
function_4cdbfd,historical_removal_manifest,228427,,
function_4cdc05,historical_removal_manifest,228433,,
function_4cdc0d,historical_removal_manifest,228439,,
function_4cdc15,historical_removal_manifest,228445,,
function_4cdc1d,historical_removal_manifest,228451,,
function_4cdc25,historical_removal_manifest,228457,,
function_4cdc2d,historical_removal_manifest,228463,,
function_4cdc35,historical_removal_manifest,228469,,
function_4cdc3d,historical_removal_manifest,228475,,
function_4cdc45,historical_removal_manifest,228481,,
function_4cdc4d,historical_removal_manifest,228487,,
function_4cdc55,historical_removal_manifest,228493,,
function_4cdc5d,historical_removal_manifest,228499,,
function_4cdc65,historical_removal_manifest,228505,,
function_4cdc6d,historical_removal_manifest,228511,,
function_4cdc75,historical_removal_manifest,228517,,
function_4cdc7d,historical_removal_manifest,228523,,
function_4cdc85,historical_removal_manifest,228529,,
function_4cdc8d,historical_removal_manifest,228535,,
function_4cdc95,historical_removal_manifest,228541,,
function_4cdc9d,historical_removal_manifest,228547,,
function_4cdca5,historical_removal_manifest,228553,,
function_4cdcad,historical_removal_manifest,228559,,
function_4cdcb5,historical_removal_manifest,228565,,
function_4cdcbd,historical_removal_manifest,228571,,
function_4cdcc5,historical_removal_manifest,228577,,
function_4cdccd,historical_removal_manifest,228583,,
function_4cdcd5,historical_removal_manifest,228589,,
function_4cdcdd,historical_removal_manifest,228595,,
function_4cdce5,historical_removal_manifest,228601,,
function_4cdced,historical_removal_manifest,228607,,
function_4cdcf5,historical_removal_manifest,228613,,
function_4cdcfd,historical_removal_manifest,228619,,
function_4cdd05,historical_removal_manifest,228625,,
function_4cdd0d,historical_removal_manifest,228631,,
function_4cdd15,historical_removal_manifest,228637,,
function_4cdd1d,original_short_body,228643,187786,
function_4cdd2e,historical_removal_manifest,228649,,
function_4cdd36,original_short_body,228655,187793,
function_4cdd47,historical_removal_manifest,228661,,
function_4cdd4f,historical_removal_manifest,228667,,
function_4cdd57,historical_removal_manifest,228673,,
function_4cdd5f,historical_removal_manifest,228679,,
function_4cdd67,historical_removal_manifest,228685,,
function_4cdd6f,historical_removal_manifest,228691,,
function_4cdd77,historical_removal_manifest,228697,,
function_4cdd7f,historical_removal_manifest,228703,,
function_4cdd87,historical_removal_manifest,228709,,
function_4cdd8f,historical_removal_manifest,228715,,
function_4cdd97,historical_removal_manifest,228721,,
function_4cddc0,historical_removal_manifest,228727,,
function_4cddcb,simplified_fragment_candidate,228733,187800,
function_4cddd6,historical_removal_manifest,228739,,
function_4cdde1,historical_removal_manifest,228745,,
function_4cddec,historical_removal_manifest,228751,,
function_4cddf7,historical_removal_manifest,228757,,
function_4cde02,historical_removal_manifest,228763,,
function_4cde0d,historical_removal_manifest,228769,,
function_4cde18,historical_removal_manifest,228775,,
function_4cde23,historical_removal_manifest,228781,,
function_4cde2e,historical_removal_manifest,228787,,
function_4cde39,historical_removal_manifest,228793,,
function_4cde44,historical_removal_manifest,228799,,
function_4cde52,historical_removal_manifest,228805,,
function_4cde60,historical_removal_manifest,228811,,
function_4cde6e,historical_removal_manifest,228817,,
function_4cdea0,historical_removal_manifest,228823,,
function_4cdea8,historical_removal_manifest,228829,,
function_4cdeb0,historical_removal_manifest,228835,,
function_4cdee0,historical_removal_manifest,228841,,
function_4cdee8,historical_removal_manifest,228847,,
function_4cdef0,historical_removal_manifest,228853,,
function_4cdef8,historical_removal_manifest,228859,,
function_4cdf00,historical_removal_manifest,228865,,
function_4cdf30,historical_removal_manifest,228871,,
function_4cdf3b,simplified_fragment_candidate,228877,187807,
function_4cdf70,historical_removal_manifest,228883,,
function_4cdf7b,simplified_fragment_candidate,228889,187814,
function_4cdf86,simplified_fragment_candidate,228895,187820,
function_4cdf91,historical_removal_manifest,228901,,
function_4cdfc0,historical_removal_manifest,228907,,
function_4cdff0,historical_removal_manifest,228913,,
function_4cdff8,historical_removal_manifest,228919,,
function_4ce020,simplified_fragment_candidate,228925,187827,
function_4ce050,historical_removal_manifest,228931,,
function_4ce058,historical_removal_manifest,228937,,
function_4ce080,simplified_fragment_candidate,228943,187834,
function_4ce08b,historical_removal_manifest,228949,,
function_4ce093,historical_removal_manifest,228955,,
function_4ce09b,historical_removal_manifest,228961,,
function_4ce0a3,unchanged_decompiled_body,228967,187841,
function_4ce0d0,simplified_fragment_candidate,228974,187848,
function_4ce0db,historical_removal_manifest,228980,,
function_4ce0e6,simplified_fragment_candidate,228986,187855,
function_4ce0f1,unchanged_decompiled_body,228992,187861,
function_4ce120,historical_removal_manifest,229000,,
function_4ce128,historical_removal_manifest,229006,,
function_4ce130,historical_removal_manifest,229012,,
function_4ce138,historical_removal_manifest,229018,,
function_4ce160,historical_removal_manifest,229024,,
function_4ce168,historical_removal_manifest,229030,,
function_4ce190,historical_removal_manifest,229036,,
function_4ce1c0,historical_removal_manifest,229042,,
function_4ce1c8,historical_removal_manifest,229048,,
function_4ce1d0,historical_removal_manifest,229054,,
function_4ce200,historical_removal_manifest,229060,,
function_4ce208,historical_removal_manifest,229066,,
function_4ce230,historical_removal_manifest,229072,,
function_4ce238,historical_removal_manifest,229078,,
function_4ce240,historical_removal_manifest,229084,,
function_4ce270,original_short_body,229090,187870,
function_4ce281,original_short_body,229096,187876,
function_4ce292,historical_removal_manifest,229102,,
function_4ce29a,historical_removal_manifest,229108,,
function_4ce2a2,historical_removal_manifest,229114,,
function_4ce2aa,historical_removal_manifest,229120,,
function_4ce2b2,historical_removal_manifest,229126,,
function_4ce2ba,historical_removal_manifest,229132,,
function_4ce2c2,historical_removal_manifest,229138,,
function_4ce2ca,historical_removal_manifest,229144,,
function_4ce2d2,historical_removal_manifest,229150,,
function_4ce2da,historical_removal_manifest,229156,,
function_4ce2e2,historical_removal_manifest,229162,,
function_4ce2ea,historical_removal_manifest,229168,,
function_4ce2f2,historical_removal_manifest,229174,,
function_4ce2fa,historical_removal_manifest,229180,,
function_4ce302,historical_removal_manifest,229186,,
function_4ce30a,historical_removal_manifest,229192,,
function_4ce312,original_short_body,229198,187883,
function_4ce323,historical_removal_manifest,229204,,
function_4ce32b,historical_removal_manifest,229210,,
function_4ce333,historical_removal_manifest,229216,,
function_4ce360,original_short_body,229222,187890,
function_4ce371,original_short_body,229228,187896,
function_4ce382,historical_removal_manifest,229234,,
function_4ce3b0,historical_removal_manifest,229240,,
function_4ce3bb,historical_removal_manifest,229246,,
function_4ce3f0,historical_removal_manifest,229252,,
function_4ce3f8,historical_removal_manifest,229258,,
function_4ce400,historical_removal_manifest,229264,,
function_4ce430,historical_removal_manifest,229270,,
function_4ce438,historical_removal_manifest,229276,,
function_4ce460,historical_removal_manifest,229282,,
function_4ce468,historical_removal_manifest,229288,,
function_4ce490,original_short_body,229294,187903,
function_4ce4a1,historical_removal_manifest,229300,,
function_4ce4a9,historical_removal_manifest,229306,,
function_4ce4d0,historical_removal_manifest,229312,,
function_4ce4d8,historical_removal_manifest,229318,,
function_4ce4e0,historical_removal_manifest,229324,,
function_4ce510,original_short_body,229330,187910,
function_4ce521,historical_removal_manifest,229336,,
function_4ce550,original_short_body,229342,187917,
function_4ce580,simplified_fragment_candidate,229348,187923,
function_4ce58b,simplified_fragment_candidate,229354,187929,
function_4ce596,simplified_fragment_candidate,229360,187935,
function_4ce5a1,simplified_fragment_candidate,229366,187941,
function_4ce5ac,simplified_fragment_candidate,229372,187947,
function_4ce5b7,simplified_fragment_candidate,229378,187953,
function_4ce5c2,simplified_fragment_candidate,229384,187959,
function_4ce5cd,simplified_fragment_candidate,229390,187965,
function_4ce5d8,simplified_fragment_candidate,229396,187971,
function_4ce5e3,historical_removal_manifest,229402,,
function_4ce5ee,historical_removal_manifest,229408,,
function_4ce5fc,historical_removal_manifest,229414,,
function_4ce60a,historical_removal_manifest,229420,,
function_4ce618,simplified_fragment_candidate,229426,187978,
function_4ce626,simplified_fragment_candidate,229432,187984,
function_4ce634,simplified_fragment_candidate,229438,187990,
function_4ce642,simplified_fragment_candidate,229444,187996,
function_4ce650,simplified_fragment_candidate,229450,188002,
function_4ce65e,original_short_body,229456,188008,
function_4ce66f,historical_removal_manifest,229462,,
function_4ce677,original_short_body,229468,188015,
function_4ce688,historical_removal_manifest,229474,,
function_4ce6b0,historical_removal_manifest,229480,,
function_4ce6e0,historical_removal_manifest,229486,,
function_4ce6e8,historical_removal_manifest,229492,,
function_4ce710,historical_removal_manifest,229498,,
function_4ce718,historical_removal_manifest,229504,,
function_4ce740,historical_removal_manifest,229510,,
function_4ce770,historical_removal_manifest,229516,,
function_4ce778,historical_removal_manifest,229522,,
function_4ce780,simplified_fragment_candidate,229528,188022,
function_4ce788,historical_removal_manifest,229534,,
function_4ce790,historical_removal_manifest,229540,,
function_4ce798,simplified_fragment_candidate,229546,188029,
function_4ce7a0,historical_removal_manifest,229552,,
function_4ce7a8,historical_removal_manifest,229558,,
function_4ce7b0,simplified_fragment_candidate,229564,188036,
function_4ce7b8,historical_removal_manifest,229570,,
function_4ce7e0,simplified_fragment_candidate,229576,188043,
function_4ce7eb,simplified_fragment_candidate,229582,188049,
function_4ce7f6,simplified_fragment_candidate,229588,188055,
function_4ce801,simplified_fragment_candidate,229594,188061,
function_4ce80c,simplified_fragment_candidate,229600,188067,
function_4ce817,simplified_fragment_candidate,229606,188073,
function_4ce822,simplified_fragment_candidate,229612,188079,
function_4ce82d,simplified_fragment_candidate,229618,188085,
function_4ce838,simplified_fragment_candidate,229624,188091,
function_4ce843,historical_removal_manifest,229630,,
function_4ce84e,historical_removal_manifest,229636,,
function_4ce85c,historical_removal_manifest,229642,,
function_4ce86a,historical_removal_manifest,229648,,
function_4ce878,simplified_fragment_candidate,229654,188098,
function_4ce886,simplified_fragment_candidate,229660,188104,
function_4ce894,simplified_fragment_candidate,229666,188110,
function_4ce8a2,simplified_fragment_candidate,229672,188116,
function_4ce8b0,simplified_fragment_candidate,229678,188122,
function_4ce8e0,historical_removal_manifest,229684,,
function_4ce8e8,historical_removal_manifest,229690,,
function_4ce8f0,historical_removal_manifest,229696,,
function_4ce920,simplified_fragment_candidate,229702,188129,
function_4ce950,original_short_body,229708,188135,
function_4ce961,historical_removal_manifest,229714,,
function_4ce969,historical_removal_manifest,229720,,
function_4ce971,historical_removal_manifest,229726,,
function_4ce979,historical_removal_manifest,229732,,
function_4ce981,historical_removal_manifest,229738,,
function_4ce989,historical_removal_manifest,229744,,
function_4ce991,historical_removal_manifest,229750,,
function_4ce999,historical_removal_manifest,229756,,
function_4ce9a1,historical_removal_manifest,229762,,
function_4ce9a9,historical_removal_manifest,229768,,
function_4ce9b1,historical_removal_manifest,229774,,
function_4ce9b9,historical_removal_manifest,229780,,
function_4ce9c1,historical_removal_manifest,229786,,
function_4ce9c9,historical_removal_manifest,229792,,
function_4ce9d1,historical_removal_manifest,229798,,
function_4ce9d9,historical_removal_manifest,229804,,
function_4ce9e1,historical_removal_manifest,229810,,
function_4ce9e9,historical_removal_manifest,229816,,
function_4ce9f1,historical_removal_manifest,229822,,
function_4ce9f9,historical_removal_manifest,229828,,
function_4cea01,historical_removal_manifest,229834,,
function_4cea09,historical_removal_manifest,229840,,
function_4cea11,historical_removal_manifest,229846,,
function_4cea19,historical_removal_manifest,229852,,
function_4cea21,historical_removal_manifest,229858,,
function_4cea29,historical_removal_manifest,229864,,
function_4cea31,historical_removal_manifest,229870,,
function_4cea39,historical_removal_manifest,229876,,
function_4cea41,historical_removal_manifest,229882,,
function_4cea49,historical_removal_manifest,229888,,
function_4cea51,historical_removal_manifest,229894,,
function_4cea59,historical_removal_manifest,229900,,
function_4cea61,historical_removal_manifest,229906,,
function_4cea69,historical_removal_manifest,229912,,
function_4cea71,historical_removal_manifest,229918,,
function_4cea79,historical_removal_manifest,229924,,
function_4cea81,historical_removal_manifest,229930,,
function_4cea89,historical_removal_manifest,229936,,
function_4cea91,historical_removal_manifest,229942,,
function_4cea99,historical_removal_manifest,229948,,
function_4ceaa1,historical_removal_manifest,229954,,
function_4ceaa9,historical_removal_manifest,229960,,
function_4ceab1,historical_removal_manifest,229966,,
function_4ceab9,historical_removal_manifest,229972,,
function_4ceac1,historical_removal_manifest,229978,,
function_4ceac9,historical_removal_manifest,229984,,
function_4cead1,historical_removal_manifest,229990,,
function_4cead9,historical_removal_manifest,229996,,
function_4ceae1,historical_removal_manifest,230002,,
function_4ceae9,historical_removal_manifest,230008,,
function_4ceaf1,historical_removal_manifest,230014,,
function_4ceaf9,historical_removal_manifest,230020,,
function_4ceb01,historical_removal_manifest,230026,,
function_4ceb09,historical_removal_manifest,230032,,
function_4ceb11,historical_removal_manifest,230038,,
function_4ceb19,historical_removal_manifest,230044,,
function_4ceb21,historical_removal_manifest,230050,,
function_4ceb29,historical_removal_manifest,230056,,
function_4ceb31,historical_removal_manifest,230062,,
function_4ceb39,historical_removal_manifest,230068,,
function_4ceb41,historical_removal_manifest,230074,,
function_4ceb49,historical_removal_manifest,230080,,
function_4ceb51,historical_removal_manifest,230086,,
function_4ceb59,historical_removal_manifest,230092,,
function_4ceb61,historical_removal_manifest,230098,,
function_4ceb69,historical_removal_manifest,230104,,
function_4ceb71,historical_removal_manifest,230110,,
function_4ceb79,historical_removal_manifest,230116,,
function_4ceb81,historical_removal_manifest,230122,,
function_4ceb89,historical_removal_manifest,230128,,
function_4ceb91,historical_removal_manifest,230134,,
function_4ceb99,historical_removal_manifest,230140,,
function_4ceba1,historical_removal_manifest,230146,,
function_4ceba9,historical_removal_manifest,230152,,
function_4cebb1,historical_removal_manifest,230158,,
function_4cebb9,historical_removal_manifest,230164,,
function_4cebe0,unchanged_decompiled_body,230170,188142,
function_4cec10,historical_removal_manifest,230177,,
function_4cec50,historical_removal_manifest,230192,,
function_4cec90,historical_removal_manifest,230207,,
function_4cecd0,historical_removal_manifest,230222,,
function_4ced10,historical_removal_manifest,230237,,
function_4ced40,historical_removal_manifest,230243,,
function_4ced4b,unchanged_decompiled_body,230249,188150,
function_4ced80,historical_removal_manifest,230257,,
function_4ced8b,historical_removal_manifest,230263,,
function_4ced96,unchanged_decompiled_body,230269,188159,
function_4cedc0,historical_removal_manifest,230277,,
function_4cedc8,historical_removal_manifest,230283,,
function_4cedd0,historical_removal_manifest,230289,,
function_4cee00,historical_removal_manifest,230295,,
function_4cee3e,original_short_body,230301,188168,
function_4cee61,original_short_body,230307,188174,
function_4cee69,original_short_body,230313,188180,
function_4cee90,original_short_body,230319,188186,
function_4cee98,original_short_body,230325,188192,
function_4ceea3,original_short_body,230331,188198,
function_4ceeae,original_short_body,230337,188204,
function_4ceeb9,original_short_body,230343,188210,
function_4ceee0,original_short_body,230349,188216,
function_4ceee8,unchanged_decompiled_body,230355,188222,
function_4cf550,original_short_body,230362,188229,
function_4cf558,original_short_body,230368,188235,
function_4cf563,original_short_body,230374,188241,
function_4cf56e,original_short_body,230380,188247,
function_4cf579,original_short_body,230386,188253,
function_4cf5a0,original_short_body,230392,188259,
function_4cf5a8,original_short_body,230398,188265,
function_4cf5d0,original_short_body,230404,188271,
function_4cf600,original_short_body,230410,188277,
function_4cf60b,original_short_body,230416,188283,
function_4cf616,original_short_body,230422,188289,
function_4cf621,original_short_body,230428,188295,
function_4cf650,original_short_body,230434,188301,
function_4cf680,unchanged_decompiled_body,230440,188307,
function_4cf6a0,original_short_body,230447,188314,
function_4cf6ab,original_short_body,230453,188320,
function_4cf6b9,original_short_body,230459,188326,
function_4cf6f0,original_short_body,230465,188332,
function_4cf720,original_short_body,230471,188338,
function_4cf750,original_short_body,230477,188344,
function_4cf758,original_short_body,230483,188350,
function_4cf790,original_short_body,230489,188356,
function_4cf7c0,original_short_body,230495,188362,
function_4cf7c8,original_short_body,230501,188368,
function_4cf7d3,original_short_body,230507,188374,
function_4cf7de,original_short_body,230513,188380,
function_4cf810,original_short_body,230519,188386,
function_4cf81b,original_short_body,230525,188392,
function_4cf826,original_short_body,230531,188398,
function_4cf831,original_short_body,230537,188404,
function_4cf83c,original_short_body,230543,188410,
function_4cf870,original_short_body,230549,188416,
function_4cf878,original_short_body,230555,188422,
function_4cf883,original_short_body,230561,188428,
function_4cf88e,original_short_body,230567,188434,
function_4cf8c0,original_short_body,230573,188440,
function_4cf8f0,original_short_body,230579,188446,
function_4cf8f8,original_short_body,230585,188452,
function_4cf903,original_short_body,230591,188458,
function_4cf90e,original_short_body,230597,188464,
function_4cf940,original_short_body,230603,188470,
function_4cf948,original_short_body,230609,188476,
function_4cf980,original_short_body,230615,188482,
function_4cf9d0,original_short_body,230621,188488,
function_4cfa20,original_short_body,230627,188494,
function_4cfa50,original_short_body,230633,188500,
function_4cfa80,unchanged_decompiled_body,230639,188506,
function_4cfa8b,original_short_body,230646,188513,
function_4cfac0,original_short_body,230652,188519,
function_4cfacb,original_short_body,230658,188525,
function_4cfb00,original_short_body,230664,188531,
function_4cfb08,original_short_body,230670,188537,
function_4cfb50,original_short_body,230676,188543,
function_4cfb80,original_short_body,230682,188549,
function_4cfbf0,unchanged_decompiled_body,230688,188555,
function_4cfc20,original_short_body,230695,188562,
function_4cfc50,original_short_body,230701,188568,
function_4cfc80,unchanged_decompiled_body,230707,188574,
function_4cfc8b,unchanged_decompiled_body,230714,188581,
function_4cfca5,original_short_body,230730,188597,
function_4cfcd0,original_short_body,230736,188603,
function_4cfd00,original_short_body,230742,188609,
function_4cfd30,original_short_body,230748,188615,
function_4cfd3b,original_short_body,230754,188621,
function_4cfd46,original_short_body,230760,188627,
function_4cfd51,original_short_body,230766,188633,
function_4cfd5c,original_short_body,230772,188639,
function_4cfd90,original_short_body,230778,188645,
function_4cfd9b,original_short_body,230784,188651,
function_4cfda6,original_short_body,230790,188657,
function_4cfdb1,original_short_body,230796,188663,
function_4cfdbc,original_short_body,230802,188669,
function_4cfdf0,original_short_body,230808,188675,
function_4cfdf8,original_short_body,230814,188681,
function_4cfe20,original_short_body,230820,188687,
function_4cfe50,original_short_body,230826,188693,
function_4cfe58,unchanged_decompiled_body,230832,188699,
function_4cfe80,original_short_body,230839,188706,
function_4cfe88,original_short_body,230845,188712,
function_4cfe93,original_short_body,230851,188718,
function_4cfe9e,original_short_body,230857,188724,
function_4cfed0,original_short_body,230863,188730,
function_4cfed8,original_short_body,230869,188736,
function_4cfee3,original_short_body,230875,188742,
function_4cfeee,original_short_body,230881,188748,
function_4cff20,original_short_body,230887,188754,
function_4cff28,original_short_body,230893,188760,
function_4cff33,unchanged_decompiled_body,230899,188766,
function_4cff4b,unchanged_decompiled_body,230907,188774,
function_4cff63,unchanged_decompiled_body,230915,188782,
function_4cff72,unchanged_decompiled_body,230922,188789,
function_4cffa0,original_short_body,230929,188796,
function_4cffa8,original_short_body,230935,188802,
function_4cffb3,unchanged_decompiled_body,230941,188808,
function_4cfff0,original_short_body,230949,188816,
function_4cfff8,original_short_body,230955,188822,
function_4d0003,original_short_body,230961,188828,
function_4d0030,original_short_body,230967,188834,
function_4d0038,original_short_body,230973,188840,
function_4d0043,original_short_body,230979,188846,
function_4d0070,original_short_body,230985,188852,
function_4d0078,original_short_body,230991,188858,
function_4d0083,original_short_body,230997,188864,
function_4d008e,original_short_body,231003,188870,
function_4d00e0,unchanged_decompiled_body,231009,188876,
function_4d0110,original_short_body,231016,188883,
function_4d0140,unchanged_decompiled_body,231022,188889,
function_4d014d,original_short_body,231029,188896,
function_4d0170,original_short_body,231035,188902,
function_4d0178,unchanged_decompiled_body,231041,188908,
function_4d01a0,modified_nonempty_body,231048,188915,
function_4d01a8,original_short_body,231055,188922,
function_4d01b0,original_short_body,231061,188928,
function_4d01e0,modified_nonempty_body,231067,188934,
function_4d0210,original_short_body,231074,188941,
function_4d0218,original_short_body,231080,188947,
function_4d0220,original_short_body,231086,188953,
function_4d0250,unchanged_decompiled_body,231092,188959,
function_4d025d,original_short_body,231099,188966,
function_4d0280,original_short_body,231105,188972,
function_4d02b0,unchanged_decompiled_body,231111,188978,
function_4d02bd,original_short_body,231118,188985,
function_4d02e0,original_short_body,231124,188991,
function_4d0310,original_short_body,231130,188997,
function_4d0340,original_short_body,231136,189003,
function_4d03b0,original_short_body,231142,189009,
function_4d03b8,original_short_body,231148,189015,
function_4d03e0,unchanged_decompiled_body,231154,189021,
function_4d03ea,original_short_body,231161,189028,
function_4d03f5,original_short_body,231167,189034,
function_4d0440,original_short_body,231173,189040,
function_4d0470,original_short_body,231179,189046,
function_4d04c0,original_short_body,231185,189052,
function_4d04c8,original_short_body,231191,189058,
function_4d0500,original_short_body,231197,189064,
function_4d0508,original_short_body,231203,189070,
function_4d0510,unchanged_decompiled_body,231209,189076,
function_4d0540,original_short_body,231217,189084,
function_4d054b,original_short_body,231223,189090,
function_4d0556,original_short_body,231229,189096,
function_4d0564,original_short_body,231235,189102,
function_4d0572,original_short_body,231241,189108,
function_4d0580,original_short_body,231247,189114,
function_4d058d,original_short_body,231253,189120,
function_4d05c0,original_short_body,231259,189126,
function_4d05c8,original_short_body,231265,189132,
function_4d05f0,original_short_body,231271,189138,
function_4d0620,original_short_body,231277,189144,
function_4d0650,original_short_body,231283,189150,
function_4d0680,unchanged_decompiled_body,231289,189156,
function_4d06b0,unchanged_decompiled_body,231296,189163,
function_4d06e0,original_short_body,231303,189170,
function_4d06eb,original_short_body,231309,189176,
function_4d06f6,unchanged_decompiled_body,231315,189182,
function_4d0704,unchanged_decompiled_body,231322,189189,
function_4d0730,original_short_body,231330,189197,
function_4d0738,original_short_body,231336,189203,
function_4d0760,original_short_body,231342,189209,
function_4d0790,original_short_body,231348,189215,
function_4d0798,original_short_body,231354,189221,
function_4d07a3,original_short_body,231360,189227,
function_4d07ae,original_short_body,231366,189233,
function_4d07b9,original_short_body,231372,189239,
function_4d07e0,original_short_body,231378,189245,
function_4d07e8,original_short_body,231384,189251,
function_4d07f3,original_short_body,231390,189257,
function_4d0820,original_short_body,231396,189263,
function_4d0828,original_short_body,231402,189269,
function_4d0833,original_short_body,231408,189275,
function_4d083e,original_short_body,231414,189281,
function_4d0849,original_short_body,231420,189287,
function_4d0857,original_short_body,231426,189293,
function_4d0880,original_short_body,231432,189299,
function_4d0888,original_short_body,231438,189305,
function_4d0890,historical_removal_manifest,231444,,
function_4d0898,historical_removal_manifest,231450,,
function_4d08c0,historical_removal_manifest,231456,,
function_4d08cb,historical_removal_manifest,231462,,
function_4d08d6,historical_removal_manifest,231468,,
function_4d08e1,unchanged_decompiled_body,231474,189312,
function_4d0910,original_short_body,231482,189320,
function_4d0940,unchanged_decompiled_body,231488,189326,
function_4d094d,original_short_body,231495,189333,
function_4d0955,original_short_body,231501,189339,
function_4d0980,original_short_body,231507,189345,
function_4d09b0,original_short_body,231513,189351,
function_4d09e0,unchanged_decompiled_body,231519,189357,
function_4d09e8,original_short_body,231526,189364,
function_4d09f6,original_short_body,231532,189370,
function_4d0a04,original_short_body,231538,189376,
function_4d0a12,original_short_body,231544,189382,
function_4d0a20,original_short_body,231550,189388,
function_4d0a50,original_short_body,231556,189394,
function_4d0a80,original_short_body,231562,189400,
function_4d0a8b,original_short_body,231568,189406,
function_4d0a96,original_short_body,231574,189412,
function_4d0aa1,original_short_body,231580,189418,
function_4d0aac,unchanged_decompiled_body,231586,189424,
function_4d0ab9,original_short_body,231593,189431,
function_4d0ac7,original_short_body,231599,189437,
function_4d0acf,original_short_body,231605,189443,
function_4d0b00,original_short_body,231611,189449,
function_4d0b0b,original_short_body,231617,189455,
function_4d0b16,original_short_body,231623,189461,
function_4d0b21,original_short_body,231629,189467,
function_4d0b50,original_short_body,231635,189473,
function_4d0b58,original_short_body,231641,189479,
function_4d0b63,original_short_body,231647,189485,
function_4d0b6e,original_short_body,231653,189491,
function_4d0b79,unchanged_decompiled_body,231659,189497,
function_4d0b88,original_short_body,231666,189504,
function_4d0bb0,original_short_body,231672,189510,
function_4d0be0,original_short_body,231678,189516,
function_4d0be8,unchanged_decompiled_body,231684,189522,
function_4d0c30,original_short_body,231691,189529,
function_4d0c60,original_short_body,231697,189535,
function_4d0c90,original_short_body,231703,189541,
function_4d0c9b,original_short_body,231709,189547,
function_4d0ca3,original_short_body,231715,189553,
function_4d0ce0,original_short_body,231721,189559,
function_4d0d30,original_short_body,231727,189565,
function_4d0d60,original_short_body,231733,189571,
function_4d0d90,original_short_body,231739,189577,
function_4d0d98,original_short_body,231745,189583,
function_4d0da0,original_short_body,231751,189589,
function_4d0dd0,original_short_body,231757,189595,
function_4d0dd8,original_short_body,231763,189601,
function_4d0de0,original_short_body,231769,189607,
function_4d0e10,original_short_body,231775,189613,
function_4d0e18,original_short_body,231781,189619,
function_4d0e50,original_short_body,231787,189625,
function_4d0e58,unchanged_decompiled_body,231793,189631,
function_4d0e80,original_short_body,231801,189639,
function_4d0e88,unchanged_decompiled_body,231807,189645,
function_4d0eb0,original_short_body,231815,189653,
function_4d0eb8,unchanged_decompiled_body,231821,189659,
function_4d0ee0,original_short_body,231829,189667,
function_4d0f10,original_short_body,231835,189673,
function_4d0f40,original_short_body,231841,189679,
function_4d0f70,original_short_body,231847,189685,
function_4d0fa0,original_short_body,231853,189691,
function_4d0fd0,original_short_body,231859,189697,
function_4d1000,original_short_body,231865,189703,
function_4d100b,unchanged_decompiled_body,231871,189709,
function_4d1040,original_short_body,231879,189717,
function_4d104b,unchanged_decompiled_body,231885,189723,
function_4d1080,original_short_body,231893,189731,
function_4d108b,unchanged_decompiled_body,231899,189737,
function_4d10c0,original_short_body,231907,189745,
function_4d10f0,original_short_body,231913,189751,
function_4d1120,original_short_body,231919,189757,
function_4d1150,original_short_body,231925,189763,
function_4d1158,unchanged_decompiled_body,231931,189769,
function_4d1180,original_short_body,231939,189777,
function_4d1188,original_short_body,231945,189783,
function_4d11c0,original_short_body,231951,189789,
function_4d11f0,original_short_body,231957,189795,
function_4d11f8,unchanged_decompiled_body,231963,189801,
function_4d1220,unchanged_decompiled_body,231971,189809,
function_4d122b,unchanged_decompiled_body,231978,189816,
function_4d1280,modified_nonempty_body,231993,189831,
function_4d1288,original_short_body,232000,189838,
function_4d1290,original_short_body,232006,189844,
function_4d12e0,original_short_body,232012,189850,
function_4d1310,original_short_body,232018,189856,
function_4d1318,original_short_body,232024,189862,
function_4d1329,unchanged_decompiled_body,232030,189868,
function_4d1333,original_short_body,232037,189875,
function_4d13a0,original_short_body,232043,189881,
function_4d13ab,original_short_body,232049,189887,
function_4d13b3,original_short_body,232055,189893,
function_4d13be,original_short_body,232061,189899,
function_4d13c9,original_short_body,232067,189905,
function_4d13f0,original_short_body,232073,189911,
function_4d13f8,original_short_body,232079,189917,
function_4d1420,original_short_body,232085,189923,
function_4d1470,original_short_body,232091,189929,
function_4d147b,original_short_body,232097,189935,
function_4d1492,unchanged_decompiled_body,232103,189941,
function_4d14c0,original_short_body,232111,189949,
function_4d14cb,original_short_body,232117,189955,
function_4d14d6,original_short_body,232123,189961,
function_4d14e1,unchanged_decompiled_body,232129,189967,
function_4d14f0,original_short_body,232136,189974,
function_4d1520,unchanged_decompiled_body,232142,189980,
function_4d152e,original_short_body,232149,189987,
function_4d1536,original_short_body,232155,189993,
function_4d153e,original_short_body,232161,189999,
function_4d1590,unchanged_decompiled_body,232167,190005,
function_4d159e,original_short_body,232174,190012,
function_4d15a6,original_short_body,232180,190018,
function_4d15ae,original_short_body,232186,190024,
function_4d15b6,original_short_body,232192,190030,
function_4d15be,original_short_body,232198,190036,
function_4d15f0,original_short_body,232204,190042,
function_4d15fb,original_short_body,232210,190048,
function_4d1609,original_short_body,232216,190054,
function_4d1617,original_short_body,232222,190060,
function_4d1640,unchanged_decompiled_body,232228,190066,
function_4d164e,original_short_body,232235,190073,
function_4d1656,original_short_body,232241,190079,
function_4d165e,original_short_body,232247,190085,
function_4d1690,original_short_body,232253,190091,
function_4d169b,original_short_body,232259,190097,
function_4d16a6,original_short_body,232265,190103,
function_4d16b1,original_short_body,232271,190109,
function_4d16bf,original_short_body,232277,190115,
function_4d1710,original_short_body,232283,190121,
function_4d1740,original_short_body,232289,190127,
function_4d174b,original_short_body,232295,190133,
function_4d1756,original_short_body,232301,190139,
function_4d1764,original_short_body,232307,190145,
function_4d1772,original_short_body,232313,190151,
function_4d1780,original_short_body,232319,190157,
function_4d178d,original_short_body,232325,190163,
function_4d17c0,original_short_body,232331,190169,
function_4d17c8,original_short_body,232337,190175,
function_4d17d0,original_short_body,232343,190181,
function_4d17d8,original_short_body,232349,190187,
function_4d17e0,original_short_body,232355,190193,
function_4d1810,original_short_body,232361,190199,
function_4d1840,original_short_body,232367,190205,
function_4d1870,original_short_body,232373,190211,
function_4d1878,unchanged_decompiled_body,232379,190217,
function_4d18a0,unchanged_decompiled_body,232387,190225,
function_4d18d0,original_short_body,232394,190232,
function_4d1930,unchanged_decompiled_body,232400,190238,
function_4d1970,original_short_body,232415,190253,
function_4d19a0,original_short_body,232421,190259,
function_4d19a8,original_short_body,232427,190265,
function_4d19e0,original_short_body,232433,190271,
function_4d19e8,modified_nonempty_body,232439,190277,
function_4d19f0,unchanged_decompiled_body,232446,190284,
function_4d19fb,original_short_body,232453,190291,
function_4d1a03,original_short_body,232459,190297,
function_4d1a0b,unchanged_decompiled_body,232465,190303,
function_4d1a16,original_short_body,232472,190310,
function_4d1a1e,unchanged_decompiled_body,232478,190316,
function_4d1a40,original_short_body,232485,190323,
function_4d1a48,modified_nonempty_body,232491,190329,
function_4d1a50,unchanged_decompiled_body,232498,190336,
function_4d1a5b,original_short_body,232505,190343,
function_4d1a63,original_short_body,232511,190349,
function_4d1a6b,original_short_body,232517,190355,
function_4d1a73,unchanged_decompiled_body,232523,190361,
function_4d1a90,modified_nonempty_body,232530,190368,
function_4d1ac0,original_short_body,232537,190375,
function_4d1af0,unchanged_decompiled_body,232543,190381,
function_4d1b20,original_short_body,232550,190388,
function_4d1b50,unchanged_decompiled_body,232556,190394,
function_4d1b80,unchanged_decompiled_body,232563,190401,
function_4d1bb0,original_short_body,232570,190408,
function_4d1c00,unchanged_decompiled_body,232576,190414,
function_4d1c30,original_short_body,232583,190421,
function_4d1c38,original_short_body,232589,190427,
function_4d1c40,original_short_body,232595,190433,
function_4d1c48,unchanged_decompiled_body,232601,190439,
function_4d1c70,original_short_body,232609,190447,
function_4d1c78,original_short_body,232615,190453,
function_4d1c80,original_short_body,232621,190459,
function_4d1c88,original_short_body,232627,190465,
function_4d1c90,unchanged_decompiled_body,232633,190471,
function_4d1cc0,original_short_body,232641,190479,
function_4d1d10,original_short_body,232647,190485,
function_4d1d60,original_short_body,232653,190491,
function_4d1d90,unchanged_decompiled_body,232659,190497,
function_4d1dc0,original_short_body,232666,190504,
function_4d1dcb,unchanged_decompiled_body,232672,190510,
function_4d1dd9,original_short_body,232679,190517,
function_4d1de1,original_short_body,232685,190523,
function_4d1e10,original_short_body,232691,190529,
function_4d1e21,original_short_body,232697,190535,
function_4d1e50,original_short_body,232703,190541,
function_4d1e58,unchanged_decompiled_body,232709,190547,
function_4d1e80,original_short_body,232717,190555,
function_4d1eb0,original_short_body,232723,190561,
function_4d1eb8,original_short_body,232729,190567,
function_4d1ec0,unchanged_decompiled_body,232735,190573,
function_4d1ee0,original_short_body,232742,190580,
function_4d1f10,unchanged_decompiled_body,232748,190586,
function_4d1f40,unchanged_decompiled_body,232755,190593,
function_4d1f4a,original_short_body,232762,190600,
function_4d1f52,unchanged_decompiled_body,232768,190606,
function_4d1f5c,unchanged_decompiled_body,232775,190613,
function_4d1f6a,original_short_body,232782,190620,
function_4d1f72,original_short_body,232788,190626,
function_4d1f7a,original_short_body,232794,190632,
function_4d1f82,original_short_body,232800,190638,
function_4d1f8a,original_short_body,232806,190644,
function_4d1f92,original_short_body,232812,190650,
function_4d1f9a,original_short_body,232818,190656,
function_4d1fa2,original_short_body,232824,190662,
function_4d1faa,unchanged_decompiled_body,232830,190668,
function_4d1fd0,original_short_body,232837,190675,
function_4d2000,original_short_body,232843,190681,
function_4d2008,original_short_body,232849,190687,
function_4d2010,original_short_body,232855,190693,
function_4d2040,original_short_body,232861,190699,
function_4d2048,unchanged_decompiled_body,232867,190705,
function_4d2052,original_short_body,232874,190712,
function_4d205a,original_short_body,232880,190718,
function_4d2080,original_short_body,232886,190724,
function_4d2088,original_short_body,232892,190730,
function_4d2090,original_short_body,232898,190736,
function_4d20c0,original_short_body,232904,190742,
function_4d20c8,original_short_body,232910,190748,
function_4d20d0,original_short_body,232916,190754,
function_4d2100,unchanged_decompiled_body,232922,190760,
function_4d2130,original_short_body,232929,190767,
function_4d2138,original_short_body,232935,190773,
function_4d2140,original_short_body,232941,190779,
function_4d2148,original_short_body,232947,190785,
function_4d2150,unchanged_decompiled_body,232953,190791,
function_4d2180,original_short_body,232961,190799,
function_4d21b0,unchanged_decompiled_body,232967,190805,
function_4d21e0,original_short_body,232974,190812,
function_4d21e8,original_short_body,232980,190818,
function_4d2220,original_short_body,232986,190824,
function_4d2228,original_short_body,232992,190830,
function_4d2250,original_short_body,232998,190836,
function_4d2258,original_short_body,233004,190842,
function_4d2260,original_short_body,233010,190848,
function_4d2290,original_short_body,233016,190854,
function_4d2298,unchanged_decompiled_body,233022,190860,
function_4d22c0,unchanged_decompiled_body,233030,190868,
function_4d2300,original_short_body,233045,190883,
function_4d2330,original_short_body,233051,190889,
function_4d2338,unchanged_decompiled_body,233057,190895,
function_4d2360,original_short_body,233065,190903,
function_4d2390,original_short_body,233071,190909,
function_4d23e0,original_short_body,233077,190915,
function_4d23f1,original_short_body,233083,190921,
function_4d2420,original_short_body,233089,190927,
function_4d242b,unchanged_decompiled_body,233095,190933,
function_4d2460,original_short_body,233103,190941,
function_4d2468,original_short_body,233109,190947,
function_4d2473,unchanged_decompiled_body,233115,190953,
function_4d2480,original_short_body,233122,190960,
function_4d24b0,original_short_body,233128,190966,
function_4d24bb,original_short_body,233134,190972,
function_4d24c3,original_short_body,233140,190978,
function_4d24ce,unchanged_decompiled_body,233146,190984,
function_4d2500,unchanged_decompiled_body,233154,190992,
function_4d2540,original_short_body,233169,191007,
function_4d2590,original_short_body,233175,191013,
function_4d25c0,original_short_body,233181,191019,
function_4d25f0,original_short_body,233187,191025,
function_4d25f8,original_short_body,233193,191031,
function_4d2630,original_short_body,233199,191037,
function_4d2638,unchanged_decompiled_body,233205,191043,
function_4d2660,historical_removal_manifest,233212,,
function_4d2668,unchanged_decompiled_body,233218,191051,
function_4d2673,unchanged_decompiled_body,233225,191058,
function_4d2680,original_short_body,233232,191065,
function_4d268b,historical_removal_manifest,233238,,
function_4d2696,original_short_body,233244,191072,
function_4d26a1,historical_removal_manifest,233250,,
function_4d26ac,historical_removal_manifest,233256,,
function_4d26b7,historical_removal_manifest,233262,,
function_4d26c2,historical_removal_manifest,233268,,
function_4d26cd,historical_removal_manifest,233274,,
function_4d26d8,historical_removal_manifest,233280,,
function_4d26e3,original_short_body,233286,191079,
function_4d26ee,unchanged_decompiled_body,233292,191085,
function_4d2720,original_short_body,233300,191093,
function_4d2728,original_short_body,233306,191099,
function_4d2730,original_short_body,233312,191105,
function_4d2738,original_short_body,233318,191111,
function_4d2740,original_short_body,233324,191117,
function_4d2748,original_short_body,233330,191123,
function_4d2750,original_short_body,233336,191129,
function_4d2780,original_short_body,233342,191135,
function_4d2788,original_short_body,233348,191141,
function_4d27c0,original_short_body,233354,191147,
function_4d27c8,original_short_body,233360,191153,
function_4d27d0,original_short_body,233366,191159,
function_4d27d8,original_short_body,233372,191165,
function_4d2810,original_short_body,233378,191171,
function_4d2818,unchanged_decompiled_body,233384,191177,
function_4d2840,original_short_body,233392,191185,
function_4d284b,unchanged_decompiled_body,233398,191191,
function_4d2859,original_short_body,233405,191198,
function_4d2890,unchanged_decompiled_body,233411,191204,
function_4d289e,original_short_body,233418,191211,
function_4d28a6,original_short_body,233424,191217,
function_4d28ae,original_short_body,233430,191223,
function_4d28b6,unchanged_decompiled_body,233436,191229,
function_4d28e0,original_short_body,233443,191236,
function_4d2910,original_short_body,233449,191242,
function_4d2940,unchanged_decompiled_body,233455,191248,
function_4d2970,unchanged_decompiled_body,233462,191255,
function_4d297e,original_short_body,233469,191262,
function_4d2986,original_short_body,233475,191268,
function_4d298e,original_short_body,233481,191274,
function_4d2996,unchanged_decompiled_body,233487,191280,
function_4d29c0,original_short_body,233494,191287,
function_4d29c8,original_short_body,233500,191293,
function_4d29d0,unchanged_decompiled_body,233506,191299,
function_4d2a00,unchanged_decompiled_body,233514,191307,
function_4d2a0e,original_short_body,233521,191314,
function_4d2a16,original_short_body,233527,191320,
function_4d2a1e,original_short_body,233533,191326,
function_4d2a26,unchanged_decompiled_body,233539,191332,
function_4d2a90,original_short_body,233546,191339,
function_4d2ac0,original_short_body,233552,191345,
function_4d2af0,unchanged_decompiled_body,233558,191351,
function_4d2afe,original_short_body,233565,191358,
function_4d2b06,original_short_body,233571,191364,
function_4d2b0e,original_short_body,233577,191370,
function_4d2b40,original_short_body,233583,191376,
function_4d2b4b,original_short_body,233589,191382,
function_4d2b56,original_short_body,233595,191388,
function_4d2b61,unchanged_decompiled_body,233601,191394,
function_4d2b70,original_short_body,233608,191401,
function_4d2ba0,original_short_body,233614,191407,
function_4d2bb1,original_short_body,233620,191413,
function_4d2be0,original_short_body,233626,191419,
function_4d2be8,unchanged_decompiled_body,233632,191425,
function_4d2c01,unchanged_decompiled_body,233647,191440,
function_4d2c1a,unchanged_decompiled_body,233662,191455,
function_4d2c25,original_short_body,233669,191462,
function_4d2c2d,original_short_body,233675,191468,
function_4d2c35,unchanged_decompiled_body,233681,191474,
function_4d2c60,unchanged_decompiled_body,233689,191482,
function_4d2c6e,original_short_body,233696,191489,
function_4d2c76,original_short_body,233702,191495,
function_4d2c7e,original_short_body,233708,191501,
function_4d2c86,original_short_body,233714,191507,
function_4d2c8e,original_short_body,233720,191513,
function_4d2c96,unchanged_decompiled_body,233726,191519,
function_4d2cc0,original_short_body,233733,191526,
function_4d2cc8,original_short_body,233739,191532,
function_4d2cd0,original_short_body,233745,191538,
function_4d2cd8,original_short_body,233751,191544,
function_4d2ce0,original_short_body,233757,191550,
function_4d2ce8,original_short_body,233763,191556,
function_4d2cf0,original_short_body,233769,191562,
function_4d2cf8,unchanged_decompiled_body,233775,191568,
function_4d2d20,unchanged_decompiled_body,233783,191576,
function_4d2d2b,unchanged_decompiled_body,233790,191583,
function_4d2d35,unchanged_decompiled_body,233797,191590,
function_4d2d3f,original_short_body,233804,191597,
function_4d2d47,original_short_body,233810,191603,
function_4d2d4f,original_short_body,233816,191609,
function_4d2d57,unchanged_decompiled_body,233822,191615,
function_4d2d90,original_short_body,233830,191623,
function_4d2d9b,unchanged_decompiled_body,233836,191629,
function_4d2da9,original_short_body,233843,191636,
function_4d2de0,unchanged_decompiled_body,233849,191642,
function_4d2e20,original_short_body,233864,191657,
function_4d2e28,unchanged_decompiled_body,233870,191663,
function_4d2e50,original_short_body,233877,191670,
function_4d2e80,original_short_body,233883,191676,
function_4d2e88,original_short_body,233889,191682,
function_4d2e90,unchanged_decompiled_body,233895,191688,
function_4d2eb0,original_short_body,233902,191695,
function_4d2eb8,original_short_body,233908,191701,
function_4d2ec0,unchanged_decompiled_body,233914,191707,
function_4d2ed9,original_short_body,233929,191722,
function_4d2f10,original_short_body,233935,191728,
function_4d2f18,original_short_body,233941,191734,
function_4d2f20,unchanged_decompiled_body,233947,191740,
function_4d2f60,original_short_body,233954,191747,
function_4d2f90,unchanged_decompiled_body,233960,191753,
function_4d2f9e,original_short_body,233967,191760,
function_4d2fa6,original_short_body,233973,191766,
function_4d2fae,original_short_body,233979,191772,
function_4d2fe0,unchanged_decompiled_body,233985,191778,
function_4d2feb,original_short_body,233992,191785,
function_4d3020,original_short_body,233998,191791,
function_4d3028,original_short_body,234004,191797,
function_4d3030,original_short_body,234010,191803,
function_4d3038,original_short_body,234016,191809,
function_4d3040,original_short_body,234022,191815,
function_4d3048,original_short_body,234028,191821,
function_4d3050,original_short_body,234034,191827,
function_4d3058,original_short_body,234040,191833,
function_4d3060,unchanged_decompiled_body,234046,191839,
function_4d3090,original_short_body,234054,191847,
function_4d3098,original_short_body,234060,191853,
function_4d30d0,original_short_body,234066,191859,
function_4d30d8,original_short_body,234072,191865,
function_4d30e0,original_short_body,234078,191871,
function_4d30e8,original_short_body,234084,191877,
function_4d3120,modified_nonempty_body,234090,191883,
function_4d3128,original_short_body,234097,191890,
function_4d3130,unchanged_decompiled_body,234103,191896,
function_4d3150,unchanged_decompiled_body,234110,191903,
function_4d315e,original_short_body,234117,191910,
function_4d3166,original_short_body,234123,191916,
function_4d316e,original_short_body,234129,191922,
function_4d31a0,original_short_body,234135,191928,
function_4d31a8,unchanged_decompiled_body,234141,191934,
function_4d31ca,unchanged_decompiled_body,234156,191949,
function_4d31e9,original_short_body,234171,191964,
function_4d31f1,original_short_body,234177,191970,
function_4d31f9,original_short_body,234183,191976,
function_4d3204,original_short_body,234189,191982,
function_4d320c,original_short_body,234195,191988,
function_4d3217,original_short_body,234201,191994,
function_4d321f,original_short_body,234207,192000,
function_4d322a,unchanged_decompiled_body,234213,192006,
function_4d3260,original_short_body,234221,192014,
function_4d3268,unchanged_decompiled_body,234227,192020,
function_4d32b0,original_short_body,234235,192028,
function_4d32e0,original_short_body,234241,192034,
function_4d32e8,unchanged_decompiled_body,234247,192040,
function_4d3320,original_short_body,234255,192048,
function_4d3328,unchanged_decompiled_body,234261,192054,
function_4d3350,original_short_body,234269,192062,
function_4d3380,original_short_body,234275,192068,
function_4d33b0,original_short_body,234281,192074,
function_4d33b8,unchanged_decompiled_body,234287,192080,
function_4d33d1,unchanged_decompiled_body,234302,192095,
function_4d3410,original_short_body,234317,192110,
function_4d3418,original_short_body,234323,192116,
function_4d3420,original_short_body,234329,192122,
function_4d3428,original_short_body,234335,192128,
function_4d3430,unchanged_decompiled_body,234341,192134,
function_4d3450,original_short_body,234348,192141,
function_4d3458,original_short_body,234354,192147,
function_4d3460,original_short_body,234360,192153,
function_4d3468,original_short_body,234366,192159,
function_4d3470,original_short_body,234372,192165,
function_4d3478,original_short_body,234378,192171,
function_4d3480,unchanged_decompiled_body,234384,192177,
function_4d34b0,original_short_body,234391,192184,
function_4d34e0,original_short_body,234397,192190,
function_4d34e8,unchanged_decompiled_body,234403,192196,
function_4d3510,original_short_body,234410,192203,
function_4d3540,original_short_body,234416,192209,
function_4d3570,original_short_body,234422,192215,
function_4d35a0,original_short_body,234428,192221,
function_4d35c0,original_short_body,234434,192227,
function_4d35e0,original_short_body,234440,192233,
function_4d3600,original_short_body,234446,192239,
function_4d3620,original_short_body,234452,192245,
function_4d3640,original_short_body,234458,192251,
function_4d3660,original_short_body,234464,192257,
function_4d3680,original_short_body,234470,192263,
function_4d36a0,original_short_body,234476,192269,
function_4d36c0,original_short_body,234482,192275,
function_4d36e0,original_short_body,234488,192281,
function_4d3700,original_short_body,234494,192287,
function_4d3720,unchanged_decompiled_body,234500,192293,
function_4d3740,unchanged_decompiled_body,234507,192300,
function_4d3780,original_short_body,234514,192307,
function_4d3790,unchanged_decompiled_body,234520,192313,
function_4d37b0,unchanged_decompiled_body,234527,192320,
function_4d37d0,unchanged_decompiled_body,234536,192329,
function_4d37f0,unchanged_decompiled_body,234543,192336,
function_4d3820,original_short_body,234550,192343,
function_4d3830,unchanged_decompiled_body,234556,192349,
function_4d3850,unchanged_decompiled_body,234563,192356,
function_4d3870,unchanged_decompiled_body,234570,192363,
function_4d3890,original_short_body,234577,192370,
function_4d38a0,original_short_body,234583,192376,
function_4d38b0,unchanged_decompiled_body,234589,192382,
function_4d38d0,original_short_body,234596,192389,
function_4d38e0,unchanged_decompiled_body,234602,192395,
function_4d3900,unchanged_decompiled_body,234611,192404,
function_4d39a0,unchanged_decompiled_body,234643,192436,
function_4d39c0,unchanged_decompiled_body,234650,192443,
function_4d39e0,unchanged_decompiled_body,234657,192450,
function_4d3a40,unchanged_decompiled_body,234664,192457,
function_4d3a60,unchanged_decompiled_body,234671,192464,
function_4d3a80,unchanged_decompiled_body,234678,192471,
function_4d3aa0,unchanged_decompiled_body,234685,192478,
function_4d3ac0,unchanged_decompiled_body,234692,192485,
function_4d3ae0,unchanged_decompiled_body,234699,192492,
function_4d3b00,unchanged_decompiled_body,234706,192499,
function_4d3b20,unchanged_decompiled_body,234713,192506,
function_4d3b40,unchanged_decompiled_body,234720,192513,
function_4d3b60,unchanged_decompiled_body,234727,192520,
function_4d3bc0,unchanged_decompiled_body,234738,192531,
function_4d3c20,unchanged_decompiled_body,234749,192542,
function_4d3ce0,unchanged_decompiled_body,234763,192556,
function_4d3dc0,replacement_mapping_unresolved,234785,,
function_4d3e40,original_short_body,234798,192579,
function_4d3e50,modified_nonempty_body,234806,192585,
function_4d3f50,unchanged_decompiled_body,234837,192593,
function_4d3fe0,original_short_body,234868,192624,
function_4d3ff0,original_short_body,234874,192630,
function_4d4000,original_short_body,234880,192636,
function_4d4010,original_short_body,234886,192642,
function_4d4040,original_short_body,234892,192648,
function_4d404c,original_short_body,234898,192654,
function_4d4058,original_short_body,234904,192660,
function_4d4064,original_short_body,234910,192666,
function_4d4070,original_short_body,234916,192672,
function_4d407c,original_short_body,234922,192678,
function_4d40b4,original_short_body,234928,192684,
function_4d40c0,unchanged_decompiled_body,234934,192690,
function_4d40d0,original_short_body,234941,192697,
function_4d40f0,original_short_body,234954,192704,
function_4d4100,original_short_body,234960,192710,
function_4d4110,unchanged_decompiled_body,234966,192716,
function_4d4120,original_short_body,234973,192723,
function_4d4130,unchanged_decompiled_body,234979,192729,
function_4d4140,original_short_body,234986,192736,
function_4d4150,unchanged_decompiled_body,234992,192742,
function_4d4160,unchanged_decompiled_body,234999,192749,
function_4d4180,original_short_body,235011,192761,
function_4d4190,unchanged_decompiled_body,235017,192767,
function_4d41a0,unchanged_decompiled_body,235024,192774,
function_4d41b0,unchanged_decompiled_body,235031,192781,
function_4d4210,unchanged_decompiled_body,235042,192792,
function_4d4220,unchanged_decompiled_body,235049,192799,
function_4d4280,unchanged_decompiled_body,235060,192810,
function_4d4290,unchanged_decompiled_body,235067,192817,
function_4d42f0,unchanged_decompiled_body,235076,192826,
function_4d4300,original_short_body,235083,192833,
function_4d4310,unchanged_decompiled_body,235089,192839,
function_4d4380,unchanged_decompiled_body,235124,192874,
function_4d4390,unchanged_decompiled_body,235131,192881,
function_4d43f0,unchanged_decompiled_body,235142,192892,
function_4d4400,unchanged_decompiled_body,235149,192899,
function_4d4460,unchanged_decompiled_body,235158,192908,
function_4d4470,unchanged_decompiled_body,235165,192915,
function_4d44d0,unchanged_decompiled_body,235176,192926,
function_4d44e0,unchanged_decompiled_body,235183,192933,
function_4d4540,unchanged_decompiled_body,235194,192944,
function_4d4550,unchanged_decompiled_body,235201,192951,
function_4d45b0,unchanged_decompiled_body,235212,192962,
function_4d45c0,unchanged_decompiled_body,235219,192969,
function_4d4620,unchanged_decompiled_body,235230,192980,
function_4d4630,unchanged_decompiled_body,235237,192987,
function_4d4690,unchanged_decompiled_body,235248,192998,
function_4d46a0,unchanged_decompiled_body,235255,193005,
function_4d4700,unchanged_decompiled_body,235264,193014,
function_4d4760,unchanged_decompiled_body,235275,193025,
function_4d4790,original_short_body,235293,193043,
function_4d47a0,original_short_body,235299,193049,
function_4d47b0,original_short_body,235305,193055,
function_4d47f0,unchanged_decompiled_body,235332,193062,
function_4d4860,modified_nonempty_body,235379,193103,
function_4d48c0,replacement_mapping_unresolved,235389,,
function_4d4930,unchanged_decompiled_body,235400,193108,
function_4d4990,original_short_body,235440,193148,
function_4d49d0,unchanged_decompiled_body,235467,193162,
function_4d4a30,unchanged_decompiled_body,235479,193174,
function_4d4a60,unchanged_decompiled_body,235498,193193,
function_4d4a90,unchanged_decompiled_body,235517,193212,
function_4d4ac0,unchanged_decompiled_body,235536,193231,
function_4d4af0,unchanged_decompiled_body,235555,193250,
function_4d4b30,modified_nonempty_body,235581,193270,
function_4d4b90,unchanged_decompiled_body,235614,193303,
function_4d4b9b,unchanged_decompiled_body,235622,193311,
function_4d4ba6,unchanged_decompiled_body,235630,193319,
function_4d4bb1,original_short_body,235638,193327,
function_4d4bbb,original_short_body,235644,193333,
function_4d4bd9,original_short_body,235664,193353,
function_c000000,unchanged_decompiled_body,235670,193359,
function_c47acb9,unchanged_decompiled_body,235677,193366,
function_56ffffb4,unchanged_decompiled_body,235684,193373,
